context,decision_time,target_end,boundary,reason
selection_1_training,2018-12-10T01:00:00Z,2018-12-15T01:00:00Z,2018-12-15T00:00:00Z,120hour_target_crosses_boundary
selection_1_training,2018-12-10T02:00:00Z,2018-12-15T02:00:00Z,2018-12-15T00:00:00Z,120hour_target_crosses_boundary
selection_1_training,2018-12-10T03:00:00Z,2018-12-15T03:00:00Z,2018-12-15T00:00:00Z,120hour_target_crosses_boundary
selection_1_training,2018-12-10T04:00:00Z,2018-12-15T04:00:00Z,2018-12-15T00:00:00Z,120hour_target_crosses_boundary
selection_1_training,2018-12-10T05:00:00Z,2018-12-15T05:00:00Z,2018-12-15T00:00:00Z,120hour_target_crosses_boundary
selection_1_training,2018-12-10T06:00:00Z,2018-12-15T06:00:00Z,2018-12-15T00:00:00Z,120hour_target_crosses_boundary
selection_1_training,2018-12-10T07:00:00Z,2018-12-15T07:00:00Z,2018-12-15T00:00:00Z,120hour_target_crosses_boundary
selection_1_training,2018-12-10T08:00:00Z,2018-12-15T08:00:00Z,2018-12-15T00:00:00Z,120hour_target_crosses_boundary
selection_1_training,2018-12-10T09:00:00Z,2018-12-15T09:00:00Z,2018-12-15T00:00:00Z,120hour_target_crosses_boundary
selection_1_training,2018-12-10T10:00:00Z,2018-12-15T10:00:00Z,2018-12-15T00:00:00Z,120hour_target_crosses_boundary
selection_1_training,2018-12-10T11:00:00Z,2018-12-15T11:00:00Z,2018-12-15T00:00:00Z,120hour_target_crosses_boundary
selection_1_training,2018-12-10T12:00:00Z,2018-12-15T12:00:00Z,2018-12-15T00:00:00Z,120hour_target_crosses_boundary
selection_1_training,2018-12-10T13:00:00Z,2018-12-15T13:00:00Z,2018-12-15T00:00:00Z,120hour_target_crosses_boundary
selection_1_training,2018-12-10T14:00:00Z,2018-12-15T14:00:00Z,2018-12-15T00:00:00Z,120hour_target_crosses_boundary
selection_1_training,2018-12-10T15:00:00Z,2018-12-15T15:00:00Z,2018-12-15T00:00:00Z,120hour_target_crosses_boundary
selection_1_training,2018-12-10T16:00:00Z,2018-12-15T16:00:00Z,2018-12-15T00:00:00Z,120hour_target_crosses_boundary
selection_1_training,2018-12-10T17:00:00Z,2018-12-15T17:00:00Z,2018-12-15T00:00:00Z,120hour_target_crosses_boundary
selection_1_training,2018-12-10T18:00:00Z,2018-12-15T18:00:00Z,2018-12-15T00:00:00Z,120hour_target_crosses_boundary
selection_1_training,2018-12-10T19:00:00Z,2018-12-15T19:00:00Z,2018-12-15T00:00:00Z,120hour_target_crosses_boundary
selection_1_training,2018-12-10T20:00:00Z,2018-12-15T20:00:00Z,2018-12-15T00:00:00Z,120hour_target_crosses_boundary
selection_1_training,2018-12-10T21:00:00Z,2018-12-15T21:00:00Z,2018-12-15T00:00:00Z,120hour_target_crosses_boundary
selection_1_training,2018-12-10T22:00:00Z,2018-12-15T22:00:00Z,2018-12-15T00:00:00Z,120hour_target_crosses_boundary
selection_1_training,2018-12-10T23:00:00Z,2018-12-15T23:00:00Z,2018-12-15T00:00:00Z,120hour_target_crosses_boundary
selection_1_training,2018-12-11T00:00:00Z,2018-12-16T00:00:00Z,2018-12-15T00:00:00Z,120hour_target_crosses_boundary
selection_1_training,2018-12-11T01:00:00Z,2018-12-16T01:00:00Z,2018-12-15T00:00:00Z,120hour_target_crosses_boundary
selection_1_training,2018-12-11T02:00:00Z,2018-12-16T02:00:00Z,2018-12-15T00:00:00Z,120hour_target_crosses_boundary
selection_1_training,2018-12-11T03:00:00Z,2018-12-16T03:00:00Z,2018-12-15T00:00:00Z,120hour_target_crosses_boundary
selection_1_training,2018-12-11T04:00:00Z,2018-12-16T04:00:00Z,2018-12-15T00:00:00Z,120hour_target_crosses_boundary
selection_1_training,2018-12-11T05:00:00Z,2018-12-16T05:00:00Z,2018-12-15T00:00:00Z,120hour_target_crosses_boundary
selection_1_training,2018-12-11T06:00:00Z,2018-12-16T06:00:00Z,2018-12-15T00:00:00Z,120hour_target_crosses_boundary
selection_1_training,2018-12-11T07:00:00Z,2018-12-16T07:00:00Z,2018-12-15T00:00:00Z,120hour_target_crosses_boundary
selection_1_training,2018-12-11T08:00:00Z,2018-12-16T08:00:00Z,2018-12-15T00:00:00Z,120hour_target_crosses_boundary
selection_1_training,2018-12-11T09:00:00Z,2018-12-16T09:00:00Z,2018-12-15T00:00:00Z,120hour_target_crosses_boundary
selection_1_training,2018-12-11T10:00:00Z,2018-12-16T10:00:00Z,2018-12-15T00:00:00Z,120hour_target_crosses_boundary
selection_1_training,2018-12-11T11:00:00Z,2018-12-16T11:00:00Z,2018-12-15T00:00:00Z,120hour_target_crosses_boundary
selection_1_training,2018-12-11T12:00:00Z,2018-12-16T12:00:00Z,2018-12-15T00:00:00Z,120hour_target_crosses_boundary
selection_1_training,2018-12-11T13:00:00Z,2018-12-16T13:00:00Z,2018-12-15T00:00:00Z,120hour_target_crosses_boundary
selection_1_training,2018-12-11T14:00:00Z,2018-12-16T14:00:00Z,2018-12-15T00:00:00Z,120hour_target_crosses_boundary
selection_1_training,2018-12-11T15:00:00Z,2018-12-16T15:00:00Z,2018-12-15T00:00:00Z,120hour_target_crosses_boundary
selection_1_training,2018-12-11T16:00:00Z,2018-12-16T16:00:00Z,2018-12-15T00:00:00Z,120hour_target_crosses_boundary
selection_1_training,2018-12-11T17:00:00Z,2018-12-16T17:00:00Z,2018-12-15T00:00:00Z,120hour_target_crosses_boundary
selection_1_training,2018-12-11T18:00:00Z,2018-12-16T18:00:00Z,2018-12-15T00:00:00Z,120hour_target_crosses_boundary
selection_1_training,2018-12-11T19:00:00Z,2018-12-16T19:00:00Z,2018-12-15T00:00:00Z,120hour_target_crosses_boundary
selection_1_training,2018-12-11T20:00:00Z,2018-12-16T20:00:00Z,2018-12-15T00:00:00Z,120hour_target_crosses_boundary
selection_1_training,2018-12-11T21:00:00Z,2018-12-16T21:00:00Z,2018-12-15T00:00:00Z,120hour_target_crosses_boundary
selection_1_training,2018-12-11T22:00:00Z,2018-12-16T22:00:00Z,2018-12-15T00:00:00Z,120hour_target_crosses_boundary
selection_1_training,2018-12-11T23:00:00Z,2018-12-16T23:00:00Z,2018-12-15T00:00:00Z,120hour_target_crosses_boundary
selection_1_training,2018-12-12T00:00:00Z,2018-12-17T00:00:00Z,2018-12-15T00:00:00Z,120hour_target_crosses_boundary
selection_1_training,2018-12-12T01:00:00Z,2018-12-17T01:00:00Z,2018-12-15T00:00:00Z,120hour_target_crosses_boundary
selection_1_training,2018-12-12T02:00:00Z,2018-12-17T02:00:00Z,2018-12-15T00:00:00Z,120hour_target_crosses_boundary
selection_1_training,2018-12-12T03:00:00Z,2018-12-17T03:00:00Z,2018-12-15T00:00:00Z,120hour_target_crosses_boundary
selection_1_training,2018-12-12T04:00:00Z,2018-12-17T04:00:00Z,2018-12-15T00:00:00Z,120hour_target_crosses_boundary
selection_1_training,2018-12-12T05:00:00Z,2018-12-17T05:00:00Z,2018-12-15T00:00:00Z,120hour_target_crosses_boundary
selection_1_training,2018-12-12T06:00:00Z,2018-12-17T06:00:00Z,2018-12-15T00:00:00Z,120hour_target_crosses_boundary
selection_1_training,2018-12-12T07:00:00Z,2018-12-17T07:00:00Z,2018-12-15T00:00:00Z,120hour_target_crosses_boundary
selection_1_training,2018-12-12T08:00:00Z,2018-12-17T08:00:00Z,2018-12-15T00:00:00Z,120hour_target_crosses_boundary
selection_1_training,2018-12-12T09:00:00Z,2018-12-17T09:00:00Z,2018-12-15T00:00:00Z,120hour_target_crosses_boundary
selection_1_training,2018-12-12T10:00:00Z,2018-12-17T10:00:00Z,2018-12-15T00:00:00Z,120hour_target_crosses_boundary
selection_1_training,2018-12-12T11:00:00Z,2018-12-17T11:00:00Z,2018-12-15T00:00:00Z,120hour_target_crosses_boundary
selection_1_training,2018-12-12T12:00:00Z,2018-12-17T12:00:00Z,2018-12-15T00:00:00Z,120hour_target_crosses_boundary
selection_1_training,2018-12-12T13:00:00Z,2018-12-17T13:00:00Z,2018-12-15T00:00:00Z,120hour_target_crosses_boundary
selection_1_training,2018-12-12T14:00:00Z,2018-12-17T14:00:00Z,2018-12-15T00:00:00Z,120hour_target_crosses_boundary
selection_1_training,2018-12-12T15:00:00Z,2018-12-17T15:00:00Z,2018-12-15T00:00:00Z,120hour_target_crosses_boundary
selection_1_training,2018-12-12T16:00:00Z,2018-12-17T16:00:00Z,2018-12-15T00:00:00Z,120hour_target_crosses_boundary
selection_1_training,2018-12-12T17:00:00Z,2018-12-17T17:00:00Z,2018-12-15T00:00:00Z,120hour_target_crosses_boundary
selection_1_training,2018-12-12T18:00:00Z,2018-12-17T18:00:00Z,2018-12-15T00:00:00Z,120hour_target_crosses_boundary
selection_1_training,2018-12-12T19:00:00Z,2018-12-17T19:00:00Z,2018-12-15T00:00:00Z,120hour_target_crosses_boundary
selection_1_training,2018-12-12T20:00:00Z,2018-12-17T20:00:00Z,2018-12-15T00:00:00Z,120hour_target_crosses_boundary
selection_1_training,2018-12-12T21:00:00Z,2018-12-17T21:00:00Z,2018-12-15T00:00:00Z,120hour_target_crosses_boundary
selection_1_training,2018-12-12T22:00:00Z,2018-12-17T22:00:00Z,2018-12-15T00:00:00Z,120hour_target_crosses_boundary
selection_1_training,2018-12-12T23:00:00Z,2018-12-17T23:00:00Z,2018-12-15T00:00:00Z,120hour_target_crosses_boundary
selection_1_training,2018-12-13T00:00:00Z,2018-12-18T00:00:00Z,2018-12-15T00:00:00Z,120hour_target_crosses_boundary
selection_1_training,2018-12-13T01:00:00Z,2018-12-18T01:00:00Z,2018-12-15T00:00:00Z,120hour_target_crosses_boundary
selection_1_training,2018-12-13T02:00:00Z,2018-12-18T02:00:00Z,2018-12-15T00:00:00Z,120hour_target_crosses_boundary
selection_1_training,2018-12-13T03:00:00Z,2018-12-18T03:00:00Z,2018-12-15T00:00:00Z,120hour_target_crosses_boundary
selection_1_training,2018-12-13T04:00:00Z,2018-12-18T04:00:00Z,2018-12-15T00:00:00Z,120hour_target_crosses_boundary
selection_1_training,2018-12-13T05:00:00Z,2018-12-18T05:00:00Z,2018-12-15T00:00:00Z,120hour_target_crosses_boundary
selection_1_training,2018-12-13T06:00:00Z,2018-12-18T06:00:00Z,2018-12-15T00:00:00Z,120hour_target_crosses_boundary
selection_1_training,2018-12-13T07:00:00Z,2018-12-18T07:00:00Z,2018-12-15T00:00:00Z,120hour_target_crosses_boundary
selection_1_training,2018-12-13T08:00:00Z,2018-12-18T08:00:00Z,2018-12-15T00:00:00Z,120hour_target_crosses_boundary
selection_1_training,2018-12-13T09:00:00Z,2018-12-18T09:00:00Z,2018-12-15T00:00:00Z,120hour_target_crosses_boundary
selection_1_training,2018-12-13T10:00:00Z,2018-12-18T10:00:00Z,2018-12-15T00:00:00Z,120hour_target_crosses_boundary
selection_1_training,2018-12-13T11:00:00Z,2018-12-18T11:00:00Z,2018-12-15T00:00:00Z,120hour_target_crosses_boundary
selection_1_training,2018-12-13T12:00:00Z,2018-12-18T12:00:00Z,2018-12-15T00:00:00Z,120hour_target_crosses_boundary
selection_1_training,2018-12-13T13:00:00Z,2018-12-18T13:00:00Z,2018-12-15T00:00:00Z,120hour_target_crosses_boundary
selection_1_training,2018-12-13T14:00:00Z,2018-12-18T14:00:00Z,2018-12-15T00:00:00Z,120hour_target_crosses_boundary
selection_1_training,2018-12-13T15:00:00Z,2018-12-18T15:00:00Z,2018-12-15T00:00:00Z,120hour_target_crosses_boundary
selection_1_training,2018-12-13T16:00:00Z,2018-12-18T16:00:00Z,2018-12-15T00:00:00Z,120hour_target_crosses_boundary
selection_1_training,2018-12-13T17:00:00Z,2018-12-18T17:00:00Z,2018-12-15T00:00:00Z,120hour_target_crosses_boundary
selection_1_training,2018-12-13T18:00:00Z,2018-12-18T18:00:00Z,2018-12-15T00:00:00Z,120hour_target_crosses_boundary
selection_1_training,2018-12-13T19:00:00Z,2018-12-18T19:00:00Z,2018-12-15T00:00:00Z,120hour_target_crosses_boundary
selection_1_training,2018-12-13T20:00:00Z,2018-12-18T20:00:00Z,2018-12-15T00:00:00Z,120hour_target_crosses_boundary
selection_1_training,2018-12-13T21:00:00Z,2018-12-18T21:00:00Z,2018-12-15T00:00:00Z,120hour_target_crosses_boundary
selection_1_training,2018-12-13T22:00:00Z,2018-12-18T22:00:00Z,2018-12-15T00:00:00Z,120hour_target_crosses_boundary
selection_1_training,2018-12-13T23:00:00Z,2018-12-18T23:00:00Z,2018-12-15T00:00:00Z,120hour_target_crosses_boundary
selection_1_training,2018-12-14T00:00:00Z,2018-12-19T00:00:00Z,2018-12-15T00:00:00Z,120hour_target_crosses_boundary
selection_1_training,2018-12-14T01:00:00Z,2018-12-19T01:00:00Z,2018-12-15T00:00:00Z,120hour_target_crosses_boundary
selection_1_training,2018-12-14T02:00:00Z,2018-12-19T02:00:00Z,2018-12-15T00:00:00Z,120hour_target_crosses_boundary
selection_1_training,2018-12-14T03:00:00Z,2018-12-19T03:00:00Z,2018-12-15T00:00:00Z,120hour_target_crosses_boundary
selection_1_training,2018-12-14T04:00:00Z,2018-12-19T04:00:00Z,2018-12-15T00:00:00Z,120hour_target_crosses_boundary
selection_1_training,2018-12-14T05:00:00Z,2018-12-19T05:00:00Z,2018-12-15T00:00:00Z,120hour_target_crosses_boundary
selection_1_training,2018-12-14T06:00:00Z,2018-12-19T06:00:00Z,2018-12-15T00:00:00Z,120hour_target_crosses_boundary
selection_1_training,2018-12-14T07:00:00Z,2018-12-19T07:00:00Z,2018-12-15T00:00:00Z,120hour_target_crosses_boundary
selection_1_training,2018-12-14T08:00:00Z,2018-12-19T08:00:00Z,2018-12-15T00:00:00Z,120hour_target_crosses_boundary
selection_1_training,2018-12-14T09:00:00Z,2018-12-19T09:00:00Z,2018-12-15T00:00:00Z,120hour_target_crosses_boundary
selection_1_training,2018-12-14T10:00:00Z,2018-12-19T10:00:00Z,2018-12-15T00:00:00Z,120hour_target_crosses_boundary
selection_1_training,2018-12-14T11:00:00Z,2018-12-19T11:00:00Z,2018-12-15T00:00:00Z,120hour_target_crosses_boundary
selection_1_training,2018-12-14T12:00:00Z,2018-12-19T12:00:00Z,2018-12-15T00:00:00Z,120hour_target_crosses_boundary
selection_1_training,2018-12-14T13:00:00Z,2018-12-19T13:00:00Z,2018-12-15T00:00:00Z,120hour_target_crosses_boundary
selection_1_training,2018-12-14T14:00:00Z,2018-12-19T14:00:00Z,2018-12-15T00:00:00Z,120hour_target_crosses_boundary
selection_1_training,2018-12-14T15:00:00Z,2018-12-19T15:00:00Z,2018-12-15T00:00:00Z,120hour_target_crosses_boundary
selection_1_training,2018-12-14T16:00:00Z,2018-12-19T16:00:00Z,2018-12-15T00:00:00Z,120hour_target_crosses_boundary
selection_1_training,2018-12-14T17:00:00Z,2018-12-19T17:00:00Z,2018-12-15T00:00:00Z,120hour_target_crosses_boundary
selection_1_training,2018-12-14T18:00:00Z,2018-12-19T18:00:00Z,2018-12-15T00:00:00Z,120hour_target_crosses_boundary
selection_1_training,2018-12-14T19:00:00Z,2018-12-19T19:00:00Z,2018-12-15T00:00:00Z,120hour_target_crosses_boundary
selection_1_training,2018-12-14T20:00:00Z,2018-12-19T20:00:00Z,2018-12-15T00:00:00Z,120hour_target_crosses_boundary
selection_1_training,2018-12-14T21:00:00Z,2018-12-19T21:00:00Z,2018-12-15T00:00:00Z,120hour_target_crosses_boundary
selection_1_training,2018-12-14T22:00:00Z,2018-12-19T22:00:00Z,2018-12-15T00:00:00Z,120hour_target_crosses_boundary
selection_1_training,2018-12-14T23:00:00Z,2018-12-19T23:00:00Z,2018-12-15T00:00:00Z,120hour_target_crosses_boundary
selection_1_validation,2019-08-04T09:00:00Z,2019-08-09T09:00:00Z,2019-08-09T08:00:00Z,120hour_target_crosses_boundary
selection_1_validation,2019-08-04T10:00:00Z,2019-08-09T10:00:00Z,2019-08-09T08:00:00Z,120hour_target_crosses_boundary
selection_1_validation,2019-08-04T11:00:00Z,2019-08-09T11:00:00Z,2019-08-09T08:00:00Z,120hour_target_crosses_boundary
selection_1_validation,2019-08-04T12:00:00Z,2019-08-09T12:00:00Z,2019-08-09T08:00:00Z,120hour_target_crosses_boundary
selection_1_validation,2019-08-04T13:00:00Z,2019-08-09T13:00:00Z,2019-08-09T08:00:00Z,120hour_target_crosses_boundary
selection_1_validation,2019-08-04T14:00:00Z,2019-08-09T14:00:00Z,2019-08-09T08:00:00Z,120hour_target_crosses_boundary
selection_1_validation,2019-08-04T15:00:00Z,2019-08-09T15:00:00Z,2019-08-09T08:00:00Z,120hour_target_crosses_boundary
selection_1_validation,2019-08-04T16:00:00Z,2019-08-09T16:00:00Z,2019-08-09T08:00:00Z,120hour_target_crosses_boundary
selection_1_validation,2019-08-04T17:00:00Z,2019-08-09T17:00:00Z,2019-08-09T08:00:00Z,120hour_target_crosses_boundary
selection_1_validation,2019-08-04T18:00:00Z,2019-08-09T18:00:00Z,2019-08-09T08:00:00Z,120hour_target_crosses_boundary
selection_1_validation,2019-08-04T19:00:00Z,2019-08-09T19:00:00Z,2019-08-09T08:00:00Z,120hour_target_crosses_boundary
selection_1_validation,2019-08-04T20:00:00Z,2019-08-09T20:00:00Z,2019-08-09T08:00:00Z,120hour_target_crosses_boundary
selection_1_validation,2019-08-04T21:00:00Z,2019-08-09T21:00:00Z,2019-08-09T08:00:00Z,120hour_target_crosses_boundary
selection_1_validation,2019-08-04T22:00:00Z,2019-08-09T22:00:00Z,2019-08-09T08:00:00Z,120hour_target_crosses_boundary
selection_1_validation,2019-08-04T23:00:00Z,2019-08-09T23:00:00Z,2019-08-09T08:00:00Z,120hour_target_crosses_boundary
selection_1_validation,2019-08-05T00:00:00Z,2019-08-10T00:00:00Z,2019-08-09T08:00:00Z,120hour_target_crosses_boundary
selection_1_validation,2019-08-05T01:00:00Z,2019-08-10T01:00:00Z,2019-08-09T08:00:00Z,120hour_target_crosses_boundary
selection_1_validation,2019-08-05T02:00:00Z,2019-08-10T02:00:00Z,2019-08-09T08:00:00Z,120hour_target_crosses_boundary
selection_1_validation,2019-08-05T03:00:00Z,2019-08-10T03:00:00Z,2019-08-09T08:00:00Z,120hour_target_crosses_boundary
selection_1_validation,2019-08-05T04:00:00Z,2019-08-10T04:00:00Z,2019-08-09T08:00:00Z,120hour_target_crosses_boundary
selection_1_validation,2019-08-05T05:00:00Z,2019-08-10T05:00:00Z,2019-08-09T08:00:00Z,120hour_target_crosses_boundary
selection_1_validation,2019-08-05T06:00:00Z,2019-08-10T06:00:00Z,2019-08-09T08:00:00Z,120hour_target_crosses_boundary
selection_1_validation,2019-08-05T07:00:00Z,2019-08-10T07:00:00Z,2019-08-09T08:00:00Z,120hour_target_crosses_boundary
selection_1_validation,2019-08-05T08:00:00Z,2019-08-10T08:00:00Z,2019-08-09T08:00:00Z,120hour_target_crosses_boundary
selection_1_validation,2019-08-05T09:00:00Z,2019-08-10T09:00:00Z,2019-08-09T08:00:00Z,120hour_target_crosses_boundary
selection_1_validation,2019-08-05T10:00:00Z,2019-08-10T10:00:00Z,2019-08-09T08:00:00Z,120hour_target_crosses_boundary
selection_1_validation,2019-08-05T11:00:00Z,2019-08-10T11:00:00Z,2019-08-09T08:00:00Z,120hour_target_crosses_boundary
selection_1_validation,2019-08-05T12:00:00Z,2019-08-10T12:00:00Z,2019-08-09T08:00:00Z,120hour_target_crosses_boundary
selection_1_validation,2019-08-05T13:00:00Z,2019-08-10T13:00:00Z,2019-08-09T08:00:00Z,120hour_target_crosses_boundary
selection_1_validation,2019-08-05T14:00:00Z,2019-08-10T14:00:00Z,2019-08-09T08:00:00Z,120hour_target_crosses_boundary
selection_1_validation,2019-08-05T15:00:00Z,2019-08-10T15:00:00Z,2019-08-09T08:00:00Z,120hour_target_crosses_boundary
selection_1_validation,2019-08-05T16:00:00Z,2019-08-10T16:00:00Z,2019-08-09T08:00:00Z,120hour_target_crosses_boundary
selection_1_validation,2019-08-05T17:00:00Z,2019-08-10T17:00:00Z,2019-08-09T08:00:00Z,120hour_target_crosses_boundary
selection_1_validation,2019-08-05T18:00:00Z,2019-08-10T18:00:00Z,2019-08-09T08:00:00Z,120hour_target_crosses_boundary
selection_1_validation,2019-08-05T19:00:00Z,2019-08-10T19:00:00Z,2019-08-09T08:00:00Z,120hour_target_crosses_boundary
selection_1_validation,2019-08-05T20:00:00Z,2019-08-10T20:00:00Z,2019-08-09T08:00:00Z,120hour_target_crosses_boundary
selection_1_validation,2019-08-05T21:00:00Z,2019-08-10T21:00:00Z,2019-08-09T08:00:00Z,120hour_target_crosses_boundary
selection_1_validation,2019-08-05T22:00:00Z,2019-08-10T22:00:00Z,2019-08-09T08:00:00Z,120hour_target_crosses_boundary
selection_1_validation,2019-08-05T23:00:00Z,2019-08-10T23:00:00Z,2019-08-09T08:00:00Z,120hour_target_crosses_boundary
selection_1_validation,2019-08-06T00:00:00Z,2019-08-11T00:00:00Z,2019-08-09T08:00:00Z,120hour_target_crosses_boundary
selection_1_validation,2019-08-06T01:00:00Z,2019-08-11T01:00:00Z,2019-08-09T08:00:00Z,120hour_target_crosses_boundary
selection_1_validation,2019-08-06T02:00:00Z,2019-08-11T02:00:00Z,2019-08-09T08:00:00Z,120hour_target_crosses_boundary
selection_1_validation,2019-08-06T03:00:00Z,2019-08-11T03:00:00Z,2019-08-09T08:00:00Z,120hour_target_crosses_boundary
selection_1_validation,2019-08-06T04:00:00Z,2019-08-11T04:00:00Z,2019-08-09T08:00:00Z,120hour_target_crosses_boundary
selection_1_validation,2019-08-06T05:00:00Z,2019-08-11T05:00:00Z,2019-08-09T08:00:00Z,120hour_target_crosses_boundary
selection_1_validation,2019-08-06T06:00:00Z,2019-08-11T06:00:00Z,2019-08-09T08:00:00Z,120hour_target_crosses_boundary
selection_1_validation,2019-08-06T07:00:00Z,2019-08-11T07:00:00Z,2019-08-09T08:00:00Z,120hour_target_crosses_boundary
selection_1_validation,2019-08-06T08:00:00Z,2019-08-11T08:00:00Z,2019-08-09T08:00:00Z,120hour_target_crosses_boundary
selection_1_validation,2019-08-06T09:00:00Z,2019-08-11T09:00:00Z,2019-08-09T08:00:00Z,120hour_target_crosses_boundary
selection_1_validation,2019-08-06T10:00:00Z,2019-08-11T10:00:00Z,2019-08-09T08:00:00Z,120hour_target_crosses_boundary
selection_1_validation,2019-08-06T11:00:00Z,2019-08-11T11:00:00Z,2019-08-09T08:00:00Z,120hour_target_crosses_boundary
selection_1_validation,2019-08-06T12:00:00Z,2019-08-11T12:00:00Z,2019-08-09T08:00:00Z,120hour_target_crosses_boundary
selection_1_validation,2019-08-06T13:00:00Z,2019-08-11T13:00:00Z,2019-08-09T08:00:00Z,120hour_target_crosses_boundary
selection_1_validation,2019-08-06T14:00:00Z,2019-08-11T14:00:00Z,2019-08-09T08:00:00Z,120hour_target_crosses_boundary
selection_1_validation,2019-08-06T15:00:00Z,2019-08-11T15:00:00Z,2019-08-09T08:00:00Z,120hour_target_crosses_boundary
selection_1_validation,2019-08-06T16:00:00Z,2019-08-11T16:00:00Z,2019-08-09T08:00:00Z,120hour_target_crosses_boundary
selection_1_validation,2019-08-06T17:00:00Z,2019-08-11T17:00:00Z,2019-08-09T08:00:00Z,120hour_target_crosses_boundary
selection_1_validation,2019-08-06T18:00:00Z,2019-08-11T18:00:00Z,2019-08-09T08:00:00Z,120hour_target_crosses_boundary
selection_1_validation,2019-08-06T19:00:00Z,2019-08-11T19:00:00Z,2019-08-09T08:00:00Z,120hour_target_crosses_boundary
selection_1_validation,2019-08-06T20:00:00Z,2019-08-11T20:00:00Z,2019-08-09T08:00:00Z,120hour_target_crosses_boundary
selection_1_validation,2019-08-06T21:00:00Z,2019-08-11T21:00:00Z,2019-08-09T08:00:00Z,120hour_target_crosses_boundary
selection_1_validation,2019-08-06T22:00:00Z,2019-08-11T22:00:00Z,2019-08-09T08:00:00Z,120hour_target_crosses_boundary
selection_1_validation,2019-08-06T23:00:00Z,2019-08-11T23:00:00Z,2019-08-09T08:00:00Z,120hour_target_crosses_boundary
selection_1_validation,2019-08-07T00:00:00Z,2019-08-12T00:00:00Z,2019-08-09T08:00:00Z,120hour_target_crosses_boundary
selection_1_validation,2019-08-07T01:00:00Z,2019-08-12T01:00:00Z,2019-08-09T08:00:00Z,120hour_target_crosses_boundary
selection_1_validation,2019-08-07T02:00:00Z,2019-08-12T02:00:00Z,2019-08-09T08:00:00Z,120hour_target_crosses_boundary
selection_1_validation,2019-08-07T03:00:00Z,2019-08-12T03:00:00Z,2019-08-09T08:00:00Z,120hour_target_crosses_boundary
selection_1_validation,2019-08-07T04:00:00Z,2019-08-12T04:00:00Z,2019-08-09T08:00:00Z,120hour_target_crosses_boundary
selection_1_validation,2019-08-07T05:00:00Z,2019-08-12T05:00:00Z,2019-08-09T08:00:00Z,120hour_target_crosses_boundary
selection_1_validation,2019-08-07T06:00:00Z,2019-08-12T06:00:00Z,2019-08-09T08:00:00Z,120hour_target_crosses_boundary
selection_1_validation,2019-08-07T07:00:00Z,2019-08-12T07:00:00Z,2019-08-09T08:00:00Z,120hour_target_crosses_boundary
selection_1_validation,2019-08-07T08:00:00Z,2019-08-12T08:00:00Z,2019-08-09T08:00:00Z,120hour_target_crosses_boundary
selection_1_validation,2019-08-07T09:00:00Z,2019-08-12T09:00:00Z,2019-08-09T08:00:00Z,120hour_target_crosses_boundary
selection_1_validation,2019-08-07T10:00:00Z,2019-08-12T10:00:00Z,2019-08-09T08:00:00Z,120hour_target_crosses_boundary
selection_1_validation,2019-08-07T11:00:00Z,2019-08-12T11:00:00Z,2019-08-09T08:00:00Z,120hour_target_crosses_boundary
selection_1_validation,2019-08-07T12:00:00Z,2019-08-12T12:00:00Z,2019-08-09T08:00:00Z,120hour_target_crosses_boundary
selection_1_validation,2019-08-07T13:00:00Z,2019-08-12T13:00:00Z,2019-08-09T08:00:00Z,120hour_target_crosses_boundary
selection_1_validation,2019-08-07T14:00:00Z,2019-08-12T14:00:00Z,2019-08-09T08:00:00Z,120hour_target_crosses_boundary
selection_1_validation,2019-08-07T15:00:00Z,2019-08-12T15:00:00Z,2019-08-09T08:00:00Z,120hour_target_crosses_boundary
selection_1_validation,2019-08-07T16:00:00Z,2019-08-12T16:00:00Z,2019-08-09T08:00:00Z,120hour_target_crosses_boundary
selection_1_validation,2019-08-07T17:00:00Z,2019-08-12T17:00:00Z,2019-08-09T08:00:00Z,120hour_target_crosses_boundary
selection_1_validation,2019-08-07T18:00:00Z,2019-08-12T18:00:00Z,2019-08-09T08:00:00Z,120hour_target_crosses_boundary
selection_1_validation,2019-08-07T19:00:00Z,2019-08-12T19:00:00Z,2019-08-09T08:00:00Z,120hour_target_crosses_boundary
selection_1_validation,2019-08-07T20:00:00Z,2019-08-12T20:00:00Z,2019-08-09T08:00:00Z,120hour_target_crosses_boundary
selection_1_validation,2019-08-07T21:00:00Z,2019-08-12T21:00:00Z,2019-08-09T08:00:00Z,120hour_target_crosses_boundary
selection_1_validation,2019-08-07T22:00:00Z,2019-08-12T22:00:00Z,2019-08-09T08:00:00Z,120hour_target_crosses_boundary
selection_1_validation,2019-08-07T23:00:00Z,2019-08-12T23:00:00Z,2019-08-09T08:00:00Z,120hour_target_crosses_boundary
selection_1_validation,2019-08-08T00:00:00Z,2019-08-13T00:00:00Z,2019-08-09T08:00:00Z,120hour_target_crosses_boundary
selection_1_validation,2019-08-08T01:00:00Z,2019-08-13T01:00:00Z,2019-08-09T08:00:00Z,120hour_target_crosses_boundary
selection_1_validation,2019-08-08T02:00:00Z,2019-08-13T02:00:00Z,2019-08-09T08:00:00Z,120hour_target_crosses_boundary
selection_1_validation,2019-08-08T03:00:00Z,2019-08-13T03:00:00Z,2019-08-09T08:00:00Z,120hour_target_crosses_boundary
selection_1_validation,2019-08-08T04:00:00Z,2019-08-13T04:00:00Z,2019-08-09T08:00:00Z,120hour_target_crosses_boundary
selection_1_validation,2019-08-08T05:00:00Z,2019-08-13T05:00:00Z,2019-08-09T08:00:00Z,120hour_target_crosses_boundary
selection_1_validation,2019-08-08T06:00:00Z,2019-08-13T06:00:00Z,2019-08-09T08:00:00Z,120hour_target_crosses_boundary
selection_1_validation,2019-08-08T07:00:00Z,2019-08-13T07:00:00Z,2019-08-09T08:00:00Z,120hour_target_crosses_boundary
selection_1_validation,2019-08-08T08:00:00Z,2019-08-13T08:00:00Z,2019-08-09T08:00:00Z,120hour_target_crosses_boundary
selection_1_validation,2019-08-08T09:00:00Z,2019-08-13T09:00:00Z,2019-08-09T08:00:00Z,120hour_target_crosses_boundary
selection_1_validation,2019-08-08T10:00:00Z,2019-08-13T10:00:00Z,2019-08-09T08:00:00Z,120hour_target_crosses_boundary
selection_1_validation,2019-08-08T11:00:00Z,2019-08-13T11:00:00Z,2019-08-09T08:00:00Z,120hour_target_crosses_boundary
selection_1_validation,2019-08-08T12:00:00Z,2019-08-13T12:00:00Z,2019-08-09T08:00:00Z,120hour_target_crosses_boundary
selection_1_validation,2019-08-08T13:00:00Z,2019-08-13T13:00:00Z,2019-08-09T08:00:00Z,120hour_target_crosses_boundary
selection_1_validation,2019-08-08T14:00:00Z,2019-08-13T14:00:00Z,2019-08-09T08:00:00Z,120hour_target_crosses_boundary
selection_1_validation,2019-08-08T15:00:00Z,2019-08-13T15:00:00Z,2019-08-09T08:00:00Z,120hour_target_crosses_boundary
selection_1_validation,2019-08-08T16:00:00Z,2019-08-13T16:00:00Z,2019-08-09T08:00:00Z,120hour_target_crosses_boundary
selection_1_validation,2019-08-08T17:00:00Z,2019-08-13T17:00:00Z,2019-08-09T08:00:00Z,120hour_target_crosses_boundary
selection_1_validation,2019-08-08T18:00:00Z,2019-08-13T18:00:00Z,2019-08-09T08:00:00Z,120hour_target_crosses_boundary
selection_1_validation,2019-08-08T19:00:00Z,2019-08-13T19:00:00Z,2019-08-09T08:00:00Z,120hour_target_crosses_boundary
selection_1_validation,2019-08-08T20:00:00Z,2019-08-13T20:00:00Z,2019-08-09T08:00:00Z,120hour_target_crosses_boundary
selection_1_validation,2019-08-08T21:00:00Z,2019-08-13T21:00:00Z,2019-08-09T08:00:00Z,120hour_target_crosses_boundary
selection_1_validation,2019-08-08T22:00:00Z,2019-08-13T22:00:00Z,2019-08-09T08:00:00Z,120hour_target_crosses_boundary
selection_1_validation,2019-08-08T23:00:00Z,2019-08-13T23:00:00Z,2019-08-09T08:00:00Z,120hour_target_crosses_boundary
selection_1_validation,2019-08-09T00:00:00Z,2019-08-14T00:00:00Z,2019-08-09T08:00:00Z,120hour_target_crosses_boundary
selection_1_validation,2019-08-09T01:00:00Z,2019-08-14T01:00:00Z,2019-08-09T08:00:00Z,120hour_target_crosses_boundary
selection_1_validation,2019-08-09T02:00:00Z,2019-08-14T02:00:00Z,2019-08-09T08:00:00Z,120hour_target_crosses_boundary
selection_1_validation,2019-08-09T03:00:00Z,2019-08-14T03:00:00Z,2019-08-09T08:00:00Z,120hour_target_crosses_boundary
selection_1_validation,2019-08-09T04:00:00Z,2019-08-14T04:00:00Z,2019-08-09T08:00:00Z,120hour_target_crosses_boundary
selection_1_validation,2019-08-09T05:00:00Z,2019-08-14T05:00:00Z,2019-08-09T08:00:00Z,120hour_target_crosses_boundary
selection_1_validation,2019-08-09T06:00:00Z,2019-08-14T06:00:00Z,2019-08-09T08:00:00Z,120hour_target_crosses_boundary
selection_1_validation,2019-08-09T07:00:00Z,2019-08-14T07:00:00Z,2019-08-09T08:00:00Z,120hour_target_crosses_boundary
selection_2_training,2019-08-04T09:00:00Z,2019-08-09T09:00:00Z,2019-08-09T08:00:00Z,120hour_target_crosses_boundary
selection_2_training,2019-08-04T10:00:00Z,2019-08-09T10:00:00Z,2019-08-09T08:00:00Z,120hour_target_crosses_boundary
selection_2_training,2019-08-04T11:00:00Z,2019-08-09T11:00:00Z,2019-08-09T08:00:00Z,120hour_target_crosses_boundary
selection_2_training,2019-08-04T12:00:00Z,2019-08-09T12:00:00Z,2019-08-09T08:00:00Z,120hour_target_crosses_boundary
selection_2_training,2019-08-04T13:00:00Z,2019-08-09T13:00:00Z,2019-08-09T08:00:00Z,120hour_target_crosses_boundary
selection_2_training,2019-08-04T14:00:00Z,2019-08-09T14:00:00Z,2019-08-09T08:00:00Z,120hour_target_crosses_boundary
selection_2_training,2019-08-04T15:00:00Z,2019-08-09T15:00:00Z,2019-08-09T08:00:00Z,120hour_target_crosses_boundary
selection_2_training,2019-08-04T16:00:00Z,2019-08-09T16:00:00Z,2019-08-09T08:00:00Z,120hour_target_crosses_boundary
selection_2_training,2019-08-04T17:00:00Z,2019-08-09T17:00:00Z,2019-08-09T08:00:00Z,120hour_target_crosses_boundary
selection_2_training,2019-08-04T18:00:00Z,2019-08-09T18:00:00Z,2019-08-09T08:00:00Z,120hour_target_crosses_boundary
selection_2_training,2019-08-04T19:00:00Z,2019-08-09T19:00:00Z,2019-08-09T08:00:00Z,120hour_target_crosses_boundary
selection_2_training,2019-08-04T20:00:00Z,2019-08-09T20:00:00Z,2019-08-09T08:00:00Z,120hour_target_crosses_boundary
selection_2_training,2019-08-04T21:00:00Z,2019-08-09T21:00:00Z,2019-08-09T08:00:00Z,120hour_target_crosses_boundary
selection_2_training,2019-08-04T22:00:00Z,2019-08-09T22:00:00Z,2019-08-09T08:00:00Z,120hour_target_crosses_boundary
selection_2_training,2019-08-04T23:00:00Z,2019-08-09T23:00:00Z,2019-08-09T08:00:00Z,120hour_target_crosses_boundary
selection_2_training,2019-08-05T00:00:00Z,2019-08-10T00:00:00Z,2019-08-09T08:00:00Z,120hour_target_crosses_boundary
selection_2_training,2019-08-05T01:00:00Z,2019-08-10T01:00:00Z,2019-08-09T08:00:00Z,120hour_target_crosses_boundary
selection_2_training,2019-08-05T02:00:00Z,2019-08-10T02:00:00Z,2019-08-09T08:00:00Z,120hour_target_crosses_boundary
selection_2_training,2019-08-05T03:00:00Z,2019-08-10T03:00:00Z,2019-08-09T08:00:00Z,120hour_target_crosses_boundary
selection_2_training,2019-08-05T04:00:00Z,2019-08-10T04:00:00Z,2019-08-09T08:00:00Z,120hour_target_crosses_boundary
selection_2_training,2019-08-05T05:00:00Z,2019-08-10T05:00:00Z,2019-08-09T08:00:00Z,120hour_target_crosses_boundary
selection_2_training,2019-08-05T06:00:00Z,2019-08-10T06:00:00Z,2019-08-09T08:00:00Z,120hour_target_crosses_boundary
selection_2_training,2019-08-05T07:00:00Z,2019-08-10T07:00:00Z,2019-08-09T08:00:00Z,120hour_target_crosses_boundary
selection_2_training,2019-08-05T08:00:00Z,2019-08-10T08:00:00Z,2019-08-09T08:00:00Z,120hour_target_crosses_boundary
selection_2_training,2019-08-05T09:00:00Z,2019-08-10T09:00:00Z,2019-08-09T08:00:00Z,120hour_target_crosses_boundary
selection_2_training,2019-08-05T10:00:00Z,2019-08-10T10:00:00Z,2019-08-09T08:00:00Z,120hour_target_crosses_boundary
selection_2_training,2019-08-05T11:00:00Z,2019-08-10T11:00:00Z,2019-08-09T08:00:00Z,120hour_target_crosses_boundary
selection_2_training,2019-08-05T12:00:00Z,2019-08-10T12:00:00Z,2019-08-09T08:00:00Z,120hour_target_crosses_boundary
selection_2_training,2019-08-05T13:00:00Z,2019-08-10T13:00:00Z,2019-08-09T08:00:00Z,120hour_target_crosses_boundary
selection_2_training,2019-08-05T14:00:00Z,2019-08-10T14:00:00Z,2019-08-09T08:00:00Z,120hour_target_crosses_boundary
selection_2_training,2019-08-05T15:00:00Z,2019-08-10T15:00:00Z,2019-08-09T08:00:00Z,120hour_target_crosses_boundary
selection_2_training,2019-08-05T16:00:00Z,2019-08-10T16:00:00Z,2019-08-09T08:00:00Z,120hour_target_crosses_boundary
selection_2_training,2019-08-05T17:00:00Z,2019-08-10T17:00:00Z,2019-08-09T08:00:00Z,120hour_target_crosses_boundary
selection_2_training,2019-08-05T18:00:00Z,2019-08-10T18:00:00Z,2019-08-09T08:00:00Z,120hour_target_crosses_boundary
selection_2_training,2019-08-05T19:00:00Z,2019-08-10T19:00:00Z,2019-08-09T08:00:00Z,120hour_target_crosses_boundary
selection_2_training,2019-08-05T20:00:00Z,2019-08-10T20:00:00Z,2019-08-09T08:00:00Z,120hour_target_crosses_boundary
selection_2_training,2019-08-05T21:00:00Z,2019-08-10T21:00:00Z,2019-08-09T08:00:00Z,120hour_target_crosses_boundary
selection_2_training,2019-08-05T22:00:00Z,2019-08-10T22:00:00Z,2019-08-09T08:00:00Z,120hour_target_crosses_boundary
selection_2_training,2019-08-05T23:00:00Z,2019-08-10T23:00:00Z,2019-08-09T08:00:00Z,120hour_target_crosses_boundary
selection_2_training,2019-08-06T00:00:00Z,2019-08-11T00:00:00Z,2019-08-09T08:00:00Z,120hour_target_crosses_boundary
selection_2_training,2019-08-06T01:00:00Z,2019-08-11T01:00:00Z,2019-08-09T08:00:00Z,120hour_target_crosses_boundary
selection_2_training,2019-08-06T02:00:00Z,2019-08-11T02:00:00Z,2019-08-09T08:00:00Z,120hour_target_crosses_boundary
selection_2_training,2019-08-06T03:00:00Z,2019-08-11T03:00:00Z,2019-08-09T08:00:00Z,120hour_target_crosses_boundary
selection_2_training,2019-08-06T04:00:00Z,2019-08-11T04:00:00Z,2019-08-09T08:00:00Z,120hour_target_crosses_boundary
selection_2_training,2019-08-06T05:00:00Z,2019-08-11T05:00:00Z,2019-08-09T08:00:00Z,120hour_target_crosses_boundary
selection_2_training,2019-08-06T06:00:00Z,2019-08-11T06:00:00Z,2019-08-09T08:00:00Z,120hour_target_crosses_boundary
selection_2_training,2019-08-06T07:00:00Z,2019-08-11T07:00:00Z,2019-08-09T08:00:00Z,120hour_target_crosses_boundary
selection_2_training,2019-08-06T08:00:00Z,2019-08-11T08:00:00Z,2019-08-09T08:00:00Z,120hour_target_crosses_boundary
selection_2_training,2019-08-06T09:00:00Z,2019-08-11T09:00:00Z,2019-08-09T08:00:00Z,120hour_target_crosses_boundary
selection_2_training,2019-08-06T10:00:00Z,2019-08-11T10:00:00Z,2019-08-09T08:00:00Z,120hour_target_crosses_boundary
selection_2_training,2019-08-06T11:00:00Z,2019-08-11T11:00:00Z,2019-08-09T08:00:00Z,120hour_target_crosses_boundary
selection_2_training,2019-08-06T12:00:00Z,2019-08-11T12:00:00Z,2019-08-09T08:00:00Z,120hour_target_crosses_boundary
selection_2_training,2019-08-06T13:00:00Z,2019-08-11T13:00:00Z,2019-08-09T08:00:00Z,120hour_target_crosses_boundary
selection_2_training,2019-08-06T14:00:00Z,2019-08-11T14:00:00Z,2019-08-09T08:00:00Z,120hour_target_crosses_boundary
selection_2_training,2019-08-06T15:00:00Z,2019-08-11T15:00:00Z,2019-08-09T08:00:00Z,120hour_target_crosses_boundary
selection_2_training,2019-08-06T16:00:00Z,2019-08-11T16:00:00Z,2019-08-09T08:00:00Z,120hour_target_crosses_boundary
selection_2_training,2019-08-06T17:00:00Z,2019-08-11T17:00:00Z,2019-08-09T08:00:00Z,120hour_target_crosses_boundary
selection_2_training,2019-08-06T18:00:00Z,2019-08-11T18:00:00Z,2019-08-09T08:00:00Z,120hour_target_crosses_boundary
selection_2_training,2019-08-06T19:00:00Z,2019-08-11T19:00:00Z,2019-08-09T08:00:00Z,120hour_target_crosses_boundary
selection_2_training,2019-08-06T20:00:00Z,2019-08-11T20:00:00Z,2019-08-09T08:00:00Z,120hour_target_crosses_boundary
selection_2_training,2019-08-06T21:00:00Z,2019-08-11T21:00:00Z,2019-08-09T08:00:00Z,120hour_target_crosses_boundary
selection_2_training,2019-08-06T22:00:00Z,2019-08-11T22:00:00Z,2019-08-09T08:00:00Z,120hour_target_crosses_boundary
selection_2_training,2019-08-06T23:00:00Z,2019-08-11T23:00:00Z,2019-08-09T08:00:00Z,120hour_target_crosses_boundary
selection_2_training,2019-08-07T00:00:00Z,2019-08-12T00:00:00Z,2019-08-09T08:00:00Z,120hour_target_crosses_boundary
selection_2_training,2019-08-07T01:00:00Z,2019-08-12T01:00:00Z,2019-08-09T08:00:00Z,120hour_target_crosses_boundary
selection_2_training,2019-08-07T02:00:00Z,2019-08-12T02:00:00Z,2019-08-09T08:00:00Z,120hour_target_crosses_boundary
selection_2_training,2019-08-07T03:00:00Z,2019-08-12T03:00:00Z,2019-08-09T08:00:00Z,120hour_target_crosses_boundary
selection_2_training,2019-08-07T04:00:00Z,2019-08-12T04:00:00Z,2019-08-09T08:00:00Z,120hour_target_crosses_boundary
selection_2_training,2019-08-07T05:00:00Z,2019-08-12T05:00:00Z,2019-08-09T08:00:00Z,120hour_target_crosses_boundary
selection_2_training,2019-08-07T06:00:00Z,2019-08-12T06:00:00Z,2019-08-09T08:00:00Z,120hour_target_crosses_boundary
selection_2_training,2019-08-07T07:00:00Z,2019-08-12T07:00:00Z,2019-08-09T08:00:00Z,120hour_target_crosses_boundary
selection_2_training,2019-08-07T08:00:00Z,2019-08-12T08:00:00Z,2019-08-09T08:00:00Z,120hour_target_crosses_boundary
selection_2_training,2019-08-07T09:00:00Z,2019-08-12T09:00:00Z,2019-08-09T08:00:00Z,120hour_target_crosses_boundary
selection_2_training,2019-08-07T10:00:00Z,2019-08-12T10:00:00Z,2019-08-09T08:00:00Z,120hour_target_crosses_boundary
selection_2_training,2019-08-07T11:00:00Z,2019-08-12T11:00:00Z,2019-08-09T08:00:00Z,120hour_target_crosses_boundary
selection_2_training,2019-08-07T12:00:00Z,2019-08-12T12:00:00Z,2019-08-09T08:00:00Z,120hour_target_crosses_boundary
selection_2_training,2019-08-07T13:00:00Z,2019-08-12T13:00:00Z,2019-08-09T08:00:00Z,120hour_target_crosses_boundary
selection_2_training,2019-08-07T14:00:00Z,2019-08-12T14:00:00Z,2019-08-09T08:00:00Z,120hour_target_crosses_boundary
selection_2_training,2019-08-07T15:00:00Z,2019-08-12T15:00:00Z,2019-08-09T08:00:00Z,120hour_target_crosses_boundary
selection_2_training,2019-08-07T16:00:00Z,2019-08-12T16:00:00Z,2019-08-09T08:00:00Z,120hour_target_crosses_boundary
selection_2_training,2019-08-07T17:00:00Z,2019-08-12T17:00:00Z,2019-08-09T08:00:00Z,120hour_target_crosses_boundary
selection_2_training,2019-08-07T18:00:00Z,2019-08-12T18:00:00Z,2019-08-09T08:00:00Z,120hour_target_crosses_boundary
selection_2_training,2019-08-07T19:00:00Z,2019-08-12T19:00:00Z,2019-08-09T08:00:00Z,120hour_target_crosses_boundary
selection_2_training,2019-08-07T20:00:00Z,2019-08-12T20:00:00Z,2019-08-09T08:00:00Z,120hour_target_crosses_boundary
selection_2_training,2019-08-07T21:00:00Z,2019-08-12T21:00:00Z,2019-08-09T08:00:00Z,120hour_target_crosses_boundary
selection_2_training,2019-08-07T22:00:00Z,2019-08-12T22:00:00Z,2019-08-09T08:00:00Z,120hour_target_crosses_boundary
selection_2_training,2019-08-07T23:00:00Z,2019-08-12T23:00:00Z,2019-08-09T08:00:00Z,120hour_target_crosses_boundary
selection_2_training,2019-08-08T00:00:00Z,2019-08-13T00:00:00Z,2019-08-09T08:00:00Z,120hour_target_crosses_boundary
selection_2_training,2019-08-08T01:00:00Z,2019-08-13T01:00:00Z,2019-08-09T08:00:00Z,120hour_target_crosses_boundary
selection_2_training,2019-08-08T02:00:00Z,2019-08-13T02:00:00Z,2019-08-09T08:00:00Z,120hour_target_crosses_boundary
selection_2_training,2019-08-08T03:00:00Z,2019-08-13T03:00:00Z,2019-08-09T08:00:00Z,120hour_target_crosses_boundary
selection_2_training,2019-08-08T04:00:00Z,2019-08-13T04:00:00Z,2019-08-09T08:00:00Z,120hour_target_crosses_boundary
selection_2_training,2019-08-08T05:00:00Z,2019-08-13T05:00:00Z,2019-08-09T08:00:00Z,120hour_target_crosses_boundary
selection_2_training,2019-08-08T06:00:00Z,2019-08-13T06:00:00Z,2019-08-09T08:00:00Z,120hour_target_crosses_boundary
selection_2_training,2019-08-08T07:00:00Z,2019-08-13T07:00:00Z,2019-08-09T08:00:00Z,120hour_target_crosses_boundary
selection_2_training,2019-08-08T08:00:00Z,2019-08-13T08:00:00Z,2019-08-09T08:00:00Z,120hour_target_crosses_boundary
selection_2_training,2019-08-08T09:00:00Z,2019-08-13T09:00:00Z,2019-08-09T08:00:00Z,120hour_target_crosses_boundary
selection_2_training,2019-08-08T10:00:00Z,2019-08-13T10:00:00Z,2019-08-09T08:00:00Z,120hour_target_crosses_boundary
selection_2_training,2019-08-08T11:00:00Z,2019-08-13T11:00:00Z,2019-08-09T08:00:00Z,120hour_target_crosses_boundary
selection_2_training,2019-08-08T12:00:00Z,2019-08-13T12:00:00Z,2019-08-09T08:00:00Z,120hour_target_crosses_boundary
selection_2_training,2019-08-08T13:00:00Z,2019-08-13T13:00:00Z,2019-08-09T08:00:00Z,120hour_target_crosses_boundary
selection_2_training,2019-08-08T14:00:00Z,2019-08-13T14:00:00Z,2019-08-09T08:00:00Z,120hour_target_crosses_boundary
selection_2_training,2019-08-08T15:00:00Z,2019-08-13T15:00:00Z,2019-08-09T08:00:00Z,120hour_target_crosses_boundary
selection_2_training,2019-08-08T16:00:00Z,2019-08-13T16:00:00Z,2019-08-09T08:00:00Z,120hour_target_crosses_boundary
selection_2_training,2019-08-08T17:00:00Z,2019-08-13T17:00:00Z,2019-08-09T08:00:00Z,120hour_target_crosses_boundary
selection_2_training,2019-08-08T18:00:00Z,2019-08-13T18:00:00Z,2019-08-09T08:00:00Z,120hour_target_crosses_boundary
selection_2_training,2019-08-08T19:00:00Z,2019-08-13T19:00:00Z,2019-08-09T08:00:00Z,120hour_target_crosses_boundary
selection_2_training,2019-08-08T20:00:00Z,2019-08-13T20:00:00Z,2019-08-09T08:00:00Z,120hour_target_crosses_boundary
selection_2_training,2019-08-08T21:00:00Z,2019-08-13T21:00:00Z,2019-08-09T08:00:00Z,120hour_target_crosses_boundary
selection_2_training,2019-08-08T22:00:00Z,2019-08-13T22:00:00Z,2019-08-09T08:00:00Z,120hour_target_crosses_boundary
selection_2_training,2019-08-08T23:00:00Z,2019-08-13T23:00:00Z,2019-08-09T08:00:00Z,120hour_target_crosses_boundary
selection_2_training,2019-08-09T00:00:00Z,2019-08-14T00:00:00Z,2019-08-09T08:00:00Z,120hour_target_crosses_boundary
selection_2_training,2019-08-09T01:00:00Z,2019-08-14T01:00:00Z,2019-08-09T08:00:00Z,120hour_target_crosses_boundary
selection_2_training,2019-08-09T02:00:00Z,2019-08-14T02:00:00Z,2019-08-09T08:00:00Z,120hour_target_crosses_boundary
selection_2_training,2019-08-09T03:00:00Z,2019-08-14T03:00:00Z,2019-08-09T08:00:00Z,120hour_target_crosses_boundary
selection_2_training,2019-08-09T04:00:00Z,2019-08-14T04:00:00Z,2019-08-09T08:00:00Z,120hour_target_crosses_boundary
selection_2_training,2019-08-09T05:00:00Z,2019-08-14T05:00:00Z,2019-08-09T08:00:00Z,120hour_target_crosses_boundary
selection_2_training,2019-08-09T06:00:00Z,2019-08-14T06:00:00Z,2019-08-09T08:00:00Z,120hour_target_crosses_boundary
selection_2_training,2019-08-09T07:00:00Z,2019-08-14T07:00:00Z,2019-08-09T08:00:00Z,120hour_target_crosses_boundary
selection_2_validation,2020-03-28T17:00:00Z,2020-04-02T17:00:00Z,2020-04-02T16:00:00Z,120hour_target_crosses_boundary
selection_2_validation,2020-03-28T18:00:00Z,2020-04-02T18:00:00Z,2020-04-02T16:00:00Z,120hour_target_crosses_boundary
selection_2_validation,2020-03-28T19:00:00Z,2020-04-02T19:00:00Z,2020-04-02T16:00:00Z,120hour_target_crosses_boundary
selection_2_validation,2020-03-28T20:00:00Z,2020-04-02T20:00:00Z,2020-04-02T16:00:00Z,120hour_target_crosses_boundary
selection_2_validation,2020-03-28T21:00:00Z,2020-04-02T21:00:00Z,2020-04-02T16:00:00Z,120hour_target_crosses_boundary
selection_2_validation,2020-03-28T22:00:00Z,2020-04-02T22:00:00Z,2020-04-02T16:00:00Z,120hour_target_crosses_boundary
selection_2_validation,2020-03-28T23:00:00Z,2020-04-02T23:00:00Z,2020-04-02T16:00:00Z,120hour_target_crosses_boundary
selection_2_validation,2020-03-29T00:00:00Z,2020-04-03T00:00:00Z,2020-04-02T16:00:00Z,120hour_target_crosses_boundary
selection_2_validation,2020-03-29T01:00:00Z,2020-04-03T01:00:00Z,2020-04-02T16:00:00Z,120hour_target_crosses_boundary
selection_2_validation,2020-03-29T02:00:00Z,2020-04-03T02:00:00Z,2020-04-02T16:00:00Z,120hour_target_crosses_boundary
selection_2_validation,2020-03-29T03:00:00Z,2020-04-03T03:00:00Z,2020-04-02T16:00:00Z,120hour_target_crosses_boundary
selection_2_validation,2020-03-29T04:00:00Z,2020-04-03T04:00:00Z,2020-04-02T16:00:00Z,120hour_target_crosses_boundary
selection_2_validation,2020-03-29T05:00:00Z,2020-04-03T05:00:00Z,2020-04-02T16:00:00Z,120hour_target_crosses_boundary
selection_2_validation,2020-03-29T06:00:00Z,2020-04-03T06:00:00Z,2020-04-02T16:00:00Z,120hour_target_crosses_boundary
selection_2_validation,2020-03-29T07:00:00Z,2020-04-03T07:00:00Z,2020-04-02T16:00:00Z,120hour_target_crosses_boundary
selection_2_validation,2020-03-29T08:00:00Z,2020-04-03T08:00:00Z,2020-04-02T16:00:00Z,120hour_target_crosses_boundary
selection_2_validation,2020-03-29T09:00:00Z,2020-04-03T09:00:00Z,2020-04-02T16:00:00Z,120hour_target_crosses_boundary
selection_2_validation,2020-03-29T10:00:00Z,2020-04-03T10:00:00Z,2020-04-02T16:00:00Z,120hour_target_crosses_boundary
selection_2_validation,2020-03-29T11:00:00Z,2020-04-03T11:00:00Z,2020-04-02T16:00:00Z,120hour_target_crosses_boundary
selection_2_validation,2020-03-29T12:00:00Z,2020-04-03T12:00:00Z,2020-04-02T16:00:00Z,120hour_target_crosses_boundary
selection_2_validation,2020-03-29T13:00:00Z,2020-04-03T13:00:00Z,2020-04-02T16:00:00Z,120hour_target_crosses_boundary
selection_2_validation,2020-03-29T14:00:00Z,2020-04-03T14:00:00Z,2020-04-02T16:00:00Z,120hour_target_crosses_boundary
selection_2_validation,2020-03-29T15:00:00Z,2020-04-03T15:00:00Z,2020-04-02T16:00:00Z,120hour_target_crosses_boundary
selection_2_validation,2020-03-29T16:00:00Z,2020-04-03T16:00:00Z,2020-04-02T16:00:00Z,120hour_target_crosses_boundary
selection_2_validation,2020-03-29T17:00:00Z,2020-04-03T17:00:00Z,2020-04-02T16:00:00Z,120hour_target_crosses_boundary
selection_2_validation,2020-03-29T18:00:00Z,2020-04-03T18:00:00Z,2020-04-02T16:00:00Z,120hour_target_crosses_boundary
selection_2_validation,2020-03-29T19:00:00Z,2020-04-03T19:00:00Z,2020-04-02T16:00:00Z,120hour_target_crosses_boundary
selection_2_validation,2020-03-29T20:00:00Z,2020-04-03T20:00:00Z,2020-04-02T16:00:00Z,120hour_target_crosses_boundary
selection_2_validation,2020-03-29T21:00:00Z,2020-04-03T21:00:00Z,2020-04-02T16:00:00Z,120hour_target_crosses_boundary
selection_2_validation,2020-03-29T22:00:00Z,2020-04-03T22:00:00Z,2020-04-02T16:00:00Z,120hour_target_crosses_boundary
selection_2_validation,2020-03-29T23:00:00Z,2020-04-03T23:00:00Z,2020-04-02T16:00:00Z,120hour_target_crosses_boundary
selection_2_validation,2020-03-30T00:00:00Z,2020-04-04T00:00:00Z,2020-04-02T16:00:00Z,120hour_target_crosses_boundary
selection_2_validation,2020-03-30T01:00:00Z,2020-04-04T01:00:00Z,2020-04-02T16:00:00Z,120hour_target_crosses_boundary
selection_2_validation,2020-03-30T02:00:00Z,2020-04-04T02:00:00Z,2020-04-02T16:00:00Z,120hour_target_crosses_boundary
selection_2_validation,2020-03-30T03:00:00Z,2020-04-04T03:00:00Z,2020-04-02T16:00:00Z,120hour_target_crosses_boundary
selection_2_validation,2020-03-30T04:00:00Z,2020-04-04T04:00:00Z,2020-04-02T16:00:00Z,120hour_target_crosses_boundary
selection_2_validation,2020-03-30T05:00:00Z,2020-04-04T05:00:00Z,2020-04-02T16:00:00Z,120hour_target_crosses_boundary
selection_2_validation,2020-03-30T06:00:00Z,2020-04-04T06:00:00Z,2020-04-02T16:00:00Z,120hour_target_crosses_boundary
selection_2_validation,2020-03-30T07:00:00Z,2020-04-04T07:00:00Z,2020-04-02T16:00:00Z,120hour_target_crosses_boundary
selection_2_validation,2020-03-30T08:00:00Z,2020-04-04T08:00:00Z,2020-04-02T16:00:00Z,120hour_target_crosses_boundary
selection_2_validation,2020-03-30T09:00:00Z,2020-04-04T09:00:00Z,2020-04-02T16:00:00Z,120hour_target_crosses_boundary
selection_2_validation,2020-03-30T10:00:00Z,2020-04-04T10:00:00Z,2020-04-02T16:00:00Z,120hour_target_crosses_boundary
selection_2_validation,2020-03-30T11:00:00Z,2020-04-04T11:00:00Z,2020-04-02T16:00:00Z,120hour_target_crosses_boundary
selection_2_validation,2020-03-30T12:00:00Z,2020-04-04T12:00:00Z,2020-04-02T16:00:00Z,120hour_target_crosses_boundary
selection_2_validation,2020-03-30T13:00:00Z,2020-04-04T13:00:00Z,2020-04-02T16:00:00Z,120hour_target_crosses_boundary
selection_2_validation,2020-03-30T14:00:00Z,2020-04-04T14:00:00Z,2020-04-02T16:00:00Z,120hour_target_crosses_boundary
selection_2_validation,2020-03-30T15:00:00Z,2020-04-04T15:00:00Z,2020-04-02T16:00:00Z,120hour_target_crosses_boundary
selection_2_validation,2020-03-30T16:00:00Z,2020-04-04T16:00:00Z,2020-04-02T16:00:00Z,120hour_target_crosses_boundary
selection_2_validation,2020-03-30T17:00:00Z,2020-04-04T17:00:00Z,2020-04-02T16:00:00Z,120hour_target_crosses_boundary
selection_2_validation,2020-03-30T18:00:00Z,2020-04-04T18:00:00Z,2020-04-02T16:00:00Z,120hour_target_crosses_boundary
selection_2_validation,2020-03-30T19:00:00Z,2020-04-04T19:00:00Z,2020-04-02T16:00:00Z,120hour_target_crosses_boundary
selection_2_validation,2020-03-30T20:00:00Z,2020-04-04T20:00:00Z,2020-04-02T16:00:00Z,120hour_target_crosses_boundary
selection_2_validation,2020-03-30T21:00:00Z,2020-04-04T21:00:00Z,2020-04-02T16:00:00Z,120hour_target_crosses_boundary
selection_2_validation,2020-03-30T22:00:00Z,2020-04-04T22:00:00Z,2020-04-02T16:00:00Z,120hour_target_crosses_boundary
selection_2_validation,2020-03-30T23:00:00Z,2020-04-04T23:00:00Z,2020-04-02T16:00:00Z,120hour_target_crosses_boundary
selection_2_validation,2020-03-31T00:00:00Z,2020-04-05T00:00:00Z,2020-04-02T16:00:00Z,120hour_target_crosses_boundary
selection_2_validation,2020-03-31T01:00:00Z,2020-04-05T01:00:00Z,2020-04-02T16:00:00Z,120hour_target_crosses_boundary
selection_2_validation,2020-03-31T02:00:00Z,2020-04-05T02:00:00Z,2020-04-02T16:00:00Z,120hour_target_crosses_boundary
selection_2_validation,2020-03-31T03:00:00Z,2020-04-05T03:00:00Z,2020-04-02T16:00:00Z,120hour_target_crosses_boundary
selection_2_validation,2020-03-31T04:00:00Z,2020-04-05T04:00:00Z,2020-04-02T16:00:00Z,120hour_target_crosses_boundary
selection_2_validation,2020-03-31T05:00:00Z,2020-04-05T05:00:00Z,2020-04-02T16:00:00Z,120hour_target_crosses_boundary
selection_2_validation,2020-03-31T06:00:00Z,2020-04-05T06:00:00Z,2020-04-02T16:00:00Z,120hour_target_crosses_boundary
selection_2_validation,2020-03-31T07:00:00Z,2020-04-05T07:00:00Z,2020-04-02T16:00:00Z,120hour_target_crosses_boundary
selection_2_validation,2020-03-31T08:00:00Z,2020-04-05T08:00:00Z,2020-04-02T16:00:00Z,120hour_target_crosses_boundary
selection_2_validation,2020-03-31T09:00:00Z,2020-04-05T09:00:00Z,2020-04-02T16:00:00Z,120hour_target_crosses_boundary
selection_2_validation,2020-03-31T10:00:00Z,2020-04-05T10:00:00Z,2020-04-02T16:00:00Z,120hour_target_crosses_boundary
selection_2_validation,2020-03-31T11:00:00Z,2020-04-05T11:00:00Z,2020-04-02T16:00:00Z,120hour_target_crosses_boundary
selection_2_validation,2020-03-31T12:00:00Z,2020-04-05T12:00:00Z,2020-04-02T16:00:00Z,120hour_target_crosses_boundary
selection_2_validation,2020-03-31T13:00:00Z,2020-04-05T13:00:00Z,2020-04-02T16:00:00Z,120hour_target_crosses_boundary
selection_2_validation,2020-03-31T14:00:00Z,2020-04-05T14:00:00Z,2020-04-02T16:00:00Z,120hour_target_crosses_boundary
selection_2_validation,2020-03-31T15:00:00Z,2020-04-05T15:00:00Z,2020-04-02T16:00:00Z,120hour_target_crosses_boundary
selection_2_validation,2020-03-31T16:00:00Z,2020-04-05T16:00:00Z,2020-04-02T16:00:00Z,120hour_target_crosses_boundary
selection_2_validation,2020-03-31T17:00:00Z,2020-04-05T17:00:00Z,2020-04-02T16:00:00Z,120hour_target_crosses_boundary
selection_2_validation,2020-03-31T18:00:00Z,2020-04-05T18:00:00Z,2020-04-02T16:00:00Z,120hour_target_crosses_boundary
selection_2_validation,2020-03-31T19:00:00Z,2020-04-05T19:00:00Z,2020-04-02T16:00:00Z,120hour_target_crosses_boundary
selection_2_validation,2020-03-31T20:00:00Z,2020-04-05T20:00:00Z,2020-04-02T16:00:00Z,120hour_target_crosses_boundary
selection_2_validation,2020-03-31T21:00:00Z,2020-04-05T21:00:00Z,2020-04-02T16:00:00Z,120hour_target_crosses_boundary
selection_2_validation,2020-03-31T22:00:00Z,2020-04-05T22:00:00Z,2020-04-02T16:00:00Z,120hour_target_crosses_boundary
selection_2_validation,2020-03-31T23:00:00Z,2020-04-05T23:00:00Z,2020-04-02T16:00:00Z,120hour_target_crosses_boundary
selection_2_validation,2020-04-01T00:00:00Z,2020-04-06T00:00:00Z,2020-04-02T16:00:00Z,120hour_target_crosses_boundary
selection_2_validation,2020-04-01T01:00:00Z,2020-04-06T01:00:00Z,2020-04-02T16:00:00Z,120hour_target_crosses_boundary
selection_2_validation,2020-04-01T02:00:00Z,2020-04-06T02:00:00Z,2020-04-02T16:00:00Z,120hour_target_crosses_boundary
selection_2_validation,2020-04-01T03:00:00Z,2020-04-06T03:00:00Z,2020-04-02T16:00:00Z,120hour_target_crosses_boundary
selection_2_validation,2020-04-01T04:00:00Z,2020-04-06T04:00:00Z,2020-04-02T16:00:00Z,120hour_target_crosses_boundary
selection_2_validation,2020-04-01T05:00:00Z,2020-04-06T05:00:00Z,2020-04-02T16:00:00Z,120hour_target_crosses_boundary
selection_2_validation,2020-04-01T06:00:00Z,2020-04-06T06:00:00Z,2020-04-02T16:00:00Z,120hour_target_crosses_boundary
selection_2_validation,2020-04-01T07:00:00Z,2020-04-06T07:00:00Z,2020-04-02T16:00:00Z,120hour_target_crosses_boundary
selection_2_validation,2020-04-01T08:00:00Z,2020-04-06T08:00:00Z,2020-04-02T16:00:00Z,120hour_target_crosses_boundary
selection_2_validation,2020-04-01T09:00:00Z,2020-04-06T09:00:00Z,2020-04-02T16:00:00Z,120hour_target_crosses_boundary
selection_2_validation,2020-04-01T10:00:00Z,2020-04-06T10:00:00Z,2020-04-02T16:00:00Z,120hour_target_crosses_boundary
selection_2_validation,2020-04-01T11:00:00Z,2020-04-06T11:00:00Z,2020-04-02T16:00:00Z,120hour_target_crosses_boundary
selection_2_validation,2020-04-01T12:00:00Z,2020-04-06T12:00:00Z,2020-04-02T16:00:00Z,120hour_target_crosses_boundary
selection_2_validation,2020-04-01T13:00:00Z,2020-04-06T13:00:00Z,2020-04-02T16:00:00Z,120hour_target_crosses_boundary
selection_2_validation,2020-04-01T14:00:00Z,2020-04-06T14:00:00Z,2020-04-02T16:00:00Z,120hour_target_crosses_boundary
selection_2_validation,2020-04-01T15:00:00Z,2020-04-06T15:00:00Z,2020-04-02T16:00:00Z,120hour_target_crosses_boundary
selection_2_validation,2020-04-01T16:00:00Z,2020-04-06T16:00:00Z,2020-04-02T16:00:00Z,120hour_target_crosses_boundary
selection_2_validation,2020-04-01T17:00:00Z,2020-04-06T17:00:00Z,2020-04-02T16:00:00Z,120hour_target_crosses_boundary
selection_2_validation,2020-04-01T18:00:00Z,2020-04-06T18:00:00Z,2020-04-02T16:00:00Z,120hour_target_crosses_boundary
selection_2_validation,2020-04-01T19:00:00Z,2020-04-06T19:00:00Z,2020-04-02T16:00:00Z,120hour_target_crosses_boundary
selection_2_validation,2020-04-01T20:00:00Z,2020-04-06T20:00:00Z,2020-04-02T16:00:00Z,120hour_target_crosses_boundary
selection_2_validation,2020-04-01T21:00:00Z,2020-04-06T21:00:00Z,2020-04-02T16:00:00Z,120hour_target_crosses_boundary
selection_2_validation,2020-04-01T22:00:00Z,2020-04-06T22:00:00Z,2020-04-02T16:00:00Z,120hour_target_crosses_boundary
selection_2_validation,2020-04-01T23:00:00Z,2020-04-06T23:00:00Z,2020-04-02T16:00:00Z,120hour_target_crosses_boundary
selection_2_validation,2020-04-02T00:00:00Z,2020-04-07T00:00:00Z,2020-04-02T16:00:00Z,120hour_target_crosses_boundary
selection_2_validation,2020-04-02T01:00:00Z,2020-04-07T01:00:00Z,2020-04-02T16:00:00Z,120hour_target_crosses_boundary
selection_2_validation,2020-04-02T02:00:00Z,2020-04-07T02:00:00Z,2020-04-02T16:00:00Z,120hour_target_crosses_boundary
selection_2_validation,2020-04-02T03:00:00Z,2020-04-07T03:00:00Z,2020-04-02T16:00:00Z,120hour_target_crosses_boundary
selection_2_validation,2020-04-02T04:00:00Z,2020-04-07T04:00:00Z,2020-04-02T16:00:00Z,120hour_target_crosses_boundary
selection_2_validation,2020-04-02T05:00:00Z,2020-04-07T05:00:00Z,2020-04-02T16:00:00Z,120hour_target_crosses_boundary
selection_2_validation,2020-04-02T06:00:00Z,2020-04-07T06:00:00Z,2020-04-02T16:00:00Z,120hour_target_crosses_boundary
selection_2_validation,2020-04-02T07:00:00Z,2020-04-07T07:00:00Z,2020-04-02T16:00:00Z,120hour_target_crosses_boundary
selection_2_validation,2020-04-02T08:00:00Z,2020-04-07T08:00:00Z,2020-04-02T16:00:00Z,120hour_target_crosses_boundary
selection_2_validation,2020-04-02T09:00:00Z,2020-04-07T09:00:00Z,2020-04-02T16:00:00Z,120hour_target_crosses_boundary
selection_2_validation,2020-04-02T10:00:00Z,2020-04-07T10:00:00Z,2020-04-02T16:00:00Z,120hour_target_crosses_boundary
selection_2_validation,2020-04-02T11:00:00Z,2020-04-07T11:00:00Z,2020-04-02T16:00:00Z,120hour_target_crosses_boundary
selection_2_validation,2020-04-02T12:00:00Z,2020-04-07T12:00:00Z,2020-04-02T16:00:00Z,120hour_target_crosses_boundary
selection_2_validation,2020-04-02T13:00:00Z,2020-04-07T13:00:00Z,2020-04-02T16:00:00Z,120hour_target_crosses_boundary
selection_2_validation,2020-04-02T14:00:00Z,2020-04-07T14:00:00Z,2020-04-02T16:00:00Z,120hour_target_crosses_boundary
selection_2_validation,2020-04-02T15:00:00Z,2020-04-07T15:00:00Z,2020-04-02T16:00:00Z,120hour_target_crosses_boundary
selection_3_training,2020-03-28T17:00:00Z,2020-04-02T17:00:00Z,2020-04-02T16:00:00Z,120hour_target_crosses_boundary
selection_3_training,2020-03-28T18:00:00Z,2020-04-02T18:00:00Z,2020-04-02T16:00:00Z,120hour_target_crosses_boundary
selection_3_training,2020-03-28T19:00:00Z,2020-04-02T19:00:00Z,2020-04-02T16:00:00Z,120hour_target_crosses_boundary
selection_3_training,2020-03-28T20:00:00Z,2020-04-02T20:00:00Z,2020-04-02T16:00:00Z,120hour_target_crosses_boundary
selection_3_training,2020-03-28T21:00:00Z,2020-04-02T21:00:00Z,2020-04-02T16:00:00Z,120hour_target_crosses_boundary
selection_3_training,2020-03-28T22:00:00Z,2020-04-02T22:00:00Z,2020-04-02T16:00:00Z,120hour_target_crosses_boundary
selection_3_training,2020-03-28T23:00:00Z,2020-04-02T23:00:00Z,2020-04-02T16:00:00Z,120hour_target_crosses_boundary
selection_3_training,2020-03-29T00:00:00Z,2020-04-03T00:00:00Z,2020-04-02T16:00:00Z,120hour_target_crosses_boundary
selection_3_training,2020-03-29T01:00:00Z,2020-04-03T01:00:00Z,2020-04-02T16:00:00Z,120hour_target_crosses_boundary
selection_3_training,2020-03-29T02:00:00Z,2020-04-03T02:00:00Z,2020-04-02T16:00:00Z,120hour_target_crosses_boundary
selection_3_training,2020-03-29T03:00:00Z,2020-04-03T03:00:00Z,2020-04-02T16:00:00Z,120hour_target_crosses_boundary
selection_3_training,2020-03-29T04:00:00Z,2020-04-03T04:00:00Z,2020-04-02T16:00:00Z,120hour_target_crosses_boundary
selection_3_training,2020-03-29T05:00:00Z,2020-04-03T05:00:00Z,2020-04-02T16:00:00Z,120hour_target_crosses_boundary
selection_3_training,2020-03-29T06:00:00Z,2020-04-03T06:00:00Z,2020-04-02T16:00:00Z,120hour_target_crosses_boundary
selection_3_training,2020-03-29T07:00:00Z,2020-04-03T07:00:00Z,2020-04-02T16:00:00Z,120hour_target_crosses_boundary
selection_3_training,2020-03-29T08:00:00Z,2020-04-03T08:00:00Z,2020-04-02T16:00:00Z,120hour_target_crosses_boundary
selection_3_training,2020-03-29T09:00:00Z,2020-04-03T09:00:00Z,2020-04-02T16:00:00Z,120hour_target_crosses_boundary
selection_3_training,2020-03-29T10:00:00Z,2020-04-03T10:00:00Z,2020-04-02T16:00:00Z,120hour_target_crosses_boundary
selection_3_training,2020-03-29T11:00:00Z,2020-04-03T11:00:00Z,2020-04-02T16:00:00Z,120hour_target_crosses_boundary
selection_3_training,2020-03-29T12:00:00Z,2020-04-03T12:00:00Z,2020-04-02T16:00:00Z,120hour_target_crosses_boundary
selection_3_training,2020-03-29T13:00:00Z,2020-04-03T13:00:00Z,2020-04-02T16:00:00Z,120hour_target_crosses_boundary
selection_3_training,2020-03-29T14:00:00Z,2020-04-03T14:00:00Z,2020-04-02T16:00:00Z,120hour_target_crosses_boundary
selection_3_training,2020-03-29T15:00:00Z,2020-04-03T15:00:00Z,2020-04-02T16:00:00Z,120hour_target_crosses_boundary
selection_3_training,2020-03-29T16:00:00Z,2020-04-03T16:00:00Z,2020-04-02T16:00:00Z,120hour_target_crosses_boundary
selection_3_training,2020-03-29T17:00:00Z,2020-04-03T17:00:00Z,2020-04-02T16:00:00Z,120hour_target_crosses_boundary
selection_3_training,2020-03-29T18:00:00Z,2020-04-03T18:00:00Z,2020-04-02T16:00:00Z,120hour_target_crosses_boundary
selection_3_training,2020-03-29T19:00:00Z,2020-04-03T19:00:00Z,2020-04-02T16:00:00Z,120hour_target_crosses_boundary
selection_3_training,2020-03-29T20:00:00Z,2020-04-03T20:00:00Z,2020-04-02T16:00:00Z,120hour_target_crosses_boundary
selection_3_training,2020-03-29T21:00:00Z,2020-04-03T21:00:00Z,2020-04-02T16:00:00Z,120hour_target_crosses_boundary
selection_3_training,2020-03-29T22:00:00Z,2020-04-03T22:00:00Z,2020-04-02T16:00:00Z,120hour_target_crosses_boundary
selection_3_training,2020-03-29T23:00:00Z,2020-04-03T23:00:00Z,2020-04-02T16:00:00Z,120hour_target_crosses_boundary
selection_3_training,2020-03-30T00:00:00Z,2020-04-04T00:00:00Z,2020-04-02T16:00:00Z,120hour_target_crosses_boundary
selection_3_training,2020-03-30T01:00:00Z,2020-04-04T01:00:00Z,2020-04-02T16:00:00Z,120hour_target_crosses_boundary
selection_3_training,2020-03-30T02:00:00Z,2020-04-04T02:00:00Z,2020-04-02T16:00:00Z,120hour_target_crosses_boundary
selection_3_training,2020-03-30T03:00:00Z,2020-04-04T03:00:00Z,2020-04-02T16:00:00Z,120hour_target_crosses_boundary
selection_3_training,2020-03-30T04:00:00Z,2020-04-04T04:00:00Z,2020-04-02T16:00:00Z,120hour_target_crosses_boundary
selection_3_training,2020-03-30T05:00:00Z,2020-04-04T05:00:00Z,2020-04-02T16:00:00Z,120hour_target_crosses_boundary
selection_3_training,2020-03-30T06:00:00Z,2020-04-04T06:00:00Z,2020-04-02T16:00:00Z,120hour_target_crosses_boundary
selection_3_training,2020-03-30T07:00:00Z,2020-04-04T07:00:00Z,2020-04-02T16:00:00Z,120hour_target_crosses_boundary
selection_3_training,2020-03-30T08:00:00Z,2020-04-04T08:00:00Z,2020-04-02T16:00:00Z,120hour_target_crosses_boundary
selection_3_training,2020-03-30T09:00:00Z,2020-04-04T09:00:00Z,2020-04-02T16:00:00Z,120hour_target_crosses_boundary
selection_3_training,2020-03-30T10:00:00Z,2020-04-04T10:00:00Z,2020-04-02T16:00:00Z,120hour_target_crosses_boundary
selection_3_training,2020-03-30T11:00:00Z,2020-04-04T11:00:00Z,2020-04-02T16:00:00Z,120hour_target_crosses_boundary
selection_3_training,2020-03-30T12:00:00Z,2020-04-04T12:00:00Z,2020-04-02T16:00:00Z,120hour_target_crosses_boundary
selection_3_training,2020-03-30T13:00:00Z,2020-04-04T13:00:00Z,2020-04-02T16:00:00Z,120hour_target_crosses_boundary
selection_3_training,2020-03-30T14:00:00Z,2020-04-04T14:00:00Z,2020-04-02T16:00:00Z,120hour_target_crosses_boundary
selection_3_training,2020-03-30T15:00:00Z,2020-04-04T15:00:00Z,2020-04-02T16:00:00Z,120hour_target_crosses_boundary
selection_3_training,2020-03-30T16:00:00Z,2020-04-04T16:00:00Z,2020-04-02T16:00:00Z,120hour_target_crosses_boundary
selection_3_training,2020-03-30T17:00:00Z,2020-04-04T17:00:00Z,2020-04-02T16:00:00Z,120hour_target_crosses_boundary
selection_3_training,2020-03-30T18:00:00Z,2020-04-04T18:00:00Z,2020-04-02T16:00:00Z,120hour_target_crosses_boundary
selection_3_training,2020-03-30T19:00:00Z,2020-04-04T19:00:00Z,2020-04-02T16:00:00Z,120hour_target_crosses_boundary
selection_3_training,2020-03-30T20:00:00Z,2020-04-04T20:00:00Z,2020-04-02T16:00:00Z,120hour_target_crosses_boundary
selection_3_training,2020-03-30T21:00:00Z,2020-04-04T21:00:00Z,2020-04-02T16:00:00Z,120hour_target_crosses_boundary
selection_3_training,2020-03-30T22:00:00Z,2020-04-04T22:00:00Z,2020-04-02T16:00:00Z,120hour_target_crosses_boundary
selection_3_training,2020-03-30T23:00:00Z,2020-04-04T23:00:00Z,2020-04-02T16:00:00Z,120hour_target_crosses_boundary
selection_3_training,2020-03-31T00:00:00Z,2020-04-05T00:00:00Z,2020-04-02T16:00:00Z,120hour_target_crosses_boundary
selection_3_training,2020-03-31T01:00:00Z,2020-04-05T01:00:00Z,2020-04-02T16:00:00Z,120hour_target_crosses_boundary
selection_3_training,2020-03-31T02:00:00Z,2020-04-05T02:00:00Z,2020-04-02T16:00:00Z,120hour_target_crosses_boundary
selection_3_training,2020-03-31T03:00:00Z,2020-04-05T03:00:00Z,2020-04-02T16:00:00Z,120hour_target_crosses_boundary
selection_3_training,2020-03-31T04:00:00Z,2020-04-05T04:00:00Z,2020-04-02T16:00:00Z,120hour_target_crosses_boundary
selection_3_training,2020-03-31T05:00:00Z,2020-04-05T05:00:00Z,2020-04-02T16:00:00Z,120hour_target_crosses_boundary
selection_3_training,2020-03-31T06:00:00Z,2020-04-05T06:00:00Z,2020-04-02T16:00:00Z,120hour_target_crosses_boundary
selection_3_training,2020-03-31T07:00:00Z,2020-04-05T07:00:00Z,2020-04-02T16:00:00Z,120hour_target_crosses_boundary
selection_3_training,2020-03-31T08:00:00Z,2020-04-05T08:00:00Z,2020-04-02T16:00:00Z,120hour_target_crosses_boundary
selection_3_training,2020-03-31T09:00:00Z,2020-04-05T09:00:00Z,2020-04-02T16:00:00Z,120hour_target_crosses_boundary
selection_3_training,2020-03-31T10:00:00Z,2020-04-05T10:00:00Z,2020-04-02T16:00:00Z,120hour_target_crosses_boundary
selection_3_training,2020-03-31T11:00:00Z,2020-04-05T11:00:00Z,2020-04-02T16:00:00Z,120hour_target_crosses_boundary
selection_3_training,2020-03-31T12:00:00Z,2020-04-05T12:00:00Z,2020-04-02T16:00:00Z,120hour_target_crosses_boundary
selection_3_training,2020-03-31T13:00:00Z,2020-04-05T13:00:00Z,2020-04-02T16:00:00Z,120hour_target_crosses_boundary
selection_3_training,2020-03-31T14:00:00Z,2020-04-05T14:00:00Z,2020-04-02T16:00:00Z,120hour_target_crosses_boundary
selection_3_training,2020-03-31T15:00:00Z,2020-04-05T15:00:00Z,2020-04-02T16:00:00Z,120hour_target_crosses_boundary
selection_3_training,2020-03-31T16:00:00Z,2020-04-05T16:00:00Z,2020-04-02T16:00:00Z,120hour_target_crosses_boundary
selection_3_training,2020-03-31T17:00:00Z,2020-04-05T17:00:00Z,2020-04-02T16:00:00Z,120hour_target_crosses_boundary
selection_3_training,2020-03-31T18:00:00Z,2020-04-05T18:00:00Z,2020-04-02T16:00:00Z,120hour_target_crosses_boundary
selection_3_training,2020-03-31T19:00:00Z,2020-04-05T19:00:00Z,2020-04-02T16:00:00Z,120hour_target_crosses_boundary
selection_3_training,2020-03-31T20:00:00Z,2020-04-05T20:00:00Z,2020-04-02T16:00:00Z,120hour_target_crosses_boundary
selection_3_training,2020-03-31T21:00:00Z,2020-04-05T21:00:00Z,2020-04-02T16:00:00Z,120hour_target_crosses_boundary
selection_3_training,2020-03-31T22:00:00Z,2020-04-05T22:00:00Z,2020-04-02T16:00:00Z,120hour_target_crosses_boundary
selection_3_training,2020-03-31T23:00:00Z,2020-04-05T23:00:00Z,2020-04-02T16:00:00Z,120hour_target_crosses_boundary
selection_3_training,2020-04-01T00:00:00Z,2020-04-06T00:00:00Z,2020-04-02T16:00:00Z,120hour_target_crosses_boundary
selection_3_training,2020-04-01T01:00:00Z,2020-04-06T01:00:00Z,2020-04-02T16:00:00Z,120hour_target_crosses_boundary
selection_3_training,2020-04-01T02:00:00Z,2020-04-06T02:00:00Z,2020-04-02T16:00:00Z,120hour_target_crosses_boundary
selection_3_training,2020-04-01T03:00:00Z,2020-04-06T03:00:00Z,2020-04-02T16:00:00Z,120hour_target_crosses_boundary
selection_3_training,2020-04-01T04:00:00Z,2020-04-06T04:00:00Z,2020-04-02T16:00:00Z,120hour_target_crosses_boundary
selection_3_training,2020-04-01T05:00:00Z,2020-04-06T05:00:00Z,2020-04-02T16:00:00Z,120hour_target_crosses_boundary
selection_3_training,2020-04-01T06:00:00Z,2020-04-06T06:00:00Z,2020-04-02T16:00:00Z,120hour_target_crosses_boundary
selection_3_training,2020-04-01T07:00:00Z,2020-04-06T07:00:00Z,2020-04-02T16:00:00Z,120hour_target_crosses_boundary
selection_3_training,2020-04-01T08:00:00Z,2020-04-06T08:00:00Z,2020-04-02T16:00:00Z,120hour_target_crosses_boundary
selection_3_training,2020-04-01T09:00:00Z,2020-04-06T09:00:00Z,2020-04-02T16:00:00Z,120hour_target_crosses_boundary
selection_3_training,2020-04-01T10:00:00Z,2020-04-06T10:00:00Z,2020-04-02T16:00:00Z,120hour_target_crosses_boundary
selection_3_training,2020-04-01T11:00:00Z,2020-04-06T11:00:00Z,2020-04-02T16:00:00Z,120hour_target_crosses_boundary
selection_3_training,2020-04-01T12:00:00Z,2020-04-06T12:00:00Z,2020-04-02T16:00:00Z,120hour_target_crosses_boundary
selection_3_training,2020-04-01T13:00:00Z,2020-04-06T13:00:00Z,2020-04-02T16:00:00Z,120hour_target_crosses_boundary
selection_3_training,2020-04-01T14:00:00Z,2020-04-06T14:00:00Z,2020-04-02T16:00:00Z,120hour_target_crosses_boundary
selection_3_training,2020-04-01T15:00:00Z,2020-04-06T15:00:00Z,2020-04-02T16:00:00Z,120hour_target_crosses_boundary
selection_3_training,2020-04-01T16:00:00Z,2020-04-06T16:00:00Z,2020-04-02T16:00:00Z,120hour_target_crosses_boundary
selection_3_training,2020-04-01T17:00:00Z,2020-04-06T17:00:00Z,2020-04-02T16:00:00Z,120hour_target_crosses_boundary
selection_3_training,2020-04-01T18:00:00Z,2020-04-06T18:00:00Z,2020-04-02T16:00:00Z,120hour_target_crosses_boundary
selection_3_training,2020-04-01T19:00:00Z,2020-04-06T19:00:00Z,2020-04-02T16:00:00Z,120hour_target_crosses_boundary
selection_3_training,2020-04-01T20:00:00Z,2020-04-06T20:00:00Z,2020-04-02T16:00:00Z,120hour_target_crosses_boundary
selection_3_training,2020-04-01T21:00:00Z,2020-04-06T21:00:00Z,2020-04-02T16:00:00Z,120hour_target_crosses_boundary
selection_3_training,2020-04-01T22:00:00Z,2020-04-06T22:00:00Z,2020-04-02T16:00:00Z,120hour_target_crosses_boundary
selection_3_training,2020-04-01T23:00:00Z,2020-04-06T23:00:00Z,2020-04-02T16:00:00Z,120hour_target_crosses_boundary
selection_3_training,2020-04-02T00:00:00Z,2020-04-07T00:00:00Z,2020-04-02T16:00:00Z,120hour_target_crosses_boundary
selection_3_training,2020-04-02T01:00:00Z,2020-04-07T01:00:00Z,2020-04-02T16:00:00Z,120hour_target_crosses_boundary
selection_3_training,2020-04-02T02:00:00Z,2020-04-07T02:00:00Z,2020-04-02T16:00:00Z,120hour_target_crosses_boundary
selection_3_training,2020-04-02T03:00:00Z,2020-04-07T03:00:00Z,2020-04-02T16:00:00Z,120hour_target_crosses_boundary
selection_3_training,2020-04-02T04:00:00Z,2020-04-07T04:00:00Z,2020-04-02T16:00:00Z,120hour_target_crosses_boundary
selection_3_training,2020-04-02T05:00:00Z,2020-04-07T05:00:00Z,2020-04-02T16:00:00Z,120hour_target_crosses_boundary
selection_3_training,2020-04-02T06:00:00Z,2020-04-07T06:00:00Z,2020-04-02T16:00:00Z,120hour_target_crosses_boundary
selection_3_training,2020-04-02T07:00:00Z,2020-04-07T07:00:00Z,2020-04-02T16:00:00Z,120hour_target_crosses_boundary
selection_3_training,2020-04-02T08:00:00Z,2020-04-07T08:00:00Z,2020-04-02T16:00:00Z,120hour_target_crosses_boundary
selection_3_training,2020-04-02T09:00:00Z,2020-04-07T09:00:00Z,2020-04-02T16:00:00Z,120hour_target_crosses_boundary
selection_3_training,2020-04-02T10:00:00Z,2020-04-07T10:00:00Z,2020-04-02T16:00:00Z,120hour_target_crosses_boundary
selection_3_training,2020-04-02T11:00:00Z,2020-04-07T11:00:00Z,2020-04-02T16:00:00Z,120hour_target_crosses_boundary
selection_3_training,2020-04-02T12:00:00Z,2020-04-07T12:00:00Z,2020-04-02T16:00:00Z,120hour_target_crosses_boundary
selection_3_training,2020-04-02T13:00:00Z,2020-04-07T13:00:00Z,2020-04-02T16:00:00Z,120hour_target_crosses_boundary
selection_3_training,2020-04-02T14:00:00Z,2020-04-07T14:00:00Z,2020-04-02T16:00:00Z,120hour_target_crosses_boundary
selection_3_training,2020-04-02T15:00:00Z,2020-04-07T15:00:00Z,2020-04-02T16:00:00Z,120hour_target_crosses_boundary
selection_3_validation,2020-11-21T01:00:00Z,2020-11-26T01:00:00Z,2020-11-26T00:00:00Z,120hour_target_crosses_boundary
selection_3_validation,2020-11-21T02:00:00Z,2020-11-26T02:00:00Z,2020-11-26T00:00:00Z,120hour_target_crosses_boundary
selection_3_validation,2020-11-21T03:00:00Z,2020-11-26T03:00:00Z,2020-11-26T00:00:00Z,120hour_target_crosses_boundary
selection_3_validation,2020-11-21T04:00:00Z,2020-11-26T04:00:00Z,2020-11-26T00:00:00Z,120hour_target_crosses_boundary
selection_3_validation,2020-11-21T05:00:00Z,2020-11-26T05:00:00Z,2020-11-26T00:00:00Z,120hour_target_crosses_boundary
selection_3_validation,2020-11-21T06:00:00Z,2020-11-26T06:00:00Z,2020-11-26T00:00:00Z,120hour_target_crosses_boundary
selection_3_validation,2020-11-21T07:00:00Z,2020-11-26T07:00:00Z,2020-11-26T00:00:00Z,120hour_target_crosses_boundary
selection_3_validation,2020-11-21T08:00:00Z,2020-11-26T08:00:00Z,2020-11-26T00:00:00Z,120hour_target_crosses_boundary
selection_3_validation,2020-11-21T09:00:00Z,2020-11-26T09:00:00Z,2020-11-26T00:00:00Z,120hour_target_crosses_boundary
selection_3_validation,2020-11-21T10:00:00Z,2020-11-26T10:00:00Z,2020-11-26T00:00:00Z,120hour_target_crosses_boundary
selection_3_validation,2020-11-21T11:00:00Z,2020-11-26T11:00:00Z,2020-11-26T00:00:00Z,120hour_target_crosses_boundary
selection_3_validation,2020-11-21T12:00:00Z,2020-11-26T12:00:00Z,2020-11-26T00:00:00Z,120hour_target_crosses_boundary
selection_3_validation,2020-11-21T13:00:00Z,2020-11-26T13:00:00Z,2020-11-26T00:00:00Z,120hour_target_crosses_boundary
selection_3_validation,2020-11-21T14:00:00Z,2020-11-26T14:00:00Z,2020-11-26T00:00:00Z,120hour_target_crosses_boundary
selection_3_validation,2020-11-21T15:00:00Z,2020-11-26T15:00:00Z,2020-11-26T00:00:00Z,120hour_target_crosses_boundary
selection_3_validation,2020-11-21T16:00:00Z,2020-11-26T16:00:00Z,2020-11-26T00:00:00Z,120hour_target_crosses_boundary
selection_3_validation,2020-11-21T17:00:00Z,2020-11-26T17:00:00Z,2020-11-26T00:00:00Z,120hour_target_crosses_boundary
selection_3_validation,2020-11-21T18:00:00Z,2020-11-26T18:00:00Z,2020-11-26T00:00:00Z,120hour_target_crosses_boundary
selection_3_validation,2020-11-21T19:00:00Z,2020-11-26T19:00:00Z,2020-11-26T00:00:00Z,120hour_target_crosses_boundary
selection_3_validation,2020-11-21T20:00:00Z,2020-11-26T20:00:00Z,2020-11-26T00:00:00Z,120hour_target_crosses_boundary
selection_3_validation,2020-11-21T21:00:00Z,2020-11-26T21:00:00Z,2020-11-26T00:00:00Z,120hour_target_crosses_boundary
selection_3_validation,2020-11-21T22:00:00Z,2020-11-26T22:00:00Z,2020-11-26T00:00:00Z,120hour_target_crosses_boundary
selection_3_validation,2020-11-21T23:00:00Z,2020-11-26T23:00:00Z,2020-11-26T00:00:00Z,120hour_target_crosses_boundary
selection_3_validation,2020-11-22T00:00:00Z,2020-11-27T00:00:00Z,2020-11-26T00:00:00Z,120hour_target_crosses_boundary
selection_3_validation,2020-11-22T01:00:00Z,2020-11-27T01:00:00Z,2020-11-26T00:00:00Z,120hour_target_crosses_boundary
selection_3_validation,2020-11-22T02:00:00Z,2020-11-27T02:00:00Z,2020-11-26T00:00:00Z,120hour_target_crosses_boundary
selection_3_validation,2020-11-22T03:00:00Z,2020-11-27T03:00:00Z,2020-11-26T00:00:00Z,120hour_target_crosses_boundary
selection_3_validation,2020-11-22T04:00:00Z,2020-11-27T04:00:00Z,2020-11-26T00:00:00Z,120hour_target_crosses_boundary
selection_3_validation,2020-11-22T05:00:00Z,2020-11-27T05:00:00Z,2020-11-26T00:00:00Z,120hour_target_crosses_boundary
selection_3_validation,2020-11-22T06:00:00Z,2020-11-27T06:00:00Z,2020-11-26T00:00:00Z,120hour_target_crosses_boundary
selection_3_validation,2020-11-22T07:00:00Z,2020-11-27T07:00:00Z,2020-11-26T00:00:00Z,120hour_target_crosses_boundary
selection_3_validation,2020-11-22T08:00:00Z,2020-11-27T08:00:00Z,2020-11-26T00:00:00Z,120hour_target_crosses_boundary
selection_3_validation,2020-11-22T09:00:00Z,2020-11-27T09:00:00Z,2020-11-26T00:00:00Z,120hour_target_crosses_boundary
selection_3_validation,2020-11-22T10:00:00Z,2020-11-27T10:00:00Z,2020-11-26T00:00:00Z,120hour_target_crosses_boundary
selection_3_validation,2020-11-22T11:00:00Z,2020-11-27T11:00:00Z,2020-11-26T00:00:00Z,120hour_target_crosses_boundary
selection_3_validation,2020-11-22T12:00:00Z,2020-11-27T12:00:00Z,2020-11-26T00:00:00Z,120hour_target_crosses_boundary
selection_3_validation,2020-11-22T13:00:00Z,2020-11-27T13:00:00Z,2020-11-26T00:00:00Z,120hour_target_crosses_boundary
selection_3_validation,2020-11-22T14:00:00Z,2020-11-27T14:00:00Z,2020-11-26T00:00:00Z,120hour_target_crosses_boundary
selection_3_validation,2020-11-22T15:00:00Z,2020-11-27T15:00:00Z,2020-11-26T00:00:00Z,120hour_target_crosses_boundary
selection_3_validation,2020-11-22T16:00:00Z,2020-11-27T16:00:00Z,2020-11-26T00:00:00Z,120hour_target_crosses_boundary
selection_3_validation,2020-11-22T17:00:00Z,2020-11-27T17:00:00Z,2020-11-26T00:00:00Z,120hour_target_crosses_boundary
selection_3_validation,2020-11-22T18:00:00Z,2020-11-27T18:00:00Z,2020-11-26T00:00:00Z,120hour_target_crosses_boundary
selection_3_validation,2020-11-22T19:00:00Z,2020-11-27T19:00:00Z,2020-11-26T00:00:00Z,120hour_target_crosses_boundary
selection_3_validation,2020-11-22T20:00:00Z,2020-11-27T20:00:00Z,2020-11-26T00:00:00Z,120hour_target_crosses_boundary
selection_3_validation,2020-11-22T21:00:00Z,2020-11-27T21:00:00Z,2020-11-26T00:00:00Z,120hour_target_crosses_boundary
selection_3_validation,2020-11-22T22:00:00Z,2020-11-27T22:00:00Z,2020-11-26T00:00:00Z,120hour_target_crosses_boundary
selection_3_validation,2020-11-22T23:00:00Z,2020-11-27T23:00:00Z,2020-11-26T00:00:00Z,120hour_target_crosses_boundary
selection_3_validation,2020-11-23T00:00:00Z,2020-11-28T00:00:00Z,2020-11-26T00:00:00Z,120hour_target_crosses_boundary
selection_3_validation,2020-11-23T01:00:00Z,2020-11-28T01:00:00Z,2020-11-26T00:00:00Z,120hour_target_crosses_boundary
selection_3_validation,2020-11-23T02:00:00Z,2020-11-28T02:00:00Z,2020-11-26T00:00:00Z,120hour_target_crosses_boundary
selection_3_validation,2020-11-23T03:00:00Z,2020-11-28T03:00:00Z,2020-11-26T00:00:00Z,120hour_target_crosses_boundary
selection_3_validation,2020-11-23T04:00:00Z,2020-11-28T04:00:00Z,2020-11-26T00:00:00Z,120hour_target_crosses_boundary
selection_3_validation,2020-11-23T05:00:00Z,2020-11-28T05:00:00Z,2020-11-26T00:00:00Z,120hour_target_crosses_boundary
selection_3_validation,2020-11-23T06:00:00Z,2020-11-28T06:00:00Z,2020-11-26T00:00:00Z,120hour_target_crosses_boundary
selection_3_validation,2020-11-23T07:00:00Z,2020-11-28T07:00:00Z,2020-11-26T00:00:00Z,120hour_target_crosses_boundary
selection_3_validation,2020-11-23T08:00:00Z,2020-11-28T08:00:00Z,2020-11-26T00:00:00Z,120hour_target_crosses_boundary
selection_3_validation,2020-11-23T09:00:00Z,2020-11-28T09:00:00Z,2020-11-26T00:00:00Z,120hour_target_crosses_boundary
selection_3_validation,2020-11-23T10:00:00Z,2020-11-28T10:00:00Z,2020-11-26T00:00:00Z,120hour_target_crosses_boundary
selection_3_validation,2020-11-23T11:00:00Z,2020-11-28T11:00:00Z,2020-11-26T00:00:00Z,120hour_target_crosses_boundary
selection_3_validation,2020-11-23T12:00:00Z,2020-11-28T12:00:00Z,2020-11-26T00:00:00Z,120hour_target_crosses_boundary
selection_3_validation,2020-11-23T13:00:00Z,2020-11-28T13:00:00Z,2020-11-26T00:00:00Z,120hour_target_crosses_boundary
selection_3_validation,2020-11-23T14:00:00Z,2020-11-28T14:00:00Z,2020-11-26T00:00:00Z,120hour_target_crosses_boundary
selection_3_validation,2020-11-23T15:00:00Z,2020-11-28T15:00:00Z,2020-11-26T00:00:00Z,120hour_target_crosses_boundary
selection_3_validation,2020-11-23T16:00:00Z,2020-11-28T16:00:00Z,2020-11-26T00:00:00Z,120hour_target_crosses_boundary
selection_3_validation,2020-11-23T17:00:00Z,2020-11-28T17:00:00Z,2020-11-26T00:00:00Z,120hour_target_crosses_boundary
selection_3_validation,2020-11-23T18:00:00Z,2020-11-28T18:00:00Z,2020-11-26T00:00:00Z,120hour_target_crosses_boundary
selection_3_validation,2020-11-23T19:00:00Z,2020-11-28T19:00:00Z,2020-11-26T00:00:00Z,120hour_target_crosses_boundary
selection_3_validation,2020-11-23T20:00:00Z,2020-11-28T20:00:00Z,2020-11-26T00:00:00Z,120hour_target_crosses_boundary
selection_3_validation,2020-11-23T21:00:00Z,2020-11-28T21:00:00Z,2020-11-26T00:00:00Z,120hour_target_crosses_boundary
selection_3_validation,2020-11-23T22:00:00Z,2020-11-28T22:00:00Z,2020-11-26T00:00:00Z,120hour_target_crosses_boundary
selection_3_validation,2020-11-23T23:00:00Z,2020-11-28T23:00:00Z,2020-11-26T00:00:00Z,120hour_target_crosses_boundary
selection_3_validation,2020-11-24T00:00:00Z,2020-11-29T00:00:00Z,2020-11-26T00:00:00Z,120hour_target_crosses_boundary
selection_3_validation,2020-11-24T01:00:00Z,2020-11-29T01:00:00Z,2020-11-26T00:00:00Z,120hour_target_crosses_boundary
selection_3_validation,2020-11-24T02:00:00Z,2020-11-29T02:00:00Z,2020-11-26T00:00:00Z,120hour_target_crosses_boundary
selection_3_validation,2020-11-24T03:00:00Z,2020-11-29T03:00:00Z,2020-11-26T00:00:00Z,120hour_target_crosses_boundary
selection_3_validation,2020-11-24T04:00:00Z,2020-11-29T04:00:00Z,2020-11-26T00:00:00Z,120hour_target_crosses_boundary
selection_3_validation,2020-11-24T05:00:00Z,2020-11-29T05:00:00Z,2020-11-26T00:00:00Z,120hour_target_crosses_boundary
selection_3_validation,2020-11-24T06:00:00Z,2020-11-29T06:00:00Z,2020-11-26T00:00:00Z,120hour_target_crosses_boundary
selection_3_validation,2020-11-24T07:00:00Z,2020-11-29T07:00:00Z,2020-11-26T00:00:00Z,120hour_target_crosses_boundary
selection_3_validation,2020-11-24T08:00:00Z,2020-11-29T08:00:00Z,2020-11-26T00:00:00Z,120hour_target_crosses_boundary
selection_3_validation,2020-11-24T09:00:00Z,2020-11-29T09:00:00Z,2020-11-26T00:00:00Z,120hour_target_crosses_boundary
selection_3_validation,2020-11-24T10:00:00Z,2020-11-29T10:00:00Z,2020-11-26T00:00:00Z,120hour_target_crosses_boundary
selection_3_validation,2020-11-24T11:00:00Z,2020-11-29T11:00:00Z,2020-11-26T00:00:00Z,120hour_target_crosses_boundary
selection_3_validation,2020-11-24T12:00:00Z,2020-11-29T12:00:00Z,2020-11-26T00:00:00Z,120hour_target_crosses_boundary
selection_3_validation,2020-11-24T13:00:00Z,2020-11-29T13:00:00Z,2020-11-26T00:00:00Z,120hour_target_crosses_boundary
selection_3_validation,2020-11-24T14:00:00Z,2020-11-29T14:00:00Z,2020-11-26T00:00:00Z,120hour_target_crosses_boundary
selection_3_validation,2020-11-24T15:00:00Z,2020-11-29T15:00:00Z,2020-11-26T00:00:00Z,120hour_target_crosses_boundary
selection_3_validation,2020-11-24T16:00:00Z,2020-11-29T16:00:00Z,2020-11-26T00:00:00Z,120hour_target_crosses_boundary
selection_3_validation,2020-11-24T17:00:00Z,2020-11-29T17:00:00Z,2020-11-26T00:00:00Z,120hour_target_crosses_boundary
selection_3_validation,2020-11-24T18:00:00Z,2020-11-29T18:00:00Z,2020-11-26T00:00:00Z,120hour_target_crosses_boundary
selection_3_validation,2020-11-24T19:00:00Z,2020-11-29T19:00:00Z,2020-11-26T00:00:00Z,120hour_target_crosses_boundary
selection_3_validation,2020-11-24T20:00:00Z,2020-11-29T20:00:00Z,2020-11-26T00:00:00Z,120hour_target_crosses_boundary
selection_3_validation,2020-11-24T21:00:00Z,2020-11-29T21:00:00Z,2020-11-26T00:00:00Z,120hour_target_crosses_boundary
selection_3_validation,2020-11-24T22:00:00Z,2020-11-29T22:00:00Z,2020-11-26T00:00:00Z,120hour_target_crosses_boundary
selection_3_validation,2020-11-24T23:00:00Z,2020-11-29T23:00:00Z,2020-11-26T00:00:00Z,120hour_target_crosses_boundary
selection_3_validation,2020-11-25T00:00:00Z,2020-11-30T00:00:00Z,2020-11-26T00:00:00Z,120hour_target_crosses_boundary
selection_3_validation,2020-11-25T01:00:00Z,2020-11-30T01:00:00Z,2020-11-26T00:00:00Z,120hour_target_crosses_boundary
selection_3_validation,2020-11-25T02:00:00Z,2020-11-30T02:00:00Z,2020-11-26T00:00:00Z,120hour_target_crosses_boundary
selection_3_validation,2020-11-25T03:00:00Z,2020-11-30T03:00:00Z,2020-11-26T00:00:00Z,120hour_target_crosses_boundary
selection_3_validation,2020-11-25T04:00:00Z,2020-11-30T04:00:00Z,2020-11-26T00:00:00Z,120hour_target_crosses_boundary
selection_3_validation,2020-11-25T05:00:00Z,2020-11-30T05:00:00Z,2020-11-26T00:00:00Z,120hour_target_crosses_boundary
selection_3_validation,2020-11-25T06:00:00Z,2020-11-30T06:00:00Z,2020-11-26T00:00:00Z,120hour_target_crosses_boundary
selection_3_validation,2020-11-25T07:00:00Z,2020-11-30T07:00:00Z,2020-11-26T00:00:00Z,120hour_target_crosses_boundary
selection_3_validation,2020-11-25T08:00:00Z,2020-11-30T08:00:00Z,2020-11-26T00:00:00Z,120hour_target_crosses_boundary
selection_3_validation,2020-11-25T09:00:00Z,2020-11-30T09:00:00Z,2020-11-26T00:00:00Z,120hour_target_crosses_boundary
selection_3_validation,2020-11-25T10:00:00Z,2020-11-30T10:00:00Z,2020-11-26T00:00:00Z,120hour_target_crosses_boundary
selection_3_validation,2020-11-25T11:00:00Z,2020-11-30T11:00:00Z,2020-11-26T00:00:00Z,120hour_target_crosses_boundary
selection_3_validation,2020-11-25T12:00:00Z,2020-11-30T12:00:00Z,2020-11-26T00:00:00Z,120hour_target_crosses_boundary
selection_3_validation,2020-11-25T13:00:00Z,2020-11-30T13:00:00Z,2020-11-26T00:00:00Z,120hour_target_crosses_boundary
selection_3_validation,2020-11-25T14:00:00Z,2020-11-30T14:00:00Z,2020-11-26T00:00:00Z,120hour_target_crosses_boundary
selection_3_validation,2020-11-25T15:00:00Z,2020-11-30T15:00:00Z,2020-11-26T00:00:00Z,120hour_target_crosses_boundary
selection_3_validation,2020-11-25T16:00:00Z,2020-11-30T16:00:00Z,2020-11-26T00:00:00Z,120hour_target_crosses_boundary
selection_3_validation,2020-11-25T17:00:00Z,2020-11-30T17:00:00Z,2020-11-26T00:00:00Z,120hour_target_crosses_boundary
selection_3_validation,2020-11-25T18:00:00Z,2020-11-30T18:00:00Z,2020-11-26T00:00:00Z,120hour_target_crosses_boundary
selection_3_validation,2020-11-25T19:00:00Z,2020-11-30T19:00:00Z,2020-11-26T00:00:00Z,120hour_target_crosses_boundary
selection_3_validation,2020-11-25T20:00:00Z,2020-11-30T20:00:00Z,2020-11-26T00:00:00Z,120hour_target_crosses_boundary
selection_3_validation,2020-11-25T21:00:00Z,2020-11-30T21:00:00Z,2020-11-26T00:00:00Z,120hour_target_crosses_boundary
selection_3_validation,2020-11-25T22:00:00Z,2020-11-30T22:00:00Z,2020-11-26T00:00:00Z,120hour_target_crosses_boundary
selection_3_validation,2020-11-25T23:00:00Z,2020-11-30T23:00:00Z,2020-11-26T00:00:00Z,120hour_target_crosses_boundary
outer_or_final_1_training,2020-11-21T01:00:00Z,2020-11-26T01:00:00Z,2020-11-26T00:00:00Z,120hour_target_crosses_boundary
outer_or_final_1_training,2020-11-21T02:00:00Z,2020-11-26T02:00:00Z,2020-11-26T00:00:00Z,120hour_target_crosses_boundary
outer_or_final_1_training,2020-11-21T03:00:00Z,2020-11-26T03:00:00Z,2020-11-26T00:00:00Z,120hour_target_crosses_boundary
outer_or_final_1_training,2020-11-21T04:00:00Z,2020-11-26T04:00:00Z,2020-11-26T00:00:00Z,120hour_target_crosses_boundary
outer_or_final_1_training,2020-11-21T05:00:00Z,2020-11-26T05:00:00Z,2020-11-26T00:00:00Z,120hour_target_crosses_boundary
outer_or_final_1_training,2020-11-21T06:00:00Z,2020-11-26T06:00:00Z,2020-11-26T00:00:00Z,120hour_target_crosses_boundary
outer_or_final_1_training,2020-11-21T07:00:00Z,2020-11-26T07:00:00Z,2020-11-26T00:00:00Z,120hour_target_crosses_boundary
outer_or_final_1_training,2020-11-21T08:00:00Z,2020-11-26T08:00:00Z,2020-11-26T00:00:00Z,120hour_target_crosses_boundary
outer_or_final_1_training,2020-11-21T09:00:00Z,2020-11-26T09:00:00Z,2020-11-26T00:00:00Z,120hour_target_crosses_boundary
outer_or_final_1_training,2020-11-21T10:00:00Z,2020-11-26T10:00:00Z,2020-11-26T00:00:00Z,120hour_target_crosses_boundary
outer_or_final_1_training,2020-11-21T11:00:00Z,2020-11-26T11:00:00Z,2020-11-26T00:00:00Z,120hour_target_crosses_boundary
outer_or_final_1_training,2020-11-21T12:00:00Z,2020-11-26T12:00:00Z,2020-11-26T00:00:00Z,120hour_target_crosses_boundary
outer_or_final_1_training,2020-11-21T13:00:00Z,2020-11-26T13:00:00Z,2020-11-26T00:00:00Z,120hour_target_crosses_boundary
outer_or_final_1_training,2020-11-21T14:00:00Z,2020-11-26T14:00:00Z,2020-11-26T00:00:00Z,120hour_target_crosses_boundary
outer_or_final_1_training,2020-11-21T15:00:00Z,2020-11-26T15:00:00Z,2020-11-26T00:00:00Z,120hour_target_crosses_boundary
outer_or_final_1_training,2020-11-21T16:00:00Z,2020-11-26T16:00:00Z,2020-11-26T00:00:00Z,120hour_target_crosses_boundary
outer_or_final_1_training,2020-11-21T17:00:00Z,2020-11-26T17:00:00Z,2020-11-26T00:00:00Z,120hour_target_crosses_boundary
outer_or_final_1_training,2020-11-21T18:00:00Z,2020-11-26T18:00:00Z,2020-11-26T00:00:00Z,120hour_target_crosses_boundary
outer_or_final_1_training,2020-11-21T19:00:00Z,2020-11-26T19:00:00Z,2020-11-26T00:00:00Z,120hour_target_crosses_boundary
outer_or_final_1_training,2020-11-21T20:00:00Z,2020-11-26T20:00:00Z,2020-11-26T00:00:00Z,120hour_target_crosses_boundary
outer_or_final_1_training,2020-11-21T21:00:00Z,2020-11-26T21:00:00Z,2020-11-26T00:00:00Z,120hour_target_crosses_boundary
outer_or_final_1_training,2020-11-21T22:00:00Z,2020-11-26T22:00:00Z,2020-11-26T00:00:00Z,120hour_target_crosses_boundary
outer_or_final_1_training,2020-11-21T23:00:00Z,2020-11-26T23:00:00Z,2020-11-26T00:00:00Z,120hour_target_crosses_boundary
outer_or_final_1_training,2020-11-22T00:00:00Z,2020-11-27T00:00:00Z,2020-11-26T00:00:00Z,120hour_target_crosses_boundary
outer_or_final_1_training,2020-11-22T01:00:00Z,2020-11-27T01:00:00Z,2020-11-26T00:00:00Z,120hour_target_crosses_boundary
outer_or_final_1_training,2020-11-22T02:00:00Z,2020-11-27T02:00:00Z,2020-11-26T00:00:00Z,120hour_target_crosses_boundary
outer_or_final_1_training,2020-11-22T03:00:00Z,2020-11-27T03:00:00Z,2020-11-26T00:00:00Z,120hour_target_crosses_boundary
outer_or_final_1_training,2020-11-22T04:00:00Z,2020-11-27T04:00:00Z,2020-11-26T00:00:00Z,120hour_target_crosses_boundary
outer_or_final_1_training,2020-11-22T05:00:00Z,2020-11-27T05:00:00Z,2020-11-26T00:00:00Z,120hour_target_crosses_boundary
outer_or_final_1_training,2020-11-22T06:00:00Z,2020-11-27T06:00:00Z,2020-11-26T00:00:00Z,120hour_target_crosses_boundary
outer_or_final_1_training,2020-11-22T07:00:00Z,2020-11-27T07:00:00Z,2020-11-26T00:00:00Z,120hour_target_crosses_boundary
outer_or_final_1_training,2020-11-22T08:00:00Z,2020-11-27T08:00:00Z,2020-11-26T00:00:00Z,120hour_target_crosses_boundary
outer_or_final_1_training,2020-11-22T09:00:00Z,2020-11-27T09:00:00Z,2020-11-26T00:00:00Z,120hour_target_crosses_boundary
outer_or_final_1_training,2020-11-22T10:00:00Z,2020-11-27T10:00:00Z,2020-11-26T00:00:00Z,120hour_target_crosses_boundary
outer_or_final_1_training,2020-11-22T11:00:00Z,2020-11-27T11:00:00Z,2020-11-26T00:00:00Z,120hour_target_crosses_boundary
outer_or_final_1_training,2020-11-22T12:00:00Z,2020-11-27T12:00:00Z,2020-11-26T00:00:00Z,120hour_target_crosses_boundary
outer_or_final_1_training,2020-11-22T13:00:00Z,2020-11-27T13:00:00Z,2020-11-26T00:00:00Z,120hour_target_crosses_boundary
outer_or_final_1_training,2020-11-22T14:00:00Z,2020-11-27T14:00:00Z,2020-11-26T00:00:00Z,120hour_target_crosses_boundary
outer_or_final_1_training,2020-11-22T15:00:00Z,2020-11-27T15:00:00Z,2020-11-26T00:00:00Z,120hour_target_crosses_boundary
outer_or_final_1_training,2020-11-22T16:00:00Z,2020-11-27T16:00:00Z,2020-11-26T00:00:00Z,120hour_target_crosses_boundary
outer_or_final_1_training,2020-11-22T17:00:00Z,2020-11-27T17:00:00Z,2020-11-26T00:00:00Z,120hour_target_crosses_boundary
outer_or_final_1_training,2020-11-22T18:00:00Z,2020-11-27T18:00:00Z,2020-11-26T00:00:00Z,120hour_target_crosses_boundary
outer_or_final_1_training,2020-11-22T19:00:00Z,2020-11-27T19:00:00Z,2020-11-26T00:00:00Z,120hour_target_crosses_boundary
outer_or_final_1_training,2020-11-22T20:00:00Z,2020-11-27T20:00:00Z,2020-11-26T00:00:00Z,120hour_target_crosses_boundary
outer_or_final_1_training,2020-11-22T21:00:00Z,2020-11-27T21:00:00Z,2020-11-26T00:00:00Z,120hour_target_crosses_boundary
outer_or_final_1_training,2020-11-22T22:00:00Z,2020-11-27T22:00:00Z,2020-11-26T00:00:00Z,120hour_target_crosses_boundary
outer_or_final_1_training,2020-11-22T23:00:00Z,2020-11-27T23:00:00Z,2020-11-26T00:00:00Z,120hour_target_crosses_boundary
outer_or_final_1_training,2020-11-23T00:00:00Z,2020-11-28T00:00:00Z,2020-11-26T00:00:00Z,120hour_target_crosses_boundary
outer_or_final_1_training,2020-11-23T01:00:00Z,2020-11-28T01:00:00Z,2020-11-26T00:00:00Z,120hour_target_crosses_boundary
outer_or_final_1_training,2020-11-23T02:00:00Z,2020-11-28T02:00:00Z,2020-11-26T00:00:00Z,120hour_target_crosses_boundary
outer_or_final_1_training,2020-11-23T03:00:00Z,2020-11-28T03:00:00Z,2020-11-26T00:00:00Z,120hour_target_crosses_boundary
outer_or_final_1_training,2020-11-23T04:00:00Z,2020-11-28T04:00:00Z,2020-11-26T00:00:00Z,120hour_target_crosses_boundary
outer_or_final_1_training,2020-11-23T05:00:00Z,2020-11-28T05:00:00Z,2020-11-26T00:00:00Z,120hour_target_crosses_boundary
outer_or_final_1_training,2020-11-23T06:00:00Z,2020-11-28T06:00:00Z,2020-11-26T00:00:00Z,120hour_target_crosses_boundary
outer_or_final_1_training,2020-11-23T07:00:00Z,2020-11-28T07:00:00Z,2020-11-26T00:00:00Z,120hour_target_crosses_boundary
outer_or_final_1_training,2020-11-23T08:00:00Z,2020-11-28T08:00:00Z,2020-11-26T00:00:00Z,120hour_target_crosses_boundary
outer_or_final_1_training,2020-11-23T09:00:00Z,2020-11-28T09:00:00Z,2020-11-26T00:00:00Z,120hour_target_crosses_boundary
outer_or_final_1_training,2020-11-23T10:00:00Z,2020-11-28T10:00:00Z,2020-11-26T00:00:00Z,120hour_target_crosses_boundary
outer_or_final_1_training,2020-11-23T11:00:00Z,2020-11-28T11:00:00Z,2020-11-26T00:00:00Z,120hour_target_crosses_boundary
outer_or_final_1_training,2020-11-23T12:00:00Z,2020-11-28T12:00:00Z,2020-11-26T00:00:00Z,120hour_target_crosses_boundary
outer_or_final_1_training,2020-11-23T13:00:00Z,2020-11-28T13:00:00Z,2020-11-26T00:00:00Z,120hour_target_crosses_boundary
outer_or_final_1_training,2020-11-23T14:00:00Z,2020-11-28T14:00:00Z,2020-11-26T00:00:00Z,120hour_target_crosses_boundary
outer_or_final_1_training,2020-11-23T15:00:00Z,2020-11-28T15:00:00Z,2020-11-26T00:00:00Z,120hour_target_crosses_boundary
outer_or_final_1_training,2020-11-23T16:00:00Z,2020-11-28T16:00:00Z,2020-11-26T00:00:00Z,120hour_target_crosses_boundary
outer_or_final_1_training,2020-11-23T17:00:00Z,2020-11-28T17:00:00Z,2020-11-26T00:00:00Z,120hour_target_crosses_boundary
outer_or_final_1_training,2020-11-23T18:00:00Z,2020-11-28T18:00:00Z,2020-11-26T00:00:00Z,120hour_target_crosses_boundary
outer_or_final_1_training,2020-11-23T19:00:00Z,2020-11-28T19:00:00Z,2020-11-26T00:00:00Z,120hour_target_crosses_boundary
outer_or_final_1_training,2020-11-23T20:00:00Z,2020-11-28T20:00:00Z,2020-11-26T00:00:00Z,120hour_target_crosses_boundary
outer_or_final_1_training,2020-11-23T21:00:00Z,2020-11-28T21:00:00Z,2020-11-26T00:00:00Z,120hour_target_crosses_boundary
outer_or_final_1_training,2020-11-23T22:00:00Z,2020-11-28T22:00:00Z,2020-11-26T00:00:00Z,120hour_target_crosses_boundary
outer_or_final_1_training,2020-11-23T23:00:00Z,2020-11-28T23:00:00Z,2020-11-26T00:00:00Z,120hour_target_crosses_boundary
outer_or_final_1_training,2020-11-24T00:00:00Z,2020-11-29T00:00:00Z,2020-11-26T00:00:00Z,120hour_target_crosses_boundary
outer_or_final_1_training,2020-11-24T01:00:00Z,2020-11-29T01:00:00Z,2020-11-26T00:00:00Z,120hour_target_crosses_boundary
outer_or_final_1_training,2020-11-24T02:00:00Z,2020-11-29T02:00:00Z,2020-11-26T00:00:00Z,120hour_target_crosses_boundary
outer_or_final_1_training,2020-11-24T03:00:00Z,2020-11-29T03:00:00Z,2020-11-26T00:00:00Z,120hour_target_crosses_boundary
outer_or_final_1_training,2020-11-24T04:00:00Z,2020-11-29T04:00:00Z,2020-11-26T00:00:00Z,120hour_target_crosses_boundary
outer_or_final_1_training,2020-11-24T05:00:00Z,2020-11-29T05:00:00Z,2020-11-26T00:00:00Z,120hour_target_crosses_boundary
outer_or_final_1_training,2020-11-24T06:00:00Z,2020-11-29T06:00:00Z,2020-11-26T00:00:00Z,120hour_target_crosses_boundary
outer_or_final_1_training,2020-11-24T07:00:00Z,2020-11-29T07:00:00Z,2020-11-26T00:00:00Z,120hour_target_crosses_boundary
outer_or_final_1_training,2020-11-24T08:00:00Z,2020-11-29T08:00:00Z,2020-11-26T00:00:00Z,120hour_target_crosses_boundary
outer_or_final_1_training,2020-11-24T09:00:00Z,2020-11-29T09:00:00Z,2020-11-26T00:00:00Z,120hour_target_crosses_boundary
outer_or_final_1_training,2020-11-24T10:00:00Z,2020-11-29T10:00:00Z,2020-11-26T00:00:00Z,120hour_target_crosses_boundary
outer_or_final_1_training,2020-11-24T11:00:00Z,2020-11-29T11:00:00Z,2020-11-26T00:00:00Z,120hour_target_crosses_boundary
outer_or_final_1_training,2020-11-24T12:00:00Z,2020-11-29T12:00:00Z,2020-11-26T00:00:00Z,120hour_target_crosses_boundary
outer_or_final_1_training,2020-11-24T13:00:00Z,2020-11-29T13:00:00Z,2020-11-26T00:00:00Z,120hour_target_crosses_boundary
outer_or_final_1_training,2020-11-24T14:00:00Z,2020-11-29T14:00:00Z,2020-11-26T00:00:00Z,120hour_target_crosses_boundary
outer_or_final_1_training,2020-11-24T15:00:00Z,2020-11-29T15:00:00Z,2020-11-26T00:00:00Z,120hour_target_crosses_boundary
outer_or_final_1_training,2020-11-24T16:00:00Z,2020-11-29T16:00:00Z,2020-11-26T00:00:00Z,120hour_target_crosses_boundary
outer_or_final_1_training,2020-11-24T17:00:00Z,2020-11-29T17:00:00Z,2020-11-26T00:00:00Z,120hour_target_crosses_boundary
outer_or_final_1_training,2020-11-24T18:00:00Z,2020-11-29T18:00:00Z,2020-11-26T00:00:00Z,120hour_target_crosses_boundary
outer_or_final_1_training,2020-11-24T19:00:00Z,2020-11-29T19:00:00Z,2020-11-26T00:00:00Z,120hour_target_crosses_boundary
outer_or_final_1_training,2020-11-24T20:00:00Z,2020-11-29T20:00:00Z,2020-11-26T00:00:00Z,120hour_target_crosses_boundary
outer_or_final_1_training,2020-11-24T21:00:00Z,2020-11-29T21:00:00Z,2020-11-26T00:00:00Z,120hour_target_crosses_boundary
outer_or_final_1_training,2020-11-24T22:00:00Z,2020-11-29T22:00:00Z,2020-11-26T00:00:00Z,120hour_target_crosses_boundary
outer_or_final_1_training,2020-11-24T23:00:00Z,2020-11-29T23:00:00Z,2020-11-26T00:00:00Z,120hour_target_crosses_boundary
outer_or_final_1_training,2020-11-25T00:00:00Z,2020-11-30T00:00:00Z,2020-11-26T00:00:00Z,120hour_target_crosses_boundary
outer_or_final_1_training,2020-11-25T01:00:00Z,2020-11-30T01:00:00Z,2020-11-26T00:00:00Z,120hour_target_crosses_boundary
outer_or_final_1_training,2020-11-25T02:00:00Z,2020-11-30T02:00:00Z,2020-11-26T00:00:00Z,120hour_target_crosses_boundary
outer_or_final_1_training,2020-11-25T03:00:00Z,2020-11-30T03:00:00Z,2020-11-26T00:00:00Z,120hour_target_crosses_boundary
outer_or_final_1_training,2020-11-25T04:00:00Z,2020-11-30T04:00:00Z,2020-11-26T00:00:00Z,120hour_target_crosses_boundary
outer_or_final_1_training,2020-11-25T05:00:00Z,2020-11-30T05:00:00Z,2020-11-26T00:00:00Z,120hour_target_crosses_boundary
outer_or_final_1_training,2020-11-25T06:00:00Z,2020-11-30T06:00:00Z,2020-11-26T00:00:00Z,120hour_target_crosses_boundary
outer_or_final_1_training,2020-11-25T07:00:00Z,2020-11-30T07:00:00Z,2020-11-26T00:00:00Z,120hour_target_crosses_boundary
outer_or_final_1_training,2020-11-25T08:00:00Z,2020-11-30T08:00:00Z,2020-11-26T00:00:00Z,120hour_target_crosses_boundary
outer_or_final_1_training,2020-11-25T09:00:00Z,2020-11-30T09:00:00Z,2020-11-26T00:00:00Z,120hour_target_crosses_boundary
outer_or_final_1_training,2020-11-25T10:00:00Z,2020-11-30T10:00:00Z,2020-11-26T00:00:00Z,120hour_target_crosses_boundary
outer_or_final_1_training,2020-11-25T11:00:00Z,2020-11-30T11:00:00Z,2020-11-26T00:00:00Z,120hour_target_crosses_boundary
outer_or_final_1_training,2020-11-25T12:00:00Z,2020-11-30T12:00:00Z,2020-11-26T00:00:00Z,120hour_target_crosses_boundary
outer_or_final_1_training,2020-11-25T13:00:00Z,2020-11-30T13:00:00Z,2020-11-26T00:00:00Z,120hour_target_crosses_boundary
outer_or_final_1_training,2020-11-25T14:00:00Z,2020-11-30T14:00:00Z,2020-11-26T00:00:00Z,120hour_target_crosses_boundary
outer_or_final_1_training,2020-11-25T15:00:00Z,2020-11-30T15:00:00Z,2020-11-26T00:00:00Z,120hour_target_crosses_boundary
outer_or_final_1_training,2020-11-25T16:00:00Z,2020-11-30T16:00:00Z,2020-11-26T00:00:00Z,120hour_target_crosses_boundary
outer_or_final_1_training,2020-11-25T17:00:00Z,2020-11-30T17:00:00Z,2020-11-26T00:00:00Z,120hour_target_crosses_boundary
outer_or_final_1_training,2020-11-25T18:00:00Z,2020-11-30T18:00:00Z,2020-11-26T00:00:00Z,120hour_target_crosses_boundary
outer_or_final_1_training,2020-11-25T19:00:00Z,2020-11-30T19:00:00Z,2020-11-26T00:00:00Z,120hour_target_crosses_boundary
outer_or_final_1_training,2020-11-25T20:00:00Z,2020-11-30T20:00:00Z,2020-11-26T00:00:00Z,120hour_target_crosses_boundary
outer_or_final_1_training,2020-11-25T21:00:00Z,2020-11-30T21:00:00Z,2020-11-26T00:00:00Z,120hour_target_crosses_boundary
outer_or_final_1_training,2020-11-25T22:00:00Z,2020-11-30T22:00:00Z,2020-11-26T00:00:00Z,120hour_target_crosses_boundary
outer_or_final_1_training,2020-11-25T23:00:00Z,2020-11-30T23:00:00Z,2020-11-26T00:00:00Z,120hour_target_crosses_boundary
outer_or_final_1_inner_1_training,2018-12-10T01:00:00Z,2018-12-15T01:00:00Z,2018-12-15T00:00:00Z,120hour_target_crosses_boundary
outer_or_final_1_inner_1_training,2018-12-10T02:00:00Z,2018-12-15T02:00:00Z,2018-12-15T00:00:00Z,120hour_target_crosses_boundary
outer_or_final_1_inner_1_training,2018-12-10T03:00:00Z,2018-12-15T03:00:00Z,2018-12-15T00:00:00Z,120hour_target_crosses_boundary
outer_or_final_1_inner_1_training,2018-12-10T04:00:00Z,2018-12-15T04:00:00Z,2018-12-15T00:00:00Z,120hour_target_crosses_boundary
outer_or_final_1_inner_1_training,2018-12-10T05:00:00Z,2018-12-15T05:00:00Z,2018-12-15T00:00:00Z,120hour_target_crosses_boundary
outer_or_final_1_inner_1_training,2018-12-10T06:00:00Z,2018-12-15T06:00:00Z,2018-12-15T00:00:00Z,120hour_target_crosses_boundary
outer_or_final_1_inner_1_training,2018-12-10T07:00:00Z,2018-12-15T07:00:00Z,2018-12-15T00:00:00Z,120hour_target_crosses_boundary
outer_or_final_1_inner_1_training,2018-12-10T08:00:00Z,2018-12-15T08:00:00Z,2018-12-15T00:00:00Z,120hour_target_crosses_boundary
outer_or_final_1_inner_1_training,2018-12-10T09:00:00Z,2018-12-15T09:00:00Z,2018-12-15T00:00:00Z,120hour_target_crosses_boundary
outer_or_final_1_inner_1_training,2018-12-10T10:00:00Z,2018-12-15T10:00:00Z,2018-12-15T00:00:00Z,120hour_target_crosses_boundary
outer_or_final_1_inner_1_training,2018-12-10T11:00:00Z,2018-12-15T11:00:00Z,2018-12-15T00:00:00Z,120hour_target_crosses_boundary
outer_or_final_1_inner_1_training,2018-12-10T12:00:00Z,2018-12-15T12:00:00Z,2018-12-15T00:00:00Z,120hour_target_crosses_boundary
outer_or_final_1_inner_1_training,2018-12-10T13:00:00Z,2018-12-15T13:00:00Z,2018-12-15T00:00:00Z,120hour_target_crosses_boundary
outer_or_final_1_inner_1_training,2018-12-10T14:00:00Z,2018-12-15T14:00:00Z,2018-12-15T00:00:00Z,120hour_target_crosses_boundary
outer_or_final_1_inner_1_training,2018-12-10T15:00:00Z,2018-12-15T15:00:00Z,2018-12-15T00:00:00Z,120hour_target_crosses_boundary
outer_or_final_1_inner_1_training,2018-12-10T16:00:00Z,2018-12-15T16:00:00Z,2018-12-15T00:00:00Z,120hour_target_crosses_boundary
outer_or_final_1_inner_1_training,2018-12-10T17:00:00Z,2018-12-15T17:00:00Z,2018-12-15T00:00:00Z,120hour_target_crosses_boundary
outer_or_final_1_inner_1_training,2018-12-10T18:00:00Z,2018-12-15T18:00:00Z,2018-12-15T00:00:00Z,120hour_target_crosses_boundary
outer_or_final_1_inner_1_training,2018-12-10T19:00:00Z,2018-12-15T19:00:00Z,2018-12-15T00:00:00Z,120hour_target_crosses_boundary
outer_or_final_1_inner_1_training,2018-12-10T20:00:00Z,2018-12-15T20:00:00Z,2018-12-15T00:00:00Z,120hour_target_crosses_boundary
outer_or_final_1_inner_1_training,2018-12-10T21:00:00Z,2018-12-15T21:00:00Z,2018-12-15T00:00:00Z,120hour_target_crosses_boundary
outer_or_final_1_inner_1_training,2018-12-10T22:00:00Z,2018-12-15T22:00:00Z,2018-12-15T00:00:00Z,120hour_target_crosses_boundary
outer_or_final_1_inner_1_training,2018-12-10T23:00:00Z,2018-12-15T23:00:00Z,2018-12-15T00:00:00Z,120hour_target_crosses_boundary
outer_or_final_1_inner_1_training,2018-12-11T00:00:00Z,2018-12-16T00:00:00Z,2018-12-15T00:00:00Z,120hour_target_crosses_boundary
outer_or_final_1_inner_1_training,2018-12-11T01:00:00Z,2018-12-16T01:00:00Z,2018-12-15T00:00:00Z,120hour_target_crosses_boundary
outer_or_final_1_inner_1_training,2018-12-11T02:00:00Z,2018-12-16T02:00:00Z,2018-12-15T00:00:00Z,120hour_target_crosses_boundary
outer_or_final_1_inner_1_training,2018-12-11T03:00:00Z,2018-12-16T03:00:00Z,2018-12-15T00:00:00Z,120hour_target_crosses_boundary
outer_or_final_1_inner_1_training,2018-12-11T04:00:00Z,2018-12-16T04:00:00Z,2018-12-15T00:00:00Z,120hour_target_crosses_boundary
outer_or_final_1_inner_1_training,2018-12-11T05:00:00Z,2018-12-16T05:00:00Z,2018-12-15T00:00:00Z,120hour_target_crosses_boundary
outer_or_final_1_inner_1_training,2018-12-11T06:00:00Z,2018-12-16T06:00:00Z,2018-12-15T00:00:00Z,120hour_target_crosses_boundary
outer_or_final_1_inner_1_training,2018-12-11T07:00:00Z,2018-12-16T07:00:00Z,2018-12-15T00:00:00Z,120hour_target_crosses_boundary
outer_or_final_1_inner_1_training,2018-12-11T08:00:00Z,2018-12-16T08:00:00Z,2018-12-15T00:00:00Z,120hour_target_crosses_boundary
outer_or_final_1_inner_1_training,2018-12-11T09:00:00Z,2018-12-16T09:00:00Z,2018-12-15T00:00:00Z,120hour_target_crosses_boundary
outer_or_final_1_inner_1_training,2018-12-11T10:00:00Z,2018-12-16T10:00:00Z,2018-12-15T00:00:00Z,120hour_target_crosses_boundary
outer_or_final_1_inner_1_training,2018-12-11T11:00:00Z,2018-12-16T11:00:00Z,2018-12-15T00:00:00Z,120hour_target_crosses_boundary
outer_or_final_1_inner_1_training,2018-12-11T12:00:00Z,2018-12-16T12:00:00Z,2018-12-15T00:00:00Z,120hour_target_crosses_boundary
outer_or_final_1_inner_1_training,2018-12-11T13:00:00Z,2018-12-16T13:00:00Z,2018-12-15T00:00:00Z,120hour_target_crosses_boundary
outer_or_final_1_inner_1_training,2018-12-11T14:00:00Z,2018-12-16T14:00:00Z,2018-12-15T00:00:00Z,120hour_target_crosses_boundary
outer_or_final_1_inner_1_training,2018-12-11T15:00:00Z,2018-12-16T15:00:00Z,2018-12-15T00:00:00Z,120hour_target_crosses_boundary
outer_or_final_1_inner_1_training,2018-12-11T16:00:00Z,2018-12-16T16:00:00Z,2018-12-15T00:00:00Z,120hour_target_crosses_boundary
outer_or_final_1_inner_1_training,2018-12-11T17:00:00Z,2018-12-16T17:00:00Z,2018-12-15T00:00:00Z,120hour_target_crosses_boundary
outer_or_final_1_inner_1_training,2018-12-11T18:00:00Z,2018-12-16T18:00:00Z,2018-12-15T00:00:00Z,120hour_target_crosses_boundary
outer_or_final_1_inner_1_training,2018-12-11T19:00:00Z,2018-12-16T19:00:00Z,2018-12-15T00:00:00Z,120hour_target_crosses_boundary
outer_or_final_1_inner_1_training,2018-12-11T20:00:00Z,2018-12-16T20:00:00Z,2018-12-15T00:00:00Z,120hour_target_crosses_boundary
outer_or_final_1_inner_1_training,2018-12-11T21:00:00Z,2018-12-16T21:00:00Z,2018-12-15T00:00:00Z,120hour_target_crosses_boundary
outer_or_final_1_inner_1_training,2018-12-11T22:00:00Z,2018-12-16T22:00:00Z,2018-12-15T00:00:00Z,120hour_target_crosses_boundary
outer_or_final_1_inner_1_training,2018-12-11T23:00:00Z,2018-12-16T23:00:00Z,2018-12-15T00:00:00Z,120hour_target_crosses_boundary
outer_or_final_1_inner_1_training,2018-12-12T00:00:00Z,2018-12-17T00:00:00Z,2018-12-15T00:00:00Z,120hour_target_crosses_boundary
outer_or_final_1_inner_1_training,2018-12-12T01:00:00Z,2018-12-17T01:00:00Z,2018-12-15T00:00:00Z,120hour_target_crosses_boundary
outer_or_final_1_inner_1_training,2018-12-12T02:00:00Z,2018-12-17T02:00:00Z,2018-12-15T00:00:00Z,120hour_target_crosses_boundary
outer_or_final_1_inner_1_training,2018-12-12T03:00:00Z,2018-12-17T03:00:00Z,2018-12-15T00:00:00Z,120hour_target_crosses_boundary
outer_or_final_1_inner_1_training,2018-12-12T04:00:00Z,2018-12-17T04:00:00Z,2018-12-15T00:00:00Z,120hour_target_crosses_boundary
outer_or_final_1_inner_1_training,2018-12-12T05:00:00Z,2018-12-17T05:00:00Z,2018-12-15T00:00:00Z,120hour_target_crosses_boundary
outer_or_final_1_inner_1_training,2018-12-12T06:00:00Z,2018-12-17T06:00:00Z,2018-12-15T00:00:00Z,120hour_target_crosses_boundary
outer_or_final_1_inner_1_training,2018-12-12T07:00:00Z,2018-12-17T07:00:00Z,2018-12-15T00:00:00Z,120hour_target_crosses_boundary
outer_or_final_1_inner_1_training,2018-12-12T08:00:00Z,2018-12-17T08:00:00Z,2018-12-15T00:00:00Z,120hour_target_crosses_boundary
outer_or_final_1_inner_1_training,2018-12-12T09:00:00Z,2018-12-17T09:00:00Z,2018-12-15T00:00:00Z,120hour_target_crosses_boundary
outer_or_final_1_inner_1_training,2018-12-12T10:00:00Z,2018-12-17T10:00:00Z,2018-12-15T00:00:00Z,120hour_target_crosses_boundary
outer_or_final_1_inner_1_training,2018-12-12T11:00:00Z,2018-12-17T11:00:00Z,2018-12-15T00:00:00Z,120hour_target_crosses_boundary
outer_or_final_1_inner_1_training,2018-12-12T12:00:00Z,2018-12-17T12:00:00Z,2018-12-15T00:00:00Z,120hour_target_crosses_boundary
outer_or_final_1_inner_1_training,2018-12-12T13:00:00Z,2018-12-17T13:00:00Z,2018-12-15T00:00:00Z,120hour_target_crosses_boundary
outer_or_final_1_inner_1_training,2018-12-12T14:00:00Z,2018-12-17T14:00:00Z,2018-12-15T00:00:00Z,120hour_target_crosses_boundary
outer_or_final_1_inner_1_training,2018-12-12T15:00:00Z,2018-12-17T15:00:00Z,2018-12-15T00:00:00Z,120hour_target_crosses_boundary
outer_or_final_1_inner_1_training,2018-12-12T16:00:00Z,2018-12-17T16:00:00Z,2018-12-15T00:00:00Z,120hour_target_crosses_boundary
outer_or_final_1_inner_1_training,2018-12-12T17:00:00Z,2018-12-17T17:00:00Z,2018-12-15T00:00:00Z,120hour_target_crosses_boundary
outer_or_final_1_inner_1_training,2018-12-12T18:00:00Z,2018-12-17T18:00:00Z,2018-12-15T00:00:00Z,120hour_target_crosses_boundary
outer_or_final_1_inner_1_training,2018-12-12T19:00:00Z,2018-12-17T19:00:00Z,2018-12-15T00:00:00Z,120hour_target_crosses_boundary
outer_or_final_1_inner_1_training,2018-12-12T20:00:00Z,2018-12-17T20:00:00Z,2018-12-15T00:00:00Z,120hour_target_crosses_boundary
outer_or_final_1_inner_1_training,2018-12-12T21:00:00Z,2018-12-17T21:00:00Z,2018-12-15T00:00:00Z,120hour_target_crosses_boundary
outer_or_final_1_inner_1_training,2018-12-12T22:00:00Z,2018-12-17T22:00:00Z,2018-12-15T00:00:00Z,120hour_target_crosses_boundary
outer_or_final_1_inner_1_training,2018-12-12T23:00:00Z,2018-12-17T23:00:00Z,2018-12-15T00:00:00Z,120hour_target_crosses_boundary
outer_or_final_1_inner_1_training,2018-12-13T00:00:00Z,2018-12-18T00:00:00Z,2018-12-15T00:00:00Z,120hour_target_crosses_boundary
outer_or_final_1_inner_1_training,2018-12-13T01:00:00Z,2018-12-18T01:00:00Z,2018-12-15T00:00:00Z,120hour_target_crosses_boundary
outer_or_final_1_inner_1_training,2018-12-13T02:00:00Z,2018-12-18T02:00:00Z,2018-12-15T00:00:00Z,120hour_target_crosses_boundary
outer_or_final_1_inner_1_training,2018-12-13T03:00:00Z,2018-12-18T03:00:00Z,2018-12-15T00:00:00Z,120hour_target_crosses_boundary
outer_or_final_1_inner_1_training,2018-12-13T04:00:00Z,2018-12-18T04:00:00Z,2018-12-15T00:00:00Z,120hour_target_crosses_boundary
outer_or_final_1_inner_1_training,2018-12-13T05:00:00Z,2018-12-18T05:00:00Z,2018-12-15T00:00:00Z,120hour_target_crosses_boundary
outer_or_final_1_inner_1_training,2018-12-13T06:00:00Z,2018-12-18T06:00:00Z,2018-12-15T00:00:00Z,120hour_target_crosses_boundary
outer_or_final_1_inner_1_training,2018-12-13T07:00:00Z,2018-12-18T07:00:00Z,2018-12-15T00:00:00Z,120hour_target_crosses_boundary
outer_or_final_1_inner_1_training,2018-12-13T08:00:00Z,2018-12-18T08:00:00Z,2018-12-15T00:00:00Z,120hour_target_crosses_boundary
outer_or_final_1_inner_1_training,2018-12-13T09:00:00Z,2018-12-18T09:00:00Z,2018-12-15T00:00:00Z,120hour_target_crosses_boundary
outer_or_final_1_inner_1_training,2018-12-13T10:00:00Z,2018-12-18T10:00:00Z,2018-12-15T00:00:00Z,120hour_target_crosses_boundary
outer_or_final_1_inner_1_training,2018-12-13T11:00:00Z,2018-12-18T11:00:00Z,2018-12-15T00:00:00Z,120hour_target_crosses_boundary
outer_or_final_1_inner_1_training,2018-12-13T12:00:00Z,2018-12-18T12:00:00Z,2018-12-15T00:00:00Z,120hour_target_crosses_boundary
outer_or_final_1_inner_1_training,2018-12-13T13:00:00Z,2018-12-18T13:00:00Z,2018-12-15T00:00:00Z,120hour_target_crosses_boundary
outer_or_final_1_inner_1_training,2018-12-13T14:00:00Z,2018-12-18T14:00:00Z,2018-12-15T00:00:00Z,120hour_target_crosses_boundary
outer_or_final_1_inner_1_training,2018-12-13T15:00:00Z,2018-12-18T15:00:00Z,2018-12-15T00:00:00Z,120hour_target_crosses_boundary
outer_or_final_1_inner_1_training,2018-12-13T16:00:00Z,2018-12-18T16:00:00Z,2018-12-15T00:00:00Z,120hour_target_crosses_boundary
outer_or_final_1_inner_1_training,2018-12-13T17:00:00Z,2018-12-18T17:00:00Z,2018-12-15T00:00:00Z,120hour_target_crosses_boundary
outer_or_final_1_inner_1_training,2018-12-13T18:00:00Z,2018-12-18T18:00:00Z,2018-12-15T00:00:00Z,120hour_target_crosses_boundary
outer_or_final_1_inner_1_training,2018-12-13T19:00:00Z,2018-12-18T19:00:00Z,2018-12-15T00:00:00Z,120hour_target_crosses_boundary
outer_or_final_1_inner_1_training,2018-12-13T20:00:00Z,2018-12-18T20:00:00Z,2018-12-15T00:00:00Z,120hour_target_crosses_boundary
outer_or_final_1_inner_1_training,2018-12-13T21:00:00Z,2018-12-18T21:00:00Z,2018-12-15T00:00:00Z,120hour_target_crosses_boundary
outer_or_final_1_inner_1_training,2018-12-13T22:00:00Z,2018-12-18T22:00:00Z,2018-12-15T00:00:00Z,120hour_target_crosses_boundary
outer_or_final_1_inner_1_training,2018-12-13T23:00:00Z,2018-12-18T23:00:00Z,2018-12-15T00:00:00Z,120hour_target_crosses_boundary
outer_or_final_1_inner_1_training,2018-12-14T00:00:00Z,2018-12-19T00:00:00Z,2018-12-15T00:00:00Z,120hour_target_crosses_boundary
outer_or_final_1_inner_1_training,2018-12-14T01:00:00Z,2018-12-19T01:00:00Z,2018-12-15T00:00:00Z,120hour_target_crosses_boundary
outer_or_final_1_inner_1_training,2018-12-14T02:00:00Z,2018-12-19T02:00:00Z,2018-12-15T00:00:00Z,120hour_target_crosses_boundary
outer_or_final_1_inner_1_training,2018-12-14T03:00:00Z,2018-12-19T03:00:00Z,2018-12-15T00:00:00Z,120hour_target_crosses_boundary
outer_or_final_1_inner_1_training,2018-12-14T04:00:00Z,2018-12-19T04:00:00Z,2018-12-15T00:00:00Z,120hour_target_crosses_boundary
outer_or_final_1_inner_1_training,2018-12-14T05:00:00Z,2018-12-19T05:00:00Z,2018-12-15T00:00:00Z,120hour_target_crosses_boundary
outer_or_final_1_inner_1_training,2018-12-14T06:00:00Z,2018-12-19T06:00:00Z,2018-12-15T00:00:00Z,120hour_target_crosses_boundary
outer_or_final_1_inner_1_training,2018-12-14T07:00:00Z,2018-12-19T07:00:00Z,2018-12-15T00:00:00Z,120hour_target_crosses_boundary
outer_or_final_1_inner_1_training,2018-12-14T08:00:00Z,2018-12-19T08:00:00Z,2018-12-15T00:00:00Z,120hour_target_crosses_boundary
outer_or_final_1_inner_1_training,2018-12-14T09:00:00Z,2018-12-19T09:00:00Z,2018-12-15T00:00:00Z,120hour_target_crosses_boundary
outer_or_final_1_inner_1_training,2018-12-14T10:00:00Z,2018-12-19T10:00:00Z,2018-12-15T00:00:00Z,120hour_target_crosses_boundary
outer_or_final_1_inner_1_training,2018-12-14T11:00:00Z,2018-12-19T11:00:00Z,2018-12-15T00:00:00Z,120hour_target_crosses_boundary
outer_or_final_1_inner_1_training,2018-12-14T12:00:00Z,2018-12-19T12:00:00Z,2018-12-15T00:00:00Z,120hour_target_crosses_boundary
outer_or_final_1_inner_1_training,2018-12-14T13:00:00Z,2018-12-19T13:00:00Z,2018-12-15T00:00:00Z,120hour_target_crosses_boundary
outer_or_final_1_inner_1_training,2018-12-14T14:00:00Z,2018-12-19T14:00:00Z,2018-12-15T00:00:00Z,120hour_target_crosses_boundary
outer_or_final_1_inner_1_training,2018-12-14T15:00:00Z,2018-12-19T15:00:00Z,2018-12-15T00:00:00Z,120hour_target_crosses_boundary
outer_or_final_1_inner_1_training,2018-12-14T16:00:00Z,2018-12-19T16:00:00Z,2018-12-15T00:00:00Z,120hour_target_crosses_boundary
outer_or_final_1_inner_1_training,2018-12-14T17:00:00Z,2018-12-19T17:00:00Z,2018-12-15T00:00:00Z,120hour_target_crosses_boundary
outer_or_final_1_inner_1_training,2018-12-14T18:00:00Z,2018-12-19T18:00:00Z,2018-12-15T00:00:00Z,120hour_target_crosses_boundary
outer_or_final_1_inner_1_training,2018-12-14T19:00:00Z,2018-12-19T19:00:00Z,2018-12-15T00:00:00Z,120hour_target_crosses_boundary
outer_or_final_1_inner_1_training,2018-12-14T20:00:00Z,2018-12-19T20:00:00Z,2018-12-15T00:00:00Z,120hour_target_crosses_boundary
outer_or_final_1_inner_1_training,2018-12-14T21:00:00Z,2018-12-19T21:00:00Z,2018-12-15T00:00:00Z,120hour_target_crosses_boundary
outer_or_final_1_inner_1_training,2018-12-14T22:00:00Z,2018-12-19T22:00:00Z,2018-12-15T00:00:00Z,120hour_target_crosses_boundary
outer_or_final_1_inner_1_training,2018-12-14T23:00:00Z,2018-12-19T23:00:00Z,2018-12-15T00:00:00Z,120hour_target_crosses_boundary
outer_or_final_1_inner_1_validation,2019-08-04T09:00:00Z,2019-08-09T09:00:00Z,2019-08-09T08:00:00Z,120hour_target_crosses_boundary
outer_or_final_1_inner_1_validation,2019-08-04T10:00:00Z,2019-08-09T10:00:00Z,2019-08-09T08:00:00Z,120hour_target_crosses_boundary
outer_or_final_1_inner_1_validation,2019-08-04T11:00:00Z,2019-08-09T11:00:00Z,2019-08-09T08:00:00Z,120hour_target_crosses_boundary
outer_or_final_1_inner_1_validation,2019-08-04T12:00:00Z,2019-08-09T12:00:00Z,2019-08-09T08:00:00Z,120hour_target_crosses_boundary
outer_or_final_1_inner_1_validation,2019-08-04T13:00:00Z,2019-08-09T13:00:00Z,2019-08-09T08:00:00Z,120hour_target_crosses_boundary
outer_or_final_1_inner_1_validation,2019-08-04T14:00:00Z,2019-08-09T14:00:00Z,2019-08-09T08:00:00Z,120hour_target_crosses_boundary
outer_or_final_1_inner_1_validation,2019-08-04T15:00:00Z,2019-08-09T15:00:00Z,2019-08-09T08:00:00Z,120hour_target_crosses_boundary
outer_or_final_1_inner_1_validation,2019-08-04T16:00:00Z,2019-08-09T16:00:00Z,2019-08-09T08:00:00Z,120hour_target_crosses_boundary
outer_or_final_1_inner_1_validation,2019-08-04T17:00:00Z,2019-08-09T17:00:00Z,2019-08-09T08:00:00Z,120hour_target_crosses_boundary
outer_or_final_1_inner_1_validation,2019-08-04T18:00:00Z,2019-08-09T18:00:00Z,2019-08-09T08:00:00Z,120hour_target_crosses_boundary
outer_or_final_1_inner_1_validation,2019-08-04T19:00:00Z,2019-08-09T19:00:00Z,2019-08-09T08:00:00Z,120hour_target_crosses_boundary
outer_or_final_1_inner_1_validation,2019-08-04T20:00:00Z,2019-08-09T20:00:00Z,2019-08-09T08:00:00Z,120hour_target_crosses_boundary
outer_or_final_1_inner_1_validation,2019-08-04T21:00:00Z,2019-08-09T21:00:00Z,2019-08-09T08:00:00Z,120hour_target_crosses_boundary
outer_or_final_1_inner_1_validation,2019-08-04T22:00:00Z,2019-08-09T22:00:00Z,2019-08-09T08:00:00Z,120hour_target_crosses_boundary
outer_or_final_1_inner_1_validation,2019-08-04T23:00:00Z,2019-08-09T23:00:00Z,2019-08-09T08:00:00Z,120hour_target_crosses_boundary
outer_or_final_1_inner_1_validation,2019-08-05T00:00:00Z,2019-08-10T00:00:00Z,2019-08-09T08:00:00Z,120hour_target_crosses_boundary
outer_or_final_1_inner_1_validation,2019-08-05T01:00:00Z,2019-08-10T01:00:00Z,2019-08-09T08:00:00Z,120hour_target_crosses_boundary
outer_or_final_1_inner_1_validation,2019-08-05T02:00:00Z,2019-08-10T02:00:00Z,2019-08-09T08:00:00Z,120hour_target_crosses_boundary
outer_or_final_1_inner_1_validation,2019-08-05T03:00:00Z,2019-08-10T03:00:00Z,2019-08-09T08:00:00Z,120hour_target_crosses_boundary
outer_or_final_1_inner_1_validation,2019-08-05T04:00:00Z,2019-08-10T04:00:00Z,2019-08-09T08:00:00Z,120hour_target_crosses_boundary
outer_or_final_1_inner_1_validation,2019-08-05T05:00:00Z,2019-08-10T05:00:00Z,2019-08-09T08:00:00Z,120hour_target_crosses_boundary
outer_or_final_1_inner_1_validation,2019-08-05T06:00:00Z,2019-08-10T06:00:00Z,2019-08-09T08:00:00Z,120hour_target_crosses_boundary
outer_or_final_1_inner_1_validation,2019-08-05T07:00:00Z,2019-08-10T07:00:00Z,2019-08-09T08:00:00Z,120hour_target_crosses_boundary
outer_or_final_1_inner_1_validation,2019-08-05T08:00:00Z,2019-08-10T08:00:00Z,2019-08-09T08:00:00Z,120hour_target_crosses_boundary
outer_or_final_1_inner_1_validation,2019-08-05T09:00:00Z,2019-08-10T09:00:00Z,2019-08-09T08:00:00Z,120hour_target_crosses_boundary
outer_or_final_1_inner_1_validation,2019-08-05T10:00:00Z,2019-08-10T10:00:00Z,2019-08-09T08:00:00Z,120hour_target_crosses_boundary
outer_or_final_1_inner_1_validation,2019-08-05T11:00:00Z,2019-08-10T11:00:00Z,2019-08-09T08:00:00Z,120hour_target_crosses_boundary
outer_or_final_1_inner_1_validation,2019-08-05T12:00:00Z,2019-08-10T12:00:00Z,2019-08-09T08:00:00Z,120hour_target_crosses_boundary
outer_or_final_1_inner_1_validation,2019-08-05T13:00:00Z,2019-08-10T13:00:00Z,2019-08-09T08:00:00Z,120hour_target_crosses_boundary
outer_or_final_1_inner_1_validation,2019-08-05T14:00:00Z,2019-08-10T14:00:00Z,2019-08-09T08:00:00Z,120hour_target_crosses_boundary
outer_or_final_1_inner_1_validation,2019-08-05T15:00:00Z,2019-08-10T15:00:00Z,2019-08-09T08:00:00Z,120hour_target_crosses_boundary
outer_or_final_1_inner_1_validation,2019-08-05T16:00:00Z,2019-08-10T16:00:00Z,2019-08-09T08:00:00Z,120hour_target_crosses_boundary
outer_or_final_1_inner_1_validation,2019-08-05T17:00:00Z,2019-08-10T17:00:00Z,2019-08-09T08:00:00Z,120hour_target_crosses_boundary
outer_or_final_1_inner_1_validation,2019-08-05T18:00:00Z,2019-08-10T18:00:00Z,2019-08-09T08:00:00Z,120hour_target_crosses_boundary
outer_or_final_1_inner_1_validation,2019-08-05T19:00:00Z,2019-08-10T19:00:00Z,2019-08-09T08:00:00Z,120hour_target_crosses_boundary
outer_or_final_1_inner_1_validation,2019-08-05T20:00:00Z,2019-08-10T20:00:00Z,2019-08-09T08:00:00Z,120hour_target_crosses_boundary
outer_or_final_1_inner_1_validation,2019-08-05T21:00:00Z,2019-08-10T21:00:00Z,2019-08-09T08:00:00Z,120hour_target_crosses_boundary
outer_or_final_1_inner_1_validation,2019-08-05T22:00:00Z,2019-08-10T22:00:00Z,2019-08-09T08:00:00Z,120hour_target_crosses_boundary
outer_or_final_1_inner_1_validation,2019-08-05T23:00:00Z,2019-08-10T23:00:00Z,2019-08-09T08:00:00Z,120hour_target_crosses_boundary
outer_or_final_1_inner_1_validation,2019-08-06T00:00:00Z,2019-08-11T00:00:00Z,2019-08-09T08:00:00Z,120hour_target_crosses_boundary
outer_or_final_1_inner_1_validation,2019-08-06T01:00:00Z,2019-08-11T01:00:00Z,2019-08-09T08:00:00Z,120hour_target_crosses_boundary
outer_or_final_1_inner_1_validation,2019-08-06T02:00:00Z,2019-08-11T02:00:00Z,2019-08-09T08:00:00Z,120hour_target_crosses_boundary
outer_or_final_1_inner_1_validation,2019-08-06T03:00:00Z,2019-08-11T03:00:00Z,2019-08-09T08:00:00Z,120hour_target_crosses_boundary
outer_or_final_1_inner_1_validation,2019-08-06T04:00:00Z,2019-08-11T04:00:00Z,2019-08-09T08:00:00Z,120hour_target_crosses_boundary
outer_or_final_1_inner_1_validation,2019-08-06T05:00:00Z,2019-08-11T05:00:00Z,2019-08-09T08:00:00Z,120hour_target_crosses_boundary
outer_or_final_1_inner_1_validation,2019-08-06T06:00:00Z,2019-08-11T06:00:00Z,2019-08-09T08:00:00Z,120hour_target_crosses_boundary
outer_or_final_1_inner_1_validation,2019-08-06T07:00:00Z,2019-08-11T07:00:00Z,2019-08-09T08:00:00Z,120hour_target_crosses_boundary
outer_or_final_1_inner_1_validation,2019-08-06T08:00:00Z,2019-08-11T08:00:00Z,2019-08-09T08:00:00Z,120hour_target_crosses_boundary
outer_or_final_1_inner_1_validation,2019-08-06T09:00:00Z,2019-08-11T09:00:00Z,2019-08-09T08:00:00Z,120hour_target_crosses_boundary
outer_or_final_1_inner_1_validation,2019-08-06T10:00:00Z,2019-08-11T10:00:00Z,2019-08-09T08:00:00Z,120hour_target_crosses_boundary
outer_or_final_1_inner_1_validation,2019-08-06T11:00:00Z,2019-08-11T11:00:00Z,2019-08-09T08:00:00Z,120hour_target_crosses_boundary
outer_or_final_1_inner_1_validation,2019-08-06T12:00:00Z,2019-08-11T12:00:00Z,2019-08-09T08:00:00Z,120hour_target_crosses_boundary
outer_or_final_1_inner_1_validation,2019-08-06T13:00:00Z,2019-08-11T13:00:00Z,2019-08-09T08:00:00Z,120hour_target_crosses_boundary
outer_or_final_1_inner_1_validation,2019-08-06T14:00:00Z,2019-08-11T14:00:00Z,2019-08-09T08:00:00Z,120hour_target_crosses_boundary
outer_or_final_1_inner_1_validation,2019-08-06T15:00:00Z,2019-08-11T15:00:00Z,2019-08-09T08:00:00Z,120hour_target_crosses_boundary
outer_or_final_1_inner_1_validation,2019-08-06T16:00:00Z,2019-08-11T16:00:00Z,2019-08-09T08:00:00Z,120hour_target_crosses_boundary
outer_or_final_1_inner_1_validation,2019-08-06T17:00:00Z,2019-08-11T17:00:00Z,2019-08-09T08:00:00Z,120hour_target_crosses_boundary
outer_or_final_1_inner_1_validation,2019-08-06T18:00:00Z,2019-08-11T18:00:00Z,2019-08-09T08:00:00Z,120hour_target_crosses_boundary
outer_or_final_1_inner_1_validation,2019-08-06T19:00:00Z,2019-08-11T19:00:00Z,2019-08-09T08:00:00Z,120hour_target_crosses_boundary
outer_or_final_1_inner_1_validation,2019-08-06T20:00:00Z,2019-08-11T20:00:00Z,2019-08-09T08:00:00Z,120hour_target_crosses_boundary
outer_or_final_1_inner_1_validation,2019-08-06T21:00:00Z,2019-08-11T21:00:00Z,2019-08-09T08:00:00Z,120hour_target_crosses_boundary
outer_or_final_1_inner_1_validation,2019-08-06T22:00:00Z,2019-08-11T22:00:00Z,2019-08-09T08:00:00Z,120hour_target_crosses_boundary
outer_or_final_1_inner_1_validation,2019-08-06T23:00:00Z,2019-08-11T23:00:00Z,2019-08-09T08:00:00Z,120hour_target_crosses_boundary
outer_or_final_1_inner_1_validation,2019-08-07T00:00:00Z,2019-08-12T00:00:00Z,2019-08-09T08:00:00Z,120hour_target_crosses_boundary
outer_or_final_1_inner_1_validation,2019-08-07T01:00:00Z,2019-08-12T01:00:00Z,2019-08-09T08:00:00Z,120hour_target_crosses_boundary
outer_or_final_1_inner_1_validation,2019-08-07T02:00:00Z,2019-08-12T02:00:00Z,2019-08-09T08:00:00Z,120hour_target_crosses_boundary
outer_or_final_1_inner_1_validation,2019-08-07T03:00:00Z,2019-08-12T03:00:00Z,2019-08-09T08:00:00Z,120hour_target_crosses_boundary
outer_or_final_1_inner_1_validation,2019-08-07T04:00:00Z,2019-08-12T04:00:00Z,2019-08-09T08:00:00Z,120hour_target_crosses_boundary
outer_or_final_1_inner_1_validation,2019-08-07T05:00:00Z,2019-08-12T05:00:00Z,2019-08-09T08:00:00Z,120hour_target_crosses_boundary
outer_or_final_1_inner_1_validation,2019-08-07T06:00:00Z,2019-08-12T06:00:00Z,2019-08-09T08:00:00Z,120hour_target_crosses_boundary
outer_or_final_1_inner_1_validation,2019-08-07T07:00:00Z,2019-08-12T07:00:00Z,2019-08-09T08:00:00Z,120hour_target_crosses_boundary
outer_or_final_1_inner_1_validation,2019-08-07T08:00:00Z,2019-08-12T08:00:00Z,2019-08-09T08:00:00Z,120hour_target_crosses_boundary
outer_or_final_1_inner_1_validation,2019-08-07T09:00:00Z,2019-08-12T09:00:00Z,2019-08-09T08:00:00Z,120hour_target_crosses_boundary
outer_or_final_1_inner_1_validation,2019-08-07T10:00:00Z,2019-08-12T10:00:00Z,2019-08-09T08:00:00Z,120hour_target_crosses_boundary
outer_or_final_1_inner_1_validation,2019-08-07T11:00:00Z,2019-08-12T11:00:00Z,2019-08-09T08:00:00Z,120hour_target_crosses_boundary
outer_or_final_1_inner_1_validation,2019-08-07T12:00:00Z,2019-08-12T12:00:00Z,2019-08-09T08:00:00Z,120hour_target_crosses_boundary
outer_or_final_1_inner_1_validation,2019-08-07T13:00:00Z,2019-08-12T13:00:00Z,2019-08-09T08:00:00Z,120hour_target_crosses_boundary
outer_or_final_1_inner_1_validation,2019-08-07T14:00:00Z,2019-08-12T14:00:00Z,2019-08-09T08:00:00Z,120hour_target_crosses_boundary
outer_or_final_1_inner_1_validation,2019-08-07T15:00:00Z,2019-08-12T15:00:00Z,2019-08-09T08:00:00Z,120hour_target_crosses_boundary
outer_or_final_1_inner_1_validation,2019-08-07T16:00:00Z,2019-08-12T16:00:00Z,2019-08-09T08:00:00Z,120hour_target_crosses_boundary
outer_or_final_1_inner_1_validation,2019-08-07T17:00:00Z,2019-08-12T17:00:00Z,2019-08-09T08:00:00Z,120hour_target_crosses_boundary
outer_or_final_1_inner_1_validation,2019-08-07T18:00:00Z,2019-08-12T18:00:00Z,2019-08-09T08:00:00Z,120hour_target_crosses_boundary
outer_or_final_1_inner_1_validation,2019-08-07T19:00:00Z,2019-08-12T19:00:00Z,2019-08-09T08:00:00Z,120hour_target_crosses_boundary
outer_or_final_1_inner_1_validation,2019-08-07T20:00:00Z,2019-08-12T20:00:00Z,2019-08-09T08:00:00Z,120hour_target_crosses_boundary
outer_or_final_1_inner_1_validation,2019-08-07T21:00:00Z,2019-08-12T21:00:00Z,2019-08-09T08:00:00Z,120hour_target_crosses_boundary
outer_or_final_1_inner_1_validation,2019-08-07T22:00:00Z,2019-08-12T22:00:00Z,2019-08-09T08:00:00Z,120hour_target_crosses_boundary
outer_or_final_1_inner_1_validation,2019-08-07T23:00:00Z,2019-08-12T23:00:00Z,2019-08-09T08:00:00Z,120hour_target_crosses_boundary
outer_or_final_1_inner_1_validation,2019-08-08T00:00:00Z,2019-08-13T00:00:00Z,2019-08-09T08:00:00Z,120hour_target_crosses_boundary
outer_or_final_1_inner_1_validation,2019-08-08T01:00:00Z,2019-08-13T01:00:00Z,2019-08-09T08:00:00Z,120hour_target_crosses_boundary
outer_or_final_1_inner_1_validation,2019-08-08T02:00:00Z,2019-08-13T02:00:00Z,2019-08-09T08:00:00Z,120hour_target_crosses_boundary
outer_or_final_1_inner_1_validation,2019-08-08T03:00:00Z,2019-08-13T03:00:00Z,2019-08-09T08:00:00Z,120hour_target_crosses_boundary
outer_or_final_1_inner_1_validation,2019-08-08T04:00:00Z,2019-08-13T04:00:00Z,2019-08-09T08:00:00Z,120hour_target_crosses_boundary
outer_or_final_1_inner_1_validation,2019-08-08T05:00:00Z,2019-08-13T05:00:00Z,2019-08-09T08:00:00Z,120hour_target_crosses_boundary
outer_or_final_1_inner_1_validation,2019-08-08T06:00:00Z,2019-08-13T06:00:00Z,2019-08-09T08:00:00Z,120hour_target_crosses_boundary
outer_or_final_1_inner_1_validation,2019-08-08T07:00:00Z,2019-08-13T07:00:00Z,2019-08-09T08:00:00Z,120hour_target_crosses_boundary
outer_or_final_1_inner_1_validation,2019-08-08T08:00:00Z,2019-08-13T08:00:00Z,2019-08-09T08:00:00Z,120hour_target_crosses_boundary
outer_or_final_1_inner_1_validation,2019-08-08T09:00:00Z,2019-08-13T09:00:00Z,2019-08-09T08:00:00Z,120hour_target_crosses_boundary
outer_or_final_1_inner_1_validation,2019-08-08T10:00:00Z,2019-08-13T10:00:00Z,2019-08-09T08:00:00Z,120hour_target_crosses_boundary
outer_or_final_1_inner_1_validation,2019-08-08T11:00:00Z,2019-08-13T11:00:00Z,2019-08-09T08:00:00Z,120hour_target_crosses_boundary
outer_or_final_1_inner_1_validation,2019-08-08T12:00:00Z,2019-08-13T12:00:00Z,2019-08-09T08:00:00Z,120hour_target_crosses_boundary
outer_or_final_1_inner_1_validation,2019-08-08T13:00:00Z,2019-08-13T13:00:00Z,2019-08-09T08:00:00Z,120hour_target_crosses_boundary
outer_or_final_1_inner_1_validation,2019-08-08T14:00:00Z,2019-08-13T14:00:00Z,2019-08-09T08:00:00Z,120hour_target_crosses_boundary
outer_or_final_1_inner_1_validation,2019-08-08T15:00:00Z,2019-08-13T15:00:00Z,2019-08-09T08:00:00Z,120hour_target_crosses_boundary
outer_or_final_1_inner_1_validation,2019-08-08T16:00:00Z,2019-08-13T16:00:00Z,2019-08-09T08:00:00Z,120hour_target_crosses_boundary
outer_or_final_1_inner_1_validation,2019-08-08T17:00:00Z,2019-08-13T17:00:00Z,2019-08-09T08:00:00Z,120hour_target_crosses_boundary
outer_or_final_1_inner_1_validation,2019-08-08T18:00:00Z,2019-08-13T18:00:00Z,2019-08-09T08:00:00Z,120hour_target_crosses_boundary
outer_or_final_1_inner_1_validation,2019-08-08T19:00:00Z,2019-08-13T19:00:00Z,2019-08-09T08:00:00Z,120hour_target_crosses_boundary
outer_or_final_1_inner_1_validation,2019-08-08T20:00:00Z,2019-08-13T20:00:00Z,2019-08-09T08:00:00Z,120hour_target_crosses_boundary
outer_or_final_1_inner_1_validation,2019-08-08T21:00:00Z,2019-08-13T21:00:00Z,2019-08-09T08:00:00Z,120hour_target_crosses_boundary
outer_or_final_1_inner_1_validation,2019-08-08T22:00:00Z,2019-08-13T22:00:00Z,2019-08-09T08:00:00Z,120hour_target_crosses_boundary
outer_or_final_1_inner_1_validation,2019-08-08T23:00:00Z,2019-08-13T23:00:00Z,2019-08-09T08:00:00Z,120hour_target_crosses_boundary
outer_or_final_1_inner_1_validation,2019-08-09T00:00:00Z,2019-08-14T00:00:00Z,2019-08-09T08:00:00Z,120hour_target_crosses_boundary
outer_or_final_1_inner_1_validation,2019-08-09T01:00:00Z,2019-08-14T01:00:00Z,2019-08-09T08:00:00Z,120hour_target_crosses_boundary
outer_or_final_1_inner_1_validation,2019-08-09T02:00:00Z,2019-08-14T02:00:00Z,2019-08-09T08:00:00Z,120hour_target_crosses_boundary
outer_or_final_1_inner_1_validation,2019-08-09T03:00:00Z,2019-08-14T03:00:00Z,2019-08-09T08:00:00Z,120hour_target_crosses_boundary
outer_or_final_1_inner_1_validation,2019-08-09T04:00:00Z,2019-08-14T04:00:00Z,2019-08-09T08:00:00Z,120hour_target_crosses_boundary
outer_or_final_1_inner_1_validation,2019-08-09T05:00:00Z,2019-08-14T05:00:00Z,2019-08-09T08:00:00Z,120hour_target_crosses_boundary
outer_or_final_1_inner_1_validation,2019-08-09T06:00:00Z,2019-08-14T06:00:00Z,2019-08-09T08:00:00Z,120hour_target_crosses_boundary
outer_or_final_1_inner_1_validation,2019-08-09T07:00:00Z,2019-08-14T07:00:00Z,2019-08-09T08:00:00Z,120hour_target_crosses_boundary
outer_or_final_1_inner_2_training,2019-08-04T09:00:00Z,2019-08-09T09:00:00Z,2019-08-09T08:00:00Z,120hour_target_crosses_boundary
outer_or_final_1_inner_2_training,2019-08-04T10:00:00Z,2019-08-09T10:00:00Z,2019-08-09T08:00:00Z,120hour_target_crosses_boundary
outer_or_final_1_inner_2_training,2019-08-04T11:00:00Z,2019-08-09T11:00:00Z,2019-08-09T08:00:00Z,120hour_target_crosses_boundary
outer_or_final_1_inner_2_training,2019-08-04T12:00:00Z,2019-08-09T12:00:00Z,2019-08-09T08:00:00Z,120hour_target_crosses_boundary
outer_or_final_1_inner_2_training,2019-08-04T13:00:00Z,2019-08-09T13:00:00Z,2019-08-09T08:00:00Z,120hour_target_crosses_boundary
outer_or_final_1_inner_2_training,2019-08-04T14:00:00Z,2019-08-09T14:00:00Z,2019-08-09T08:00:00Z,120hour_target_crosses_boundary
outer_or_final_1_inner_2_training,2019-08-04T15:00:00Z,2019-08-09T15:00:00Z,2019-08-09T08:00:00Z,120hour_target_crosses_boundary
outer_or_final_1_inner_2_training,2019-08-04T16:00:00Z,2019-08-09T16:00:00Z,2019-08-09T08:00:00Z,120hour_target_crosses_boundary
outer_or_final_1_inner_2_training,2019-08-04T17:00:00Z,2019-08-09T17:00:00Z,2019-08-09T08:00:00Z,120hour_target_crosses_boundary
outer_or_final_1_inner_2_training,2019-08-04T18:00:00Z,2019-08-09T18:00:00Z,2019-08-09T08:00:00Z,120hour_target_crosses_boundary
outer_or_final_1_inner_2_training,2019-08-04T19:00:00Z,2019-08-09T19:00:00Z,2019-08-09T08:00:00Z,120hour_target_crosses_boundary
outer_or_final_1_inner_2_training,2019-08-04T20:00:00Z,2019-08-09T20:00:00Z,2019-08-09T08:00:00Z,120hour_target_crosses_boundary
outer_or_final_1_inner_2_training,2019-08-04T21:00:00Z,2019-08-09T21:00:00Z,2019-08-09T08:00:00Z,120hour_target_crosses_boundary
outer_or_final_1_inner_2_training,2019-08-04T22:00:00Z,2019-08-09T22:00:00Z,2019-08-09T08:00:00Z,120hour_target_crosses_boundary
outer_or_final_1_inner_2_training,2019-08-04T23:00:00Z,2019-08-09T23:00:00Z,2019-08-09T08:00:00Z,120hour_target_crosses_boundary
outer_or_final_1_inner_2_training,2019-08-05T00:00:00Z,2019-08-10T00:00:00Z,2019-08-09T08:00:00Z,120hour_target_crosses_boundary
outer_or_final_1_inner_2_training,2019-08-05T01:00:00Z,2019-08-10T01:00:00Z,2019-08-09T08:00:00Z,120hour_target_crosses_boundary
outer_or_final_1_inner_2_training,2019-08-05T02:00:00Z,2019-08-10T02:00:00Z,2019-08-09T08:00:00Z,120hour_target_crosses_boundary
outer_or_final_1_inner_2_training,2019-08-05T03:00:00Z,2019-08-10T03:00:00Z,2019-08-09T08:00:00Z,120hour_target_crosses_boundary
outer_or_final_1_inner_2_training,2019-08-05T04:00:00Z,2019-08-10T04:00:00Z,2019-08-09T08:00:00Z,120hour_target_crosses_boundary
outer_or_final_1_inner_2_training,2019-08-05T05:00:00Z,2019-08-10T05:00:00Z,2019-08-09T08:00:00Z,120hour_target_crosses_boundary
outer_or_final_1_inner_2_training,2019-08-05T06:00:00Z,2019-08-10T06:00:00Z,2019-08-09T08:00:00Z,120hour_target_crosses_boundary
outer_or_final_1_inner_2_training,2019-08-05T07:00:00Z,2019-08-10T07:00:00Z,2019-08-09T08:00:00Z,120hour_target_crosses_boundary
outer_or_final_1_inner_2_training,2019-08-05T08:00:00Z,2019-08-10T08:00:00Z,2019-08-09T08:00:00Z,120hour_target_crosses_boundary
outer_or_final_1_inner_2_training,2019-08-05T09:00:00Z,2019-08-10T09:00:00Z,2019-08-09T08:00:00Z,120hour_target_crosses_boundary
outer_or_final_1_inner_2_training,2019-08-05T10:00:00Z,2019-08-10T10:00:00Z,2019-08-09T08:00:00Z,120hour_target_crosses_boundary
outer_or_final_1_inner_2_training,2019-08-05T11:00:00Z,2019-08-10T11:00:00Z,2019-08-09T08:00:00Z,120hour_target_crosses_boundary
outer_or_final_1_inner_2_training,2019-08-05T12:00:00Z,2019-08-10T12:00:00Z,2019-08-09T08:00:00Z,120hour_target_crosses_boundary
outer_or_final_1_inner_2_training,2019-08-05T13:00:00Z,2019-08-10T13:00:00Z,2019-08-09T08:00:00Z,120hour_target_crosses_boundary
outer_or_final_1_inner_2_training,2019-08-05T14:00:00Z,2019-08-10T14:00:00Z,2019-08-09T08:00:00Z,120hour_target_crosses_boundary
outer_or_final_1_inner_2_training,2019-08-05T15:00:00Z,2019-08-10T15:00:00Z,2019-08-09T08:00:00Z,120hour_target_crosses_boundary
outer_or_final_1_inner_2_training,2019-08-05T16:00:00Z,2019-08-10T16:00:00Z,2019-08-09T08:00:00Z,120hour_target_crosses_boundary
outer_or_final_1_inner_2_training,2019-08-05T17:00:00Z,2019-08-10T17:00:00Z,2019-08-09T08:00:00Z,120hour_target_crosses_boundary
outer_or_final_1_inner_2_training,2019-08-05T18:00:00Z,2019-08-10T18:00:00Z,2019-08-09T08:00:00Z,120hour_target_crosses_boundary
outer_or_final_1_inner_2_training,2019-08-05T19:00:00Z,2019-08-10T19:00:00Z,2019-08-09T08:00:00Z,120hour_target_crosses_boundary
outer_or_final_1_inner_2_training,2019-08-05T20:00:00Z,2019-08-10T20:00:00Z,2019-08-09T08:00:00Z,120hour_target_crosses_boundary
outer_or_final_1_inner_2_training,2019-08-05T21:00:00Z,2019-08-10T21:00:00Z,2019-08-09T08:00:00Z,120hour_target_crosses_boundary
outer_or_final_1_inner_2_training,2019-08-05T22:00:00Z,2019-08-10T22:00:00Z,2019-08-09T08:00:00Z,120hour_target_crosses_boundary
outer_or_final_1_inner_2_training,2019-08-05T23:00:00Z,2019-08-10T23:00:00Z,2019-08-09T08:00:00Z,120hour_target_crosses_boundary
outer_or_final_1_inner_2_training,2019-08-06T00:00:00Z,2019-08-11T00:00:00Z,2019-08-09T08:00:00Z,120hour_target_crosses_boundary
outer_or_final_1_inner_2_training,2019-08-06T01:00:00Z,2019-08-11T01:00:00Z,2019-08-09T08:00:00Z,120hour_target_crosses_boundary
outer_or_final_1_inner_2_training,2019-08-06T02:00:00Z,2019-08-11T02:00:00Z,2019-08-09T08:00:00Z,120hour_target_crosses_boundary
outer_or_final_1_inner_2_training,2019-08-06T03:00:00Z,2019-08-11T03:00:00Z,2019-08-09T08:00:00Z,120hour_target_crosses_boundary
outer_or_final_1_inner_2_training,2019-08-06T04:00:00Z,2019-08-11T04:00:00Z,2019-08-09T08:00:00Z,120hour_target_crosses_boundary
outer_or_final_1_inner_2_training,2019-08-06T05:00:00Z,2019-08-11T05:00:00Z,2019-08-09T08:00:00Z,120hour_target_crosses_boundary
outer_or_final_1_inner_2_training,2019-08-06T06:00:00Z,2019-08-11T06:00:00Z,2019-08-09T08:00:00Z,120hour_target_crosses_boundary
outer_or_final_1_inner_2_training,2019-08-06T07:00:00Z,2019-08-11T07:00:00Z,2019-08-09T08:00:00Z,120hour_target_crosses_boundary
outer_or_final_1_inner_2_training,2019-08-06T08:00:00Z,2019-08-11T08:00:00Z,2019-08-09T08:00:00Z,120hour_target_crosses_boundary
outer_or_final_1_inner_2_training,2019-08-06T09:00:00Z,2019-08-11T09:00:00Z,2019-08-09T08:00:00Z,120hour_target_crosses_boundary
outer_or_final_1_inner_2_training,2019-08-06T10:00:00Z,2019-08-11T10:00:00Z,2019-08-09T08:00:00Z,120hour_target_crosses_boundary
outer_or_final_1_inner_2_training,2019-08-06T11:00:00Z,2019-08-11T11:00:00Z,2019-08-09T08:00:00Z,120hour_target_crosses_boundary
outer_or_final_1_inner_2_training,2019-08-06T12:00:00Z,2019-08-11T12:00:00Z,2019-08-09T08:00:00Z,120hour_target_crosses_boundary
outer_or_final_1_inner_2_training,2019-08-06T13:00:00Z,2019-08-11T13:00:00Z,2019-08-09T08:00:00Z,120hour_target_crosses_boundary
outer_or_final_1_inner_2_training,2019-08-06T14:00:00Z,2019-08-11T14:00:00Z,2019-08-09T08:00:00Z,120hour_target_crosses_boundary
outer_or_final_1_inner_2_training,2019-08-06T15:00:00Z,2019-08-11T15:00:00Z,2019-08-09T08:00:00Z,120hour_target_crosses_boundary
outer_or_final_1_inner_2_training,2019-08-06T16:00:00Z,2019-08-11T16:00:00Z,2019-08-09T08:00:00Z,120hour_target_crosses_boundary
outer_or_final_1_inner_2_training,2019-08-06T17:00:00Z,2019-08-11T17:00:00Z,2019-08-09T08:00:00Z,120hour_target_crosses_boundary
outer_or_final_1_inner_2_training,2019-08-06T18:00:00Z,2019-08-11T18:00:00Z,2019-08-09T08:00:00Z,120hour_target_crosses_boundary
outer_or_final_1_inner_2_training,2019-08-06T19:00:00Z,2019-08-11T19:00:00Z,2019-08-09T08:00:00Z,120hour_target_crosses_boundary
outer_or_final_1_inner_2_training,2019-08-06T20:00:00Z,2019-08-11T20:00:00Z,2019-08-09T08:00:00Z,120hour_target_crosses_boundary
outer_or_final_1_inner_2_training,2019-08-06T21:00:00Z,2019-08-11T21:00:00Z,2019-08-09T08:00:00Z,120hour_target_crosses_boundary
outer_or_final_1_inner_2_training,2019-08-06T22:00:00Z,2019-08-11T22:00:00Z,2019-08-09T08:00:00Z,120hour_target_crosses_boundary
outer_or_final_1_inner_2_training,2019-08-06T23:00:00Z,2019-08-11T23:00:00Z,2019-08-09T08:00:00Z,120hour_target_crosses_boundary
outer_or_final_1_inner_2_training,2019-08-07T00:00:00Z,2019-08-12T00:00:00Z,2019-08-09T08:00:00Z,120hour_target_crosses_boundary
outer_or_final_1_inner_2_training,2019-08-07T01:00:00Z,2019-08-12T01:00:00Z,2019-08-09T08:00:00Z,120hour_target_crosses_boundary
outer_or_final_1_inner_2_training,2019-08-07T02:00:00Z,2019-08-12T02:00:00Z,2019-08-09T08:00:00Z,120hour_target_crosses_boundary
outer_or_final_1_inner_2_training,2019-08-07T03:00:00Z,2019-08-12T03:00:00Z,2019-08-09T08:00:00Z,120hour_target_crosses_boundary
outer_or_final_1_inner_2_training,2019-08-07T04:00:00Z,2019-08-12T04:00:00Z,2019-08-09T08:00:00Z,120hour_target_crosses_boundary
outer_or_final_1_inner_2_training,2019-08-07T05:00:00Z,2019-08-12T05:00:00Z,2019-08-09T08:00:00Z,120hour_target_crosses_boundary
outer_or_final_1_inner_2_training,2019-08-07T06:00:00Z,2019-08-12T06:00:00Z,2019-08-09T08:00:00Z,120hour_target_crosses_boundary
outer_or_final_1_inner_2_training,2019-08-07T07:00:00Z,2019-08-12T07:00:00Z,2019-08-09T08:00:00Z,120hour_target_crosses_boundary
outer_or_final_1_inner_2_training,2019-08-07T08:00:00Z,2019-08-12T08:00:00Z,2019-08-09T08:00:00Z,120hour_target_crosses_boundary
outer_or_final_1_inner_2_training,2019-08-07T09:00:00Z,2019-08-12T09:00:00Z,2019-08-09T08:00:00Z,120hour_target_crosses_boundary
outer_or_final_1_inner_2_training,2019-08-07T10:00:00Z,2019-08-12T10:00:00Z,2019-08-09T08:00:00Z,120hour_target_crosses_boundary
outer_or_final_1_inner_2_training,2019-08-07T11:00:00Z,2019-08-12T11:00:00Z,2019-08-09T08:00:00Z,120hour_target_crosses_boundary
outer_or_final_1_inner_2_training,2019-08-07T12:00:00Z,2019-08-12T12:00:00Z,2019-08-09T08:00:00Z,120hour_target_crosses_boundary
outer_or_final_1_inner_2_training,2019-08-07T13:00:00Z,2019-08-12T13:00:00Z,2019-08-09T08:00:00Z,120hour_target_crosses_boundary
outer_or_final_1_inner_2_training,2019-08-07T14:00:00Z,2019-08-12T14:00:00Z,2019-08-09T08:00:00Z,120hour_target_crosses_boundary
outer_or_final_1_inner_2_training,2019-08-07T15:00:00Z,2019-08-12T15:00:00Z,2019-08-09T08:00:00Z,120hour_target_crosses_boundary
outer_or_final_1_inner_2_training,2019-08-07T16:00:00Z,2019-08-12T16:00:00Z,2019-08-09T08:00:00Z,120hour_target_crosses_boundary
outer_or_final_1_inner_2_training,2019-08-07T17:00:00Z,2019-08-12T17:00:00Z,2019-08-09T08:00:00Z,120hour_target_crosses_boundary
outer_or_final_1_inner_2_training,2019-08-07T18:00:00Z,2019-08-12T18:00:00Z,2019-08-09T08:00:00Z,120hour_target_crosses_boundary
outer_or_final_1_inner_2_training,2019-08-07T19:00:00Z,2019-08-12T19:00:00Z,2019-08-09T08:00:00Z,120hour_target_crosses_boundary
outer_or_final_1_inner_2_training,2019-08-07T20:00:00Z,2019-08-12T20:00:00Z,2019-08-09T08:00:00Z,120hour_target_crosses_boundary
outer_or_final_1_inner_2_training,2019-08-07T21:00:00Z,2019-08-12T21:00:00Z,2019-08-09T08:00:00Z,120hour_target_crosses_boundary
outer_or_final_1_inner_2_training,2019-08-07T22:00:00Z,2019-08-12T22:00:00Z,2019-08-09T08:00:00Z,120hour_target_crosses_boundary
outer_or_final_1_inner_2_training,2019-08-07T23:00:00Z,2019-08-12T23:00:00Z,2019-08-09T08:00:00Z,120hour_target_crosses_boundary
outer_or_final_1_inner_2_training,2019-08-08T00:00:00Z,2019-08-13T00:00:00Z,2019-08-09T08:00:00Z,120hour_target_crosses_boundary
outer_or_final_1_inner_2_training,2019-08-08T01:00:00Z,2019-08-13T01:00:00Z,2019-08-09T08:00:00Z,120hour_target_crosses_boundary
outer_or_final_1_inner_2_training,2019-08-08T02:00:00Z,2019-08-13T02:00:00Z,2019-08-09T08:00:00Z,120hour_target_crosses_boundary
outer_or_final_1_inner_2_training,2019-08-08T03:00:00Z,2019-08-13T03:00:00Z,2019-08-09T08:00:00Z,120hour_target_crosses_boundary
outer_or_final_1_inner_2_training,2019-08-08T04:00:00Z,2019-08-13T04:00:00Z,2019-08-09T08:00:00Z,120hour_target_crosses_boundary
outer_or_final_1_inner_2_training,2019-08-08T05:00:00Z,2019-08-13T05:00:00Z,2019-08-09T08:00:00Z,120hour_target_crosses_boundary
outer_or_final_1_inner_2_training,2019-08-08T06:00:00Z,2019-08-13T06:00:00Z,2019-08-09T08:00:00Z,120hour_target_crosses_boundary
outer_or_final_1_inner_2_training,2019-08-08T07:00:00Z,2019-08-13T07:00:00Z,2019-08-09T08:00:00Z,120hour_target_crosses_boundary
outer_or_final_1_inner_2_training,2019-08-08T08:00:00Z,2019-08-13T08:00:00Z,2019-08-09T08:00:00Z,120hour_target_crosses_boundary
outer_or_final_1_inner_2_training,2019-08-08T09:00:00Z,2019-08-13T09:00:00Z,2019-08-09T08:00:00Z,120hour_target_crosses_boundary
outer_or_final_1_inner_2_training,2019-08-08T10:00:00Z,2019-08-13T10:00:00Z,2019-08-09T08:00:00Z,120hour_target_crosses_boundary
outer_or_final_1_inner_2_training,2019-08-08T11:00:00Z,2019-08-13T11:00:00Z,2019-08-09T08:00:00Z,120hour_target_crosses_boundary
outer_or_final_1_inner_2_training,2019-08-08T12:00:00Z,2019-08-13T12:00:00Z,2019-08-09T08:00:00Z,120hour_target_crosses_boundary
outer_or_final_1_inner_2_training,2019-08-08T13:00:00Z,2019-08-13T13:00:00Z,2019-08-09T08:00:00Z,120hour_target_crosses_boundary
outer_or_final_1_inner_2_training,2019-08-08T14:00:00Z,2019-08-13T14:00:00Z,2019-08-09T08:00:00Z,120hour_target_crosses_boundary
outer_or_final_1_inner_2_training,2019-08-08T15:00:00Z,2019-08-13T15:00:00Z,2019-08-09T08:00:00Z,120hour_target_crosses_boundary
outer_or_final_1_inner_2_training,2019-08-08T16:00:00Z,2019-08-13T16:00:00Z,2019-08-09T08:00:00Z,120hour_target_crosses_boundary
outer_or_final_1_inner_2_training,2019-08-08T17:00:00Z,2019-08-13T17:00:00Z,2019-08-09T08:00:00Z,120hour_target_crosses_boundary
outer_or_final_1_inner_2_training,2019-08-08T18:00:00Z,2019-08-13T18:00:00Z,2019-08-09T08:00:00Z,120hour_target_crosses_boundary
outer_or_final_1_inner_2_training,2019-08-08T19:00:00Z,2019-08-13T19:00:00Z,2019-08-09T08:00:00Z,120hour_target_crosses_boundary
outer_or_final_1_inner_2_training,2019-08-08T20:00:00Z,2019-08-13T20:00:00Z,2019-08-09T08:00:00Z,120hour_target_crosses_boundary
outer_or_final_1_inner_2_training,2019-08-08T21:00:00Z,2019-08-13T21:00:00Z,2019-08-09T08:00:00Z,120hour_target_crosses_boundary
outer_or_final_1_inner_2_training,2019-08-08T22:00:00Z,2019-08-13T22:00:00Z,2019-08-09T08:00:00Z,120hour_target_crosses_boundary
outer_or_final_1_inner_2_training,2019-08-08T23:00:00Z,2019-08-13T23:00:00Z,2019-08-09T08:00:00Z,120hour_target_crosses_boundary
outer_or_final_1_inner_2_training,2019-08-09T00:00:00Z,2019-08-14T00:00:00Z,2019-08-09T08:00:00Z,120hour_target_crosses_boundary
outer_or_final_1_inner_2_training,2019-08-09T01:00:00Z,2019-08-14T01:00:00Z,2019-08-09T08:00:00Z,120hour_target_crosses_boundary
outer_or_final_1_inner_2_training,2019-08-09T02:00:00Z,2019-08-14T02:00:00Z,2019-08-09T08:00:00Z,120hour_target_crosses_boundary
outer_or_final_1_inner_2_training,2019-08-09T03:00:00Z,2019-08-14T03:00:00Z,2019-08-09T08:00:00Z,120hour_target_crosses_boundary
outer_or_final_1_inner_2_training,2019-08-09T04:00:00Z,2019-08-14T04:00:00Z,2019-08-09T08:00:00Z,120hour_target_crosses_boundary
outer_or_final_1_inner_2_training,2019-08-09T05:00:00Z,2019-08-14T05:00:00Z,2019-08-09T08:00:00Z,120hour_target_crosses_boundary
outer_or_final_1_inner_2_training,2019-08-09T06:00:00Z,2019-08-14T06:00:00Z,2019-08-09T08:00:00Z,120hour_target_crosses_boundary
outer_or_final_1_inner_2_training,2019-08-09T07:00:00Z,2019-08-14T07:00:00Z,2019-08-09T08:00:00Z,120hour_target_crosses_boundary
outer_or_final_1_inner_2_validation,2020-03-28T17:00:00Z,2020-04-02T17:00:00Z,2020-04-02T16:00:00Z,120hour_target_crosses_boundary
outer_or_final_1_inner_2_validation,2020-03-28T18:00:00Z,2020-04-02T18:00:00Z,2020-04-02T16:00:00Z,120hour_target_crosses_boundary
outer_or_final_1_inner_2_validation,2020-03-28T19:00:00Z,2020-04-02T19:00:00Z,2020-04-02T16:00:00Z,120hour_target_crosses_boundary
outer_or_final_1_inner_2_validation,2020-03-28T20:00:00Z,2020-04-02T20:00:00Z,2020-04-02T16:00:00Z,120hour_target_crosses_boundary
outer_or_final_1_inner_2_validation,2020-03-28T21:00:00Z,2020-04-02T21:00:00Z,2020-04-02T16:00:00Z,120hour_target_crosses_boundary
outer_or_final_1_inner_2_validation,2020-03-28T22:00:00Z,2020-04-02T22:00:00Z,2020-04-02T16:00:00Z,120hour_target_crosses_boundary
outer_or_final_1_inner_2_validation,2020-03-28T23:00:00Z,2020-04-02T23:00:00Z,2020-04-02T16:00:00Z,120hour_target_crosses_boundary
outer_or_final_1_inner_2_validation,2020-03-29T00:00:00Z,2020-04-03T00:00:00Z,2020-04-02T16:00:00Z,120hour_target_crosses_boundary
outer_or_final_1_inner_2_validation,2020-03-29T01:00:00Z,2020-04-03T01:00:00Z,2020-04-02T16:00:00Z,120hour_target_crosses_boundary
outer_or_final_1_inner_2_validation,2020-03-29T02:00:00Z,2020-04-03T02:00:00Z,2020-04-02T16:00:00Z,120hour_target_crosses_boundary
outer_or_final_1_inner_2_validation,2020-03-29T03:00:00Z,2020-04-03T03:00:00Z,2020-04-02T16:00:00Z,120hour_target_crosses_boundary
outer_or_final_1_inner_2_validation,2020-03-29T04:00:00Z,2020-04-03T04:00:00Z,2020-04-02T16:00:00Z,120hour_target_crosses_boundary
outer_or_final_1_inner_2_validation,2020-03-29T05:00:00Z,2020-04-03T05:00:00Z,2020-04-02T16:00:00Z,120hour_target_crosses_boundary
outer_or_final_1_inner_2_validation,2020-03-29T06:00:00Z,2020-04-03T06:00:00Z,2020-04-02T16:00:00Z,120hour_target_crosses_boundary
outer_or_final_1_inner_2_validation,2020-03-29T07:00:00Z,2020-04-03T07:00:00Z,2020-04-02T16:00:00Z,120hour_target_crosses_boundary
outer_or_final_1_inner_2_validation,2020-03-29T08:00:00Z,2020-04-03T08:00:00Z,2020-04-02T16:00:00Z,120hour_target_crosses_boundary
outer_or_final_1_inner_2_validation,2020-03-29T09:00:00Z,2020-04-03T09:00:00Z,2020-04-02T16:00:00Z,120hour_target_crosses_boundary
outer_or_final_1_inner_2_validation,2020-03-29T10:00:00Z,2020-04-03T10:00:00Z,2020-04-02T16:00:00Z,120hour_target_crosses_boundary
outer_or_final_1_inner_2_validation,2020-03-29T11:00:00Z,2020-04-03T11:00:00Z,2020-04-02T16:00:00Z,120hour_target_crosses_boundary
outer_or_final_1_inner_2_validation,2020-03-29T12:00:00Z,2020-04-03T12:00:00Z,2020-04-02T16:00:00Z,120hour_target_crosses_boundary
outer_or_final_1_inner_2_validation,2020-03-29T13:00:00Z,2020-04-03T13:00:00Z,2020-04-02T16:00:00Z,120hour_target_crosses_boundary
outer_or_final_1_inner_2_validation,2020-03-29T14:00:00Z,2020-04-03T14:00:00Z,2020-04-02T16:00:00Z,120hour_target_crosses_boundary
outer_or_final_1_inner_2_validation,2020-03-29T15:00:00Z,2020-04-03T15:00:00Z,2020-04-02T16:00:00Z,120hour_target_crosses_boundary
outer_or_final_1_inner_2_validation,2020-03-29T16:00:00Z,2020-04-03T16:00:00Z,2020-04-02T16:00:00Z,120hour_target_crosses_boundary
outer_or_final_1_inner_2_validation,2020-03-29T17:00:00Z,2020-04-03T17:00:00Z,2020-04-02T16:00:00Z,120hour_target_crosses_boundary
outer_or_final_1_inner_2_validation,2020-03-29T18:00:00Z,2020-04-03T18:00:00Z,2020-04-02T16:00:00Z,120hour_target_crosses_boundary
outer_or_final_1_inner_2_validation,2020-03-29T19:00:00Z,2020-04-03T19:00:00Z,2020-04-02T16:00:00Z,120hour_target_crosses_boundary
outer_or_final_1_inner_2_validation,2020-03-29T20:00:00Z,2020-04-03T20:00:00Z,2020-04-02T16:00:00Z,120hour_target_crosses_boundary
outer_or_final_1_inner_2_validation,2020-03-29T21:00:00Z,2020-04-03T21:00:00Z,2020-04-02T16:00:00Z,120hour_target_crosses_boundary
outer_or_final_1_inner_2_validation,2020-03-29T22:00:00Z,2020-04-03T22:00:00Z,2020-04-02T16:00:00Z,120hour_target_crosses_boundary
outer_or_final_1_inner_2_validation,2020-03-29T23:00:00Z,2020-04-03T23:00:00Z,2020-04-02T16:00:00Z,120hour_target_crosses_boundary
outer_or_final_1_inner_2_validation,2020-03-30T00:00:00Z,2020-04-04T00:00:00Z,2020-04-02T16:00:00Z,120hour_target_crosses_boundary
outer_or_final_1_inner_2_validation,2020-03-30T01:00:00Z,2020-04-04T01:00:00Z,2020-04-02T16:00:00Z,120hour_target_crosses_boundary
outer_or_final_1_inner_2_validation,2020-03-30T02:00:00Z,2020-04-04T02:00:00Z,2020-04-02T16:00:00Z,120hour_target_crosses_boundary
outer_or_final_1_inner_2_validation,2020-03-30T03:00:00Z,2020-04-04T03:00:00Z,2020-04-02T16:00:00Z,120hour_target_crosses_boundary
outer_or_final_1_inner_2_validation,2020-03-30T04:00:00Z,2020-04-04T04:00:00Z,2020-04-02T16:00:00Z,120hour_target_crosses_boundary
outer_or_final_1_inner_2_validation,2020-03-30T05:00:00Z,2020-04-04T05:00:00Z,2020-04-02T16:00:00Z,120hour_target_crosses_boundary
outer_or_final_1_inner_2_validation,2020-03-30T06:00:00Z,2020-04-04T06:00:00Z,2020-04-02T16:00:00Z,120hour_target_crosses_boundary
outer_or_final_1_inner_2_validation,2020-03-30T07:00:00Z,2020-04-04T07:00:00Z,2020-04-02T16:00:00Z,120hour_target_crosses_boundary
outer_or_final_1_inner_2_validation,2020-03-30T08:00:00Z,2020-04-04T08:00:00Z,2020-04-02T16:00:00Z,120hour_target_crosses_boundary
outer_or_final_1_inner_2_validation,2020-03-30T09:00:00Z,2020-04-04T09:00:00Z,2020-04-02T16:00:00Z,120hour_target_crosses_boundary
outer_or_final_1_inner_2_validation,2020-03-30T10:00:00Z,2020-04-04T10:00:00Z,2020-04-02T16:00:00Z,120hour_target_crosses_boundary
outer_or_final_1_inner_2_validation,2020-03-30T11:00:00Z,2020-04-04T11:00:00Z,2020-04-02T16:00:00Z,120hour_target_crosses_boundary
outer_or_final_1_inner_2_validation,2020-03-30T12:00:00Z,2020-04-04T12:00:00Z,2020-04-02T16:00:00Z,120hour_target_crosses_boundary
outer_or_final_1_inner_2_validation,2020-03-30T13:00:00Z,2020-04-04T13:00:00Z,2020-04-02T16:00:00Z,120hour_target_crosses_boundary
outer_or_final_1_inner_2_validation,2020-03-30T14:00:00Z,2020-04-04T14:00:00Z,2020-04-02T16:00:00Z,120hour_target_crosses_boundary
outer_or_final_1_inner_2_validation,2020-03-30T15:00:00Z,2020-04-04T15:00:00Z,2020-04-02T16:00:00Z,120hour_target_crosses_boundary
outer_or_final_1_inner_2_validation,2020-03-30T16:00:00Z,2020-04-04T16:00:00Z,2020-04-02T16:00:00Z,120hour_target_crosses_boundary
outer_or_final_1_inner_2_validation,2020-03-30T17:00:00Z,2020-04-04T17:00:00Z,2020-04-02T16:00:00Z,120hour_target_crosses_boundary
outer_or_final_1_inner_2_validation,2020-03-30T18:00:00Z,2020-04-04T18:00:00Z,2020-04-02T16:00:00Z,120hour_target_crosses_boundary
outer_or_final_1_inner_2_validation,2020-03-30T19:00:00Z,2020-04-04T19:00:00Z,2020-04-02T16:00:00Z,120hour_target_crosses_boundary
outer_or_final_1_inner_2_validation,2020-03-30T20:00:00Z,2020-04-04T20:00:00Z,2020-04-02T16:00:00Z,120hour_target_crosses_boundary
outer_or_final_1_inner_2_validation,2020-03-30T21:00:00Z,2020-04-04T21:00:00Z,2020-04-02T16:00:00Z,120hour_target_crosses_boundary
outer_or_final_1_inner_2_validation,2020-03-30T22:00:00Z,2020-04-04T22:00:00Z,2020-04-02T16:00:00Z,120hour_target_crosses_boundary
outer_or_final_1_inner_2_validation,2020-03-30T23:00:00Z,2020-04-04T23:00:00Z,2020-04-02T16:00:00Z,120hour_target_crosses_boundary
outer_or_final_1_inner_2_validation,2020-03-31T00:00:00Z,2020-04-05T00:00:00Z,2020-04-02T16:00:00Z,120hour_target_crosses_boundary
outer_or_final_1_inner_2_validation,2020-03-31T01:00:00Z,2020-04-05T01:00:00Z,2020-04-02T16:00:00Z,120hour_target_crosses_boundary
outer_or_final_1_inner_2_validation,2020-03-31T02:00:00Z,2020-04-05T02:00:00Z,2020-04-02T16:00:00Z,120hour_target_crosses_boundary
outer_or_final_1_inner_2_validation,2020-03-31T03:00:00Z,2020-04-05T03:00:00Z,2020-04-02T16:00:00Z,120hour_target_crosses_boundary
outer_or_final_1_inner_2_validation,2020-03-31T04:00:00Z,2020-04-05T04:00:00Z,2020-04-02T16:00:00Z,120hour_target_crosses_boundary
outer_or_final_1_inner_2_validation,2020-03-31T05:00:00Z,2020-04-05T05:00:00Z,2020-04-02T16:00:00Z,120hour_target_crosses_boundary
outer_or_final_1_inner_2_validation,2020-03-31T06:00:00Z,2020-04-05T06:00:00Z,2020-04-02T16:00:00Z,120hour_target_crosses_boundary
outer_or_final_1_inner_2_validation,2020-03-31T07:00:00Z,2020-04-05T07:00:00Z,2020-04-02T16:00:00Z,120hour_target_crosses_boundary
outer_or_final_1_inner_2_validation,2020-03-31T08:00:00Z,2020-04-05T08:00:00Z,2020-04-02T16:00:00Z,120hour_target_crosses_boundary
outer_or_final_1_inner_2_validation,2020-03-31T09:00:00Z,2020-04-05T09:00:00Z,2020-04-02T16:00:00Z,120hour_target_crosses_boundary
outer_or_final_1_inner_2_validation,2020-03-31T10:00:00Z,2020-04-05T10:00:00Z,2020-04-02T16:00:00Z,120hour_target_crosses_boundary
outer_or_final_1_inner_2_validation,2020-03-31T11:00:00Z,2020-04-05T11:00:00Z,2020-04-02T16:00:00Z,120hour_target_crosses_boundary
outer_or_final_1_inner_2_validation,2020-03-31T12:00:00Z,2020-04-05T12:00:00Z,2020-04-02T16:00:00Z,120hour_target_crosses_boundary
outer_or_final_1_inner_2_validation,2020-03-31T13:00:00Z,2020-04-05T13:00:00Z,2020-04-02T16:00:00Z,120hour_target_crosses_boundary
outer_or_final_1_inner_2_validation,2020-03-31T14:00:00Z,2020-04-05T14:00:00Z,2020-04-02T16:00:00Z,120hour_target_crosses_boundary
outer_or_final_1_inner_2_validation,2020-03-31T15:00:00Z,2020-04-05T15:00:00Z,2020-04-02T16:00:00Z,120hour_target_crosses_boundary
outer_or_final_1_inner_2_validation,2020-03-31T16:00:00Z,2020-04-05T16:00:00Z,2020-04-02T16:00:00Z,120hour_target_crosses_boundary
outer_or_final_1_inner_2_validation,2020-03-31T17:00:00Z,2020-04-05T17:00:00Z,2020-04-02T16:00:00Z,120hour_target_crosses_boundary
outer_or_final_1_inner_2_validation,2020-03-31T18:00:00Z,2020-04-05T18:00:00Z,2020-04-02T16:00:00Z,120hour_target_crosses_boundary
outer_or_final_1_inner_2_validation,2020-03-31T19:00:00Z,2020-04-05T19:00:00Z,2020-04-02T16:00:00Z,120hour_target_crosses_boundary
outer_or_final_1_inner_2_validation,2020-03-31T20:00:00Z,2020-04-05T20:00:00Z,2020-04-02T16:00:00Z,120hour_target_crosses_boundary
outer_or_final_1_inner_2_validation,2020-03-31T21:00:00Z,2020-04-05T21:00:00Z,2020-04-02T16:00:00Z,120hour_target_crosses_boundary
outer_or_final_1_inner_2_validation,2020-03-31T22:00:00Z,2020-04-05T22:00:00Z,2020-04-02T16:00:00Z,120hour_target_crosses_boundary
outer_or_final_1_inner_2_validation,2020-03-31T23:00:00Z,2020-04-05T23:00:00Z,2020-04-02T16:00:00Z,120hour_target_crosses_boundary
outer_or_final_1_inner_2_validation,2020-04-01T00:00:00Z,2020-04-06T00:00:00Z,2020-04-02T16:00:00Z,120hour_target_crosses_boundary
outer_or_final_1_inner_2_validation,2020-04-01T01:00:00Z,2020-04-06T01:00:00Z,2020-04-02T16:00:00Z,120hour_target_crosses_boundary
outer_or_final_1_inner_2_validation,2020-04-01T02:00:00Z,2020-04-06T02:00:00Z,2020-04-02T16:00:00Z,120hour_target_crosses_boundary
outer_or_final_1_inner_2_validation,2020-04-01T03:00:00Z,2020-04-06T03:00:00Z,2020-04-02T16:00:00Z,120hour_target_crosses_boundary
outer_or_final_1_inner_2_validation,2020-04-01T04:00:00Z,2020-04-06T04:00:00Z,2020-04-02T16:00:00Z,120hour_target_crosses_boundary
outer_or_final_1_inner_2_validation,2020-04-01T05:00:00Z,2020-04-06T05:00:00Z,2020-04-02T16:00:00Z,120hour_target_crosses_boundary
outer_or_final_1_inner_2_validation,2020-04-01T06:00:00Z,2020-04-06T06:00:00Z,2020-04-02T16:00:00Z,120hour_target_crosses_boundary
outer_or_final_1_inner_2_validation,2020-04-01T07:00:00Z,2020-04-06T07:00:00Z,2020-04-02T16:00:00Z,120hour_target_crosses_boundary
outer_or_final_1_inner_2_validation,2020-04-01T08:00:00Z,2020-04-06T08:00:00Z,2020-04-02T16:00:00Z,120hour_target_crosses_boundary
outer_or_final_1_inner_2_validation,2020-04-01T09:00:00Z,2020-04-06T09:00:00Z,2020-04-02T16:00:00Z,120hour_target_crosses_boundary
outer_or_final_1_inner_2_validation,2020-04-01T10:00:00Z,2020-04-06T10:00:00Z,2020-04-02T16:00:00Z,120hour_target_crosses_boundary
outer_or_final_1_inner_2_validation,2020-04-01T11:00:00Z,2020-04-06T11:00:00Z,2020-04-02T16:00:00Z,120hour_target_crosses_boundary
outer_or_final_1_inner_2_validation,2020-04-01T12:00:00Z,2020-04-06T12:00:00Z,2020-04-02T16:00:00Z,120hour_target_crosses_boundary
outer_or_final_1_inner_2_validation,2020-04-01T13:00:00Z,2020-04-06T13:00:00Z,2020-04-02T16:00:00Z,120hour_target_crosses_boundary
outer_or_final_1_inner_2_validation,2020-04-01T14:00:00Z,2020-04-06T14:00:00Z,2020-04-02T16:00:00Z,120hour_target_crosses_boundary
outer_or_final_1_inner_2_validation,2020-04-01T15:00:00Z,2020-04-06T15:00:00Z,2020-04-02T16:00:00Z,120hour_target_crosses_boundary
outer_or_final_1_inner_2_validation,2020-04-01T16:00:00Z,2020-04-06T16:00:00Z,2020-04-02T16:00:00Z,120hour_target_crosses_boundary
outer_or_final_1_inner_2_validation,2020-04-01T17:00:00Z,2020-04-06T17:00:00Z,2020-04-02T16:00:00Z,120hour_target_crosses_boundary
outer_or_final_1_inner_2_validation,2020-04-01T18:00:00Z,2020-04-06T18:00:00Z,2020-04-02T16:00:00Z,120hour_target_crosses_boundary
outer_or_final_1_inner_2_validation,2020-04-01T19:00:00Z,2020-04-06T19:00:00Z,2020-04-02T16:00:00Z,120hour_target_crosses_boundary
outer_or_final_1_inner_2_validation,2020-04-01T20:00:00Z,2020-04-06T20:00:00Z,2020-04-02T16:00:00Z,120hour_target_crosses_boundary
outer_or_final_1_inner_2_validation,2020-04-01T21:00:00Z,2020-04-06T21:00:00Z,2020-04-02T16:00:00Z,120hour_target_crosses_boundary
outer_or_final_1_inner_2_validation,2020-04-01T22:00:00Z,2020-04-06T22:00:00Z,2020-04-02T16:00:00Z,120hour_target_crosses_boundary
outer_or_final_1_inner_2_validation,2020-04-01T23:00:00Z,2020-04-06T23:00:00Z,2020-04-02T16:00:00Z,120hour_target_crosses_boundary
outer_or_final_1_inner_2_validation,2020-04-02T00:00:00Z,2020-04-07T00:00:00Z,2020-04-02T16:00:00Z,120hour_target_crosses_boundary
outer_or_final_1_inner_2_validation,2020-04-02T01:00:00Z,2020-04-07T01:00:00Z,2020-04-02T16:00:00Z,120hour_target_crosses_boundary
outer_or_final_1_inner_2_validation,2020-04-02T02:00:00Z,2020-04-07T02:00:00Z,2020-04-02T16:00:00Z,120hour_target_crosses_boundary
outer_or_final_1_inner_2_validation,2020-04-02T03:00:00Z,2020-04-07T03:00:00Z,2020-04-02T16:00:00Z,120hour_target_crosses_boundary
outer_or_final_1_inner_2_validation,2020-04-02T04:00:00Z,2020-04-07T04:00:00Z,2020-04-02T16:00:00Z,120hour_target_crosses_boundary
outer_or_final_1_inner_2_validation,2020-04-02T05:00:00Z,2020-04-07T05:00:00Z,2020-04-02T16:00:00Z,120hour_target_crosses_boundary
outer_or_final_1_inner_2_validation,2020-04-02T06:00:00Z,2020-04-07T06:00:00Z,2020-04-02T16:00:00Z,120hour_target_crosses_boundary
outer_or_final_1_inner_2_validation,2020-04-02T07:00:00Z,2020-04-07T07:00:00Z,2020-04-02T16:00:00Z,120hour_target_crosses_boundary
outer_or_final_1_inner_2_validation,2020-04-02T08:00:00Z,2020-04-07T08:00:00Z,2020-04-02T16:00:00Z,120hour_target_crosses_boundary
outer_or_final_1_inner_2_validation,2020-04-02T09:00:00Z,2020-04-07T09:00:00Z,2020-04-02T16:00:00Z,120hour_target_crosses_boundary
outer_or_final_1_inner_2_validation,2020-04-02T10:00:00Z,2020-04-07T10:00:00Z,2020-04-02T16:00:00Z,120hour_target_crosses_boundary
outer_or_final_1_inner_2_validation,2020-04-02T11:00:00Z,2020-04-07T11:00:00Z,2020-04-02T16:00:00Z,120hour_target_crosses_boundary
outer_or_final_1_inner_2_validation,2020-04-02T12:00:00Z,2020-04-07T12:00:00Z,2020-04-02T16:00:00Z,120hour_target_crosses_boundary
outer_or_final_1_inner_2_validation,2020-04-02T13:00:00Z,2020-04-07T13:00:00Z,2020-04-02T16:00:00Z,120hour_target_crosses_boundary
outer_or_final_1_inner_2_validation,2020-04-02T14:00:00Z,2020-04-07T14:00:00Z,2020-04-02T16:00:00Z,120hour_target_crosses_boundary
outer_or_final_1_inner_2_validation,2020-04-02T15:00:00Z,2020-04-07T15:00:00Z,2020-04-02T16:00:00Z,120hour_target_crosses_boundary
outer_or_final_1_inner_3_training,2020-03-28T17:00:00Z,2020-04-02T17:00:00Z,2020-04-02T16:00:00Z,120hour_target_crosses_boundary
outer_or_final_1_inner_3_training,2020-03-28T18:00:00Z,2020-04-02T18:00:00Z,2020-04-02T16:00:00Z,120hour_target_crosses_boundary
outer_or_final_1_inner_3_training,2020-03-28T19:00:00Z,2020-04-02T19:00:00Z,2020-04-02T16:00:00Z,120hour_target_crosses_boundary
outer_or_final_1_inner_3_training,2020-03-28T20:00:00Z,2020-04-02T20:00:00Z,2020-04-02T16:00:00Z,120hour_target_crosses_boundary
outer_or_final_1_inner_3_training,2020-03-28T21:00:00Z,2020-04-02T21:00:00Z,2020-04-02T16:00:00Z,120hour_target_crosses_boundary
outer_or_final_1_inner_3_training,2020-03-28T22:00:00Z,2020-04-02T22:00:00Z,2020-04-02T16:00:00Z,120hour_target_crosses_boundary
outer_or_final_1_inner_3_training,2020-03-28T23:00:00Z,2020-04-02T23:00:00Z,2020-04-02T16:00:00Z,120hour_target_crosses_boundary
outer_or_final_1_inner_3_training,2020-03-29T00:00:00Z,2020-04-03T00:00:00Z,2020-04-02T16:00:00Z,120hour_target_crosses_boundary
outer_or_final_1_inner_3_training,2020-03-29T01:00:00Z,2020-04-03T01:00:00Z,2020-04-02T16:00:00Z,120hour_target_crosses_boundary
outer_or_final_1_inner_3_training,2020-03-29T02:00:00Z,2020-04-03T02:00:00Z,2020-04-02T16:00:00Z,120hour_target_crosses_boundary
outer_or_final_1_inner_3_training,2020-03-29T03:00:00Z,2020-04-03T03:00:00Z,2020-04-02T16:00:00Z,120hour_target_crosses_boundary
outer_or_final_1_inner_3_training,2020-03-29T04:00:00Z,2020-04-03T04:00:00Z,2020-04-02T16:00:00Z,120hour_target_crosses_boundary
outer_or_final_1_inner_3_training,2020-03-29T05:00:00Z,2020-04-03T05:00:00Z,2020-04-02T16:00:00Z,120hour_target_crosses_boundary
outer_or_final_1_inner_3_training,2020-03-29T06:00:00Z,2020-04-03T06:00:00Z,2020-04-02T16:00:00Z,120hour_target_crosses_boundary
outer_or_final_1_inner_3_training,2020-03-29T07:00:00Z,2020-04-03T07:00:00Z,2020-04-02T16:00:00Z,120hour_target_crosses_boundary
outer_or_final_1_inner_3_training,2020-03-29T08:00:00Z,2020-04-03T08:00:00Z,2020-04-02T16:00:00Z,120hour_target_crosses_boundary
outer_or_final_1_inner_3_training,2020-03-29T09:00:00Z,2020-04-03T09:00:00Z,2020-04-02T16:00:00Z,120hour_target_crosses_boundary
outer_or_final_1_inner_3_training,2020-03-29T10:00:00Z,2020-04-03T10:00:00Z,2020-04-02T16:00:00Z,120hour_target_crosses_boundary
outer_or_final_1_inner_3_training,2020-03-29T11:00:00Z,2020-04-03T11:00:00Z,2020-04-02T16:00:00Z,120hour_target_crosses_boundary
outer_or_final_1_inner_3_training,2020-03-29T12:00:00Z,2020-04-03T12:00:00Z,2020-04-02T16:00:00Z,120hour_target_crosses_boundary
outer_or_final_1_inner_3_training,2020-03-29T13:00:00Z,2020-04-03T13:00:00Z,2020-04-02T16:00:00Z,120hour_target_crosses_boundary
outer_or_final_1_inner_3_training,2020-03-29T14:00:00Z,2020-04-03T14:00:00Z,2020-04-02T16:00:00Z,120hour_target_crosses_boundary
outer_or_final_1_inner_3_training,2020-03-29T15:00:00Z,2020-04-03T15:00:00Z,2020-04-02T16:00:00Z,120hour_target_crosses_boundary
outer_or_final_1_inner_3_training,2020-03-29T16:00:00Z,2020-04-03T16:00:00Z,2020-04-02T16:00:00Z,120hour_target_crosses_boundary
outer_or_final_1_inner_3_training,2020-03-29T17:00:00Z,2020-04-03T17:00:00Z,2020-04-02T16:00:00Z,120hour_target_crosses_boundary
outer_or_final_1_inner_3_training,2020-03-29T18:00:00Z,2020-04-03T18:00:00Z,2020-04-02T16:00:00Z,120hour_target_crosses_boundary
outer_or_final_1_inner_3_training,2020-03-29T19:00:00Z,2020-04-03T19:00:00Z,2020-04-02T16:00:00Z,120hour_target_crosses_boundary
outer_or_final_1_inner_3_training,2020-03-29T20:00:00Z,2020-04-03T20:00:00Z,2020-04-02T16:00:00Z,120hour_target_crosses_boundary
outer_or_final_1_inner_3_training,2020-03-29T21:00:00Z,2020-04-03T21:00:00Z,2020-04-02T16:00:00Z,120hour_target_crosses_boundary
outer_or_final_1_inner_3_training,2020-03-29T22:00:00Z,2020-04-03T22:00:00Z,2020-04-02T16:00:00Z,120hour_target_crosses_boundary
outer_or_final_1_inner_3_training,2020-03-29T23:00:00Z,2020-04-03T23:00:00Z,2020-04-02T16:00:00Z,120hour_target_crosses_boundary
outer_or_final_1_inner_3_training,2020-03-30T00:00:00Z,2020-04-04T00:00:00Z,2020-04-02T16:00:00Z,120hour_target_crosses_boundary
outer_or_final_1_inner_3_training,2020-03-30T01:00:00Z,2020-04-04T01:00:00Z,2020-04-02T16:00:00Z,120hour_target_crosses_boundary
outer_or_final_1_inner_3_training,2020-03-30T02:00:00Z,2020-04-04T02:00:00Z,2020-04-02T16:00:00Z,120hour_target_crosses_boundary
outer_or_final_1_inner_3_training,2020-03-30T03:00:00Z,2020-04-04T03:00:00Z,2020-04-02T16:00:00Z,120hour_target_crosses_boundary
outer_or_final_1_inner_3_training,2020-03-30T04:00:00Z,2020-04-04T04:00:00Z,2020-04-02T16:00:00Z,120hour_target_crosses_boundary
outer_or_final_1_inner_3_training,2020-03-30T05:00:00Z,2020-04-04T05:00:00Z,2020-04-02T16:00:00Z,120hour_target_crosses_boundary
outer_or_final_1_inner_3_training,2020-03-30T06:00:00Z,2020-04-04T06:00:00Z,2020-04-02T16:00:00Z,120hour_target_crosses_boundary
outer_or_final_1_inner_3_training,2020-03-30T07:00:00Z,2020-04-04T07:00:00Z,2020-04-02T16:00:00Z,120hour_target_crosses_boundary
outer_or_final_1_inner_3_training,2020-03-30T08:00:00Z,2020-04-04T08:00:00Z,2020-04-02T16:00:00Z,120hour_target_crosses_boundary
outer_or_final_1_inner_3_training,2020-03-30T09:00:00Z,2020-04-04T09:00:00Z,2020-04-02T16:00:00Z,120hour_target_crosses_boundary
outer_or_final_1_inner_3_training,2020-03-30T10:00:00Z,2020-04-04T10:00:00Z,2020-04-02T16:00:00Z,120hour_target_crosses_boundary
outer_or_final_1_inner_3_training,2020-03-30T11:00:00Z,2020-04-04T11:00:00Z,2020-04-02T16:00:00Z,120hour_target_crosses_boundary
outer_or_final_1_inner_3_training,2020-03-30T12:00:00Z,2020-04-04T12:00:00Z,2020-04-02T16:00:00Z,120hour_target_crosses_boundary
outer_or_final_1_inner_3_training,2020-03-30T13:00:00Z,2020-04-04T13:00:00Z,2020-04-02T16:00:00Z,120hour_target_crosses_boundary
outer_or_final_1_inner_3_training,2020-03-30T14:00:00Z,2020-04-04T14:00:00Z,2020-04-02T16:00:00Z,120hour_target_crosses_boundary
outer_or_final_1_inner_3_training,2020-03-30T15:00:00Z,2020-04-04T15:00:00Z,2020-04-02T16:00:00Z,120hour_target_crosses_boundary
outer_or_final_1_inner_3_training,2020-03-30T16:00:00Z,2020-04-04T16:00:00Z,2020-04-02T16:00:00Z,120hour_target_crosses_boundary
outer_or_final_1_inner_3_training,2020-03-30T17:00:00Z,2020-04-04T17:00:00Z,2020-04-02T16:00:00Z,120hour_target_crosses_boundary
outer_or_final_1_inner_3_training,2020-03-30T18:00:00Z,2020-04-04T18:00:00Z,2020-04-02T16:00:00Z,120hour_target_crosses_boundary
outer_or_final_1_inner_3_training,2020-03-30T19:00:00Z,2020-04-04T19:00:00Z,2020-04-02T16:00:00Z,120hour_target_crosses_boundary
outer_or_final_1_inner_3_training,2020-03-30T20:00:00Z,2020-04-04T20:00:00Z,2020-04-02T16:00:00Z,120hour_target_crosses_boundary
outer_or_final_1_inner_3_training,2020-03-30T21:00:00Z,2020-04-04T21:00:00Z,2020-04-02T16:00:00Z,120hour_target_crosses_boundary
outer_or_final_1_inner_3_training,2020-03-30T22:00:00Z,2020-04-04T22:00:00Z,2020-04-02T16:00:00Z,120hour_target_crosses_boundary
outer_or_final_1_inner_3_training,2020-03-30T23:00:00Z,2020-04-04T23:00:00Z,2020-04-02T16:00:00Z,120hour_target_crosses_boundary
outer_or_final_1_inner_3_training,2020-03-31T00:00:00Z,2020-04-05T00:00:00Z,2020-04-02T16:00:00Z,120hour_target_crosses_boundary
outer_or_final_1_inner_3_training,2020-03-31T01:00:00Z,2020-04-05T01:00:00Z,2020-04-02T16:00:00Z,120hour_target_crosses_boundary
outer_or_final_1_inner_3_training,2020-03-31T02:00:00Z,2020-04-05T02:00:00Z,2020-04-02T16:00:00Z,120hour_target_crosses_boundary
outer_or_final_1_inner_3_training,2020-03-31T03:00:00Z,2020-04-05T03:00:00Z,2020-04-02T16:00:00Z,120hour_target_crosses_boundary
outer_or_final_1_inner_3_training,2020-03-31T04:00:00Z,2020-04-05T04:00:00Z,2020-04-02T16:00:00Z,120hour_target_crosses_boundary
outer_or_final_1_inner_3_training,2020-03-31T05:00:00Z,2020-04-05T05:00:00Z,2020-04-02T16:00:00Z,120hour_target_crosses_boundary
outer_or_final_1_inner_3_training,2020-03-31T06:00:00Z,2020-04-05T06:00:00Z,2020-04-02T16:00:00Z,120hour_target_crosses_boundary
outer_or_final_1_inner_3_training,2020-03-31T07:00:00Z,2020-04-05T07:00:00Z,2020-04-02T16:00:00Z,120hour_target_crosses_boundary
outer_or_final_1_inner_3_training,2020-03-31T08:00:00Z,2020-04-05T08:00:00Z,2020-04-02T16:00:00Z,120hour_target_crosses_boundary
outer_or_final_1_inner_3_training,2020-03-31T09:00:00Z,2020-04-05T09:00:00Z,2020-04-02T16:00:00Z,120hour_target_crosses_boundary
outer_or_final_1_inner_3_training,2020-03-31T10:00:00Z,2020-04-05T10:00:00Z,2020-04-02T16:00:00Z,120hour_target_crosses_boundary
outer_or_final_1_inner_3_training,2020-03-31T11:00:00Z,2020-04-05T11:00:00Z,2020-04-02T16:00:00Z,120hour_target_crosses_boundary
outer_or_final_1_inner_3_training,2020-03-31T12:00:00Z,2020-04-05T12:00:00Z,2020-04-02T16:00:00Z,120hour_target_crosses_boundary
outer_or_final_1_inner_3_training,2020-03-31T13:00:00Z,2020-04-05T13:00:00Z,2020-04-02T16:00:00Z,120hour_target_crosses_boundary
outer_or_final_1_inner_3_training,2020-03-31T14:00:00Z,2020-04-05T14:00:00Z,2020-04-02T16:00:00Z,120hour_target_crosses_boundary
outer_or_final_1_inner_3_training,2020-03-31T15:00:00Z,2020-04-05T15:00:00Z,2020-04-02T16:00:00Z,120hour_target_crosses_boundary
outer_or_final_1_inner_3_training,2020-03-31T16:00:00Z,2020-04-05T16:00:00Z,2020-04-02T16:00:00Z,120hour_target_crosses_boundary
outer_or_final_1_inner_3_training,2020-03-31T17:00:00Z,2020-04-05T17:00:00Z,2020-04-02T16:00:00Z,120hour_target_crosses_boundary
outer_or_final_1_inner_3_training,2020-03-31T18:00:00Z,2020-04-05T18:00:00Z,2020-04-02T16:00:00Z,120hour_target_crosses_boundary
outer_or_final_1_inner_3_training,2020-03-31T19:00:00Z,2020-04-05T19:00:00Z,2020-04-02T16:00:00Z,120hour_target_crosses_boundary
outer_or_final_1_inner_3_training,2020-03-31T20:00:00Z,2020-04-05T20:00:00Z,2020-04-02T16:00:00Z,120hour_target_crosses_boundary
outer_or_final_1_inner_3_training,2020-03-31T21:00:00Z,2020-04-05T21:00:00Z,2020-04-02T16:00:00Z,120hour_target_crosses_boundary
outer_or_final_1_inner_3_training,2020-03-31T22:00:00Z,2020-04-05T22:00:00Z,2020-04-02T16:00:00Z,120hour_target_crosses_boundary
outer_or_final_1_inner_3_training,2020-03-31T23:00:00Z,2020-04-05T23:00:00Z,2020-04-02T16:00:00Z,120hour_target_crosses_boundary
outer_or_final_1_inner_3_training,2020-04-01T00:00:00Z,2020-04-06T00:00:00Z,2020-04-02T16:00:00Z,120hour_target_crosses_boundary
outer_or_final_1_inner_3_training,2020-04-01T01:00:00Z,2020-04-06T01:00:00Z,2020-04-02T16:00:00Z,120hour_target_crosses_boundary
outer_or_final_1_inner_3_training,2020-04-01T02:00:00Z,2020-04-06T02:00:00Z,2020-04-02T16:00:00Z,120hour_target_crosses_boundary
outer_or_final_1_inner_3_training,2020-04-01T03:00:00Z,2020-04-06T03:00:00Z,2020-04-02T16:00:00Z,120hour_target_crosses_boundary
outer_or_final_1_inner_3_training,2020-04-01T04:00:00Z,2020-04-06T04:00:00Z,2020-04-02T16:00:00Z,120hour_target_crosses_boundary
outer_or_final_1_inner_3_training,2020-04-01T05:00:00Z,2020-04-06T05:00:00Z,2020-04-02T16:00:00Z,120hour_target_crosses_boundary
outer_or_final_1_inner_3_training,2020-04-01T06:00:00Z,2020-04-06T06:00:00Z,2020-04-02T16:00:00Z,120hour_target_crosses_boundary
outer_or_final_1_inner_3_training,2020-04-01T07:00:00Z,2020-04-06T07:00:00Z,2020-04-02T16:00:00Z,120hour_target_crosses_boundary
outer_or_final_1_inner_3_training,2020-04-01T08:00:00Z,2020-04-06T08:00:00Z,2020-04-02T16:00:00Z,120hour_target_crosses_boundary
outer_or_final_1_inner_3_training,2020-04-01T09:00:00Z,2020-04-06T09:00:00Z,2020-04-02T16:00:00Z,120hour_target_crosses_boundary
outer_or_final_1_inner_3_training,2020-04-01T10:00:00Z,2020-04-06T10:00:00Z,2020-04-02T16:00:00Z,120hour_target_crosses_boundary
outer_or_final_1_inner_3_training,2020-04-01T11:00:00Z,2020-04-06T11:00:00Z,2020-04-02T16:00:00Z,120hour_target_crosses_boundary
outer_or_final_1_inner_3_training,2020-04-01T12:00:00Z,2020-04-06T12:00:00Z,2020-04-02T16:00:00Z,120hour_target_crosses_boundary
outer_or_final_1_inner_3_training,2020-04-01T13:00:00Z,2020-04-06T13:00:00Z,2020-04-02T16:00:00Z,120hour_target_crosses_boundary
outer_or_final_1_inner_3_training,2020-04-01T14:00:00Z,2020-04-06T14:00:00Z,2020-04-02T16:00:00Z,120hour_target_crosses_boundary
outer_or_final_1_inner_3_training,2020-04-01T15:00:00Z,2020-04-06T15:00:00Z,2020-04-02T16:00:00Z,120hour_target_crosses_boundary
outer_or_final_1_inner_3_training,2020-04-01T16:00:00Z,2020-04-06T16:00:00Z,2020-04-02T16:00:00Z,120hour_target_crosses_boundary
outer_or_final_1_inner_3_training,2020-04-01T17:00:00Z,2020-04-06T17:00:00Z,2020-04-02T16:00:00Z,120hour_target_crosses_boundary
outer_or_final_1_inner_3_training,2020-04-01T18:00:00Z,2020-04-06T18:00:00Z,2020-04-02T16:00:00Z,120hour_target_crosses_boundary
outer_or_final_1_inner_3_training,2020-04-01T19:00:00Z,2020-04-06T19:00:00Z,2020-04-02T16:00:00Z,120hour_target_crosses_boundary
outer_or_final_1_inner_3_training,2020-04-01T20:00:00Z,2020-04-06T20:00:00Z,2020-04-02T16:00:00Z,120hour_target_crosses_boundary
outer_or_final_1_inner_3_training,2020-04-01T21:00:00Z,2020-04-06T21:00:00Z,2020-04-02T16:00:00Z,120hour_target_crosses_boundary
outer_or_final_1_inner_3_training,2020-04-01T22:00:00Z,2020-04-06T22:00:00Z,2020-04-02T16:00:00Z,120hour_target_crosses_boundary
outer_or_final_1_inner_3_training,2020-04-01T23:00:00Z,2020-04-06T23:00:00Z,2020-04-02T16:00:00Z,120hour_target_crosses_boundary
outer_or_final_1_inner_3_training,2020-04-02T00:00:00Z,2020-04-07T00:00:00Z,2020-04-02T16:00:00Z,120hour_target_crosses_boundary
outer_or_final_1_inner_3_training,2020-04-02T01:00:00Z,2020-04-07T01:00:00Z,2020-04-02T16:00:00Z,120hour_target_crosses_boundary
outer_or_final_1_inner_3_training,2020-04-02T02:00:00Z,2020-04-07T02:00:00Z,2020-04-02T16:00:00Z,120hour_target_crosses_boundary
outer_or_final_1_inner_3_training,2020-04-02T03:00:00Z,2020-04-07T03:00:00Z,2020-04-02T16:00:00Z,120hour_target_crosses_boundary
outer_or_final_1_inner_3_training,2020-04-02T04:00:00Z,2020-04-07T04:00:00Z,2020-04-02T16:00:00Z,120hour_target_crosses_boundary
outer_or_final_1_inner_3_training,2020-04-02T05:00:00Z,2020-04-07T05:00:00Z,2020-04-02T16:00:00Z,120hour_target_crosses_boundary
outer_or_final_1_inner_3_training,2020-04-02T06:00:00Z,2020-04-07T06:00:00Z,2020-04-02T16:00:00Z,120hour_target_crosses_boundary
outer_or_final_1_inner_3_training,2020-04-02T07:00:00Z,2020-04-07T07:00:00Z,2020-04-02T16:00:00Z,120hour_target_crosses_boundary
outer_or_final_1_inner_3_training,2020-04-02T08:00:00Z,2020-04-07T08:00:00Z,2020-04-02T16:00:00Z,120hour_target_crosses_boundary
outer_or_final_1_inner_3_training,2020-04-02T09:00:00Z,2020-04-07T09:00:00Z,2020-04-02T16:00:00Z,120hour_target_crosses_boundary
outer_or_final_1_inner_3_training,2020-04-02T10:00:00Z,2020-04-07T10:00:00Z,2020-04-02T16:00:00Z,120hour_target_crosses_boundary
outer_or_final_1_inner_3_training,2020-04-02T11:00:00Z,2020-04-07T11:00:00Z,2020-04-02T16:00:00Z,120hour_target_crosses_boundary
outer_or_final_1_inner_3_training,2020-04-02T12:00:00Z,2020-04-07T12:00:00Z,2020-04-02T16:00:00Z,120hour_target_crosses_boundary
outer_or_final_1_inner_3_training,2020-04-02T13:00:00Z,2020-04-07T13:00:00Z,2020-04-02T16:00:00Z,120hour_target_crosses_boundary
outer_or_final_1_inner_3_training,2020-04-02T14:00:00Z,2020-04-07T14:00:00Z,2020-04-02T16:00:00Z,120hour_target_crosses_boundary
outer_or_final_1_inner_3_training,2020-04-02T15:00:00Z,2020-04-07T15:00:00Z,2020-04-02T16:00:00Z,120hour_target_crosses_boundary
outer_or_final_1_inner_3_validation,2020-11-21T01:00:00Z,2020-11-26T01:00:00Z,2020-11-26T00:00:00Z,120hour_target_crosses_boundary
outer_or_final_1_inner_3_validation,2020-11-21T02:00:00Z,2020-11-26T02:00:00Z,2020-11-26T00:00:00Z,120hour_target_crosses_boundary
outer_or_final_1_inner_3_validation,2020-11-21T03:00:00Z,2020-11-26T03:00:00Z,2020-11-26T00:00:00Z,120hour_target_crosses_boundary
outer_or_final_1_inner_3_validation,2020-11-21T04:00:00Z,2020-11-26T04:00:00Z,2020-11-26T00:00:00Z,120hour_target_crosses_boundary
outer_or_final_1_inner_3_validation,2020-11-21T05:00:00Z,2020-11-26T05:00:00Z,2020-11-26T00:00:00Z,120hour_target_crosses_boundary
outer_or_final_1_inner_3_validation,2020-11-21T06:00:00Z,2020-11-26T06:00:00Z,2020-11-26T00:00:00Z,120hour_target_crosses_boundary
outer_or_final_1_inner_3_validation,2020-11-21T07:00:00Z,2020-11-26T07:00:00Z,2020-11-26T00:00:00Z,120hour_target_crosses_boundary
outer_or_final_1_inner_3_validation,2020-11-21T08:00:00Z,2020-11-26T08:00:00Z,2020-11-26T00:00:00Z,120hour_target_crosses_boundary
outer_or_final_1_inner_3_validation,2020-11-21T09:00:00Z,2020-11-26T09:00:00Z,2020-11-26T00:00:00Z,120hour_target_crosses_boundary
outer_or_final_1_inner_3_validation,2020-11-21T10:00:00Z,2020-11-26T10:00:00Z,2020-11-26T00:00:00Z,120hour_target_crosses_boundary
outer_or_final_1_inner_3_validation,2020-11-21T11:00:00Z,2020-11-26T11:00:00Z,2020-11-26T00:00:00Z,120hour_target_crosses_boundary
outer_or_final_1_inner_3_validation,2020-11-21T12:00:00Z,2020-11-26T12:00:00Z,2020-11-26T00:00:00Z,120hour_target_crosses_boundary
outer_or_final_1_inner_3_validation,2020-11-21T13:00:00Z,2020-11-26T13:00:00Z,2020-11-26T00:00:00Z,120hour_target_crosses_boundary
outer_or_final_1_inner_3_validation,2020-11-21T14:00:00Z,2020-11-26T14:00:00Z,2020-11-26T00:00:00Z,120hour_target_crosses_boundary
outer_or_final_1_inner_3_validation,2020-11-21T15:00:00Z,2020-11-26T15:00:00Z,2020-11-26T00:00:00Z,120hour_target_crosses_boundary
outer_or_final_1_inner_3_validation,2020-11-21T16:00:00Z,2020-11-26T16:00:00Z,2020-11-26T00:00:00Z,120hour_target_crosses_boundary
outer_or_final_1_inner_3_validation,2020-11-21T17:00:00Z,2020-11-26T17:00:00Z,2020-11-26T00:00:00Z,120hour_target_crosses_boundary
outer_or_final_1_inner_3_validation,2020-11-21T18:00:00Z,2020-11-26T18:00:00Z,2020-11-26T00:00:00Z,120hour_target_crosses_boundary
outer_or_final_1_inner_3_validation,2020-11-21T19:00:00Z,2020-11-26T19:00:00Z,2020-11-26T00:00:00Z,120hour_target_crosses_boundary
outer_or_final_1_inner_3_validation,2020-11-21T20:00:00Z,2020-11-26T20:00:00Z,2020-11-26T00:00:00Z,120hour_target_crosses_boundary
outer_or_final_1_inner_3_validation,2020-11-21T21:00:00Z,2020-11-26T21:00:00Z,2020-11-26T00:00:00Z,120hour_target_crosses_boundary
outer_or_final_1_inner_3_validation,2020-11-21T22:00:00Z,2020-11-26T22:00:00Z,2020-11-26T00:00:00Z,120hour_target_crosses_boundary
outer_or_final_1_inner_3_validation,2020-11-21T23:00:00Z,2020-11-26T23:00:00Z,2020-11-26T00:00:00Z,120hour_target_crosses_boundary
outer_or_final_1_inner_3_validation,2020-11-22T00:00:00Z,2020-11-27T00:00:00Z,2020-11-26T00:00:00Z,120hour_target_crosses_boundary
outer_or_final_1_inner_3_validation,2020-11-22T01:00:00Z,2020-11-27T01:00:00Z,2020-11-26T00:00:00Z,120hour_target_crosses_boundary
outer_or_final_1_inner_3_validation,2020-11-22T02:00:00Z,2020-11-27T02:00:00Z,2020-11-26T00:00:00Z,120hour_target_crosses_boundary
outer_or_final_1_inner_3_validation,2020-11-22T03:00:00Z,2020-11-27T03:00:00Z,2020-11-26T00:00:00Z,120hour_target_crosses_boundary
outer_or_final_1_inner_3_validation,2020-11-22T04:00:00Z,2020-11-27T04:00:00Z,2020-11-26T00:00:00Z,120hour_target_crosses_boundary
outer_or_final_1_inner_3_validation,2020-11-22T05:00:00Z,2020-11-27T05:00:00Z,2020-11-26T00:00:00Z,120hour_target_crosses_boundary
outer_or_final_1_inner_3_validation,2020-11-22T06:00:00Z,2020-11-27T06:00:00Z,2020-11-26T00:00:00Z,120hour_target_crosses_boundary
outer_or_final_1_inner_3_validation,2020-11-22T07:00:00Z,2020-11-27T07:00:00Z,2020-11-26T00:00:00Z,120hour_target_crosses_boundary
outer_or_final_1_inner_3_validation,2020-11-22T08:00:00Z,2020-11-27T08:00:00Z,2020-11-26T00:00:00Z,120hour_target_crosses_boundary
outer_or_final_1_inner_3_validation,2020-11-22T09:00:00Z,2020-11-27T09:00:00Z,2020-11-26T00:00:00Z,120hour_target_crosses_boundary
outer_or_final_1_inner_3_validation,2020-11-22T10:00:00Z,2020-11-27T10:00:00Z,2020-11-26T00:00:00Z,120hour_target_crosses_boundary
outer_or_final_1_inner_3_validation,2020-11-22T11:00:00Z,2020-11-27T11:00:00Z,2020-11-26T00:00:00Z,120hour_target_crosses_boundary
outer_or_final_1_inner_3_validation,2020-11-22T12:00:00Z,2020-11-27T12:00:00Z,2020-11-26T00:00:00Z,120hour_target_crosses_boundary
outer_or_final_1_inner_3_validation,2020-11-22T13:00:00Z,2020-11-27T13:00:00Z,2020-11-26T00:00:00Z,120hour_target_crosses_boundary
outer_or_final_1_inner_3_validation,2020-11-22T14:00:00Z,2020-11-27T14:00:00Z,2020-11-26T00:00:00Z,120hour_target_crosses_boundary
outer_or_final_1_inner_3_validation,2020-11-22T15:00:00Z,2020-11-27T15:00:00Z,2020-11-26T00:00:00Z,120hour_target_crosses_boundary
outer_or_final_1_inner_3_validation,2020-11-22T16:00:00Z,2020-11-27T16:00:00Z,2020-11-26T00:00:00Z,120hour_target_crosses_boundary
outer_or_final_1_inner_3_validation,2020-11-22T17:00:00Z,2020-11-27T17:00:00Z,2020-11-26T00:00:00Z,120hour_target_crosses_boundary
outer_or_final_1_inner_3_validation,2020-11-22T18:00:00Z,2020-11-27T18:00:00Z,2020-11-26T00:00:00Z,120hour_target_crosses_boundary
outer_or_final_1_inner_3_validation,2020-11-22T19:00:00Z,2020-11-27T19:00:00Z,2020-11-26T00:00:00Z,120hour_target_crosses_boundary
outer_or_final_1_inner_3_validation,2020-11-22T20:00:00Z,2020-11-27T20:00:00Z,2020-11-26T00:00:00Z,120hour_target_crosses_boundary
outer_or_final_1_inner_3_validation,2020-11-22T21:00:00Z,2020-11-27T21:00:00Z,2020-11-26T00:00:00Z,120hour_target_crosses_boundary
outer_or_final_1_inner_3_validation,2020-11-22T22:00:00Z,2020-11-27T22:00:00Z,2020-11-26T00:00:00Z,120hour_target_crosses_boundary
outer_or_final_1_inner_3_validation,2020-11-22T23:00:00Z,2020-11-27T23:00:00Z,2020-11-26T00:00:00Z,120hour_target_crosses_boundary
outer_or_final_1_inner_3_validation,2020-11-23T00:00:00Z,2020-11-28T00:00:00Z,2020-11-26T00:00:00Z,120hour_target_crosses_boundary
outer_or_final_1_inner_3_validation,2020-11-23T01:00:00Z,2020-11-28T01:00:00Z,2020-11-26T00:00:00Z,120hour_target_crosses_boundary
outer_or_final_1_inner_3_validation,2020-11-23T02:00:00Z,2020-11-28T02:00:00Z,2020-11-26T00:00:00Z,120hour_target_crosses_boundary
outer_or_final_1_inner_3_validation,2020-11-23T03:00:00Z,2020-11-28T03:00:00Z,2020-11-26T00:00:00Z,120hour_target_crosses_boundary
outer_or_final_1_inner_3_validation,2020-11-23T04:00:00Z,2020-11-28T04:00:00Z,2020-11-26T00:00:00Z,120hour_target_crosses_boundary
outer_or_final_1_inner_3_validation,2020-11-23T05:00:00Z,2020-11-28T05:00:00Z,2020-11-26T00:00:00Z,120hour_target_crosses_boundary
outer_or_final_1_inner_3_validation,2020-11-23T06:00:00Z,2020-11-28T06:00:00Z,2020-11-26T00:00:00Z,120hour_target_crosses_boundary
outer_or_final_1_inner_3_validation,2020-11-23T07:00:00Z,2020-11-28T07:00:00Z,2020-11-26T00:00:00Z,120hour_target_crosses_boundary
outer_or_final_1_inner_3_validation,2020-11-23T08:00:00Z,2020-11-28T08:00:00Z,2020-11-26T00:00:00Z,120hour_target_crosses_boundary
outer_or_final_1_inner_3_validation,2020-11-23T09:00:00Z,2020-11-28T09:00:00Z,2020-11-26T00:00:00Z,120hour_target_crosses_boundary
outer_or_final_1_inner_3_validation,2020-11-23T10:00:00Z,2020-11-28T10:00:00Z,2020-11-26T00:00:00Z,120hour_target_crosses_boundary
outer_or_final_1_inner_3_validation,2020-11-23T11:00:00Z,2020-11-28T11:00:00Z,2020-11-26T00:00:00Z,120hour_target_crosses_boundary
outer_or_final_1_inner_3_validation,2020-11-23T12:00:00Z,2020-11-28T12:00:00Z,2020-11-26T00:00:00Z,120hour_target_crosses_boundary
outer_or_final_1_inner_3_validation,2020-11-23T13:00:00Z,2020-11-28T13:00:00Z,2020-11-26T00:00:00Z,120hour_target_crosses_boundary
outer_or_final_1_inner_3_validation,2020-11-23T14:00:00Z,2020-11-28T14:00:00Z,2020-11-26T00:00:00Z,120hour_target_crosses_boundary
outer_or_final_1_inner_3_validation,2020-11-23T15:00:00Z,2020-11-28T15:00:00Z,2020-11-26T00:00:00Z,120hour_target_crosses_boundary
outer_or_final_1_inner_3_validation,2020-11-23T16:00:00Z,2020-11-28T16:00:00Z,2020-11-26T00:00:00Z,120hour_target_crosses_boundary
outer_or_final_1_inner_3_validation,2020-11-23T17:00:00Z,2020-11-28T17:00:00Z,2020-11-26T00:00:00Z,120hour_target_crosses_boundary
outer_or_final_1_inner_3_validation,2020-11-23T18:00:00Z,2020-11-28T18:00:00Z,2020-11-26T00:00:00Z,120hour_target_crosses_boundary
outer_or_final_1_inner_3_validation,2020-11-23T19:00:00Z,2020-11-28T19:00:00Z,2020-11-26T00:00:00Z,120hour_target_crosses_boundary
outer_or_final_1_inner_3_validation,2020-11-23T20:00:00Z,2020-11-28T20:00:00Z,2020-11-26T00:00:00Z,120hour_target_crosses_boundary
outer_or_final_1_inner_3_validation,2020-11-23T21:00:00Z,2020-11-28T21:00:00Z,2020-11-26T00:00:00Z,120hour_target_crosses_boundary
outer_or_final_1_inner_3_validation,2020-11-23T22:00:00Z,2020-11-28T22:00:00Z,2020-11-26T00:00:00Z,120hour_target_crosses_boundary
outer_or_final_1_inner_3_validation,2020-11-23T23:00:00Z,2020-11-28T23:00:00Z,2020-11-26T00:00:00Z,120hour_target_crosses_boundary
outer_or_final_1_inner_3_validation,2020-11-24T00:00:00Z,2020-11-29T00:00:00Z,2020-11-26T00:00:00Z,120hour_target_crosses_boundary
outer_or_final_1_inner_3_validation,2020-11-24T01:00:00Z,2020-11-29T01:00:00Z,2020-11-26T00:00:00Z,120hour_target_crosses_boundary
outer_or_final_1_inner_3_validation,2020-11-24T02:00:00Z,2020-11-29T02:00:00Z,2020-11-26T00:00:00Z,120hour_target_crosses_boundary
outer_or_final_1_inner_3_validation,2020-11-24T03:00:00Z,2020-11-29T03:00:00Z,2020-11-26T00:00:00Z,120hour_target_crosses_boundary
outer_or_final_1_inner_3_validation,2020-11-24T04:00:00Z,2020-11-29T04:00:00Z,2020-11-26T00:00:00Z,120hour_target_crosses_boundary
outer_or_final_1_inner_3_validation,2020-11-24T05:00:00Z,2020-11-29T05:00:00Z,2020-11-26T00:00:00Z,120hour_target_crosses_boundary
outer_or_final_1_inner_3_validation,2020-11-24T06:00:00Z,2020-11-29T06:00:00Z,2020-11-26T00:00:00Z,120hour_target_crosses_boundary
outer_or_final_1_inner_3_validation,2020-11-24T07:00:00Z,2020-11-29T07:00:00Z,2020-11-26T00:00:00Z,120hour_target_crosses_boundary
outer_or_final_1_inner_3_validation,2020-11-24T08:00:00Z,2020-11-29T08:00:00Z,2020-11-26T00:00:00Z,120hour_target_crosses_boundary
outer_or_final_1_inner_3_validation,2020-11-24T09:00:00Z,2020-11-29T09:00:00Z,2020-11-26T00:00:00Z,120hour_target_crosses_boundary
outer_or_final_1_inner_3_validation,2020-11-24T10:00:00Z,2020-11-29T10:00:00Z,2020-11-26T00:00:00Z,120hour_target_crosses_boundary
outer_or_final_1_inner_3_validation,2020-11-24T11:00:00Z,2020-11-29T11:00:00Z,2020-11-26T00:00:00Z,120hour_target_crosses_boundary
outer_or_final_1_inner_3_validation,2020-11-24T12:00:00Z,2020-11-29T12:00:00Z,2020-11-26T00:00:00Z,120hour_target_crosses_boundary
outer_or_final_1_inner_3_validation,2020-11-24T13:00:00Z,2020-11-29T13:00:00Z,2020-11-26T00:00:00Z,120hour_target_crosses_boundary
outer_or_final_1_inner_3_validation,2020-11-24T14:00:00Z,2020-11-29T14:00:00Z,2020-11-26T00:00:00Z,120hour_target_crosses_boundary
outer_or_final_1_inner_3_validation,2020-11-24T15:00:00Z,2020-11-29T15:00:00Z,2020-11-26T00:00:00Z,120hour_target_crosses_boundary
outer_or_final_1_inner_3_validation,2020-11-24T16:00:00Z,2020-11-29T16:00:00Z,2020-11-26T00:00:00Z,120hour_target_crosses_boundary
outer_or_final_1_inner_3_validation,2020-11-24T17:00:00Z,2020-11-29T17:00:00Z,2020-11-26T00:00:00Z,120hour_target_crosses_boundary
outer_or_final_1_inner_3_validation,2020-11-24T18:00:00Z,2020-11-29T18:00:00Z,2020-11-26T00:00:00Z,120hour_target_crosses_boundary
outer_or_final_1_inner_3_validation,2020-11-24T19:00:00Z,2020-11-29T19:00:00Z,2020-11-26T00:00:00Z,120hour_target_crosses_boundary
outer_or_final_1_inner_3_validation,2020-11-24T20:00:00Z,2020-11-29T20:00:00Z,2020-11-26T00:00:00Z,120hour_target_crosses_boundary
outer_or_final_1_inner_3_validation,2020-11-24T21:00:00Z,2020-11-29T21:00:00Z,2020-11-26T00:00:00Z,120hour_target_crosses_boundary
outer_or_final_1_inner_3_validation,2020-11-24T22:00:00Z,2020-11-29T22:00:00Z,2020-11-26T00:00:00Z,120hour_target_crosses_boundary
outer_or_final_1_inner_3_validation,2020-11-24T23:00:00Z,2020-11-29T23:00:00Z,2020-11-26T00:00:00Z,120hour_target_crosses_boundary
outer_or_final_1_inner_3_validation,2020-11-25T00:00:00Z,2020-11-30T00:00:00Z,2020-11-26T00:00:00Z,120hour_target_crosses_boundary
outer_or_final_1_inner_3_validation,2020-11-25T01:00:00Z,2020-11-30T01:00:00Z,2020-11-26T00:00:00Z,120hour_target_crosses_boundary
outer_or_final_1_inner_3_validation,2020-11-25T02:00:00Z,2020-11-30T02:00:00Z,2020-11-26T00:00:00Z,120hour_target_crosses_boundary
outer_or_final_1_inner_3_validation,2020-11-25T03:00:00Z,2020-11-30T03:00:00Z,2020-11-26T00:00:00Z,120hour_target_crosses_boundary
outer_or_final_1_inner_3_validation,2020-11-25T04:00:00Z,2020-11-30T04:00:00Z,2020-11-26T00:00:00Z,120hour_target_crosses_boundary
outer_or_final_1_inner_3_validation,2020-11-25T05:00:00Z,2020-11-30T05:00:00Z,2020-11-26T00:00:00Z,120hour_target_crosses_boundary
outer_or_final_1_inner_3_validation,2020-11-25T06:00:00Z,2020-11-30T06:00:00Z,2020-11-26T00:00:00Z,120hour_target_crosses_boundary
outer_or_final_1_inner_3_validation,2020-11-25T07:00:00Z,2020-11-30T07:00:00Z,2020-11-26T00:00:00Z,120hour_target_crosses_boundary
outer_or_final_1_inner_3_validation,2020-11-25T08:00:00Z,2020-11-30T08:00:00Z,2020-11-26T00:00:00Z,120hour_target_crosses_boundary
outer_or_final_1_inner_3_validation,2020-11-25T09:00:00Z,2020-11-30T09:00:00Z,2020-11-26T00:00:00Z,120hour_target_crosses_boundary
outer_or_final_1_inner_3_validation,2020-11-25T10:00:00Z,2020-11-30T10:00:00Z,2020-11-26T00:00:00Z,120hour_target_crosses_boundary
outer_or_final_1_inner_3_validation,2020-11-25T11:00:00Z,2020-11-30T11:00:00Z,2020-11-26T00:00:00Z,120hour_target_crosses_boundary
outer_or_final_1_inner_3_validation,2020-11-25T12:00:00Z,2020-11-30T12:00:00Z,2020-11-26T00:00:00Z,120hour_target_crosses_boundary
outer_or_final_1_inner_3_validation,2020-11-25T13:00:00Z,2020-11-30T13:00:00Z,2020-11-26T00:00:00Z,120hour_target_crosses_boundary
outer_or_final_1_inner_3_validation,2020-11-25T14:00:00Z,2020-11-30T14:00:00Z,2020-11-26T00:00:00Z,120hour_target_crosses_boundary
outer_or_final_1_inner_3_validation,2020-11-25T15:00:00Z,2020-11-30T15:00:00Z,2020-11-26T00:00:00Z,120hour_target_crosses_boundary
outer_or_final_1_inner_3_validation,2020-11-25T16:00:00Z,2020-11-30T16:00:00Z,2020-11-26T00:00:00Z,120hour_target_crosses_boundary
outer_or_final_1_inner_3_validation,2020-11-25T17:00:00Z,2020-11-30T17:00:00Z,2020-11-26T00:00:00Z,120hour_target_crosses_boundary
outer_or_final_1_inner_3_validation,2020-11-25T18:00:00Z,2020-11-30T18:00:00Z,2020-11-26T00:00:00Z,120hour_target_crosses_boundary
outer_or_final_1_inner_3_validation,2020-11-25T19:00:00Z,2020-11-30T19:00:00Z,2020-11-26T00:00:00Z,120hour_target_crosses_boundary
outer_or_final_1_inner_3_validation,2020-11-25T20:00:00Z,2020-11-30T20:00:00Z,2020-11-26T00:00:00Z,120hour_target_crosses_boundary
outer_or_final_1_inner_3_validation,2020-11-25T21:00:00Z,2020-11-30T21:00:00Z,2020-11-26T00:00:00Z,120hour_target_crosses_boundary
outer_or_final_1_inner_3_validation,2020-11-25T22:00:00Z,2020-11-30T22:00:00Z,2020-11-26T00:00:00Z,120hour_target_crosses_boundary
outer_or_final_1_inner_3_validation,2020-11-25T23:00:00Z,2020-11-30T23:00:00Z,2020-11-26T00:00:00Z,120hour_target_crosses_boundary
outer_or_final_2_training,2022-03-10T17:00:00Z,2022-03-15T17:00:00Z,2022-03-15T16:00:00Z,120hour_target_crosses_boundary
outer_or_final_2_training,2022-03-10T18:00:00Z,2022-03-15T18:00:00Z,2022-03-15T16:00:00Z,120hour_target_crosses_boundary
outer_or_final_2_training,2022-03-10T19:00:00Z,2022-03-15T19:00:00Z,2022-03-15T16:00:00Z,120hour_target_crosses_boundary
outer_or_final_2_training,2022-03-10T20:00:00Z,2022-03-15T20:00:00Z,2022-03-15T16:00:00Z,120hour_target_crosses_boundary
outer_or_final_2_training,2022-03-10T21:00:00Z,2022-03-15T21:00:00Z,2022-03-15T16:00:00Z,120hour_target_crosses_boundary
outer_or_final_2_training,2022-03-10T22:00:00Z,2022-03-15T22:00:00Z,2022-03-15T16:00:00Z,120hour_target_crosses_boundary
outer_or_final_2_training,2022-03-10T23:00:00Z,2022-03-15T23:00:00Z,2022-03-15T16:00:00Z,120hour_target_crosses_boundary
outer_or_final_2_training,2022-03-11T00:00:00Z,2022-03-16T00:00:00Z,2022-03-15T16:00:00Z,120hour_target_crosses_boundary
outer_or_final_2_training,2022-03-11T01:00:00Z,2022-03-16T01:00:00Z,2022-03-15T16:00:00Z,120hour_target_crosses_boundary
outer_or_final_2_training,2022-03-11T02:00:00Z,2022-03-16T02:00:00Z,2022-03-15T16:00:00Z,120hour_target_crosses_boundary
outer_or_final_2_training,2022-03-11T03:00:00Z,2022-03-16T03:00:00Z,2022-03-15T16:00:00Z,120hour_target_crosses_boundary
outer_or_final_2_training,2022-03-11T04:00:00Z,2022-03-16T04:00:00Z,2022-03-15T16:00:00Z,120hour_target_crosses_boundary
outer_or_final_2_training,2022-03-11T05:00:00Z,2022-03-16T05:00:00Z,2022-03-15T16:00:00Z,120hour_target_crosses_boundary
outer_or_final_2_training,2022-03-11T06:00:00Z,2022-03-16T06:00:00Z,2022-03-15T16:00:00Z,120hour_target_crosses_boundary
outer_or_final_2_training,2022-03-11T07:00:00Z,2022-03-16T07:00:00Z,2022-03-15T16:00:00Z,120hour_target_crosses_boundary
outer_or_final_2_training,2022-03-11T08:00:00Z,2022-03-16T08:00:00Z,2022-03-15T16:00:00Z,120hour_target_crosses_boundary
outer_or_final_2_training,2022-03-11T09:00:00Z,2022-03-16T09:00:00Z,2022-03-15T16:00:00Z,120hour_target_crosses_boundary
outer_or_final_2_training,2022-03-11T10:00:00Z,2022-03-16T10:00:00Z,2022-03-15T16:00:00Z,120hour_target_crosses_boundary
outer_or_final_2_training,2022-03-11T11:00:00Z,2022-03-16T11:00:00Z,2022-03-15T16:00:00Z,120hour_target_crosses_boundary
outer_or_final_2_training,2022-03-11T12:00:00Z,2022-03-16T12:00:00Z,2022-03-15T16:00:00Z,120hour_target_crosses_boundary
outer_or_final_2_training,2022-03-11T13:00:00Z,2022-03-16T13:00:00Z,2022-03-15T16:00:00Z,120hour_target_crosses_boundary
outer_or_final_2_training,2022-03-11T14:00:00Z,2022-03-16T14:00:00Z,2022-03-15T16:00:00Z,120hour_target_crosses_boundary
outer_or_final_2_training,2022-03-11T15:00:00Z,2022-03-16T15:00:00Z,2022-03-15T16:00:00Z,120hour_target_crosses_boundary
outer_or_final_2_training,2022-03-11T16:00:00Z,2022-03-16T16:00:00Z,2022-03-15T16:00:00Z,120hour_target_crosses_boundary
outer_or_final_2_training,2022-03-11T17:00:00Z,2022-03-16T17:00:00Z,2022-03-15T16:00:00Z,120hour_target_crosses_boundary
outer_or_final_2_training,2022-03-11T18:00:00Z,2022-03-16T18:00:00Z,2022-03-15T16:00:00Z,120hour_target_crosses_boundary
outer_or_final_2_training,2022-03-11T19:00:00Z,2022-03-16T19:00:00Z,2022-03-15T16:00:00Z,120hour_target_crosses_boundary
outer_or_final_2_training,2022-03-11T20:00:00Z,2022-03-16T20:00:00Z,2022-03-15T16:00:00Z,120hour_target_crosses_boundary
outer_or_final_2_training,2022-03-11T21:00:00Z,2022-03-16T21:00:00Z,2022-03-15T16:00:00Z,120hour_target_crosses_boundary
outer_or_final_2_training,2022-03-11T22:00:00Z,2022-03-16T22:00:00Z,2022-03-15T16:00:00Z,120hour_target_crosses_boundary
outer_or_final_2_training,2022-03-11T23:00:00Z,2022-03-16T23:00:00Z,2022-03-15T16:00:00Z,120hour_target_crosses_boundary
outer_or_final_2_training,2022-03-12T00:00:00Z,2022-03-17T00:00:00Z,2022-03-15T16:00:00Z,120hour_target_crosses_boundary
outer_or_final_2_training,2022-03-12T01:00:00Z,2022-03-17T01:00:00Z,2022-03-15T16:00:00Z,120hour_target_crosses_boundary
outer_or_final_2_training,2022-03-12T02:00:00Z,2022-03-17T02:00:00Z,2022-03-15T16:00:00Z,120hour_target_crosses_boundary
outer_or_final_2_training,2022-03-12T03:00:00Z,2022-03-17T03:00:00Z,2022-03-15T16:00:00Z,120hour_target_crosses_boundary
outer_or_final_2_training,2022-03-12T04:00:00Z,2022-03-17T04:00:00Z,2022-03-15T16:00:00Z,120hour_target_crosses_boundary
outer_or_final_2_training,2022-03-12T05:00:00Z,2022-03-17T05:00:00Z,2022-03-15T16:00:00Z,120hour_target_crosses_boundary
outer_or_final_2_training,2022-03-12T06:00:00Z,2022-03-17T06:00:00Z,2022-03-15T16:00:00Z,120hour_target_crosses_boundary
outer_or_final_2_training,2022-03-12T07:00:00Z,2022-03-17T07:00:00Z,2022-03-15T16:00:00Z,120hour_target_crosses_boundary
outer_or_final_2_training,2022-03-12T08:00:00Z,2022-03-17T08:00:00Z,2022-03-15T16:00:00Z,120hour_target_crosses_boundary
outer_or_final_2_training,2022-03-12T09:00:00Z,2022-03-17T09:00:00Z,2022-03-15T16:00:00Z,120hour_target_crosses_boundary
outer_or_final_2_training,2022-03-12T10:00:00Z,2022-03-17T10:00:00Z,2022-03-15T16:00:00Z,120hour_target_crosses_boundary
outer_or_final_2_training,2022-03-12T11:00:00Z,2022-03-17T11:00:00Z,2022-03-15T16:00:00Z,120hour_target_crosses_boundary
outer_or_final_2_training,2022-03-12T12:00:00Z,2022-03-17T12:00:00Z,2022-03-15T16:00:00Z,120hour_target_crosses_boundary
outer_or_final_2_training,2022-03-12T13:00:00Z,2022-03-17T13:00:00Z,2022-03-15T16:00:00Z,120hour_target_crosses_boundary
outer_or_final_2_training,2022-03-12T14:00:00Z,2022-03-17T14:00:00Z,2022-03-15T16:00:00Z,120hour_target_crosses_boundary
outer_or_final_2_training,2022-03-12T15:00:00Z,2022-03-17T15:00:00Z,2022-03-15T16:00:00Z,120hour_target_crosses_boundary
outer_or_final_2_training,2022-03-12T16:00:00Z,2022-03-17T16:00:00Z,2022-03-15T16:00:00Z,120hour_target_crosses_boundary
outer_or_final_2_training,2022-03-12T17:00:00Z,2022-03-17T17:00:00Z,2022-03-15T16:00:00Z,120hour_target_crosses_boundary
outer_or_final_2_training,2022-03-12T18:00:00Z,2022-03-17T18:00:00Z,2022-03-15T16:00:00Z,120hour_target_crosses_boundary
outer_or_final_2_training,2022-03-12T19:00:00Z,2022-03-17T19:00:00Z,2022-03-15T16:00:00Z,120hour_target_crosses_boundary
outer_or_final_2_training,2022-03-12T20:00:00Z,2022-03-17T20:00:00Z,2022-03-15T16:00:00Z,120hour_target_crosses_boundary
outer_or_final_2_training,2022-03-12T21:00:00Z,2022-03-17T21:00:00Z,2022-03-15T16:00:00Z,120hour_target_crosses_boundary
outer_or_final_2_training,2022-03-12T22:00:00Z,2022-03-17T22:00:00Z,2022-03-15T16:00:00Z,120hour_target_crosses_boundary
outer_or_final_2_training,2022-03-12T23:00:00Z,2022-03-17T23:00:00Z,2022-03-15T16:00:00Z,120hour_target_crosses_boundary
outer_or_final_2_training,2022-03-13T00:00:00Z,2022-03-18T00:00:00Z,2022-03-15T16:00:00Z,120hour_target_crosses_boundary
outer_or_final_2_training,2022-03-13T01:00:00Z,2022-03-18T01:00:00Z,2022-03-15T16:00:00Z,120hour_target_crosses_boundary
outer_or_final_2_training,2022-03-13T02:00:00Z,2022-03-18T02:00:00Z,2022-03-15T16:00:00Z,120hour_target_crosses_boundary
outer_or_final_2_training,2022-03-13T03:00:00Z,2022-03-18T03:00:00Z,2022-03-15T16:00:00Z,120hour_target_crosses_boundary
outer_or_final_2_training,2022-03-13T04:00:00Z,2022-03-18T04:00:00Z,2022-03-15T16:00:00Z,120hour_target_crosses_boundary
outer_or_final_2_training,2022-03-13T05:00:00Z,2022-03-18T05:00:00Z,2022-03-15T16:00:00Z,120hour_target_crosses_boundary
outer_or_final_2_training,2022-03-13T06:00:00Z,2022-03-18T06:00:00Z,2022-03-15T16:00:00Z,120hour_target_crosses_boundary
outer_or_final_2_training,2022-03-13T07:00:00Z,2022-03-18T07:00:00Z,2022-03-15T16:00:00Z,120hour_target_crosses_boundary
outer_or_final_2_training,2022-03-13T08:00:00Z,2022-03-18T08:00:00Z,2022-03-15T16:00:00Z,120hour_target_crosses_boundary
outer_or_final_2_training,2022-03-13T09:00:00Z,2022-03-18T09:00:00Z,2022-03-15T16:00:00Z,120hour_target_crosses_boundary
outer_or_final_2_training,2022-03-13T10:00:00Z,2022-03-18T10:00:00Z,2022-03-15T16:00:00Z,120hour_target_crosses_boundary
outer_or_final_2_training,2022-03-13T11:00:00Z,2022-03-18T11:00:00Z,2022-03-15T16:00:00Z,120hour_target_crosses_boundary
outer_or_final_2_training,2022-03-13T12:00:00Z,2022-03-18T12:00:00Z,2022-03-15T16:00:00Z,120hour_target_crosses_boundary
outer_or_final_2_training,2022-03-13T13:00:00Z,2022-03-18T13:00:00Z,2022-03-15T16:00:00Z,120hour_target_crosses_boundary
outer_or_final_2_training,2022-03-13T14:00:00Z,2022-03-18T14:00:00Z,2022-03-15T16:00:00Z,120hour_target_crosses_boundary
outer_or_final_2_training,2022-03-13T15:00:00Z,2022-03-18T15:00:00Z,2022-03-15T16:00:00Z,120hour_target_crosses_boundary
outer_or_final_2_training,2022-03-13T16:00:00Z,2022-03-18T16:00:00Z,2022-03-15T16:00:00Z,120hour_target_crosses_boundary
outer_or_final_2_training,2022-03-13T17:00:00Z,2022-03-18T17:00:00Z,2022-03-15T16:00:00Z,120hour_target_crosses_boundary
outer_or_final_2_training,2022-03-13T18:00:00Z,2022-03-18T18:00:00Z,2022-03-15T16:00:00Z,120hour_target_crosses_boundary
outer_or_final_2_training,2022-03-13T19:00:00Z,2022-03-18T19:00:00Z,2022-03-15T16:00:00Z,120hour_target_crosses_boundary
outer_or_final_2_training,2022-03-13T20:00:00Z,2022-03-18T20:00:00Z,2022-03-15T16:00:00Z,120hour_target_crosses_boundary
outer_or_final_2_training,2022-03-13T21:00:00Z,2022-03-18T21:00:00Z,2022-03-15T16:00:00Z,120hour_target_crosses_boundary
outer_or_final_2_training,2022-03-13T22:00:00Z,2022-03-18T22:00:00Z,2022-03-15T16:00:00Z,120hour_target_crosses_boundary
outer_or_final_2_training,2022-03-13T23:00:00Z,2022-03-18T23:00:00Z,2022-03-15T16:00:00Z,120hour_target_crosses_boundary
outer_or_final_2_training,2022-03-14T00:00:00Z,2022-03-19T00:00:00Z,2022-03-15T16:00:00Z,120hour_target_crosses_boundary
outer_or_final_2_training,2022-03-14T01:00:00Z,2022-03-19T01:00:00Z,2022-03-15T16:00:00Z,120hour_target_crosses_boundary
outer_or_final_2_training,2022-03-14T02:00:00Z,2022-03-19T02:00:00Z,2022-03-15T16:00:00Z,120hour_target_crosses_boundary
outer_or_final_2_training,2022-03-14T03:00:00Z,2022-03-19T03:00:00Z,2022-03-15T16:00:00Z,120hour_target_crosses_boundary
outer_or_final_2_training,2022-03-14T04:00:00Z,2022-03-19T04:00:00Z,2022-03-15T16:00:00Z,120hour_target_crosses_boundary
outer_or_final_2_training,2022-03-14T05:00:00Z,2022-03-19T05:00:00Z,2022-03-15T16:00:00Z,120hour_target_crosses_boundary
outer_or_final_2_training,2022-03-14T06:00:00Z,2022-03-19T06:00:00Z,2022-03-15T16:00:00Z,120hour_target_crosses_boundary
outer_or_final_2_training,2022-03-14T07:00:00Z,2022-03-19T07:00:00Z,2022-03-15T16:00:00Z,120hour_target_crosses_boundary
outer_or_final_2_training,2022-03-14T08:00:00Z,2022-03-19T08:00:00Z,2022-03-15T16:00:00Z,120hour_target_crosses_boundary
outer_or_final_2_training,2022-03-14T09:00:00Z,2022-03-19T09:00:00Z,2022-03-15T16:00:00Z,120hour_target_crosses_boundary
outer_or_final_2_training,2022-03-14T10:00:00Z,2022-03-19T10:00:00Z,2022-03-15T16:00:00Z,120hour_target_crosses_boundary
outer_or_final_2_training,2022-03-14T11:00:00Z,2022-03-19T11:00:00Z,2022-03-15T16:00:00Z,120hour_target_crosses_boundary
outer_or_final_2_training,2022-03-14T12:00:00Z,2022-03-19T12:00:00Z,2022-03-15T16:00:00Z,120hour_target_crosses_boundary
outer_or_final_2_training,2022-03-14T13:00:00Z,2022-03-19T13:00:00Z,2022-03-15T16:00:00Z,120hour_target_crosses_boundary
outer_or_final_2_training,2022-03-14T14:00:00Z,2022-03-19T14:00:00Z,2022-03-15T16:00:00Z,120hour_target_crosses_boundary
outer_or_final_2_training,2022-03-14T15:00:00Z,2022-03-19T15:00:00Z,2022-03-15T16:00:00Z,120hour_target_crosses_boundary
outer_or_final_2_training,2022-03-14T16:00:00Z,2022-03-19T16:00:00Z,2022-03-15T16:00:00Z,120hour_target_crosses_boundary
outer_or_final_2_training,2022-03-14T17:00:00Z,2022-03-19T17:00:00Z,2022-03-15T16:00:00Z,120hour_target_crosses_boundary
outer_or_final_2_training,2022-03-14T18:00:00Z,2022-03-19T18:00:00Z,2022-03-15T16:00:00Z,120hour_target_crosses_boundary
outer_or_final_2_training,2022-03-14T19:00:00Z,2022-03-19T19:00:00Z,2022-03-15T16:00:00Z,120hour_target_crosses_boundary
outer_or_final_2_training,2022-03-14T20:00:00Z,2022-03-19T20:00:00Z,2022-03-15T16:00:00Z,120hour_target_crosses_boundary
outer_or_final_2_training,2022-03-14T21:00:00Z,2022-03-19T21:00:00Z,2022-03-15T16:00:00Z,120hour_target_crosses_boundary
outer_or_final_2_training,2022-03-14T22:00:00Z,2022-03-19T22:00:00Z,2022-03-15T16:00:00Z,120hour_target_crosses_boundary
outer_or_final_2_training,2022-03-14T23:00:00Z,2022-03-19T23:00:00Z,2022-03-15T16:00:00Z,120hour_target_crosses_boundary
outer_or_final_2_training,2022-03-15T00:00:00Z,2022-03-20T00:00:00Z,2022-03-15T16:00:00Z,120hour_target_crosses_boundary
outer_or_final_2_training,2022-03-15T01:00:00Z,2022-03-20T01:00:00Z,2022-03-15T16:00:00Z,120hour_target_crosses_boundary
outer_or_final_2_training,2022-03-15T02:00:00Z,2022-03-20T02:00:00Z,2022-03-15T16:00:00Z,120hour_target_crosses_boundary
outer_or_final_2_training,2022-03-15T03:00:00Z,2022-03-20T03:00:00Z,2022-03-15T16:00:00Z,120hour_target_crosses_boundary
outer_or_final_2_training,2022-03-15T04:00:00Z,2022-03-20T04:00:00Z,2022-03-15T16:00:00Z,120hour_target_crosses_boundary
outer_or_final_2_training,2022-03-15T05:00:00Z,2022-03-20T05:00:00Z,2022-03-15T16:00:00Z,120hour_target_crosses_boundary
outer_or_final_2_training,2022-03-15T06:00:00Z,2022-03-20T06:00:00Z,2022-03-15T16:00:00Z,120hour_target_crosses_boundary
outer_or_final_2_training,2022-03-15T07:00:00Z,2022-03-20T07:00:00Z,2022-03-15T16:00:00Z,120hour_target_crosses_boundary
outer_or_final_2_training,2022-03-15T08:00:00Z,2022-03-20T08:00:00Z,2022-03-15T16:00:00Z,120hour_target_crosses_boundary
outer_or_final_2_training,2022-03-15T09:00:00Z,2022-03-20T09:00:00Z,2022-03-15T16:00:00Z,120hour_target_crosses_boundary
outer_or_final_2_training,2022-03-15T10:00:00Z,2022-03-20T10:00:00Z,2022-03-15T16:00:00Z,120hour_target_crosses_boundary
outer_or_final_2_training,2022-03-15T11:00:00Z,2022-03-20T11:00:00Z,2022-03-15T16:00:00Z,120hour_target_crosses_boundary
outer_or_final_2_training,2022-03-15T12:00:00Z,2022-03-20T12:00:00Z,2022-03-15T16:00:00Z,120hour_target_crosses_boundary
outer_or_final_2_training,2022-03-15T13:00:00Z,2022-03-20T13:00:00Z,2022-03-15T16:00:00Z,120hour_target_crosses_boundary
outer_or_final_2_training,2022-03-15T14:00:00Z,2022-03-20T14:00:00Z,2022-03-15T16:00:00Z,120hour_target_crosses_boundary
outer_or_final_2_training,2022-03-15T15:00:00Z,2022-03-20T15:00:00Z,2022-03-15T16:00:00Z,120hour_target_crosses_boundary
outer_or_final_2_inner_1_training,2019-08-04T09:00:00Z,2019-08-09T09:00:00Z,2019-08-09T08:00:00Z,120hour_target_crosses_boundary
outer_or_final_2_inner_1_training,2019-08-04T10:00:00Z,2019-08-09T10:00:00Z,2019-08-09T08:00:00Z,120hour_target_crosses_boundary
outer_or_final_2_inner_1_training,2019-08-04T11:00:00Z,2019-08-09T11:00:00Z,2019-08-09T08:00:00Z,120hour_target_crosses_boundary
outer_or_final_2_inner_1_training,2019-08-04T12:00:00Z,2019-08-09T12:00:00Z,2019-08-09T08:00:00Z,120hour_target_crosses_boundary
outer_or_final_2_inner_1_training,2019-08-04T13:00:00Z,2019-08-09T13:00:00Z,2019-08-09T08:00:00Z,120hour_target_crosses_boundary
outer_or_final_2_inner_1_training,2019-08-04T14:00:00Z,2019-08-09T14:00:00Z,2019-08-09T08:00:00Z,120hour_target_crosses_boundary
outer_or_final_2_inner_1_training,2019-08-04T15:00:00Z,2019-08-09T15:00:00Z,2019-08-09T08:00:00Z,120hour_target_crosses_boundary
outer_or_final_2_inner_1_training,2019-08-04T16:00:00Z,2019-08-09T16:00:00Z,2019-08-09T08:00:00Z,120hour_target_crosses_boundary
outer_or_final_2_inner_1_training,2019-08-04T17:00:00Z,2019-08-09T17:00:00Z,2019-08-09T08:00:00Z,120hour_target_crosses_boundary
outer_or_final_2_inner_1_training,2019-08-04T18:00:00Z,2019-08-09T18:00:00Z,2019-08-09T08:00:00Z,120hour_target_crosses_boundary
outer_or_final_2_inner_1_training,2019-08-04T19:00:00Z,2019-08-09T19:00:00Z,2019-08-09T08:00:00Z,120hour_target_crosses_boundary
outer_or_final_2_inner_1_training,2019-08-04T20:00:00Z,2019-08-09T20:00:00Z,2019-08-09T08:00:00Z,120hour_target_crosses_boundary
outer_or_final_2_inner_1_training,2019-08-04T21:00:00Z,2019-08-09T21:00:00Z,2019-08-09T08:00:00Z,120hour_target_crosses_boundary
outer_or_final_2_inner_1_training,2019-08-04T22:00:00Z,2019-08-09T22:00:00Z,2019-08-09T08:00:00Z,120hour_target_crosses_boundary
outer_or_final_2_inner_1_training,2019-08-04T23:00:00Z,2019-08-09T23:00:00Z,2019-08-09T08:00:00Z,120hour_target_crosses_boundary
outer_or_final_2_inner_1_training,2019-08-05T00:00:00Z,2019-08-10T00:00:00Z,2019-08-09T08:00:00Z,120hour_target_crosses_boundary
outer_or_final_2_inner_1_training,2019-08-05T01:00:00Z,2019-08-10T01:00:00Z,2019-08-09T08:00:00Z,120hour_target_crosses_boundary
outer_or_final_2_inner_1_training,2019-08-05T02:00:00Z,2019-08-10T02:00:00Z,2019-08-09T08:00:00Z,120hour_target_crosses_boundary
outer_or_final_2_inner_1_training,2019-08-05T03:00:00Z,2019-08-10T03:00:00Z,2019-08-09T08:00:00Z,120hour_target_crosses_boundary
outer_or_final_2_inner_1_training,2019-08-05T04:00:00Z,2019-08-10T04:00:00Z,2019-08-09T08:00:00Z,120hour_target_crosses_boundary
outer_or_final_2_inner_1_training,2019-08-05T05:00:00Z,2019-08-10T05:00:00Z,2019-08-09T08:00:00Z,120hour_target_crosses_boundary
outer_or_final_2_inner_1_training,2019-08-05T06:00:00Z,2019-08-10T06:00:00Z,2019-08-09T08:00:00Z,120hour_target_crosses_boundary
outer_or_final_2_inner_1_training,2019-08-05T07:00:00Z,2019-08-10T07:00:00Z,2019-08-09T08:00:00Z,120hour_target_crosses_boundary
outer_or_final_2_inner_1_training,2019-08-05T08:00:00Z,2019-08-10T08:00:00Z,2019-08-09T08:00:00Z,120hour_target_crosses_boundary
outer_or_final_2_inner_1_training,2019-08-05T09:00:00Z,2019-08-10T09:00:00Z,2019-08-09T08:00:00Z,120hour_target_crosses_boundary
outer_or_final_2_inner_1_training,2019-08-05T10:00:00Z,2019-08-10T10:00:00Z,2019-08-09T08:00:00Z,120hour_target_crosses_boundary
outer_or_final_2_inner_1_training,2019-08-05T11:00:00Z,2019-08-10T11:00:00Z,2019-08-09T08:00:00Z,120hour_target_crosses_boundary
outer_or_final_2_inner_1_training,2019-08-05T12:00:00Z,2019-08-10T12:00:00Z,2019-08-09T08:00:00Z,120hour_target_crosses_boundary
outer_or_final_2_inner_1_training,2019-08-05T13:00:00Z,2019-08-10T13:00:00Z,2019-08-09T08:00:00Z,120hour_target_crosses_boundary
outer_or_final_2_inner_1_training,2019-08-05T14:00:00Z,2019-08-10T14:00:00Z,2019-08-09T08:00:00Z,120hour_target_crosses_boundary
outer_or_final_2_inner_1_training,2019-08-05T15:00:00Z,2019-08-10T15:00:00Z,2019-08-09T08:00:00Z,120hour_target_crosses_boundary
outer_or_final_2_inner_1_training,2019-08-05T16:00:00Z,2019-08-10T16:00:00Z,2019-08-09T08:00:00Z,120hour_target_crosses_boundary
outer_or_final_2_inner_1_training,2019-08-05T17:00:00Z,2019-08-10T17:00:00Z,2019-08-09T08:00:00Z,120hour_target_crosses_boundary
outer_or_final_2_inner_1_training,2019-08-05T18:00:00Z,2019-08-10T18:00:00Z,2019-08-09T08:00:00Z,120hour_target_crosses_boundary
outer_or_final_2_inner_1_training,2019-08-05T19:00:00Z,2019-08-10T19:00:00Z,2019-08-09T08:00:00Z,120hour_target_crosses_boundary
outer_or_final_2_inner_1_training,2019-08-05T20:00:00Z,2019-08-10T20:00:00Z,2019-08-09T08:00:00Z,120hour_target_crosses_boundary
outer_or_final_2_inner_1_training,2019-08-05T21:00:00Z,2019-08-10T21:00:00Z,2019-08-09T08:00:00Z,120hour_target_crosses_boundary
outer_or_final_2_inner_1_training,2019-08-05T22:00:00Z,2019-08-10T22:00:00Z,2019-08-09T08:00:00Z,120hour_target_crosses_boundary
outer_or_final_2_inner_1_training,2019-08-05T23:00:00Z,2019-08-10T23:00:00Z,2019-08-09T08:00:00Z,120hour_target_crosses_boundary
outer_or_final_2_inner_1_training,2019-08-06T00:00:00Z,2019-08-11T00:00:00Z,2019-08-09T08:00:00Z,120hour_target_crosses_boundary
outer_or_final_2_inner_1_training,2019-08-06T01:00:00Z,2019-08-11T01:00:00Z,2019-08-09T08:00:00Z,120hour_target_crosses_boundary
outer_or_final_2_inner_1_training,2019-08-06T02:00:00Z,2019-08-11T02:00:00Z,2019-08-09T08:00:00Z,120hour_target_crosses_boundary
outer_or_final_2_inner_1_training,2019-08-06T03:00:00Z,2019-08-11T03:00:00Z,2019-08-09T08:00:00Z,120hour_target_crosses_boundary
outer_or_final_2_inner_1_training,2019-08-06T04:00:00Z,2019-08-11T04:00:00Z,2019-08-09T08:00:00Z,120hour_target_crosses_boundary
outer_or_final_2_inner_1_training,2019-08-06T05:00:00Z,2019-08-11T05:00:00Z,2019-08-09T08:00:00Z,120hour_target_crosses_boundary
outer_or_final_2_inner_1_training,2019-08-06T06:00:00Z,2019-08-11T06:00:00Z,2019-08-09T08:00:00Z,120hour_target_crosses_boundary
outer_or_final_2_inner_1_training,2019-08-06T07:00:00Z,2019-08-11T07:00:00Z,2019-08-09T08:00:00Z,120hour_target_crosses_boundary
outer_or_final_2_inner_1_training,2019-08-06T08:00:00Z,2019-08-11T08:00:00Z,2019-08-09T08:00:00Z,120hour_target_crosses_boundary
outer_or_final_2_inner_1_training,2019-08-06T09:00:00Z,2019-08-11T09:00:00Z,2019-08-09T08:00:00Z,120hour_target_crosses_boundary
outer_or_final_2_inner_1_training,2019-08-06T10:00:00Z,2019-08-11T10:00:00Z,2019-08-09T08:00:00Z,120hour_target_crosses_boundary
outer_or_final_2_inner_1_training,2019-08-06T11:00:00Z,2019-08-11T11:00:00Z,2019-08-09T08:00:00Z,120hour_target_crosses_boundary
outer_or_final_2_inner_1_training,2019-08-06T12:00:00Z,2019-08-11T12:00:00Z,2019-08-09T08:00:00Z,120hour_target_crosses_boundary
outer_or_final_2_inner_1_training,2019-08-06T13:00:00Z,2019-08-11T13:00:00Z,2019-08-09T08:00:00Z,120hour_target_crosses_boundary
outer_or_final_2_inner_1_training,2019-08-06T14:00:00Z,2019-08-11T14:00:00Z,2019-08-09T08:00:00Z,120hour_target_crosses_boundary
outer_or_final_2_inner_1_training,2019-08-06T15:00:00Z,2019-08-11T15:00:00Z,2019-08-09T08:00:00Z,120hour_target_crosses_boundary
outer_or_final_2_inner_1_training,2019-08-06T16:00:00Z,2019-08-11T16:00:00Z,2019-08-09T08:00:00Z,120hour_target_crosses_boundary
outer_or_final_2_inner_1_training,2019-08-06T17:00:00Z,2019-08-11T17:00:00Z,2019-08-09T08:00:00Z,120hour_target_crosses_boundary
outer_or_final_2_inner_1_training,2019-08-06T18:00:00Z,2019-08-11T18:00:00Z,2019-08-09T08:00:00Z,120hour_target_crosses_boundary
outer_or_final_2_inner_1_training,2019-08-06T19:00:00Z,2019-08-11T19:00:00Z,2019-08-09T08:00:00Z,120hour_target_crosses_boundary
outer_or_final_2_inner_1_training,2019-08-06T20:00:00Z,2019-08-11T20:00:00Z,2019-08-09T08:00:00Z,120hour_target_crosses_boundary
outer_or_final_2_inner_1_training,2019-08-06T21:00:00Z,2019-08-11T21:00:00Z,2019-08-09T08:00:00Z,120hour_target_crosses_boundary
outer_or_final_2_inner_1_training,2019-08-06T22:00:00Z,2019-08-11T22:00:00Z,2019-08-09T08:00:00Z,120hour_target_crosses_boundary
outer_or_final_2_inner_1_training,2019-08-06T23:00:00Z,2019-08-11T23:00:00Z,2019-08-09T08:00:00Z,120hour_target_crosses_boundary
outer_or_final_2_inner_1_training,2019-08-07T00:00:00Z,2019-08-12T00:00:00Z,2019-08-09T08:00:00Z,120hour_target_crosses_boundary
outer_or_final_2_inner_1_training,2019-08-07T01:00:00Z,2019-08-12T01:00:00Z,2019-08-09T08:00:00Z,120hour_target_crosses_boundary
outer_or_final_2_inner_1_training,2019-08-07T02:00:00Z,2019-08-12T02:00:00Z,2019-08-09T08:00:00Z,120hour_target_crosses_boundary
outer_or_final_2_inner_1_training,2019-08-07T03:00:00Z,2019-08-12T03:00:00Z,2019-08-09T08:00:00Z,120hour_target_crosses_boundary
outer_or_final_2_inner_1_training,2019-08-07T04:00:00Z,2019-08-12T04:00:00Z,2019-08-09T08:00:00Z,120hour_target_crosses_boundary
outer_or_final_2_inner_1_training,2019-08-07T05:00:00Z,2019-08-12T05:00:00Z,2019-08-09T08:00:00Z,120hour_target_crosses_boundary
outer_or_final_2_inner_1_training,2019-08-07T06:00:00Z,2019-08-12T06:00:00Z,2019-08-09T08:00:00Z,120hour_target_crosses_boundary
outer_or_final_2_inner_1_training,2019-08-07T07:00:00Z,2019-08-12T07:00:00Z,2019-08-09T08:00:00Z,120hour_target_crosses_boundary
outer_or_final_2_inner_1_training,2019-08-07T08:00:00Z,2019-08-12T08:00:00Z,2019-08-09T08:00:00Z,120hour_target_crosses_boundary
outer_or_final_2_inner_1_training,2019-08-07T09:00:00Z,2019-08-12T09:00:00Z,2019-08-09T08:00:00Z,120hour_target_crosses_boundary
outer_or_final_2_inner_1_training,2019-08-07T10:00:00Z,2019-08-12T10:00:00Z,2019-08-09T08:00:00Z,120hour_target_crosses_boundary
outer_or_final_2_inner_1_training,2019-08-07T11:00:00Z,2019-08-12T11:00:00Z,2019-08-09T08:00:00Z,120hour_target_crosses_boundary
outer_or_final_2_inner_1_training,2019-08-07T12:00:00Z,2019-08-12T12:00:00Z,2019-08-09T08:00:00Z,120hour_target_crosses_boundary
outer_or_final_2_inner_1_training,2019-08-07T13:00:00Z,2019-08-12T13:00:00Z,2019-08-09T08:00:00Z,120hour_target_crosses_boundary
outer_or_final_2_inner_1_training,2019-08-07T14:00:00Z,2019-08-12T14:00:00Z,2019-08-09T08:00:00Z,120hour_target_crosses_boundary
outer_or_final_2_inner_1_training,2019-08-07T15:00:00Z,2019-08-12T15:00:00Z,2019-08-09T08:00:00Z,120hour_target_crosses_boundary
outer_or_final_2_inner_1_training,2019-08-07T16:00:00Z,2019-08-12T16:00:00Z,2019-08-09T08:00:00Z,120hour_target_crosses_boundary
outer_or_final_2_inner_1_training,2019-08-07T17:00:00Z,2019-08-12T17:00:00Z,2019-08-09T08:00:00Z,120hour_target_crosses_boundary
outer_or_final_2_inner_1_training,2019-08-07T18:00:00Z,2019-08-12T18:00:00Z,2019-08-09T08:00:00Z,120hour_target_crosses_boundary
outer_or_final_2_inner_1_training,2019-08-07T19:00:00Z,2019-08-12T19:00:00Z,2019-08-09T08:00:00Z,120hour_target_crosses_boundary
outer_or_final_2_inner_1_training,2019-08-07T20:00:00Z,2019-08-12T20:00:00Z,2019-08-09T08:00:00Z,120hour_target_crosses_boundary
outer_or_final_2_inner_1_training,2019-08-07T21:00:00Z,2019-08-12T21:00:00Z,2019-08-09T08:00:00Z,120hour_target_crosses_boundary
outer_or_final_2_inner_1_training,2019-08-07T22:00:00Z,2019-08-12T22:00:00Z,2019-08-09T08:00:00Z,120hour_target_crosses_boundary
outer_or_final_2_inner_1_training,2019-08-07T23:00:00Z,2019-08-12T23:00:00Z,2019-08-09T08:00:00Z,120hour_target_crosses_boundary
outer_or_final_2_inner_1_training,2019-08-08T00:00:00Z,2019-08-13T00:00:00Z,2019-08-09T08:00:00Z,120hour_target_crosses_boundary
outer_or_final_2_inner_1_training,2019-08-08T01:00:00Z,2019-08-13T01:00:00Z,2019-08-09T08:00:00Z,120hour_target_crosses_boundary
outer_or_final_2_inner_1_training,2019-08-08T02:00:00Z,2019-08-13T02:00:00Z,2019-08-09T08:00:00Z,120hour_target_crosses_boundary
outer_or_final_2_inner_1_training,2019-08-08T03:00:00Z,2019-08-13T03:00:00Z,2019-08-09T08:00:00Z,120hour_target_crosses_boundary
outer_or_final_2_inner_1_training,2019-08-08T04:00:00Z,2019-08-13T04:00:00Z,2019-08-09T08:00:00Z,120hour_target_crosses_boundary
outer_or_final_2_inner_1_training,2019-08-08T05:00:00Z,2019-08-13T05:00:00Z,2019-08-09T08:00:00Z,120hour_target_crosses_boundary
outer_or_final_2_inner_1_training,2019-08-08T06:00:00Z,2019-08-13T06:00:00Z,2019-08-09T08:00:00Z,120hour_target_crosses_boundary
outer_or_final_2_inner_1_training,2019-08-08T07:00:00Z,2019-08-13T07:00:00Z,2019-08-09T08:00:00Z,120hour_target_crosses_boundary
outer_or_final_2_inner_1_training,2019-08-08T08:00:00Z,2019-08-13T08:00:00Z,2019-08-09T08:00:00Z,120hour_target_crosses_boundary
outer_or_final_2_inner_1_training,2019-08-08T09:00:00Z,2019-08-13T09:00:00Z,2019-08-09T08:00:00Z,120hour_target_crosses_boundary
outer_or_final_2_inner_1_training,2019-08-08T10:00:00Z,2019-08-13T10:00:00Z,2019-08-09T08:00:00Z,120hour_target_crosses_boundary
outer_or_final_2_inner_1_training,2019-08-08T11:00:00Z,2019-08-13T11:00:00Z,2019-08-09T08:00:00Z,120hour_target_crosses_boundary
outer_or_final_2_inner_1_training,2019-08-08T12:00:00Z,2019-08-13T12:00:00Z,2019-08-09T08:00:00Z,120hour_target_crosses_boundary
outer_or_final_2_inner_1_training,2019-08-08T13:00:00Z,2019-08-13T13:00:00Z,2019-08-09T08:00:00Z,120hour_target_crosses_boundary
outer_or_final_2_inner_1_training,2019-08-08T14:00:00Z,2019-08-13T14:00:00Z,2019-08-09T08:00:00Z,120hour_target_crosses_boundary
outer_or_final_2_inner_1_training,2019-08-08T15:00:00Z,2019-08-13T15:00:00Z,2019-08-09T08:00:00Z,120hour_target_crosses_boundary
outer_or_final_2_inner_1_training,2019-08-08T16:00:00Z,2019-08-13T16:00:00Z,2019-08-09T08:00:00Z,120hour_target_crosses_boundary
outer_or_final_2_inner_1_training,2019-08-08T17:00:00Z,2019-08-13T17:00:00Z,2019-08-09T08:00:00Z,120hour_target_crosses_boundary
outer_or_final_2_inner_1_training,2019-08-08T18:00:00Z,2019-08-13T18:00:00Z,2019-08-09T08:00:00Z,120hour_target_crosses_boundary
outer_or_final_2_inner_1_training,2019-08-08T19:00:00Z,2019-08-13T19:00:00Z,2019-08-09T08:00:00Z,120hour_target_crosses_boundary
outer_or_final_2_inner_1_training,2019-08-08T20:00:00Z,2019-08-13T20:00:00Z,2019-08-09T08:00:00Z,120hour_target_crosses_boundary
outer_or_final_2_inner_1_training,2019-08-08T21:00:00Z,2019-08-13T21:00:00Z,2019-08-09T08:00:00Z,120hour_target_crosses_boundary
outer_or_final_2_inner_1_training,2019-08-08T22:00:00Z,2019-08-13T22:00:00Z,2019-08-09T08:00:00Z,120hour_target_crosses_boundary
outer_or_final_2_inner_1_training,2019-08-08T23:00:00Z,2019-08-13T23:00:00Z,2019-08-09T08:00:00Z,120hour_target_crosses_boundary
outer_or_final_2_inner_1_training,2019-08-09T00:00:00Z,2019-08-14T00:00:00Z,2019-08-09T08:00:00Z,120hour_target_crosses_boundary
outer_or_final_2_inner_1_training,2019-08-09T01:00:00Z,2019-08-14T01:00:00Z,2019-08-09T08:00:00Z,120hour_target_crosses_boundary
outer_or_final_2_inner_1_training,2019-08-09T02:00:00Z,2019-08-14T02:00:00Z,2019-08-09T08:00:00Z,120hour_target_crosses_boundary
outer_or_final_2_inner_1_training,2019-08-09T03:00:00Z,2019-08-14T03:00:00Z,2019-08-09T08:00:00Z,120hour_target_crosses_boundary
outer_or_final_2_inner_1_training,2019-08-09T04:00:00Z,2019-08-14T04:00:00Z,2019-08-09T08:00:00Z,120hour_target_crosses_boundary
outer_or_final_2_inner_1_training,2019-08-09T05:00:00Z,2019-08-14T05:00:00Z,2019-08-09T08:00:00Z,120hour_target_crosses_boundary
outer_or_final_2_inner_1_training,2019-08-09T06:00:00Z,2019-08-14T06:00:00Z,2019-08-09T08:00:00Z,120hour_target_crosses_boundary
outer_or_final_2_inner_1_training,2019-08-09T07:00:00Z,2019-08-14T07:00:00Z,2019-08-09T08:00:00Z,120hour_target_crosses_boundary
outer_or_final_2_inner_1_validation,2020-06-15T19:00:00Z,2020-06-20T19:00:00Z,2020-06-20T18:00:00Z,120hour_target_crosses_boundary
outer_or_final_2_inner_1_validation,2020-06-15T20:00:00Z,2020-06-20T20:00:00Z,2020-06-20T18:00:00Z,120hour_target_crosses_boundary
outer_or_final_2_inner_1_validation,2020-06-15T21:00:00Z,2020-06-20T21:00:00Z,2020-06-20T18:00:00Z,120hour_target_crosses_boundary
outer_or_final_2_inner_1_validation,2020-06-15T22:00:00Z,2020-06-20T22:00:00Z,2020-06-20T18:00:00Z,120hour_target_crosses_boundary
outer_or_final_2_inner_1_validation,2020-06-15T23:00:00Z,2020-06-20T23:00:00Z,2020-06-20T18:00:00Z,120hour_target_crosses_boundary
outer_or_final_2_inner_1_validation,2020-06-16T00:00:00Z,2020-06-21T00:00:00Z,2020-06-20T18:00:00Z,120hour_target_crosses_boundary
outer_or_final_2_inner_1_validation,2020-06-16T01:00:00Z,2020-06-21T01:00:00Z,2020-06-20T18:00:00Z,120hour_target_crosses_boundary
outer_or_final_2_inner_1_validation,2020-06-16T02:00:00Z,2020-06-21T02:00:00Z,2020-06-20T18:00:00Z,120hour_target_crosses_boundary
outer_or_final_2_inner_1_validation,2020-06-16T03:00:00Z,2020-06-21T03:00:00Z,2020-06-20T18:00:00Z,120hour_target_crosses_boundary
outer_or_final_2_inner_1_validation,2020-06-16T04:00:00Z,2020-06-21T04:00:00Z,2020-06-20T18:00:00Z,120hour_target_crosses_boundary
outer_or_final_2_inner_1_validation,2020-06-16T05:00:00Z,2020-06-21T05:00:00Z,2020-06-20T18:00:00Z,120hour_target_crosses_boundary
outer_or_final_2_inner_1_validation,2020-06-16T06:00:00Z,2020-06-21T06:00:00Z,2020-06-20T18:00:00Z,120hour_target_crosses_boundary
outer_or_final_2_inner_1_validation,2020-06-16T07:00:00Z,2020-06-21T07:00:00Z,2020-06-20T18:00:00Z,120hour_target_crosses_boundary
outer_or_final_2_inner_1_validation,2020-06-16T08:00:00Z,2020-06-21T08:00:00Z,2020-06-20T18:00:00Z,120hour_target_crosses_boundary
outer_or_final_2_inner_1_validation,2020-06-16T09:00:00Z,2020-06-21T09:00:00Z,2020-06-20T18:00:00Z,120hour_target_crosses_boundary
outer_or_final_2_inner_1_validation,2020-06-16T10:00:00Z,2020-06-21T10:00:00Z,2020-06-20T18:00:00Z,120hour_target_crosses_boundary
outer_or_final_2_inner_1_validation,2020-06-16T11:00:00Z,2020-06-21T11:00:00Z,2020-06-20T18:00:00Z,120hour_target_crosses_boundary
outer_or_final_2_inner_1_validation,2020-06-16T12:00:00Z,2020-06-21T12:00:00Z,2020-06-20T18:00:00Z,120hour_target_crosses_boundary
outer_or_final_2_inner_1_validation,2020-06-16T13:00:00Z,2020-06-21T13:00:00Z,2020-06-20T18:00:00Z,120hour_target_crosses_boundary
outer_or_final_2_inner_1_validation,2020-06-16T14:00:00Z,2020-06-21T14:00:00Z,2020-06-20T18:00:00Z,120hour_target_crosses_boundary
outer_or_final_2_inner_1_validation,2020-06-16T15:00:00Z,2020-06-21T15:00:00Z,2020-06-20T18:00:00Z,120hour_target_crosses_boundary
outer_or_final_2_inner_1_validation,2020-06-16T16:00:00Z,2020-06-21T16:00:00Z,2020-06-20T18:00:00Z,120hour_target_crosses_boundary
outer_or_final_2_inner_1_validation,2020-06-16T17:00:00Z,2020-06-21T17:00:00Z,2020-06-20T18:00:00Z,120hour_target_crosses_boundary
outer_or_final_2_inner_1_validation,2020-06-16T18:00:00Z,2020-06-21T18:00:00Z,2020-06-20T18:00:00Z,120hour_target_crosses_boundary
outer_or_final_2_inner_1_validation,2020-06-16T19:00:00Z,2020-06-21T19:00:00Z,2020-06-20T18:00:00Z,120hour_target_crosses_boundary
outer_or_final_2_inner_1_validation,2020-06-16T20:00:00Z,2020-06-21T20:00:00Z,2020-06-20T18:00:00Z,120hour_target_crosses_boundary
outer_or_final_2_inner_1_validation,2020-06-16T21:00:00Z,2020-06-21T21:00:00Z,2020-06-20T18:00:00Z,120hour_target_crosses_boundary
outer_or_final_2_inner_1_validation,2020-06-16T22:00:00Z,2020-06-21T22:00:00Z,2020-06-20T18:00:00Z,120hour_target_crosses_boundary
outer_or_final_2_inner_1_validation,2020-06-16T23:00:00Z,2020-06-21T23:00:00Z,2020-06-20T18:00:00Z,120hour_target_crosses_boundary
outer_or_final_2_inner_1_validation,2020-06-17T00:00:00Z,2020-06-22T00:00:00Z,2020-06-20T18:00:00Z,120hour_target_crosses_boundary
outer_or_final_2_inner_1_validation,2020-06-17T01:00:00Z,2020-06-22T01:00:00Z,2020-06-20T18:00:00Z,120hour_target_crosses_boundary
outer_or_final_2_inner_1_validation,2020-06-17T02:00:00Z,2020-06-22T02:00:00Z,2020-06-20T18:00:00Z,120hour_target_crosses_boundary
outer_or_final_2_inner_1_validation,2020-06-17T03:00:00Z,2020-06-22T03:00:00Z,2020-06-20T18:00:00Z,120hour_target_crosses_boundary
outer_or_final_2_inner_1_validation,2020-06-17T04:00:00Z,2020-06-22T04:00:00Z,2020-06-20T18:00:00Z,120hour_target_crosses_boundary
outer_or_final_2_inner_1_validation,2020-06-17T05:00:00Z,2020-06-22T05:00:00Z,2020-06-20T18:00:00Z,120hour_target_crosses_boundary
outer_or_final_2_inner_1_validation,2020-06-17T06:00:00Z,2020-06-22T06:00:00Z,2020-06-20T18:00:00Z,120hour_target_crosses_boundary
outer_or_final_2_inner_1_validation,2020-06-17T07:00:00Z,2020-06-22T07:00:00Z,2020-06-20T18:00:00Z,120hour_target_crosses_boundary
outer_or_final_2_inner_1_validation,2020-06-17T08:00:00Z,2020-06-22T08:00:00Z,2020-06-20T18:00:00Z,120hour_target_crosses_boundary
outer_or_final_2_inner_1_validation,2020-06-17T09:00:00Z,2020-06-22T09:00:00Z,2020-06-20T18:00:00Z,120hour_target_crosses_boundary
outer_or_final_2_inner_1_validation,2020-06-17T10:00:00Z,2020-06-22T10:00:00Z,2020-06-20T18:00:00Z,120hour_target_crosses_boundary
outer_or_final_2_inner_1_validation,2020-06-17T11:00:00Z,2020-06-22T11:00:00Z,2020-06-20T18:00:00Z,120hour_target_crosses_boundary
outer_or_final_2_inner_1_validation,2020-06-17T12:00:00Z,2020-06-22T12:00:00Z,2020-06-20T18:00:00Z,120hour_target_crosses_boundary
outer_or_final_2_inner_1_validation,2020-06-17T13:00:00Z,2020-06-22T13:00:00Z,2020-06-20T18:00:00Z,120hour_target_crosses_boundary
outer_or_final_2_inner_1_validation,2020-06-17T14:00:00Z,2020-06-22T14:00:00Z,2020-06-20T18:00:00Z,120hour_target_crosses_boundary
outer_or_final_2_inner_1_validation,2020-06-17T15:00:00Z,2020-06-22T15:00:00Z,2020-06-20T18:00:00Z,120hour_target_crosses_boundary
outer_or_final_2_inner_1_validation,2020-06-17T16:00:00Z,2020-06-22T16:00:00Z,2020-06-20T18:00:00Z,120hour_target_crosses_boundary
outer_or_final_2_inner_1_validation,2020-06-17T17:00:00Z,2020-06-22T17:00:00Z,2020-06-20T18:00:00Z,120hour_target_crosses_boundary
outer_or_final_2_inner_1_validation,2020-06-17T18:00:00Z,2020-06-22T18:00:00Z,2020-06-20T18:00:00Z,120hour_target_crosses_boundary
outer_or_final_2_inner_1_validation,2020-06-17T19:00:00Z,2020-06-22T19:00:00Z,2020-06-20T18:00:00Z,120hour_target_crosses_boundary
outer_or_final_2_inner_1_validation,2020-06-17T20:00:00Z,2020-06-22T20:00:00Z,2020-06-20T18:00:00Z,120hour_target_crosses_boundary
outer_or_final_2_inner_1_validation,2020-06-17T21:00:00Z,2020-06-22T21:00:00Z,2020-06-20T18:00:00Z,120hour_target_crosses_boundary
outer_or_final_2_inner_1_validation,2020-06-17T22:00:00Z,2020-06-22T22:00:00Z,2020-06-20T18:00:00Z,120hour_target_crosses_boundary
outer_or_final_2_inner_1_validation,2020-06-17T23:00:00Z,2020-06-22T23:00:00Z,2020-06-20T18:00:00Z,120hour_target_crosses_boundary
outer_or_final_2_inner_1_validation,2020-06-18T00:00:00Z,2020-06-23T00:00:00Z,2020-06-20T18:00:00Z,120hour_target_crosses_boundary
outer_or_final_2_inner_1_validation,2020-06-18T01:00:00Z,2020-06-23T01:00:00Z,2020-06-20T18:00:00Z,120hour_target_crosses_boundary
outer_or_final_2_inner_1_validation,2020-06-18T02:00:00Z,2020-06-23T02:00:00Z,2020-06-20T18:00:00Z,120hour_target_crosses_boundary
outer_or_final_2_inner_1_validation,2020-06-18T03:00:00Z,2020-06-23T03:00:00Z,2020-06-20T18:00:00Z,120hour_target_crosses_boundary
outer_or_final_2_inner_1_validation,2020-06-18T04:00:00Z,2020-06-23T04:00:00Z,2020-06-20T18:00:00Z,120hour_target_crosses_boundary
outer_or_final_2_inner_1_validation,2020-06-18T05:00:00Z,2020-06-23T05:00:00Z,2020-06-20T18:00:00Z,120hour_target_crosses_boundary
outer_or_final_2_inner_1_validation,2020-06-18T06:00:00Z,2020-06-23T06:00:00Z,2020-06-20T18:00:00Z,120hour_target_crosses_boundary
outer_or_final_2_inner_1_validation,2020-06-18T07:00:00Z,2020-06-23T07:00:00Z,2020-06-20T18:00:00Z,120hour_target_crosses_boundary
outer_or_final_2_inner_1_validation,2020-06-18T08:00:00Z,2020-06-23T08:00:00Z,2020-06-20T18:00:00Z,120hour_target_crosses_boundary
outer_or_final_2_inner_1_validation,2020-06-18T09:00:00Z,2020-06-23T09:00:00Z,2020-06-20T18:00:00Z,120hour_target_crosses_boundary
outer_or_final_2_inner_1_validation,2020-06-18T10:00:00Z,2020-06-23T10:00:00Z,2020-06-20T18:00:00Z,120hour_target_crosses_boundary
outer_or_final_2_inner_1_validation,2020-06-18T11:00:00Z,2020-06-23T11:00:00Z,2020-06-20T18:00:00Z,120hour_target_crosses_boundary
outer_or_final_2_inner_1_validation,2020-06-18T12:00:00Z,2020-06-23T12:00:00Z,2020-06-20T18:00:00Z,120hour_target_crosses_boundary
outer_or_final_2_inner_1_validation,2020-06-18T13:00:00Z,2020-06-23T13:00:00Z,2020-06-20T18:00:00Z,120hour_target_crosses_boundary
outer_or_final_2_inner_1_validation,2020-06-18T14:00:00Z,2020-06-23T14:00:00Z,2020-06-20T18:00:00Z,120hour_target_crosses_boundary
outer_or_final_2_inner_1_validation,2020-06-18T15:00:00Z,2020-06-23T15:00:00Z,2020-06-20T18:00:00Z,120hour_target_crosses_boundary
outer_or_final_2_inner_1_validation,2020-06-18T16:00:00Z,2020-06-23T16:00:00Z,2020-06-20T18:00:00Z,120hour_target_crosses_boundary
outer_or_final_2_inner_1_validation,2020-06-18T17:00:00Z,2020-06-23T17:00:00Z,2020-06-20T18:00:00Z,120hour_target_crosses_boundary
outer_or_final_2_inner_1_validation,2020-06-18T18:00:00Z,2020-06-23T18:00:00Z,2020-06-20T18:00:00Z,120hour_target_crosses_boundary
outer_or_final_2_inner_1_validation,2020-06-18T19:00:00Z,2020-06-23T19:00:00Z,2020-06-20T18:00:00Z,120hour_target_crosses_boundary
outer_or_final_2_inner_1_validation,2020-06-18T20:00:00Z,2020-06-23T20:00:00Z,2020-06-20T18:00:00Z,120hour_target_crosses_boundary
outer_or_final_2_inner_1_validation,2020-06-18T21:00:00Z,2020-06-23T21:00:00Z,2020-06-20T18:00:00Z,120hour_target_crosses_boundary
outer_or_final_2_inner_1_validation,2020-06-18T22:00:00Z,2020-06-23T22:00:00Z,2020-06-20T18:00:00Z,120hour_target_crosses_boundary
outer_or_final_2_inner_1_validation,2020-06-18T23:00:00Z,2020-06-23T23:00:00Z,2020-06-20T18:00:00Z,120hour_target_crosses_boundary
outer_or_final_2_inner_1_validation,2020-06-19T00:00:00Z,2020-06-24T00:00:00Z,2020-06-20T18:00:00Z,120hour_target_crosses_boundary
outer_or_final_2_inner_1_validation,2020-06-19T01:00:00Z,2020-06-24T01:00:00Z,2020-06-20T18:00:00Z,120hour_target_crosses_boundary
outer_or_final_2_inner_1_validation,2020-06-19T02:00:00Z,2020-06-24T02:00:00Z,2020-06-20T18:00:00Z,120hour_target_crosses_boundary
outer_or_final_2_inner_1_validation,2020-06-19T03:00:00Z,2020-06-24T03:00:00Z,2020-06-20T18:00:00Z,120hour_target_crosses_boundary
outer_or_final_2_inner_1_validation,2020-06-19T04:00:00Z,2020-06-24T04:00:00Z,2020-06-20T18:00:00Z,120hour_target_crosses_boundary
outer_or_final_2_inner_1_validation,2020-06-19T05:00:00Z,2020-06-24T05:00:00Z,2020-06-20T18:00:00Z,120hour_target_crosses_boundary
outer_or_final_2_inner_1_validation,2020-06-19T06:00:00Z,2020-06-24T06:00:00Z,2020-06-20T18:00:00Z,120hour_target_crosses_boundary
outer_or_final_2_inner_1_validation,2020-06-19T07:00:00Z,2020-06-24T07:00:00Z,2020-06-20T18:00:00Z,120hour_target_crosses_boundary
outer_or_final_2_inner_1_validation,2020-06-19T08:00:00Z,2020-06-24T08:00:00Z,2020-06-20T18:00:00Z,120hour_target_crosses_boundary
outer_or_final_2_inner_1_validation,2020-06-19T09:00:00Z,2020-06-24T09:00:00Z,2020-06-20T18:00:00Z,120hour_target_crosses_boundary
outer_or_final_2_inner_1_validation,2020-06-19T10:00:00Z,2020-06-24T10:00:00Z,2020-06-20T18:00:00Z,120hour_target_crosses_boundary
outer_or_final_2_inner_1_validation,2020-06-19T11:00:00Z,2020-06-24T11:00:00Z,2020-06-20T18:00:00Z,120hour_target_crosses_boundary
outer_or_final_2_inner_1_validation,2020-06-19T12:00:00Z,2020-06-24T12:00:00Z,2020-06-20T18:00:00Z,120hour_target_crosses_boundary
outer_or_final_2_inner_1_validation,2020-06-19T13:00:00Z,2020-06-24T13:00:00Z,2020-06-20T18:00:00Z,120hour_target_crosses_boundary
outer_or_final_2_inner_1_validation,2020-06-19T14:00:00Z,2020-06-24T14:00:00Z,2020-06-20T18:00:00Z,120hour_target_crosses_boundary
outer_or_final_2_inner_1_validation,2020-06-19T15:00:00Z,2020-06-24T15:00:00Z,2020-06-20T18:00:00Z,120hour_target_crosses_boundary
outer_or_final_2_inner_1_validation,2020-06-19T16:00:00Z,2020-06-24T16:00:00Z,2020-06-20T18:00:00Z,120hour_target_crosses_boundary
outer_or_final_2_inner_1_validation,2020-06-19T17:00:00Z,2020-06-24T17:00:00Z,2020-06-20T18:00:00Z,120hour_target_crosses_boundary
outer_or_final_2_inner_1_validation,2020-06-19T18:00:00Z,2020-06-24T18:00:00Z,2020-06-20T18:00:00Z,120hour_target_crosses_boundary
outer_or_final_2_inner_1_validation,2020-06-19T19:00:00Z,2020-06-24T19:00:00Z,2020-06-20T18:00:00Z,120hour_target_crosses_boundary
outer_or_final_2_inner_1_validation,2020-06-19T20:00:00Z,2020-06-24T20:00:00Z,2020-06-20T18:00:00Z,120hour_target_crosses_boundary
outer_or_final_2_inner_1_validation,2020-06-19T21:00:00Z,2020-06-24T21:00:00Z,2020-06-20T18:00:00Z,120hour_target_crosses_boundary
outer_or_final_2_inner_1_validation,2020-06-19T22:00:00Z,2020-06-24T22:00:00Z,2020-06-20T18:00:00Z,120hour_target_crosses_boundary
outer_or_final_2_inner_1_validation,2020-06-19T23:00:00Z,2020-06-24T23:00:00Z,2020-06-20T18:00:00Z,120hour_target_crosses_boundary
outer_or_final_2_inner_1_validation,2020-06-20T00:00:00Z,2020-06-25T00:00:00Z,2020-06-20T18:00:00Z,120hour_target_crosses_boundary
outer_or_final_2_inner_1_validation,2020-06-20T01:00:00Z,2020-06-25T01:00:00Z,2020-06-20T18:00:00Z,120hour_target_crosses_boundary
outer_or_final_2_inner_1_validation,2020-06-20T02:00:00Z,2020-06-25T02:00:00Z,2020-06-20T18:00:00Z,120hour_target_crosses_boundary
outer_or_final_2_inner_1_validation,2020-06-20T03:00:00Z,2020-06-25T03:00:00Z,2020-06-20T18:00:00Z,120hour_target_crosses_boundary
outer_or_final_2_inner_1_validation,2020-06-20T04:00:00Z,2020-06-25T04:00:00Z,2020-06-20T18:00:00Z,120hour_target_crosses_boundary
outer_or_final_2_inner_1_validation,2020-06-20T05:00:00Z,2020-06-25T05:00:00Z,2020-06-20T18:00:00Z,120hour_target_crosses_boundary
outer_or_final_2_inner_1_validation,2020-06-20T06:00:00Z,2020-06-25T06:00:00Z,2020-06-20T18:00:00Z,120hour_target_crosses_boundary
outer_or_final_2_inner_1_validation,2020-06-20T07:00:00Z,2020-06-25T07:00:00Z,2020-06-20T18:00:00Z,120hour_target_crosses_boundary
outer_or_final_2_inner_1_validation,2020-06-20T08:00:00Z,2020-06-25T08:00:00Z,2020-06-20T18:00:00Z,120hour_target_crosses_boundary
outer_or_final_2_inner_1_validation,2020-06-20T09:00:00Z,2020-06-25T09:00:00Z,2020-06-20T18:00:00Z,120hour_target_crosses_boundary
outer_or_final_2_inner_1_validation,2020-06-20T10:00:00Z,2020-06-25T10:00:00Z,2020-06-20T18:00:00Z,120hour_target_crosses_boundary
outer_or_final_2_inner_1_validation,2020-06-20T11:00:00Z,2020-06-25T11:00:00Z,2020-06-20T18:00:00Z,120hour_target_crosses_boundary
outer_or_final_2_inner_1_validation,2020-06-20T12:00:00Z,2020-06-25T12:00:00Z,2020-06-20T18:00:00Z,120hour_target_crosses_boundary
outer_or_final_2_inner_1_validation,2020-06-20T13:00:00Z,2020-06-25T13:00:00Z,2020-06-20T18:00:00Z,120hour_target_crosses_boundary
outer_or_final_2_inner_1_validation,2020-06-20T14:00:00Z,2020-06-25T14:00:00Z,2020-06-20T18:00:00Z,120hour_target_crosses_boundary
outer_or_final_2_inner_1_validation,2020-06-20T15:00:00Z,2020-06-25T15:00:00Z,2020-06-20T18:00:00Z,120hour_target_crosses_boundary
outer_or_final_2_inner_1_validation,2020-06-20T16:00:00Z,2020-06-25T16:00:00Z,2020-06-20T18:00:00Z,120hour_target_crosses_boundary
outer_or_final_2_inner_1_validation,2020-06-20T17:00:00Z,2020-06-25T17:00:00Z,2020-06-20T18:00:00Z,120hour_target_crosses_boundary
outer_or_final_2_inner_2_training,2020-06-15T19:00:00Z,2020-06-20T19:00:00Z,2020-06-20T18:00:00Z,120hour_target_crosses_boundary
outer_or_final_2_inner_2_training,2020-06-15T20:00:00Z,2020-06-20T20:00:00Z,2020-06-20T18:00:00Z,120hour_target_crosses_boundary
outer_or_final_2_inner_2_training,2020-06-15T21:00:00Z,2020-06-20T21:00:00Z,2020-06-20T18:00:00Z,120hour_target_crosses_boundary
outer_or_final_2_inner_2_training,2020-06-15T22:00:00Z,2020-06-20T22:00:00Z,2020-06-20T18:00:00Z,120hour_target_crosses_boundary
outer_or_final_2_inner_2_training,2020-06-15T23:00:00Z,2020-06-20T23:00:00Z,2020-06-20T18:00:00Z,120hour_target_crosses_boundary
outer_or_final_2_inner_2_training,2020-06-16T00:00:00Z,2020-06-21T00:00:00Z,2020-06-20T18:00:00Z,120hour_target_crosses_boundary
outer_or_final_2_inner_2_training,2020-06-16T01:00:00Z,2020-06-21T01:00:00Z,2020-06-20T18:00:00Z,120hour_target_crosses_boundary
outer_or_final_2_inner_2_training,2020-06-16T02:00:00Z,2020-06-21T02:00:00Z,2020-06-20T18:00:00Z,120hour_target_crosses_boundary
outer_or_final_2_inner_2_training,2020-06-16T03:00:00Z,2020-06-21T03:00:00Z,2020-06-20T18:00:00Z,120hour_target_crosses_boundary
outer_or_final_2_inner_2_training,2020-06-16T04:00:00Z,2020-06-21T04:00:00Z,2020-06-20T18:00:00Z,120hour_target_crosses_boundary
outer_or_final_2_inner_2_training,2020-06-16T05:00:00Z,2020-06-21T05:00:00Z,2020-06-20T18:00:00Z,120hour_target_crosses_boundary
outer_or_final_2_inner_2_training,2020-06-16T06:00:00Z,2020-06-21T06:00:00Z,2020-06-20T18:00:00Z,120hour_target_crosses_boundary
outer_or_final_2_inner_2_training,2020-06-16T07:00:00Z,2020-06-21T07:00:00Z,2020-06-20T18:00:00Z,120hour_target_crosses_boundary
outer_or_final_2_inner_2_training,2020-06-16T08:00:00Z,2020-06-21T08:00:00Z,2020-06-20T18:00:00Z,120hour_target_crosses_boundary
outer_or_final_2_inner_2_training,2020-06-16T09:00:00Z,2020-06-21T09:00:00Z,2020-06-20T18:00:00Z,120hour_target_crosses_boundary
outer_or_final_2_inner_2_training,2020-06-16T10:00:00Z,2020-06-21T10:00:00Z,2020-06-20T18:00:00Z,120hour_target_crosses_boundary
outer_or_final_2_inner_2_training,2020-06-16T11:00:00Z,2020-06-21T11:00:00Z,2020-06-20T18:00:00Z,120hour_target_crosses_boundary
outer_or_final_2_inner_2_training,2020-06-16T12:00:00Z,2020-06-21T12:00:00Z,2020-06-20T18:00:00Z,120hour_target_crosses_boundary
outer_or_final_2_inner_2_training,2020-06-16T13:00:00Z,2020-06-21T13:00:00Z,2020-06-20T18:00:00Z,120hour_target_crosses_boundary
outer_or_final_2_inner_2_training,2020-06-16T14:00:00Z,2020-06-21T14:00:00Z,2020-06-20T18:00:00Z,120hour_target_crosses_boundary
outer_or_final_2_inner_2_training,2020-06-16T15:00:00Z,2020-06-21T15:00:00Z,2020-06-20T18:00:00Z,120hour_target_crosses_boundary
outer_or_final_2_inner_2_training,2020-06-16T16:00:00Z,2020-06-21T16:00:00Z,2020-06-20T18:00:00Z,120hour_target_crosses_boundary
outer_or_final_2_inner_2_training,2020-06-16T17:00:00Z,2020-06-21T17:00:00Z,2020-06-20T18:00:00Z,120hour_target_crosses_boundary
outer_or_final_2_inner_2_training,2020-06-16T18:00:00Z,2020-06-21T18:00:00Z,2020-06-20T18:00:00Z,120hour_target_crosses_boundary
outer_or_final_2_inner_2_training,2020-06-16T19:00:00Z,2020-06-21T19:00:00Z,2020-06-20T18:00:00Z,120hour_target_crosses_boundary
outer_or_final_2_inner_2_training,2020-06-16T20:00:00Z,2020-06-21T20:00:00Z,2020-06-20T18:00:00Z,120hour_target_crosses_boundary
outer_or_final_2_inner_2_training,2020-06-16T21:00:00Z,2020-06-21T21:00:00Z,2020-06-20T18:00:00Z,120hour_target_crosses_boundary
outer_or_final_2_inner_2_training,2020-06-16T22:00:00Z,2020-06-21T22:00:00Z,2020-06-20T18:00:00Z,120hour_target_crosses_boundary
outer_or_final_2_inner_2_training,2020-06-16T23:00:00Z,2020-06-21T23:00:00Z,2020-06-20T18:00:00Z,120hour_target_crosses_boundary
outer_or_final_2_inner_2_training,2020-06-17T00:00:00Z,2020-06-22T00:00:00Z,2020-06-20T18:00:00Z,120hour_target_crosses_boundary
outer_or_final_2_inner_2_training,2020-06-17T01:00:00Z,2020-06-22T01:00:00Z,2020-06-20T18:00:00Z,120hour_target_crosses_boundary
outer_or_final_2_inner_2_training,2020-06-17T02:00:00Z,2020-06-22T02:00:00Z,2020-06-20T18:00:00Z,120hour_target_crosses_boundary
outer_or_final_2_inner_2_training,2020-06-17T03:00:00Z,2020-06-22T03:00:00Z,2020-06-20T18:00:00Z,120hour_target_crosses_boundary
outer_or_final_2_inner_2_training,2020-06-17T04:00:00Z,2020-06-22T04:00:00Z,2020-06-20T18:00:00Z,120hour_target_crosses_boundary
outer_or_final_2_inner_2_training,2020-06-17T05:00:00Z,2020-06-22T05:00:00Z,2020-06-20T18:00:00Z,120hour_target_crosses_boundary
outer_or_final_2_inner_2_training,2020-06-17T06:00:00Z,2020-06-22T06:00:00Z,2020-06-20T18:00:00Z,120hour_target_crosses_boundary
outer_or_final_2_inner_2_training,2020-06-17T07:00:00Z,2020-06-22T07:00:00Z,2020-06-20T18:00:00Z,120hour_target_crosses_boundary
outer_or_final_2_inner_2_training,2020-06-17T08:00:00Z,2020-06-22T08:00:00Z,2020-06-20T18:00:00Z,120hour_target_crosses_boundary
outer_or_final_2_inner_2_training,2020-06-17T09:00:00Z,2020-06-22T09:00:00Z,2020-06-20T18:00:00Z,120hour_target_crosses_boundary
outer_or_final_2_inner_2_training,2020-06-17T10:00:00Z,2020-06-22T10:00:00Z,2020-06-20T18:00:00Z,120hour_target_crosses_boundary
outer_or_final_2_inner_2_training,2020-06-17T11:00:00Z,2020-06-22T11:00:00Z,2020-06-20T18:00:00Z,120hour_target_crosses_boundary
outer_or_final_2_inner_2_training,2020-06-17T12:00:00Z,2020-06-22T12:00:00Z,2020-06-20T18:00:00Z,120hour_target_crosses_boundary
outer_or_final_2_inner_2_training,2020-06-17T13:00:00Z,2020-06-22T13:00:00Z,2020-06-20T18:00:00Z,120hour_target_crosses_boundary
outer_or_final_2_inner_2_training,2020-06-17T14:00:00Z,2020-06-22T14:00:00Z,2020-06-20T18:00:00Z,120hour_target_crosses_boundary
outer_or_final_2_inner_2_training,2020-06-17T15:00:00Z,2020-06-22T15:00:00Z,2020-06-20T18:00:00Z,120hour_target_crosses_boundary
outer_or_final_2_inner_2_training,2020-06-17T16:00:00Z,2020-06-22T16:00:00Z,2020-06-20T18:00:00Z,120hour_target_crosses_boundary
outer_or_final_2_inner_2_training,2020-06-17T17:00:00Z,2020-06-22T17:00:00Z,2020-06-20T18:00:00Z,120hour_target_crosses_boundary
outer_or_final_2_inner_2_training,2020-06-17T18:00:00Z,2020-06-22T18:00:00Z,2020-06-20T18:00:00Z,120hour_target_crosses_boundary
outer_or_final_2_inner_2_training,2020-06-17T19:00:00Z,2020-06-22T19:00:00Z,2020-06-20T18:00:00Z,120hour_target_crosses_boundary
outer_or_final_2_inner_2_training,2020-06-17T20:00:00Z,2020-06-22T20:00:00Z,2020-06-20T18:00:00Z,120hour_target_crosses_boundary
outer_or_final_2_inner_2_training,2020-06-17T21:00:00Z,2020-06-22T21:00:00Z,2020-06-20T18:00:00Z,120hour_target_crosses_boundary
outer_or_final_2_inner_2_training,2020-06-17T22:00:00Z,2020-06-22T22:00:00Z,2020-06-20T18:00:00Z,120hour_target_crosses_boundary
outer_or_final_2_inner_2_training,2020-06-17T23:00:00Z,2020-06-22T23:00:00Z,2020-06-20T18:00:00Z,120hour_target_crosses_boundary
outer_or_final_2_inner_2_training,2020-06-18T00:00:00Z,2020-06-23T00:00:00Z,2020-06-20T18:00:00Z,120hour_target_crosses_boundary
outer_or_final_2_inner_2_training,2020-06-18T01:00:00Z,2020-06-23T01:00:00Z,2020-06-20T18:00:00Z,120hour_target_crosses_boundary
outer_or_final_2_inner_2_training,2020-06-18T02:00:00Z,2020-06-23T02:00:00Z,2020-06-20T18:00:00Z,120hour_target_crosses_boundary
outer_or_final_2_inner_2_training,2020-06-18T03:00:00Z,2020-06-23T03:00:00Z,2020-06-20T18:00:00Z,120hour_target_crosses_boundary
outer_or_final_2_inner_2_training,2020-06-18T04:00:00Z,2020-06-23T04:00:00Z,2020-06-20T18:00:00Z,120hour_target_crosses_boundary
outer_or_final_2_inner_2_training,2020-06-18T05:00:00Z,2020-06-23T05:00:00Z,2020-06-20T18:00:00Z,120hour_target_crosses_boundary
outer_or_final_2_inner_2_training,2020-06-18T06:00:00Z,2020-06-23T06:00:00Z,2020-06-20T18:00:00Z,120hour_target_crosses_boundary
outer_or_final_2_inner_2_training,2020-06-18T07:00:00Z,2020-06-23T07:00:00Z,2020-06-20T18:00:00Z,120hour_target_crosses_boundary
outer_or_final_2_inner_2_training,2020-06-18T08:00:00Z,2020-06-23T08:00:00Z,2020-06-20T18:00:00Z,120hour_target_crosses_boundary
outer_or_final_2_inner_2_training,2020-06-18T09:00:00Z,2020-06-23T09:00:00Z,2020-06-20T18:00:00Z,120hour_target_crosses_boundary
outer_or_final_2_inner_2_training,2020-06-18T10:00:00Z,2020-06-23T10:00:00Z,2020-06-20T18:00:00Z,120hour_target_crosses_boundary
outer_or_final_2_inner_2_training,2020-06-18T11:00:00Z,2020-06-23T11:00:00Z,2020-06-20T18:00:00Z,120hour_target_crosses_boundary
outer_or_final_2_inner_2_training,2020-06-18T12:00:00Z,2020-06-23T12:00:00Z,2020-06-20T18:00:00Z,120hour_target_crosses_boundary
outer_or_final_2_inner_2_training,2020-06-18T13:00:00Z,2020-06-23T13:00:00Z,2020-06-20T18:00:00Z,120hour_target_crosses_boundary
outer_or_final_2_inner_2_training,2020-06-18T14:00:00Z,2020-06-23T14:00:00Z,2020-06-20T18:00:00Z,120hour_target_crosses_boundary
outer_or_final_2_inner_2_training,2020-06-18T15:00:00Z,2020-06-23T15:00:00Z,2020-06-20T18:00:00Z,120hour_target_crosses_boundary
outer_or_final_2_inner_2_training,2020-06-18T16:00:00Z,2020-06-23T16:00:00Z,2020-06-20T18:00:00Z,120hour_target_crosses_boundary
outer_or_final_2_inner_2_training,2020-06-18T17:00:00Z,2020-06-23T17:00:00Z,2020-06-20T18:00:00Z,120hour_target_crosses_boundary
outer_or_final_2_inner_2_training,2020-06-18T18:00:00Z,2020-06-23T18:00:00Z,2020-06-20T18:00:00Z,120hour_target_crosses_boundary
outer_or_final_2_inner_2_training,2020-06-18T19:00:00Z,2020-06-23T19:00:00Z,2020-06-20T18:00:00Z,120hour_target_crosses_boundary
outer_or_final_2_inner_2_training,2020-06-18T20:00:00Z,2020-06-23T20:00:00Z,2020-06-20T18:00:00Z,120hour_target_crosses_boundary
outer_or_final_2_inner_2_training,2020-06-18T21:00:00Z,2020-06-23T21:00:00Z,2020-06-20T18:00:00Z,120hour_target_crosses_boundary
outer_or_final_2_inner_2_training,2020-06-18T22:00:00Z,2020-06-23T22:00:00Z,2020-06-20T18:00:00Z,120hour_target_crosses_boundary
outer_or_final_2_inner_2_training,2020-06-18T23:00:00Z,2020-06-23T23:00:00Z,2020-06-20T18:00:00Z,120hour_target_crosses_boundary
outer_or_final_2_inner_2_training,2020-06-19T00:00:00Z,2020-06-24T00:00:00Z,2020-06-20T18:00:00Z,120hour_target_crosses_boundary
outer_or_final_2_inner_2_training,2020-06-19T01:00:00Z,2020-06-24T01:00:00Z,2020-06-20T18:00:00Z,120hour_target_crosses_boundary
outer_or_final_2_inner_2_training,2020-06-19T02:00:00Z,2020-06-24T02:00:00Z,2020-06-20T18:00:00Z,120hour_target_crosses_boundary
outer_or_final_2_inner_2_training,2020-06-19T03:00:00Z,2020-06-24T03:00:00Z,2020-06-20T18:00:00Z,120hour_target_crosses_boundary
outer_or_final_2_inner_2_training,2020-06-19T04:00:00Z,2020-06-24T04:00:00Z,2020-06-20T18:00:00Z,120hour_target_crosses_boundary
outer_or_final_2_inner_2_training,2020-06-19T05:00:00Z,2020-06-24T05:00:00Z,2020-06-20T18:00:00Z,120hour_target_crosses_boundary
outer_or_final_2_inner_2_training,2020-06-19T06:00:00Z,2020-06-24T06:00:00Z,2020-06-20T18:00:00Z,120hour_target_crosses_boundary
outer_or_final_2_inner_2_training,2020-06-19T07:00:00Z,2020-06-24T07:00:00Z,2020-06-20T18:00:00Z,120hour_target_crosses_boundary
outer_or_final_2_inner_2_training,2020-06-19T08:00:00Z,2020-06-24T08:00:00Z,2020-06-20T18:00:00Z,120hour_target_crosses_boundary
outer_or_final_2_inner_2_training,2020-06-19T09:00:00Z,2020-06-24T09:00:00Z,2020-06-20T18:00:00Z,120hour_target_crosses_boundary
outer_or_final_2_inner_2_training,2020-06-19T10:00:00Z,2020-06-24T10:00:00Z,2020-06-20T18:00:00Z,120hour_target_crosses_boundary
outer_or_final_2_inner_2_training,2020-06-19T11:00:00Z,2020-06-24T11:00:00Z,2020-06-20T18:00:00Z,120hour_target_crosses_boundary
outer_or_final_2_inner_2_training,2020-06-19T12:00:00Z,2020-06-24T12:00:00Z,2020-06-20T18:00:00Z,120hour_target_crosses_boundary
outer_or_final_2_inner_2_training,2020-06-19T13:00:00Z,2020-06-24T13:00:00Z,2020-06-20T18:00:00Z,120hour_target_crosses_boundary
outer_or_final_2_inner_2_training,2020-06-19T14:00:00Z,2020-06-24T14:00:00Z,2020-06-20T18:00:00Z,120hour_target_crosses_boundary
outer_or_final_2_inner_2_training,2020-06-19T15:00:00Z,2020-06-24T15:00:00Z,2020-06-20T18:00:00Z,120hour_target_crosses_boundary
outer_or_final_2_inner_2_training,2020-06-19T16:00:00Z,2020-06-24T16:00:00Z,2020-06-20T18:00:00Z,120hour_target_crosses_boundary
outer_or_final_2_inner_2_training,2020-06-19T17:00:00Z,2020-06-24T17:00:00Z,2020-06-20T18:00:00Z,120hour_target_crosses_boundary
outer_or_final_2_inner_2_training,2020-06-19T18:00:00Z,2020-06-24T18:00:00Z,2020-06-20T18:00:00Z,120hour_target_crosses_boundary
outer_or_final_2_inner_2_training,2020-06-19T19:00:00Z,2020-06-24T19:00:00Z,2020-06-20T18:00:00Z,120hour_target_crosses_boundary
outer_or_final_2_inner_2_training,2020-06-19T20:00:00Z,2020-06-24T20:00:00Z,2020-06-20T18:00:00Z,120hour_target_crosses_boundary
outer_or_final_2_inner_2_training,2020-06-19T21:00:00Z,2020-06-24T21:00:00Z,2020-06-20T18:00:00Z,120hour_target_crosses_boundary
outer_or_final_2_inner_2_training,2020-06-19T22:00:00Z,2020-06-24T22:00:00Z,2020-06-20T18:00:00Z,120hour_target_crosses_boundary
outer_or_final_2_inner_2_training,2020-06-19T23:00:00Z,2020-06-24T23:00:00Z,2020-06-20T18:00:00Z,120hour_target_crosses_boundary
outer_or_final_2_inner_2_training,2020-06-20T00:00:00Z,2020-06-25T00:00:00Z,2020-06-20T18:00:00Z,120hour_target_crosses_boundary
outer_or_final_2_inner_2_training,2020-06-20T01:00:00Z,2020-06-25T01:00:00Z,2020-06-20T18:00:00Z,120hour_target_crosses_boundary
outer_or_final_2_inner_2_training,2020-06-20T02:00:00Z,2020-06-25T02:00:00Z,2020-06-20T18:00:00Z,120hour_target_crosses_boundary
outer_or_final_2_inner_2_training,2020-06-20T03:00:00Z,2020-06-25T03:00:00Z,2020-06-20T18:00:00Z,120hour_target_crosses_boundary
outer_or_final_2_inner_2_training,2020-06-20T04:00:00Z,2020-06-25T04:00:00Z,2020-06-20T18:00:00Z,120hour_target_crosses_boundary
outer_or_final_2_inner_2_training,2020-06-20T05:00:00Z,2020-06-25T05:00:00Z,2020-06-20T18:00:00Z,120hour_target_crosses_boundary
outer_or_final_2_inner_2_training,2020-06-20T06:00:00Z,2020-06-25T06:00:00Z,2020-06-20T18:00:00Z,120hour_target_crosses_boundary
outer_or_final_2_inner_2_training,2020-06-20T07:00:00Z,2020-06-25T07:00:00Z,2020-06-20T18:00:00Z,120hour_target_crosses_boundary
outer_or_final_2_inner_2_training,2020-06-20T08:00:00Z,2020-06-25T08:00:00Z,2020-06-20T18:00:00Z,120hour_target_crosses_boundary
outer_or_final_2_inner_2_training,2020-06-20T09:00:00Z,2020-06-25T09:00:00Z,2020-06-20T18:00:00Z,120hour_target_crosses_boundary
outer_or_final_2_inner_2_training,2020-06-20T10:00:00Z,2020-06-25T10:00:00Z,2020-06-20T18:00:00Z,120hour_target_crosses_boundary
outer_or_final_2_inner_2_training,2020-06-20T11:00:00Z,2020-06-25T11:00:00Z,2020-06-20T18:00:00Z,120hour_target_crosses_boundary
outer_or_final_2_inner_2_training,2020-06-20T12:00:00Z,2020-06-25T12:00:00Z,2020-06-20T18:00:00Z,120hour_target_crosses_boundary
outer_or_final_2_inner_2_training,2020-06-20T13:00:00Z,2020-06-25T13:00:00Z,2020-06-20T18:00:00Z,120hour_target_crosses_boundary
outer_or_final_2_inner_2_training,2020-06-20T14:00:00Z,2020-06-25T14:00:00Z,2020-06-20T18:00:00Z,120hour_target_crosses_boundary
outer_or_final_2_inner_2_training,2020-06-20T15:00:00Z,2020-06-25T15:00:00Z,2020-06-20T18:00:00Z,120hour_target_crosses_boundary
outer_or_final_2_inner_2_training,2020-06-20T16:00:00Z,2020-06-25T16:00:00Z,2020-06-20T18:00:00Z,120hour_target_crosses_boundary
outer_or_final_2_inner_2_training,2020-06-20T17:00:00Z,2020-06-25T17:00:00Z,2020-06-20T18:00:00Z,120hour_target_crosses_boundary
outer_or_final_2_inner_2_validation,2021-04-28T06:00:00Z,2021-05-03T06:00:00Z,2021-05-03T05:00:00Z,120hour_target_crosses_boundary
outer_or_final_2_inner_2_validation,2021-04-28T07:00:00Z,2021-05-03T07:00:00Z,2021-05-03T05:00:00Z,120hour_target_crosses_boundary
outer_or_final_2_inner_2_validation,2021-04-28T08:00:00Z,2021-05-03T08:00:00Z,2021-05-03T05:00:00Z,120hour_target_crosses_boundary
outer_or_final_2_inner_2_validation,2021-04-28T09:00:00Z,2021-05-03T09:00:00Z,2021-05-03T05:00:00Z,120hour_target_crosses_boundary
outer_or_final_2_inner_2_validation,2021-04-28T10:00:00Z,2021-05-03T10:00:00Z,2021-05-03T05:00:00Z,120hour_target_crosses_boundary
outer_or_final_2_inner_2_validation,2021-04-28T11:00:00Z,2021-05-03T11:00:00Z,2021-05-03T05:00:00Z,120hour_target_crosses_boundary
outer_or_final_2_inner_2_validation,2021-04-28T12:00:00Z,2021-05-03T12:00:00Z,2021-05-03T05:00:00Z,120hour_target_crosses_boundary
outer_or_final_2_inner_2_validation,2021-04-28T13:00:00Z,2021-05-03T13:00:00Z,2021-05-03T05:00:00Z,120hour_target_crosses_boundary
outer_or_final_2_inner_2_validation,2021-04-28T14:00:00Z,2021-05-03T14:00:00Z,2021-05-03T05:00:00Z,120hour_target_crosses_boundary
outer_or_final_2_inner_2_validation,2021-04-28T15:00:00Z,2021-05-03T15:00:00Z,2021-05-03T05:00:00Z,120hour_target_crosses_boundary
outer_or_final_2_inner_2_validation,2021-04-28T16:00:00Z,2021-05-03T16:00:00Z,2021-05-03T05:00:00Z,120hour_target_crosses_boundary
outer_or_final_2_inner_2_validation,2021-04-28T17:00:00Z,2021-05-03T17:00:00Z,2021-05-03T05:00:00Z,120hour_target_crosses_boundary
outer_or_final_2_inner_2_validation,2021-04-28T18:00:00Z,2021-05-03T18:00:00Z,2021-05-03T05:00:00Z,120hour_target_crosses_boundary
outer_or_final_2_inner_2_validation,2021-04-28T19:00:00Z,2021-05-03T19:00:00Z,2021-05-03T05:00:00Z,120hour_target_crosses_boundary
outer_or_final_2_inner_2_validation,2021-04-28T20:00:00Z,2021-05-03T20:00:00Z,2021-05-03T05:00:00Z,120hour_target_crosses_boundary
outer_or_final_2_inner_2_validation,2021-04-28T21:00:00Z,2021-05-03T21:00:00Z,2021-05-03T05:00:00Z,120hour_target_crosses_boundary
outer_or_final_2_inner_2_validation,2021-04-28T22:00:00Z,2021-05-03T22:00:00Z,2021-05-03T05:00:00Z,120hour_target_crosses_boundary
outer_or_final_2_inner_2_validation,2021-04-28T23:00:00Z,2021-05-03T23:00:00Z,2021-05-03T05:00:00Z,120hour_target_crosses_boundary
outer_or_final_2_inner_2_validation,2021-04-29T00:00:00Z,2021-05-04T00:00:00Z,2021-05-03T05:00:00Z,120hour_target_crosses_boundary
outer_or_final_2_inner_2_validation,2021-04-29T01:00:00Z,2021-05-04T01:00:00Z,2021-05-03T05:00:00Z,120hour_target_crosses_boundary
outer_or_final_2_inner_2_validation,2021-04-29T02:00:00Z,2021-05-04T02:00:00Z,2021-05-03T05:00:00Z,120hour_target_crosses_boundary
outer_or_final_2_inner_2_validation,2021-04-29T03:00:00Z,2021-05-04T03:00:00Z,2021-05-03T05:00:00Z,120hour_target_crosses_boundary
outer_or_final_2_inner_2_validation,2021-04-29T04:00:00Z,2021-05-04T04:00:00Z,2021-05-03T05:00:00Z,120hour_target_crosses_boundary
outer_or_final_2_inner_2_validation,2021-04-29T05:00:00Z,2021-05-04T05:00:00Z,2021-05-03T05:00:00Z,120hour_target_crosses_boundary
outer_or_final_2_inner_2_validation,2021-04-29T06:00:00Z,2021-05-04T06:00:00Z,2021-05-03T05:00:00Z,120hour_target_crosses_boundary
outer_or_final_2_inner_2_validation,2021-04-29T07:00:00Z,2021-05-04T07:00:00Z,2021-05-03T05:00:00Z,120hour_target_crosses_boundary
outer_or_final_2_inner_2_validation,2021-04-29T08:00:00Z,2021-05-04T08:00:00Z,2021-05-03T05:00:00Z,120hour_target_crosses_boundary
outer_or_final_2_inner_2_validation,2021-04-29T09:00:00Z,2021-05-04T09:00:00Z,2021-05-03T05:00:00Z,120hour_target_crosses_boundary
outer_or_final_2_inner_2_validation,2021-04-29T10:00:00Z,2021-05-04T10:00:00Z,2021-05-03T05:00:00Z,120hour_target_crosses_boundary
outer_or_final_2_inner_2_validation,2021-04-29T11:00:00Z,2021-05-04T11:00:00Z,2021-05-03T05:00:00Z,120hour_target_crosses_boundary
outer_or_final_2_inner_2_validation,2021-04-29T12:00:00Z,2021-05-04T12:00:00Z,2021-05-03T05:00:00Z,120hour_target_crosses_boundary
outer_or_final_2_inner_2_validation,2021-04-29T13:00:00Z,2021-05-04T13:00:00Z,2021-05-03T05:00:00Z,120hour_target_crosses_boundary
outer_or_final_2_inner_2_validation,2021-04-29T14:00:00Z,2021-05-04T14:00:00Z,2021-05-03T05:00:00Z,120hour_target_crosses_boundary
outer_or_final_2_inner_2_validation,2021-04-29T15:00:00Z,2021-05-04T15:00:00Z,2021-05-03T05:00:00Z,120hour_target_crosses_boundary
outer_or_final_2_inner_2_validation,2021-04-29T16:00:00Z,2021-05-04T16:00:00Z,2021-05-03T05:00:00Z,120hour_target_crosses_boundary
outer_or_final_2_inner_2_validation,2021-04-29T17:00:00Z,2021-05-04T17:00:00Z,2021-05-03T05:00:00Z,120hour_target_crosses_boundary
outer_or_final_2_inner_2_validation,2021-04-29T18:00:00Z,2021-05-04T18:00:00Z,2021-05-03T05:00:00Z,120hour_target_crosses_boundary
outer_or_final_2_inner_2_validation,2021-04-29T19:00:00Z,2021-05-04T19:00:00Z,2021-05-03T05:00:00Z,120hour_target_crosses_boundary
outer_or_final_2_inner_2_validation,2021-04-29T20:00:00Z,2021-05-04T20:00:00Z,2021-05-03T05:00:00Z,120hour_target_crosses_boundary
outer_or_final_2_inner_2_validation,2021-04-29T21:00:00Z,2021-05-04T21:00:00Z,2021-05-03T05:00:00Z,120hour_target_crosses_boundary
outer_or_final_2_inner_2_validation,2021-04-29T22:00:00Z,2021-05-04T22:00:00Z,2021-05-03T05:00:00Z,120hour_target_crosses_boundary
outer_or_final_2_inner_2_validation,2021-04-29T23:00:00Z,2021-05-04T23:00:00Z,2021-05-03T05:00:00Z,120hour_target_crosses_boundary
outer_or_final_2_inner_2_validation,2021-04-30T00:00:00Z,2021-05-05T00:00:00Z,2021-05-03T05:00:00Z,120hour_target_crosses_boundary
outer_or_final_2_inner_2_validation,2021-04-30T01:00:00Z,2021-05-05T01:00:00Z,2021-05-03T05:00:00Z,120hour_target_crosses_boundary
outer_or_final_2_inner_2_validation,2021-04-30T02:00:00Z,2021-05-05T02:00:00Z,2021-05-03T05:00:00Z,120hour_target_crosses_boundary
outer_or_final_2_inner_2_validation,2021-04-30T03:00:00Z,2021-05-05T03:00:00Z,2021-05-03T05:00:00Z,120hour_target_crosses_boundary
outer_or_final_2_inner_2_validation,2021-04-30T04:00:00Z,2021-05-05T04:00:00Z,2021-05-03T05:00:00Z,120hour_target_crosses_boundary
outer_or_final_2_inner_2_validation,2021-04-30T05:00:00Z,2021-05-05T05:00:00Z,2021-05-03T05:00:00Z,120hour_target_crosses_boundary
outer_or_final_2_inner_2_validation,2021-04-30T06:00:00Z,2021-05-05T06:00:00Z,2021-05-03T05:00:00Z,120hour_target_crosses_boundary
outer_or_final_2_inner_2_validation,2021-04-30T07:00:00Z,2021-05-05T07:00:00Z,2021-05-03T05:00:00Z,120hour_target_crosses_boundary
outer_or_final_2_inner_2_validation,2021-04-30T08:00:00Z,2021-05-05T08:00:00Z,2021-05-03T05:00:00Z,120hour_target_crosses_boundary
outer_or_final_2_inner_2_validation,2021-04-30T09:00:00Z,2021-05-05T09:00:00Z,2021-05-03T05:00:00Z,120hour_target_crosses_boundary
outer_or_final_2_inner_2_validation,2021-04-30T10:00:00Z,2021-05-05T10:00:00Z,2021-05-03T05:00:00Z,120hour_target_crosses_boundary
outer_or_final_2_inner_2_validation,2021-04-30T11:00:00Z,2021-05-05T11:00:00Z,2021-05-03T05:00:00Z,120hour_target_crosses_boundary
outer_or_final_2_inner_2_validation,2021-04-30T12:00:00Z,2021-05-05T12:00:00Z,2021-05-03T05:00:00Z,120hour_target_crosses_boundary
outer_or_final_2_inner_2_validation,2021-04-30T13:00:00Z,2021-05-05T13:00:00Z,2021-05-03T05:00:00Z,120hour_target_crosses_boundary
outer_or_final_2_inner_2_validation,2021-04-30T14:00:00Z,2021-05-05T14:00:00Z,2021-05-03T05:00:00Z,120hour_target_crosses_boundary
outer_or_final_2_inner_2_validation,2021-04-30T15:00:00Z,2021-05-05T15:00:00Z,2021-05-03T05:00:00Z,120hour_target_crosses_boundary
outer_or_final_2_inner_2_validation,2021-04-30T16:00:00Z,2021-05-05T16:00:00Z,2021-05-03T05:00:00Z,120hour_target_crosses_boundary
outer_or_final_2_inner_2_validation,2021-04-30T17:00:00Z,2021-05-05T17:00:00Z,2021-05-03T05:00:00Z,120hour_target_crosses_boundary
outer_or_final_2_inner_2_validation,2021-04-30T18:00:00Z,2021-05-05T18:00:00Z,2021-05-03T05:00:00Z,120hour_target_crosses_boundary
outer_or_final_2_inner_2_validation,2021-04-30T19:00:00Z,2021-05-05T19:00:00Z,2021-05-03T05:00:00Z,120hour_target_crosses_boundary
outer_or_final_2_inner_2_validation,2021-04-30T20:00:00Z,2021-05-05T20:00:00Z,2021-05-03T05:00:00Z,120hour_target_crosses_boundary
outer_or_final_2_inner_2_validation,2021-04-30T21:00:00Z,2021-05-05T21:00:00Z,2021-05-03T05:00:00Z,120hour_target_crosses_boundary
outer_or_final_2_inner_2_validation,2021-04-30T22:00:00Z,2021-05-05T22:00:00Z,2021-05-03T05:00:00Z,120hour_target_crosses_boundary
outer_or_final_2_inner_2_validation,2021-04-30T23:00:00Z,2021-05-05T23:00:00Z,2021-05-03T05:00:00Z,120hour_target_crosses_boundary
outer_or_final_2_inner_2_validation,2021-05-01T00:00:00Z,2021-05-06T00:00:00Z,2021-05-03T05:00:00Z,120hour_target_crosses_boundary
outer_or_final_2_inner_2_validation,2021-05-01T01:00:00Z,2021-05-06T01:00:00Z,2021-05-03T05:00:00Z,120hour_target_crosses_boundary
outer_or_final_2_inner_2_validation,2021-05-01T02:00:00Z,2021-05-06T02:00:00Z,2021-05-03T05:00:00Z,120hour_target_crosses_boundary
outer_or_final_2_inner_2_validation,2021-05-01T03:00:00Z,2021-05-06T03:00:00Z,2021-05-03T05:00:00Z,120hour_target_crosses_boundary
outer_or_final_2_inner_2_validation,2021-05-01T04:00:00Z,2021-05-06T04:00:00Z,2021-05-03T05:00:00Z,120hour_target_crosses_boundary
outer_or_final_2_inner_2_validation,2021-05-01T05:00:00Z,2021-05-06T05:00:00Z,2021-05-03T05:00:00Z,120hour_target_crosses_boundary
outer_or_final_2_inner_2_validation,2021-05-01T06:00:00Z,2021-05-06T06:00:00Z,2021-05-03T05:00:00Z,120hour_target_crosses_boundary
outer_or_final_2_inner_2_validation,2021-05-01T07:00:00Z,2021-05-06T07:00:00Z,2021-05-03T05:00:00Z,120hour_target_crosses_boundary
outer_or_final_2_inner_2_validation,2021-05-01T08:00:00Z,2021-05-06T08:00:00Z,2021-05-03T05:00:00Z,120hour_target_crosses_boundary
outer_or_final_2_inner_2_validation,2021-05-01T09:00:00Z,2021-05-06T09:00:00Z,2021-05-03T05:00:00Z,120hour_target_crosses_boundary
outer_or_final_2_inner_2_validation,2021-05-01T10:00:00Z,2021-05-06T10:00:00Z,2021-05-03T05:00:00Z,120hour_target_crosses_boundary
outer_or_final_2_inner_2_validation,2021-05-01T11:00:00Z,2021-05-06T11:00:00Z,2021-05-03T05:00:00Z,120hour_target_crosses_boundary
outer_or_final_2_inner_2_validation,2021-05-01T12:00:00Z,2021-05-06T12:00:00Z,2021-05-03T05:00:00Z,120hour_target_crosses_boundary
outer_or_final_2_inner_2_validation,2021-05-01T13:00:00Z,2021-05-06T13:00:00Z,2021-05-03T05:00:00Z,120hour_target_crosses_boundary
outer_or_final_2_inner_2_validation,2021-05-01T14:00:00Z,2021-05-06T14:00:00Z,2021-05-03T05:00:00Z,120hour_target_crosses_boundary
outer_or_final_2_inner_2_validation,2021-05-01T15:00:00Z,2021-05-06T15:00:00Z,2021-05-03T05:00:00Z,120hour_target_crosses_boundary
outer_or_final_2_inner_2_validation,2021-05-01T16:00:00Z,2021-05-06T16:00:00Z,2021-05-03T05:00:00Z,120hour_target_crosses_boundary
outer_or_final_2_inner_2_validation,2021-05-01T17:00:00Z,2021-05-06T17:00:00Z,2021-05-03T05:00:00Z,120hour_target_crosses_boundary
outer_or_final_2_inner_2_validation,2021-05-01T18:00:00Z,2021-05-06T18:00:00Z,2021-05-03T05:00:00Z,120hour_target_crosses_boundary
outer_or_final_2_inner_2_validation,2021-05-01T19:00:00Z,2021-05-06T19:00:00Z,2021-05-03T05:00:00Z,120hour_target_crosses_boundary
outer_or_final_2_inner_2_validation,2021-05-01T20:00:00Z,2021-05-06T20:00:00Z,2021-05-03T05:00:00Z,120hour_target_crosses_boundary
outer_or_final_2_inner_2_validation,2021-05-01T21:00:00Z,2021-05-06T21:00:00Z,2021-05-03T05:00:00Z,120hour_target_crosses_boundary
outer_or_final_2_inner_2_validation,2021-05-01T22:00:00Z,2021-05-06T22:00:00Z,2021-05-03T05:00:00Z,120hour_target_crosses_boundary
outer_or_final_2_inner_2_validation,2021-05-01T23:00:00Z,2021-05-06T23:00:00Z,2021-05-03T05:00:00Z,120hour_target_crosses_boundary
outer_or_final_2_inner_2_validation,2021-05-02T00:00:00Z,2021-05-07T00:00:00Z,2021-05-03T05:00:00Z,120hour_target_crosses_boundary
outer_or_final_2_inner_2_validation,2021-05-02T01:00:00Z,2021-05-07T01:00:00Z,2021-05-03T05:00:00Z,120hour_target_crosses_boundary
outer_or_final_2_inner_2_validation,2021-05-02T02:00:00Z,2021-05-07T02:00:00Z,2021-05-03T05:00:00Z,120hour_target_crosses_boundary
outer_or_final_2_inner_2_validation,2021-05-02T03:00:00Z,2021-05-07T03:00:00Z,2021-05-03T05:00:00Z,120hour_target_crosses_boundary
outer_or_final_2_inner_2_validation,2021-05-02T04:00:00Z,2021-05-07T04:00:00Z,2021-05-03T05:00:00Z,120hour_target_crosses_boundary
outer_or_final_2_inner_2_validation,2021-05-02T05:00:00Z,2021-05-07T05:00:00Z,2021-05-03T05:00:00Z,120hour_target_crosses_boundary
outer_or_final_2_inner_2_validation,2021-05-02T06:00:00Z,2021-05-07T06:00:00Z,2021-05-03T05:00:00Z,120hour_target_crosses_boundary
outer_or_final_2_inner_2_validation,2021-05-02T07:00:00Z,2021-05-07T07:00:00Z,2021-05-03T05:00:00Z,120hour_target_crosses_boundary
outer_or_final_2_inner_2_validation,2021-05-02T08:00:00Z,2021-05-07T08:00:00Z,2021-05-03T05:00:00Z,120hour_target_crosses_boundary
outer_or_final_2_inner_2_validation,2021-05-02T09:00:00Z,2021-05-07T09:00:00Z,2021-05-03T05:00:00Z,120hour_target_crosses_boundary
outer_or_final_2_inner_2_validation,2021-05-02T10:00:00Z,2021-05-07T10:00:00Z,2021-05-03T05:00:00Z,120hour_target_crosses_boundary
outer_or_final_2_inner_2_validation,2021-05-02T11:00:00Z,2021-05-07T11:00:00Z,2021-05-03T05:00:00Z,120hour_target_crosses_boundary
outer_or_final_2_inner_2_validation,2021-05-02T12:00:00Z,2021-05-07T12:00:00Z,2021-05-03T05:00:00Z,120hour_target_crosses_boundary
outer_or_final_2_inner_2_validation,2021-05-02T13:00:00Z,2021-05-07T13:00:00Z,2021-05-03T05:00:00Z,120hour_target_crosses_boundary
outer_or_final_2_inner_2_validation,2021-05-02T14:00:00Z,2021-05-07T14:00:00Z,2021-05-03T05:00:00Z,120hour_target_crosses_boundary
outer_or_final_2_inner_2_validation,2021-05-02T15:00:00Z,2021-05-07T15:00:00Z,2021-05-03T05:00:00Z,120hour_target_crosses_boundary
outer_or_final_2_inner_2_validation,2021-05-02T16:00:00Z,2021-05-07T16:00:00Z,2021-05-03T05:00:00Z,120hour_target_crosses_boundary
outer_or_final_2_inner_2_validation,2021-05-02T17:00:00Z,2021-05-07T17:00:00Z,2021-05-03T05:00:00Z,120hour_target_crosses_boundary
outer_or_final_2_inner_2_validation,2021-05-02T18:00:00Z,2021-05-07T18:00:00Z,2021-05-03T05:00:00Z,120hour_target_crosses_boundary
outer_or_final_2_inner_2_validation,2021-05-02T19:00:00Z,2021-05-07T19:00:00Z,2021-05-03T05:00:00Z,120hour_target_crosses_boundary
outer_or_final_2_inner_2_validation,2021-05-02T20:00:00Z,2021-05-07T20:00:00Z,2021-05-03T05:00:00Z,120hour_target_crosses_boundary
outer_or_final_2_inner_2_validation,2021-05-02T21:00:00Z,2021-05-07T21:00:00Z,2021-05-03T05:00:00Z,120hour_target_crosses_boundary
outer_or_final_2_inner_2_validation,2021-05-02T22:00:00Z,2021-05-07T22:00:00Z,2021-05-03T05:00:00Z,120hour_target_crosses_boundary
outer_or_final_2_inner_2_validation,2021-05-02T23:00:00Z,2021-05-07T23:00:00Z,2021-05-03T05:00:00Z,120hour_target_crosses_boundary
outer_or_final_2_inner_2_validation,2021-05-03T00:00:00Z,2021-05-08T00:00:00Z,2021-05-03T05:00:00Z,120hour_target_crosses_boundary
outer_or_final_2_inner_2_validation,2021-05-03T01:00:00Z,2021-05-08T01:00:00Z,2021-05-03T05:00:00Z,120hour_target_crosses_boundary
outer_or_final_2_inner_2_validation,2021-05-03T02:00:00Z,2021-05-08T02:00:00Z,2021-05-03T05:00:00Z,120hour_target_crosses_boundary
outer_or_final_2_inner_2_validation,2021-05-03T03:00:00Z,2021-05-08T03:00:00Z,2021-05-03T05:00:00Z,120hour_target_crosses_boundary
outer_or_final_2_inner_2_validation,2021-05-03T04:00:00Z,2021-05-08T04:00:00Z,2021-05-03T05:00:00Z,120hour_target_crosses_boundary
outer_or_final_2_inner_3_training,2021-04-28T06:00:00Z,2021-05-03T06:00:00Z,2021-05-03T05:00:00Z,120hour_target_crosses_boundary
outer_or_final_2_inner_3_training,2021-04-28T07:00:00Z,2021-05-03T07:00:00Z,2021-05-03T05:00:00Z,120hour_target_crosses_boundary
outer_or_final_2_inner_3_training,2021-04-28T08:00:00Z,2021-05-03T08:00:00Z,2021-05-03T05:00:00Z,120hour_target_crosses_boundary
outer_or_final_2_inner_3_training,2021-04-28T09:00:00Z,2021-05-03T09:00:00Z,2021-05-03T05:00:00Z,120hour_target_crosses_boundary
outer_or_final_2_inner_3_training,2021-04-28T10:00:00Z,2021-05-03T10:00:00Z,2021-05-03T05:00:00Z,120hour_target_crosses_boundary
outer_or_final_2_inner_3_training,2021-04-28T11:00:00Z,2021-05-03T11:00:00Z,2021-05-03T05:00:00Z,120hour_target_crosses_boundary
outer_or_final_2_inner_3_training,2021-04-28T12:00:00Z,2021-05-03T12:00:00Z,2021-05-03T05:00:00Z,120hour_target_crosses_boundary
outer_or_final_2_inner_3_training,2021-04-28T13:00:00Z,2021-05-03T13:00:00Z,2021-05-03T05:00:00Z,120hour_target_crosses_boundary
outer_or_final_2_inner_3_training,2021-04-28T14:00:00Z,2021-05-03T14:00:00Z,2021-05-03T05:00:00Z,120hour_target_crosses_boundary
outer_or_final_2_inner_3_training,2021-04-28T15:00:00Z,2021-05-03T15:00:00Z,2021-05-03T05:00:00Z,120hour_target_crosses_boundary
outer_or_final_2_inner_3_training,2021-04-28T16:00:00Z,2021-05-03T16:00:00Z,2021-05-03T05:00:00Z,120hour_target_crosses_boundary
outer_or_final_2_inner_3_training,2021-04-28T17:00:00Z,2021-05-03T17:00:00Z,2021-05-03T05:00:00Z,120hour_target_crosses_boundary
outer_or_final_2_inner_3_training,2021-04-28T18:00:00Z,2021-05-03T18:00:00Z,2021-05-03T05:00:00Z,120hour_target_crosses_boundary
outer_or_final_2_inner_3_training,2021-04-28T19:00:00Z,2021-05-03T19:00:00Z,2021-05-03T05:00:00Z,120hour_target_crosses_boundary
outer_or_final_2_inner_3_training,2021-04-28T20:00:00Z,2021-05-03T20:00:00Z,2021-05-03T05:00:00Z,120hour_target_crosses_boundary
outer_or_final_2_inner_3_training,2021-04-28T21:00:00Z,2021-05-03T21:00:00Z,2021-05-03T05:00:00Z,120hour_target_crosses_boundary
outer_or_final_2_inner_3_training,2021-04-28T22:00:00Z,2021-05-03T22:00:00Z,2021-05-03T05:00:00Z,120hour_target_crosses_boundary
outer_or_final_2_inner_3_training,2021-04-28T23:00:00Z,2021-05-03T23:00:00Z,2021-05-03T05:00:00Z,120hour_target_crosses_boundary
outer_or_final_2_inner_3_training,2021-04-29T00:00:00Z,2021-05-04T00:00:00Z,2021-05-03T05:00:00Z,120hour_target_crosses_boundary
outer_or_final_2_inner_3_training,2021-04-29T01:00:00Z,2021-05-04T01:00:00Z,2021-05-03T05:00:00Z,120hour_target_crosses_boundary
outer_or_final_2_inner_3_training,2021-04-29T02:00:00Z,2021-05-04T02:00:00Z,2021-05-03T05:00:00Z,120hour_target_crosses_boundary
outer_or_final_2_inner_3_training,2021-04-29T03:00:00Z,2021-05-04T03:00:00Z,2021-05-03T05:00:00Z,120hour_target_crosses_boundary
outer_or_final_2_inner_3_training,2021-04-29T04:00:00Z,2021-05-04T04:00:00Z,2021-05-03T05:00:00Z,120hour_target_crosses_boundary
outer_or_final_2_inner_3_training,2021-04-29T05:00:00Z,2021-05-04T05:00:00Z,2021-05-03T05:00:00Z,120hour_target_crosses_boundary
outer_or_final_2_inner_3_training,2021-04-29T06:00:00Z,2021-05-04T06:00:00Z,2021-05-03T05:00:00Z,120hour_target_crosses_boundary
outer_or_final_2_inner_3_training,2021-04-29T07:00:00Z,2021-05-04T07:00:00Z,2021-05-03T05:00:00Z,120hour_target_crosses_boundary
outer_or_final_2_inner_3_training,2021-04-29T08:00:00Z,2021-05-04T08:00:00Z,2021-05-03T05:00:00Z,120hour_target_crosses_boundary
outer_or_final_2_inner_3_training,2021-04-29T09:00:00Z,2021-05-04T09:00:00Z,2021-05-03T05:00:00Z,120hour_target_crosses_boundary
outer_or_final_2_inner_3_training,2021-04-29T10:00:00Z,2021-05-04T10:00:00Z,2021-05-03T05:00:00Z,120hour_target_crosses_boundary
outer_or_final_2_inner_3_training,2021-04-29T11:00:00Z,2021-05-04T11:00:00Z,2021-05-03T05:00:00Z,120hour_target_crosses_boundary
outer_or_final_2_inner_3_training,2021-04-29T12:00:00Z,2021-05-04T12:00:00Z,2021-05-03T05:00:00Z,120hour_target_crosses_boundary
outer_or_final_2_inner_3_training,2021-04-29T13:00:00Z,2021-05-04T13:00:00Z,2021-05-03T05:00:00Z,120hour_target_crosses_boundary
outer_or_final_2_inner_3_training,2021-04-29T14:00:00Z,2021-05-04T14:00:00Z,2021-05-03T05:00:00Z,120hour_target_crosses_boundary
outer_or_final_2_inner_3_training,2021-04-29T15:00:00Z,2021-05-04T15:00:00Z,2021-05-03T05:00:00Z,120hour_target_crosses_boundary
outer_or_final_2_inner_3_training,2021-04-29T16:00:00Z,2021-05-04T16:00:00Z,2021-05-03T05:00:00Z,120hour_target_crosses_boundary
outer_or_final_2_inner_3_training,2021-04-29T17:00:00Z,2021-05-04T17:00:00Z,2021-05-03T05:00:00Z,120hour_target_crosses_boundary
outer_or_final_2_inner_3_training,2021-04-29T18:00:00Z,2021-05-04T18:00:00Z,2021-05-03T05:00:00Z,120hour_target_crosses_boundary
outer_or_final_2_inner_3_training,2021-04-29T19:00:00Z,2021-05-04T19:00:00Z,2021-05-03T05:00:00Z,120hour_target_crosses_boundary
outer_or_final_2_inner_3_training,2021-04-29T20:00:00Z,2021-05-04T20:00:00Z,2021-05-03T05:00:00Z,120hour_target_crosses_boundary
outer_or_final_2_inner_3_training,2021-04-29T21:00:00Z,2021-05-04T21:00:00Z,2021-05-03T05:00:00Z,120hour_target_crosses_boundary
outer_or_final_2_inner_3_training,2021-04-29T22:00:00Z,2021-05-04T22:00:00Z,2021-05-03T05:00:00Z,120hour_target_crosses_boundary
outer_or_final_2_inner_3_training,2021-04-29T23:00:00Z,2021-05-04T23:00:00Z,2021-05-03T05:00:00Z,120hour_target_crosses_boundary
outer_or_final_2_inner_3_training,2021-04-30T00:00:00Z,2021-05-05T00:00:00Z,2021-05-03T05:00:00Z,120hour_target_crosses_boundary
outer_or_final_2_inner_3_training,2021-04-30T01:00:00Z,2021-05-05T01:00:00Z,2021-05-03T05:00:00Z,120hour_target_crosses_boundary
outer_or_final_2_inner_3_training,2021-04-30T02:00:00Z,2021-05-05T02:00:00Z,2021-05-03T05:00:00Z,120hour_target_crosses_boundary
outer_or_final_2_inner_3_training,2021-04-30T03:00:00Z,2021-05-05T03:00:00Z,2021-05-03T05:00:00Z,120hour_target_crosses_boundary
outer_or_final_2_inner_3_training,2021-04-30T04:00:00Z,2021-05-05T04:00:00Z,2021-05-03T05:00:00Z,120hour_target_crosses_boundary
outer_or_final_2_inner_3_training,2021-04-30T05:00:00Z,2021-05-05T05:00:00Z,2021-05-03T05:00:00Z,120hour_target_crosses_boundary
outer_or_final_2_inner_3_training,2021-04-30T06:00:00Z,2021-05-05T06:00:00Z,2021-05-03T05:00:00Z,120hour_target_crosses_boundary
outer_or_final_2_inner_3_training,2021-04-30T07:00:00Z,2021-05-05T07:00:00Z,2021-05-03T05:00:00Z,120hour_target_crosses_boundary
outer_or_final_2_inner_3_training,2021-04-30T08:00:00Z,2021-05-05T08:00:00Z,2021-05-03T05:00:00Z,120hour_target_crosses_boundary
outer_or_final_2_inner_3_training,2021-04-30T09:00:00Z,2021-05-05T09:00:00Z,2021-05-03T05:00:00Z,120hour_target_crosses_boundary
outer_or_final_2_inner_3_training,2021-04-30T10:00:00Z,2021-05-05T10:00:00Z,2021-05-03T05:00:00Z,120hour_target_crosses_boundary
outer_or_final_2_inner_3_training,2021-04-30T11:00:00Z,2021-05-05T11:00:00Z,2021-05-03T05:00:00Z,120hour_target_crosses_boundary
outer_or_final_2_inner_3_training,2021-04-30T12:00:00Z,2021-05-05T12:00:00Z,2021-05-03T05:00:00Z,120hour_target_crosses_boundary
outer_or_final_2_inner_3_training,2021-04-30T13:00:00Z,2021-05-05T13:00:00Z,2021-05-03T05:00:00Z,120hour_target_crosses_boundary
outer_or_final_2_inner_3_training,2021-04-30T14:00:00Z,2021-05-05T14:00:00Z,2021-05-03T05:00:00Z,120hour_target_crosses_boundary
outer_or_final_2_inner_3_training,2021-04-30T15:00:00Z,2021-05-05T15:00:00Z,2021-05-03T05:00:00Z,120hour_target_crosses_boundary
outer_or_final_2_inner_3_training,2021-04-30T16:00:00Z,2021-05-05T16:00:00Z,2021-05-03T05:00:00Z,120hour_target_crosses_boundary
outer_or_final_2_inner_3_training,2021-04-30T17:00:00Z,2021-05-05T17:00:00Z,2021-05-03T05:00:00Z,120hour_target_crosses_boundary
outer_or_final_2_inner_3_training,2021-04-30T18:00:00Z,2021-05-05T18:00:00Z,2021-05-03T05:00:00Z,120hour_target_crosses_boundary
outer_or_final_2_inner_3_training,2021-04-30T19:00:00Z,2021-05-05T19:00:00Z,2021-05-03T05:00:00Z,120hour_target_crosses_boundary
outer_or_final_2_inner_3_training,2021-04-30T20:00:00Z,2021-05-05T20:00:00Z,2021-05-03T05:00:00Z,120hour_target_crosses_boundary
outer_or_final_2_inner_3_training,2021-04-30T21:00:00Z,2021-05-05T21:00:00Z,2021-05-03T05:00:00Z,120hour_target_crosses_boundary
outer_or_final_2_inner_3_training,2021-04-30T22:00:00Z,2021-05-05T22:00:00Z,2021-05-03T05:00:00Z,120hour_target_crosses_boundary
outer_or_final_2_inner_3_training,2021-04-30T23:00:00Z,2021-05-05T23:00:00Z,2021-05-03T05:00:00Z,120hour_target_crosses_boundary
outer_or_final_2_inner_3_training,2021-05-01T00:00:00Z,2021-05-06T00:00:00Z,2021-05-03T05:00:00Z,120hour_target_crosses_boundary
outer_or_final_2_inner_3_training,2021-05-01T01:00:00Z,2021-05-06T01:00:00Z,2021-05-03T05:00:00Z,120hour_target_crosses_boundary
outer_or_final_2_inner_3_training,2021-05-01T02:00:00Z,2021-05-06T02:00:00Z,2021-05-03T05:00:00Z,120hour_target_crosses_boundary
outer_or_final_2_inner_3_training,2021-05-01T03:00:00Z,2021-05-06T03:00:00Z,2021-05-03T05:00:00Z,120hour_target_crosses_boundary
outer_or_final_2_inner_3_training,2021-05-01T04:00:00Z,2021-05-06T04:00:00Z,2021-05-03T05:00:00Z,120hour_target_crosses_boundary
outer_or_final_2_inner_3_training,2021-05-01T05:00:00Z,2021-05-06T05:00:00Z,2021-05-03T05:00:00Z,120hour_target_crosses_boundary
outer_or_final_2_inner_3_training,2021-05-01T06:00:00Z,2021-05-06T06:00:00Z,2021-05-03T05:00:00Z,120hour_target_crosses_boundary
outer_or_final_2_inner_3_training,2021-05-01T07:00:00Z,2021-05-06T07:00:00Z,2021-05-03T05:00:00Z,120hour_target_crosses_boundary
outer_or_final_2_inner_3_training,2021-05-01T08:00:00Z,2021-05-06T08:00:00Z,2021-05-03T05:00:00Z,120hour_target_crosses_boundary
outer_or_final_2_inner_3_training,2021-05-01T09:00:00Z,2021-05-06T09:00:00Z,2021-05-03T05:00:00Z,120hour_target_crosses_boundary
outer_or_final_2_inner_3_training,2021-05-01T10:00:00Z,2021-05-06T10:00:00Z,2021-05-03T05:00:00Z,120hour_target_crosses_boundary
outer_or_final_2_inner_3_training,2021-05-01T11:00:00Z,2021-05-06T11:00:00Z,2021-05-03T05:00:00Z,120hour_target_crosses_boundary
outer_or_final_2_inner_3_training,2021-05-01T12:00:00Z,2021-05-06T12:00:00Z,2021-05-03T05:00:00Z,120hour_target_crosses_boundary
outer_or_final_2_inner_3_training,2021-05-01T13:00:00Z,2021-05-06T13:00:00Z,2021-05-03T05:00:00Z,120hour_target_crosses_boundary
outer_or_final_2_inner_3_training,2021-05-01T14:00:00Z,2021-05-06T14:00:00Z,2021-05-03T05:00:00Z,120hour_target_crosses_boundary
outer_or_final_2_inner_3_training,2021-05-01T15:00:00Z,2021-05-06T15:00:00Z,2021-05-03T05:00:00Z,120hour_target_crosses_boundary
outer_or_final_2_inner_3_training,2021-05-01T16:00:00Z,2021-05-06T16:00:00Z,2021-05-03T05:00:00Z,120hour_target_crosses_boundary
outer_or_final_2_inner_3_training,2021-05-01T17:00:00Z,2021-05-06T17:00:00Z,2021-05-03T05:00:00Z,120hour_target_crosses_boundary
outer_or_final_2_inner_3_training,2021-05-01T18:00:00Z,2021-05-06T18:00:00Z,2021-05-03T05:00:00Z,120hour_target_crosses_boundary
outer_or_final_2_inner_3_training,2021-05-01T19:00:00Z,2021-05-06T19:00:00Z,2021-05-03T05:00:00Z,120hour_target_crosses_boundary
outer_or_final_2_inner_3_training,2021-05-01T20:00:00Z,2021-05-06T20:00:00Z,2021-05-03T05:00:00Z,120hour_target_crosses_boundary
outer_or_final_2_inner_3_training,2021-05-01T21:00:00Z,2021-05-06T21:00:00Z,2021-05-03T05:00:00Z,120hour_target_crosses_boundary
outer_or_final_2_inner_3_training,2021-05-01T22:00:00Z,2021-05-06T22:00:00Z,2021-05-03T05:00:00Z,120hour_target_crosses_boundary
outer_or_final_2_inner_3_training,2021-05-01T23:00:00Z,2021-05-06T23:00:00Z,2021-05-03T05:00:00Z,120hour_target_crosses_boundary
outer_or_final_2_inner_3_training,2021-05-02T00:00:00Z,2021-05-07T00:00:00Z,2021-05-03T05:00:00Z,120hour_target_crosses_boundary
outer_or_final_2_inner_3_training,2021-05-02T01:00:00Z,2021-05-07T01:00:00Z,2021-05-03T05:00:00Z,120hour_target_crosses_boundary
outer_or_final_2_inner_3_training,2021-05-02T02:00:00Z,2021-05-07T02:00:00Z,2021-05-03T05:00:00Z,120hour_target_crosses_boundary
outer_or_final_2_inner_3_training,2021-05-02T03:00:00Z,2021-05-07T03:00:00Z,2021-05-03T05:00:00Z,120hour_target_crosses_boundary
outer_or_final_2_inner_3_training,2021-05-02T04:00:00Z,2021-05-07T04:00:00Z,2021-05-03T05:00:00Z,120hour_target_crosses_boundary
outer_or_final_2_inner_3_training,2021-05-02T05:00:00Z,2021-05-07T05:00:00Z,2021-05-03T05:00:00Z,120hour_target_crosses_boundary
outer_or_final_2_inner_3_training,2021-05-02T06:00:00Z,2021-05-07T06:00:00Z,2021-05-03T05:00:00Z,120hour_target_crosses_boundary
outer_or_final_2_inner_3_training,2021-05-02T07:00:00Z,2021-05-07T07:00:00Z,2021-05-03T05:00:00Z,120hour_target_crosses_boundary
outer_or_final_2_inner_3_training,2021-05-02T08:00:00Z,2021-05-07T08:00:00Z,2021-05-03T05:00:00Z,120hour_target_crosses_boundary
outer_or_final_2_inner_3_training,2021-05-02T09:00:00Z,2021-05-07T09:00:00Z,2021-05-03T05:00:00Z,120hour_target_crosses_boundary
outer_or_final_2_inner_3_training,2021-05-02T10:00:00Z,2021-05-07T10:00:00Z,2021-05-03T05:00:00Z,120hour_target_crosses_boundary
outer_or_final_2_inner_3_training,2021-05-02T11:00:00Z,2021-05-07T11:00:00Z,2021-05-03T05:00:00Z,120hour_target_crosses_boundary
outer_or_final_2_inner_3_training,2021-05-02T12:00:00Z,2021-05-07T12:00:00Z,2021-05-03T05:00:00Z,120hour_target_crosses_boundary
outer_or_final_2_inner_3_training,2021-05-02T13:00:00Z,2021-05-07T13:00:00Z,2021-05-03T05:00:00Z,120hour_target_crosses_boundary
outer_or_final_2_inner_3_training,2021-05-02T14:00:00Z,2021-05-07T14:00:00Z,2021-05-03T05:00:00Z,120hour_target_crosses_boundary
outer_or_final_2_inner_3_training,2021-05-02T15:00:00Z,2021-05-07T15:00:00Z,2021-05-03T05:00:00Z,120hour_target_crosses_boundary
outer_or_final_2_inner_3_training,2021-05-02T16:00:00Z,2021-05-07T16:00:00Z,2021-05-03T05:00:00Z,120hour_target_crosses_boundary
outer_or_final_2_inner_3_training,2021-05-02T17:00:00Z,2021-05-07T17:00:00Z,2021-05-03T05:00:00Z,120hour_target_crosses_boundary
outer_or_final_2_inner_3_training,2021-05-02T18:00:00Z,2021-05-07T18:00:00Z,2021-05-03T05:00:00Z,120hour_target_crosses_boundary
outer_or_final_2_inner_3_training,2021-05-02T19:00:00Z,2021-05-07T19:00:00Z,2021-05-03T05:00:00Z,120hour_target_crosses_boundary
outer_or_final_2_inner_3_training,2021-05-02T20:00:00Z,2021-05-07T20:00:00Z,2021-05-03T05:00:00Z,120hour_target_crosses_boundary
outer_or_final_2_inner_3_training,2021-05-02T21:00:00Z,2021-05-07T21:00:00Z,2021-05-03T05:00:00Z,120hour_target_crosses_boundary
outer_or_final_2_inner_3_training,2021-05-02T22:00:00Z,2021-05-07T22:00:00Z,2021-05-03T05:00:00Z,120hour_target_crosses_boundary
outer_or_final_2_inner_3_training,2021-05-02T23:00:00Z,2021-05-07T23:00:00Z,2021-05-03T05:00:00Z,120hour_target_crosses_boundary
outer_or_final_2_inner_3_training,2021-05-03T00:00:00Z,2021-05-08T00:00:00Z,2021-05-03T05:00:00Z,120hour_target_crosses_boundary
outer_or_final_2_inner_3_training,2021-05-03T01:00:00Z,2021-05-08T01:00:00Z,2021-05-03T05:00:00Z,120hour_target_crosses_boundary
outer_or_final_2_inner_3_training,2021-05-03T02:00:00Z,2021-05-08T02:00:00Z,2021-05-03T05:00:00Z,120hour_target_crosses_boundary
outer_or_final_2_inner_3_training,2021-05-03T03:00:00Z,2021-05-08T03:00:00Z,2021-05-03T05:00:00Z,120hour_target_crosses_boundary
outer_or_final_2_inner_3_training,2021-05-03T04:00:00Z,2021-05-08T04:00:00Z,2021-05-03T05:00:00Z,120hour_target_crosses_boundary
outer_or_final_2_inner_3_validation,2022-03-10T17:00:00Z,2022-03-15T17:00:00Z,2022-03-15T16:00:00Z,120hour_target_crosses_boundary
outer_or_final_2_inner_3_validation,2022-03-10T18:00:00Z,2022-03-15T18:00:00Z,2022-03-15T16:00:00Z,120hour_target_crosses_boundary
outer_or_final_2_inner_3_validation,2022-03-10T19:00:00Z,2022-03-15T19:00:00Z,2022-03-15T16:00:00Z,120hour_target_crosses_boundary
outer_or_final_2_inner_3_validation,2022-03-10T20:00:00Z,2022-03-15T20:00:00Z,2022-03-15T16:00:00Z,120hour_target_crosses_boundary
outer_or_final_2_inner_3_validation,2022-03-10T21:00:00Z,2022-03-15T21:00:00Z,2022-03-15T16:00:00Z,120hour_target_crosses_boundary
outer_or_final_2_inner_3_validation,2022-03-10T22:00:00Z,2022-03-15T22:00:00Z,2022-03-15T16:00:00Z,120hour_target_crosses_boundary
outer_or_final_2_inner_3_validation,2022-03-10T23:00:00Z,2022-03-15T23:00:00Z,2022-03-15T16:00:00Z,120hour_target_crosses_boundary
outer_or_final_2_inner_3_validation,2022-03-11T00:00:00Z,2022-03-16T00:00:00Z,2022-03-15T16:00:00Z,120hour_target_crosses_boundary
outer_or_final_2_inner_3_validation,2022-03-11T01:00:00Z,2022-03-16T01:00:00Z,2022-03-15T16:00:00Z,120hour_target_crosses_boundary
outer_or_final_2_inner_3_validation,2022-03-11T02:00:00Z,2022-03-16T02:00:00Z,2022-03-15T16:00:00Z,120hour_target_crosses_boundary
outer_or_final_2_inner_3_validation,2022-03-11T03:00:00Z,2022-03-16T03:00:00Z,2022-03-15T16:00:00Z,120hour_target_crosses_boundary
outer_or_final_2_inner_3_validation,2022-03-11T04:00:00Z,2022-03-16T04:00:00Z,2022-03-15T16:00:00Z,120hour_target_crosses_boundary
outer_or_final_2_inner_3_validation,2022-03-11T05:00:00Z,2022-03-16T05:00:00Z,2022-03-15T16:00:00Z,120hour_target_crosses_boundary
outer_or_final_2_inner_3_validation,2022-03-11T06:00:00Z,2022-03-16T06:00:00Z,2022-03-15T16:00:00Z,120hour_target_crosses_boundary
outer_or_final_2_inner_3_validation,2022-03-11T07:00:00Z,2022-03-16T07:00:00Z,2022-03-15T16:00:00Z,120hour_target_crosses_boundary
outer_or_final_2_inner_3_validation,2022-03-11T08:00:00Z,2022-03-16T08:00:00Z,2022-03-15T16:00:00Z,120hour_target_crosses_boundary
outer_or_final_2_inner_3_validation,2022-03-11T09:00:00Z,2022-03-16T09:00:00Z,2022-03-15T16:00:00Z,120hour_target_crosses_boundary
outer_or_final_2_inner_3_validation,2022-03-11T10:00:00Z,2022-03-16T10:00:00Z,2022-03-15T16:00:00Z,120hour_target_crosses_boundary
outer_or_final_2_inner_3_validation,2022-03-11T11:00:00Z,2022-03-16T11:00:00Z,2022-03-15T16:00:00Z,120hour_target_crosses_boundary
outer_or_final_2_inner_3_validation,2022-03-11T12:00:00Z,2022-03-16T12:00:00Z,2022-03-15T16:00:00Z,120hour_target_crosses_boundary
outer_or_final_2_inner_3_validation,2022-03-11T13:00:00Z,2022-03-16T13:00:00Z,2022-03-15T16:00:00Z,120hour_target_crosses_boundary
outer_or_final_2_inner_3_validation,2022-03-11T14:00:00Z,2022-03-16T14:00:00Z,2022-03-15T16:00:00Z,120hour_target_crosses_boundary
outer_or_final_2_inner_3_validation,2022-03-11T15:00:00Z,2022-03-16T15:00:00Z,2022-03-15T16:00:00Z,120hour_target_crosses_boundary
outer_or_final_2_inner_3_validation,2022-03-11T16:00:00Z,2022-03-16T16:00:00Z,2022-03-15T16:00:00Z,120hour_target_crosses_boundary
outer_or_final_2_inner_3_validation,2022-03-11T17:00:00Z,2022-03-16T17:00:00Z,2022-03-15T16:00:00Z,120hour_target_crosses_boundary
outer_or_final_2_inner_3_validation,2022-03-11T18:00:00Z,2022-03-16T18:00:00Z,2022-03-15T16:00:00Z,120hour_target_crosses_boundary
outer_or_final_2_inner_3_validation,2022-03-11T19:00:00Z,2022-03-16T19:00:00Z,2022-03-15T16:00:00Z,120hour_target_crosses_boundary
outer_or_final_2_inner_3_validation,2022-03-11T20:00:00Z,2022-03-16T20:00:00Z,2022-03-15T16:00:00Z,120hour_target_crosses_boundary
outer_or_final_2_inner_3_validation,2022-03-11T21:00:00Z,2022-03-16T21:00:00Z,2022-03-15T16:00:00Z,120hour_target_crosses_boundary
outer_or_final_2_inner_3_validation,2022-03-11T22:00:00Z,2022-03-16T22:00:00Z,2022-03-15T16:00:00Z,120hour_target_crosses_boundary
outer_or_final_2_inner_3_validation,2022-03-11T23:00:00Z,2022-03-16T23:00:00Z,2022-03-15T16:00:00Z,120hour_target_crosses_boundary
outer_or_final_2_inner_3_validation,2022-03-12T00:00:00Z,2022-03-17T00:00:00Z,2022-03-15T16:00:00Z,120hour_target_crosses_boundary
outer_or_final_2_inner_3_validation,2022-03-12T01:00:00Z,2022-03-17T01:00:00Z,2022-03-15T16:00:00Z,120hour_target_crosses_boundary
outer_or_final_2_inner_3_validation,2022-03-12T02:00:00Z,2022-03-17T02:00:00Z,2022-03-15T16:00:00Z,120hour_target_crosses_boundary
outer_or_final_2_inner_3_validation,2022-03-12T03:00:00Z,2022-03-17T03:00:00Z,2022-03-15T16:00:00Z,120hour_target_crosses_boundary
outer_or_final_2_inner_3_validation,2022-03-12T04:00:00Z,2022-03-17T04:00:00Z,2022-03-15T16:00:00Z,120hour_target_crosses_boundary
outer_or_final_2_inner_3_validation,2022-03-12T05:00:00Z,2022-03-17T05:00:00Z,2022-03-15T16:00:00Z,120hour_target_crosses_boundary
outer_or_final_2_inner_3_validation,2022-03-12T06:00:00Z,2022-03-17T06:00:00Z,2022-03-15T16:00:00Z,120hour_target_crosses_boundary
outer_or_final_2_inner_3_validation,2022-03-12T07:00:00Z,2022-03-17T07:00:00Z,2022-03-15T16:00:00Z,120hour_target_crosses_boundary
outer_or_final_2_inner_3_validation,2022-03-12T08:00:00Z,2022-03-17T08:00:00Z,2022-03-15T16:00:00Z,120hour_target_crosses_boundary
outer_or_final_2_inner_3_validation,2022-03-12T09:00:00Z,2022-03-17T09:00:00Z,2022-03-15T16:00:00Z,120hour_target_crosses_boundary
outer_or_final_2_inner_3_validation,2022-03-12T10:00:00Z,2022-03-17T10:00:00Z,2022-03-15T16:00:00Z,120hour_target_crosses_boundary
outer_or_final_2_inner_3_validation,2022-03-12T11:00:00Z,2022-03-17T11:00:00Z,2022-03-15T16:00:00Z,120hour_target_crosses_boundary
outer_or_final_2_inner_3_validation,2022-03-12T12:00:00Z,2022-03-17T12:00:00Z,2022-03-15T16:00:00Z,120hour_target_crosses_boundary
outer_or_final_2_inner_3_validation,2022-03-12T13:00:00Z,2022-03-17T13:00:00Z,2022-03-15T16:00:00Z,120hour_target_crosses_boundary
outer_or_final_2_inner_3_validation,2022-03-12T14:00:00Z,2022-03-17T14:00:00Z,2022-03-15T16:00:00Z,120hour_target_crosses_boundary
outer_or_final_2_inner_3_validation,2022-03-12T15:00:00Z,2022-03-17T15:00:00Z,2022-03-15T16:00:00Z,120hour_target_crosses_boundary
outer_or_final_2_inner_3_validation,2022-03-12T16:00:00Z,2022-03-17T16:00:00Z,2022-03-15T16:00:00Z,120hour_target_crosses_boundary
outer_or_final_2_inner_3_validation,2022-03-12T17:00:00Z,2022-03-17T17:00:00Z,2022-03-15T16:00:00Z,120hour_target_crosses_boundary
outer_or_final_2_inner_3_validation,2022-03-12T18:00:00Z,2022-03-17T18:00:00Z,2022-03-15T16:00:00Z,120hour_target_crosses_boundary
outer_or_final_2_inner_3_validation,2022-03-12T19:00:00Z,2022-03-17T19:00:00Z,2022-03-15T16:00:00Z,120hour_target_crosses_boundary
outer_or_final_2_inner_3_validation,2022-03-12T20:00:00Z,2022-03-17T20:00:00Z,2022-03-15T16:00:00Z,120hour_target_crosses_boundary
outer_or_final_2_inner_3_validation,2022-03-12T21:00:00Z,2022-03-17T21:00:00Z,2022-03-15T16:00:00Z,120hour_target_crosses_boundary
outer_or_final_2_inner_3_validation,2022-03-12T22:00:00Z,2022-03-17T22:00:00Z,2022-03-15T16:00:00Z,120hour_target_crosses_boundary
outer_or_final_2_inner_3_validation,2022-03-12T23:00:00Z,2022-03-17T23:00:00Z,2022-03-15T16:00:00Z,120hour_target_crosses_boundary
outer_or_final_2_inner_3_validation,2022-03-13T00:00:00Z,2022-03-18T00:00:00Z,2022-03-15T16:00:00Z,120hour_target_crosses_boundary
outer_or_final_2_inner_3_validation,2022-03-13T01:00:00Z,2022-03-18T01:00:00Z,2022-03-15T16:00:00Z,120hour_target_crosses_boundary
outer_or_final_2_inner_3_validation,2022-03-13T02:00:00Z,2022-03-18T02:00:00Z,2022-03-15T16:00:00Z,120hour_target_crosses_boundary
outer_or_final_2_inner_3_validation,2022-03-13T03:00:00Z,2022-03-18T03:00:00Z,2022-03-15T16:00:00Z,120hour_target_crosses_boundary
outer_or_final_2_inner_3_validation,2022-03-13T04:00:00Z,2022-03-18T04:00:00Z,2022-03-15T16:00:00Z,120hour_target_crosses_boundary
outer_or_final_2_inner_3_validation,2022-03-13T05:00:00Z,2022-03-18T05:00:00Z,2022-03-15T16:00:00Z,120hour_target_crosses_boundary
outer_or_final_2_inner_3_validation,2022-03-13T06:00:00Z,2022-03-18T06:00:00Z,2022-03-15T16:00:00Z,120hour_target_crosses_boundary
outer_or_final_2_inner_3_validation,2022-03-13T07:00:00Z,2022-03-18T07:00:00Z,2022-03-15T16:00:00Z,120hour_target_crosses_boundary
outer_or_final_2_inner_3_validation,2022-03-13T08:00:00Z,2022-03-18T08:00:00Z,2022-03-15T16:00:00Z,120hour_target_crosses_boundary
outer_or_final_2_inner_3_validation,2022-03-13T09:00:00Z,2022-03-18T09:00:00Z,2022-03-15T16:00:00Z,120hour_target_crosses_boundary
outer_or_final_2_inner_3_validation,2022-03-13T10:00:00Z,2022-03-18T10:00:00Z,2022-03-15T16:00:00Z,120hour_target_crosses_boundary
outer_or_final_2_inner_3_validation,2022-03-13T11:00:00Z,2022-03-18T11:00:00Z,2022-03-15T16:00:00Z,120hour_target_crosses_boundary
outer_or_final_2_inner_3_validation,2022-03-13T12:00:00Z,2022-03-18T12:00:00Z,2022-03-15T16:00:00Z,120hour_target_crosses_boundary
outer_or_final_2_inner_3_validation,2022-03-13T13:00:00Z,2022-03-18T13:00:00Z,2022-03-15T16:00:00Z,120hour_target_crosses_boundary
outer_or_final_2_inner_3_validation,2022-03-13T14:00:00Z,2022-03-18T14:00:00Z,2022-03-15T16:00:00Z,120hour_target_crosses_boundary
outer_or_final_2_inner_3_validation,2022-03-13T15:00:00Z,2022-03-18T15:00:00Z,2022-03-15T16:00:00Z,120hour_target_crosses_boundary
outer_or_final_2_inner_3_validation,2022-03-13T16:00:00Z,2022-03-18T16:00:00Z,2022-03-15T16:00:00Z,120hour_target_crosses_boundary
outer_or_final_2_inner_3_validation,2022-03-13T17:00:00Z,2022-03-18T17:00:00Z,2022-03-15T16:00:00Z,120hour_target_crosses_boundary
outer_or_final_2_inner_3_validation,2022-03-13T18:00:00Z,2022-03-18T18:00:00Z,2022-03-15T16:00:00Z,120hour_target_crosses_boundary
outer_or_final_2_inner_3_validation,2022-03-13T19:00:00Z,2022-03-18T19:00:00Z,2022-03-15T16:00:00Z,120hour_target_crosses_boundary
outer_or_final_2_inner_3_validation,2022-03-13T20:00:00Z,2022-03-18T20:00:00Z,2022-03-15T16:00:00Z,120hour_target_crosses_boundary
outer_or_final_2_inner_3_validation,2022-03-13T21:00:00Z,2022-03-18T21:00:00Z,2022-03-15T16:00:00Z,120hour_target_crosses_boundary
outer_or_final_2_inner_3_validation,2022-03-13T22:00:00Z,2022-03-18T22:00:00Z,2022-03-15T16:00:00Z,120hour_target_crosses_boundary
outer_or_final_2_inner_3_validation,2022-03-13T23:00:00Z,2022-03-18T23:00:00Z,2022-03-15T16:00:00Z,120hour_target_crosses_boundary
outer_or_final_2_inner_3_validation,2022-03-14T00:00:00Z,2022-03-19T00:00:00Z,2022-03-15T16:00:00Z,120hour_target_crosses_boundary
outer_or_final_2_inner_3_validation,2022-03-14T01:00:00Z,2022-03-19T01:00:00Z,2022-03-15T16:00:00Z,120hour_target_crosses_boundary
outer_or_final_2_inner_3_validation,2022-03-14T02:00:00Z,2022-03-19T02:00:00Z,2022-03-15T16:00:00Z,120hour_target_crosses_boundary
outer_or_final_2_inner_3_validation,2022-03-14T03:00:00Z,2022-03-19T03:00:00Z,2022-03-15T16:00:00Z,120hour_target_crosses_boundary
outer_or_final_2_inner_3_validation,2022-03-14T04:00:00Z,2022-03-19T04:00:00Z,2022-03-15T16:00:00Z,120hour_target_crosses_boundary
outer_or_final_2_inner_3_validation,2022-03-14T05:00:00Z,2022-03-19T05:00:00Z,2022-03-15T16:00:00Z,120hour_target_crosses_boundary
outer_or_final_2_inner_3_validation,2022-03-14T06:00:00Z,2022-03-19T06:00:00Z,2022-03-15T16:00:00Z,120hour_target_crosses_boundary
outer_or_final_2_inner_3_validation,2022-03-14T07:00:00Z,2022-03-19T07:00:00Z,2022-03-15T16:00:00Z,120hour_target_crosses_boundary
outer_or_final_2_inner_3_validation,2022-03-14T08:00:00Z,2022-03-19T08:00:00Z,2022-03-15T16:00:00Z,120hour_target_crosses_boundary
outer_or_final_2_inner_3_validation,2022-03-14T09:00:00Z,2022-03-19T09:00:00Z,2022-03-15T16:00:00Z,120hour_target_crosses_boundary
outer_or_final_2_inner_3_validation,2022-03-14T10:00:00Z,2022-03-19T10:00:00Z,2022-03-15T16:00:00Z,120hour_target_crosses_boundary
outer_or_final_2_inner_3_validation,2022-03-14T11:00:00Z,2022-03-19T11:00:00Z,2022-03-15T16:00:00Z,120hour_target_crosses_boundary
outer_or_final_2_inner_3_validation,2022-03-14T12:00:00Z,2022-03-19T12:00:00Z,2022-03-15T16:00:00Z,120hour_target_crosses_boundary
outer_or_final_2_inner_3_validation,2022-03-14T13:00:00Z,2022-03-19T13:00:00Z,2022-03-15T16:00:00Z,120hour_target_crosses_boundary
outer_or_final_2_inner_3_validation,2022-03-14T14:00:00Z,2022-03-19T14:00:00Z,2022-03-15T16:00:00Z,120hour_target_crosses_boundary
outer_or_final_2_inner_3_validation,2022-03-14T15:00:00Z,2022-03-19T15:00:00Z,2022-03-15T16:00:00Z,120hour_target_crosses_boundary
outer_or_final_2_inner_3_validation,2022-03-14T16:00:00Z,2022-03-19T16:00:00Z,2022-03-15T16:00:00Z,120hour_target_crosses_boundary
outer_or_final_2_inner_3_validation,2022-03-14T17:00:00Z,2022-03-19T17:00:00Z,2022-03-15T16:00:00Z,120hour_target_crosses_boundary
outer_or_final_2_inner_3_validation,2022-03-14T18:00:00Z,2022-03-19T18:00:00Z,2022-03-15T16:00:00Z,120hour_target_crosses_boundary
outer_or_final_2_inner_3_validation,2022-03-14T19:00:00Z,2022-03-19T19:00:00Z,2022-03-15T16:00:00Z,120hour_target_crosses_boundary
outer_or_final_2_inner_3_validation,2022-03-14T20:00:00Z,2022-03-19T20:00:00Z,2022-03-15T16:00:00Z,120hour_target_crosses_boundary
outer_or_final_2_inner_3_validation,2022-03-14T21:00:00Z,2022-03-19T21:00:00Z,2022-03-15T16:00:00Z,120hour_target_crosses_boundary
outer_or_final_2_inner_3_validation,2022-03-14T22:00:00Z,2022-03-19T22:00:00Z,2022-03-15T16:00:00Z,120hour_target_crosses_boundary
outer_or_final_2_inner_3_validation,2022-03-14T23:00:00Z,2022-03-19T23:00:00Z,2022-03-15T16:00:00Z,120hour_target_crosses_boundary
outer_or_final_2_inner_3_validation,2022-03-15T00:00:00Z,2022-03-20T00:00:00Z,2022-03-15T16:00:00Z,120hour_target_crosses_boundary
outer_or_final_2_inner_3_validation,2022-03-15T01:00:00Z,2022-03-20T01:00:00Z,2022-03-15T16:00:00Z,120hour_target_crosses_boundary
outer_or_final_2_inner_3_validation,2022-03-15T02:00:00Z,2022-03-20T02:00:00Z,2022-03-15T16:00:00Z,120hour_target_crosses_boundary
outer_or_final_2_inner_3_validation,2022-03-15T03:00:00Z,2022-03-20T03:00:00Z,2022-03-15T16:00:00Z,120hour_target_crosses_boundary
outer_or_final_2_inner_3_validation,2022-03-15T04:00:00Z,2022-03-20T04:00:00Z,2022-03-15T16:00:00Z,120hour_target_crosses_boundary
outer_or_final_2_inner_3_validation,2022-03-15T05:00:00Z,2022-03-20T05:00:00Z,2022-03-15T16:00:00Z,120hour_target_crosses_boundary
outer_or_final_2_inner_3_validation,2022-03-15T06:00:00Z,2022-03-20T06:00:00Z,2022-03-15T16:00:00Z,120hour_target_crosses_boundary
outer_or_final_2_inner_3_validation,2022-03-15T07:00:00Z,2022-03-20T07:00:00Z,2022-03-15T16:00:00Z,120hour_target_crosses_boundary
outer_or_final_2_inner_3_validation,2022-03-15T08:00:00Z,2022-03-20T08:00:00Z,2022-03-15T16:00:00Z,120hour_target_crosses_boundary
outer_or_final_2_inner_3_validation,2022-03-15T09:00:00Z,2022-03-20T09:00:00Z,2022-03-15T16:00:00Z,120hour_target_crosses_boundary
outer_or_final_2_inner_3_validation,2022-03-15T10:00:00Z,2022-03-20T10:00:00Z,2022-03-15T16:00:00Z,120hour_target_crosses_boundary
outer_or_final_2_inner_3_validation,2022-03-15T11:00:00Z,2022-03-20T11:00:00Z,2022-03-15T16:00:00Z,120hour_target_crosses_boundary
outer_or_final_2_inner_3_validation,2022-03-15T12:00:00Z,2022-03-20T12:00:00Z,2022-03-15T16:00:00Z,120hour_target_crosses_boundary
outer_or_final_2_inner_3_validation,2022-03-15T13:00:00Z,2022-03-20T13:00:00Z,2022-03-15T16:00:00Z,120hour_target_crosses_boundary
outer_or_final_2_inner_3_validation,2022-03-15T14:00:00Z,2022-03-20T14:00:00Z,2022-03-15T16:00:00Z,120hour_target_crosses_boundary
outer_or_final_2_inner_3_validation,2022-03-15T15:00:00Z,2022-03-20T15:00:00Z,2022-03-15T16:00:00Z,120hour_target_crosses_boundary
outer_or_final_3_training,2023-06-28T09:00:00Z,2023-07-03T09:00:00Z,2023-07-03T08:00:00Z,120hour_target_crosses_boundary
outer_or_final_3_training,2023-06-28T10:00:00Z,2023-07-03T10:00:00Z,2023-07-03T08:00:00Z,120hour_target_crosses_boundary
outer_or_final_3_training,2023-06-28T11:00:00Z,2023-07-03T11:00:00Z,2023-07-03T08:00:00Z,120hour_target_crosses_boundary
outer_or_final_3_training,2023-06-28T12:00:00Z,2023-07-03T12:00:00Z,2023-07-03T08:00:00Z,120hour_target_crosses_boundary
outer_or_final_3_training,2023-06-28T13:00:00Z,2023-07-03T13:00:00Z,2023-07-03T08:00:00Z,120hour_target_crosses_boundary
outer_or_final_3_training,2023-06-28T14:00:00Z,2023-07-03T14:00:00Z,2023-07-03T08:00:00Z,120hour_target_crosses_boundary
outer_or_final_3_training,2023-06-28T15:00:00Z,2023-07-03T15:00:00Z,2023-07-03T08:00:00Z,120hour_target_crosses_boundary
outer_or_final_3_training,2023-06-28T16:00:00Z,2023-07-03T16:00:00Z,2023-07-03T08:00:00Z,120hour_target_crosses_boundary
outer_or_final_3_training,2023-06-28T17:00:00Z,2023-07-03T17:00:00Z,2023-07-03T08:00:00Z,120hour_target_crosses_boundary
outer_or_final_3_training,2023-06-28T18:00:00Z,2023-07-03T18:00:00Z,2023-07-03T08:00:00Z,120hour_target_crosses_boundary
outer_or_final_3_training,2023-06-28T19:00:00Z,2023-07-03T19:00:00Z,2023-07-03T08:00:00Z,120hour_target_crosses_boundary
outer_or_final_3_training,2023-06-28T20:00:00Z,2023-07-03T20:00:00Z,2023-07-03T08:00:00Z,120hour_target_crosses_boundary
outer_or_final_3_training,2023-06-28T21:00:00Z,2023-07-03T21:00:00Z,2023-07-03T08:00:00Z,120hour_target_crosses_boundary
outer_or_final_3_training,2023-06-28T22:00:00Z,2023-07-03T22:00:00Z,2023-07-03T08:00:00Z,120hour_target_crosses_boundary
outer_or_final_3_training,2023-06-28T23:00:00Z,2023-07-03T23:00:00Z,2023-07-03T08:00:00Z,120hour_target_crosses_boundary
outer_or_final_3_training,2023-06-29T00:00:00Z,2023-07-04T00:00:00Z,2023-07-03T08:00:00Z,120hour_target_crosses_boundary
outer_or_final_3_training,2023-06-29T01:00:00Z,2023-07-04T01:00:00Z,2023-07-03T08:00:00Z,120hour_target_crosses_boundary
outer_or_final_3_training,2023-06-29T02:00:00Z,2023-07-04T02:00:00Z,2023-07-03T08:00:00Z,120hour_target_crosses_boundary
outer_or_final_3_training,2023-06-29T03:00:00Z,2023-07-04T03:00:00Z,2023-07-03T08:00:00Z,120hour_target_crosses_boundary
outer_or_final_3_training,2023-06-29T04:00:00Z,2023-07-04T04:00:00Z,2023-07-03T08:00:00Z,120hour_target_crosses_boundary
outer_or_final_3_training,2023-06-29T05:00:00Z,2023-07-04T05:00:00Z,2023-07-03T08:00:00Z,120hour_target_crosses_boundary
outer_or_final_3_training,2023-06-29T06:00:00Z,2023-07-04T06:00:00Z,2023-07-03T08:00:00Z,120hour_target_crosses_boundary
outer_or_final_3_training,2023-06-29T07:00:00Z,2023-07-04T07:00:00Z,2023-07-03T08:00:00Z,120hour_target_crosses_boundary
outer_or_final_3_training,2023-06-29T08:00:00Z,2023-07-04T08:00:00Z,2023-07-03T08:00:00Z,120hour_target_crosses_boundary
outer_or_final_3_training,2023-06-29T09:00:00Z,2023-07-04T09:00:00Z,2023-07-03T08:00:00Z,120hour_target_crosses_boundary
outer_or_final_3_training,2023-06-29T10:00:00Z,2023-07-04T10:00:00Z,2023-07-03T08:00:00Z,120hour_target_crosses_boundary
outer_or_final_3_training,2023-06-29T11:00:00Z,2023-07-04T11:00:00Z,2023-07-03T08:00:00Z,120hour_target_crosses_boundary
outer_or_final_3_training,2023-06-29T12:00:00Z,2023-07-04T12:00:00Z,2023-07-03T08:00:00Z,120hour_target_crosses_boundary
outer_or_final_3_training,2023-06-29T13:00:00Z,2023-07-04T13:00:00Z,2023-07-03T08:00:00Z,120hour_target_crosses_boundary
outer_or_final_3_training,2023-06-29T14:00:00Z,2023-07-04T14:00:00Z,2023-07-03T08:00:00Z,120hour_target_crosses_boundary
outer_or_final_3_training,2023-06-29T15:00:00Z,2023-07-04T15:00:00Z,2023-07-03T08:00:00Z,120hour_target_crosses_boundary
outer_or_final_3_training,2023-06-29T16:00:00Z,2023-07-04T16:00:00Z,2023-07-03T08:00:00Z,120hour_target_crosses_boundary
outer_or_final_3_training,2023-06-29T17:00:00Z,2023-07-04T17:00:00Z,2023-07-03T08:00:00Z,120hour_target_crosses_boundary
outer_or_final_3_training,2023-06-29T18:00:00Z,2023-07-04T18:00:00Z,2023-07-03T08:00:00Z,120hour_target_crosses_boundary
outer_or_final_3_training,2023-06-29T19:00:00Z,2023-07-04T19:00:00Z,2023-07-03T08:00:00Z,120hour_target_crosses_boundary
outer_or_final_3_training,2023-06-29T20:00:00Z,2023-07-04T20:00:00Z,2023-07-03T08:00:00Z,120hour_target_crosses_boundary
outer_or_final_3_training,2023-06-29T21:00:00Z,2023-07-04T21:00:00Z,2023-07-03T08:00:00Z,120hour_target_crosses_boundary
outer_or_final_3_training,2023-06-29T22:00:00Z,2023-07-04T22:00:00Z,2023-07-03T08:00:00Z,120hour_target_crosses_boundary
outer_or_final_3_training,2023-06-29T23:00:00Z,2023-07-04T23:00:00Z,2023-07-03T08:00:00Z,120hour_target_crosses_boundary
outer_or_final_3_training,2023-06-30T00:00:00Z,2023-07-05T00:00:00Z,2023-07-03T08:00:00Z,120hour_target_crosses_boundary
outer_or_final_3_training,2023-06-30T01:00:00Z,2023-07-05T01:00:00Z,2023-07-03T08:00:00Z,120hour_target_crosses_boundary
outer_or_final_3_training,2023-06-30T02:00:00Z,2023-07-05T02:00:00Z,2023-07-03T08:00:00Z,120hour_target_crosses_boundary
outer_or_final_3_training,2023-06-30T03:00:00Z,2023-07-05T03:00:00Z,2023-07-03T08:00:00Z,120hour_target_crosses_boundary
outer_or_final_3_training,2023-06-30T04:00:00Z,2023-07-05T04:00:00Z,2023-07-03T08:00:00Z,120hour_target_crosses_boundary
outer_or_final_3_training,2023-06-30T05:00:00Z,2023-07-05T05:00:00Z,2023-07-03T08:00:00Z,120hour_target_crosses_boundary
outer_or_final_3_training,2023-06-30T06:00:00Z,2023-07-05T06:00:00Z,2023-07-03T08:00:00Z,120hour_target_crosses_boundary
outer_or_final_3_training,2023-06-30T07:00:00Z,2023-07-05T07:00:00Z,2023-07-03T08:00:00Z,120hour_target_crosses_boundary
outer_or_final_3_training,2023-06-30T08:00:00Z,2023-07-05T08:00:00Z,2023-07-03T08:00:00Z,120hour_target_crosses_boundary
outer_or_final_3_training,2023-06-30T09:00:00Z,2023-07-05T09:00:00Z,2023-07-03T08:00:00Z,120hour_target_crosses_boundary
outer_or_final_3_training,2023-06-30T10:00:00Z,2023-07-05T10:00:00Z,2023-07-03T08:00:00Z,120hour_target_crosses_boundary
outer_or_final_3_training,2023-06-30T11:00:00Z,2023-07-05T11:00:00Z,2023-07-03T08:00:00Z,120hour_target_crosses_boundary
outer_or_final_3_training,2023-06-30T12:00:00Z,2023-07-05T12:00:00Z,2023-07-03T08:00:00Z,120hour_target_crosses_boundary
outer_or_final_3_training,2023-06-30T13:00:00Z,2023-07-05T13:00:00Z,2023-07-03T08:00:00Z,120hour_target_crosses_boundary
outer_or_final_3_training,2023-06-30T14:00:00Z,2023-07-05T14:00:00Z,2023-07-03T08:00:00Z,120hour_target_crosses_boundary
outer_or_final_3_training,2023-06-30T15:00:00Z,2023-07-05T15:00:00Z,2023-07-03T08:00:00Z,120hour_target_crosses_boundary
outer_or_final_3_training,2023-06-30T16:00:00Z,2023-07-05T16:00:00Z,2023-07-03T08:00:00Z,120hour_target_crosses_boundary
outer_or_final_3_training,2023-06-30T17:00:00Z,2023-07-05T17:00:00Z,2023-07-03T08:00:00Z,120hour_target_crosses_boundary
outer_or_final_3_training,2023-06-30T18:00:00Z,2023-07-05T18:00:00Z,2023-07-03T08:00:00Z,120hour_target_crosses_boundary
outer_or_final_3_training,2023-06-30T19:00:00Z,2023-07-05T19:00:00Z,2023-07-03T08:00:00Z,120hour_target_crosses_boundary
outer_or_final_3_training,2023-06-30T20:00:00Z,2023-07-05T20:00:00Z,2023-07-03T08:00:00Z,120hour_target_crosses_boundary
outer_or_final_3_training,2023-06-30T21:00:00Z,2023-07-05T21:00:00Z,2023-07-03T08:00:00Z,120hour_target_crosses_boundary
outer_or_final_3_training,2023-06-30T22:00:00Z,2023-07-05T22:00:00Z,2023-07-03T08:00:00Z,120hour_target_crosses_boundary
outer_or_final_3_training,2023-06-30T23:00:00Z,2023-07-05T23:00:00Z,2023-07-03T08:00:00Z,120hour_target_crosses_boundary
outer_or_final_3_training,2023-07-01T00:00:00Z,2023-07-06T00:00:00Z,2023-07-03T08:00:00Z,120hour_target_crosses_boundary
outer_or_final_3_training,2023-07-01T01:00:00Z,2023-07-06T01:00:00Z,2023-07-03T08:00:00Z,120hour_target_crosses_boundary
outer_or_final_3_training,2023-07-01T02:00:00Z,2023-07-06T02:00:00Z,2023-07-03T08:00:00Z,120hour_target_crosses_boundary
outer_or_final_3_training,2023-07-01T03:00:00Z,2023-07-06T03:00:00Z,2023-07-03T08:00:00Z,120hour_target_crosses_boundary
outer_or_final_3_training,2023-07-01T04:00:00Z,2023-07-06T04:00:00Z,2023-07-03T08:00:00Z,120hour_target_crosses_boundary
outer_or_final_3_training,2023-07-01T05:00:00Z,2023-07-06T05:00:00Z,2023-07-03T08:00:00Z,120hour_target_crosses_boundary
outer_or_final_3_training,2023-07-01T06:00:00Z,2023-07-06T06:00:00Z,2023-07-03T08:00:00Z,120hour_target_crosses_boundary
outer_or_final_3_training,2023-07-01T07:00:00Z,2023-07-06T07:00:00Z,2023-07-03T08:00:00Z,120hour_target_crosses_boundary
outer_or_final_3_training,2023-07-01T08:00:00Z,2023-07-06T08:00:00Z,2023-07-03T08:00:00Z,120hour_target_crosses_boundary
outer_or_final_3_training,2023-07-01T09:00:00Z,2023-07-06T09:00:00Z,2023-07-03T08:00:00Z,120hour_target_crosses_boundary
outer_or_final_3_training,2023-07-01T10:00:00Z,2023-07-06T10:00:00Z,2023-07-03T08:00:00Z,120hour_target_crosses_boundary
outer_or_final_3_training,2023-07-01T11:00:00Z,2023-07-06T11:00:00Z,2023-07-03T08:00:00Z,120hour_target_crosses_boundary
outer_or_final_3_training,2023-07-01T12:00:00Z,2023-07-06T12:00:00Z,2023-07-03T08:00:00Z,120hour_target_crosses_boundary
outer_or_final_3_training,2023-07-01T13:00:00Z,2023-07-06T13:00:00Z,2023-07-03T08:00:00Z,120hour_target_crosses_boundary
outer_or_final_3_training,2023-07-01T14:00:00Z,2023-07-06T14:00:00Z,2023-07-03T08:00:00Z,120hour_target_crosses_boundary
outer_or_final_3_training,2023-07-01T15:00:00Z,2023-07-06T15:00:00Z,2023-07-03T08:00:00Z,120hour_target_crosses_boundary
outer_or_final_3_training,2023-07-01T16:00:00Z,2023-07-06T16:00:00Z,2023-07-03T08:00:00Z,120hour_target_crosses_boundary
outer_or_final_3_training,2023-07-01T17:00:00Z,2023-07-06T17:00:00Z,2023-07-03T08:00:00Z,120hour_target_crosses_boundary
outer_or_final_3_training,2023-07-01T18:00:00Z,2023-07-06T18:00:00Z,2023-07-03T08:00:00Z,120hour_target_crosses_boundary
outer_or_final_3_training,2023-07-01T19:00:00Z,2023-07-06T19:00:00Z,2023-07-03T08:00:00Z,120hour_target_crosses_boundary
outer_or_final_3_training,2023-07-01T20:00:00Z,2023-07-06T20:00:00Z,2023-07-03T08:00:00Z,120hour_target_crosses_boundary
outer_or_final_3_training,2023-07-01T21:00:00Z,2023-07-06T21:00:00Z,2023-07-03T08:00:00Z,120hour_target_crosses_boundary
outer_or_final_3_training,2023-07-01T22:00:00Z,2023-07-06T22:00:00Z,2023-07-03T08:00:00Z,120hour_target_crosses_boundary
outer_or_final_3_training,2023-07-01T23:00:00Z,2023-07-06T23:00:00Z,2023-07-03T08:00:00Z,120hour_target_crosses_boundary
outer_or_final_3_training,2023-07-02T00:00:00Z,2023-07-07T00:00:00Z,2023-07-03T08:00:00Z,120hour_target_crosses_boundary
outer_or_final_3_training,2023-07-02T01:00:00Z,2023-07-07T01:00:00Z,2023-07-03T08:00:00Z,120hour_target_crosses_boundary
outer_or_final_3_training,2023-07-02T02:00:00Z,2023-07-07T02:00:00Z,2023-07-03T08:00:00Z,120hour_target_crosses_boundary
outer_or_final_3_training,2023-07-02T03:00:00Z,2023-07-07T03:00:00Z,2023-07-03T08:00:00Z,120hour_target_crosses_boundary
outer_or_final_3_training,2023-07-02T04:00:00Z,2023-07-07T04:00:00Z,2023-07-03T08:00:00Z,120hour_target_crosses_boundary
outer_or_final_3_training,2023-07-02T05:00:00Z,2023-07-07T05:00:00Z,2023-07-03T08:00:00Z,120hour_target_crosses_boundary
outer_or_final_3_training,2023-07-02T06:00:00Z,2023-07-07T06:00:00Z,2023-07-03T08:00:00Z,120hour_target_crosses_boundary
outer_or_final_3_training,2023-07-02T07:00:00Z,2023-07-07T07:00:00Z,2023-07-03T08:00:00Z,120hour_target_crosses_boundary
outer_or_final_3_training,2023-07-02T08:00:00Z,2023-07-07T08:00:00Z,2023-07-03T08:00:00Z,120hour_target_crosses_boundary
outer_or_final_3_training,2023-07-02T09:00:00Z,2023-07-07T09:00:00Z,2023-07-03T08:00:00Z,120hour_target_crosses_boundary
outer_or_final_3_training,2023-07-02T10:00:00Z,2023-07-07T10:00:00Z,2023-07-03T08:00:00Z,120hour_target_crosses_boundary
outer_or_final_3_training,2023-07-02T11:00:00Z,2023-07-07T11:00:00Z,2023-07-03T08:00:00Z,120hour_target_crosses_boundary
outer_or_final_3_training,2023-07-02T12:00:00Z,2023-07-07T12:00:00Z,2023-07-03T08:00:00Z,120hour_target_crosses_boundary
outer_or_final_3_training,2023-07-02T13:00:00Z,2023-07-07T13:00:00Z,2023-07-03T08:00:00Z,120hour_target_crosses_boundary
outer_or_final_3_training,2023-07-02T14:00:00Z,2023-07-07T14:00:00Z,2023-07-03T08:00:00Z,120hour_target_crosses_boundary
outer_or_final_3_training,2023-07-02T15:00:00Z,2023-07-07T15:00:00Z,2023-07-03T08:00:00Z,120hour_target_crosses_boundary
outer_or_final_3_training,2023-07-02T16:00:00Z,2023-07-07T16:00:00Z,2023-07-03T08:00:00Z,120hour_target_crosses_boundary
outer_or_final_3_training,2023-07-02T17:00:00Z,2023-07-07T17:00:00Z,2023-07-03T08:00:00Z,120hour_target_crosses_boundary
outer_or_final_3_training,2023-07-02T18:00:00Z,2023-07-07T18:00:00Z,2023-07-03T08:00:00Z,120hour_target_crosses_boundary
outer_or_final_3_training,2023-07-02T19:00:00Z,2023-07-07T19:00:00Z,2023-07-03T08:00:00Z,120hour_target_crosses_boundary
outer_or_final_3_training,2023-07-02T20:00:00Z,2023-07-07T20:00:00Z,2023-07-03T08:00:00Z,120hour_target_crosses_boundary
outer_or_final_3_training,2023-07-02T21:00:00Z,2023-07-07T21:00:00Z,2023-07-03T08:00:00Z,120hour_target_crosses_boundary
outer_or_final_3_training,2023-07-02T22:00:00Z,2023-07-07T22:00:00Z,2023-07-03T08:00:00Z,120hour_target_crosses_boundary
outer_or_final_3_training,2023-07-02T23:00:00Z,2023-07-07T23:00:00Z,2023-07-03T08:00:00Z,120hour_target_crosses_boundary
outer_or_final_3_training,2023-07-03T00:00:00Z,2023-07-08T00:00:00Z,2023-07-03T08:00:00Z,120hour_target_crosses_boundary
outer_or_final_3_training,2023-07-03T01:00:00Z,2023-07-08T01:00:00Z,2023-07-03T08:00:00Z,120hour_target_crosses_boundary
outer_or_final_3_training,2023-07-03T02:00:00Z,2023-07-08T02:00:00Z,2023-07-03T08:00:00Z,120hour_target_crosses_boundary
outer_or_final_3_training,2023-07-03T03:00:00Z,2023-07-08T03:00:00Z,2023-07-03T08:00:00Z,120hour_target_crosses_boundary
outer_or_final_3_training,2023-07-03T04:00:00Z,2023-07-08T04:00:00Z,2023-07-03T08:00:00Z,120hour_target_crosses_boundary
outer_or_final_3_training,2023-07-03T05:00:00Z,2023-07-08T05:00:00Z,2023-07-03T08:00:00Z,120hour_target_crosses_boundary
outer_or_final_3_training,2023-07-03T06:00:00Z,2023-07-08T06:00:00Z,2023-07-03T08:00:00Z,120hour_target_crosses_boundary
outer_or_final_3_training,2023-07-03T07:00:00Z,2023-07-08T07:00:00Z,2023-07-03T08:00:00Z,120hour_target_crosses_boundary
outer_or_final_3_inner_1_training,2020-03-28T17:00:00Z,2020-04-02T17:00:00Z,2020-04-02T16:00:00Z,120hour_target_crosses_boundary
outer_or_final_3_inner_1_training,2020-03-28T18:00:00Z,2020-04-02T18:00:00Z,2020-04-02T16:00:00Z,120hour_target_crosses_boundary
outer_or_final_3_inner_1_training,2020-03-28T19:00:00Z,2020-04-02T19:00:00Z,2020-04-02T16:00:00Z,120hour_target_crosses_boundary
outer_or_final_3_inner_1_training,2020-03-28T20:00:00Z,2020-04-02T20:00:00Z,2020-04-02T16:00:00Z,120hour_target_crosses_boundary
outer_or_final_3_inner_1_training,2020-03-28T21:00:00Z,2020-04-02T21:00:00Z,2020-04-02T16:00:00Z,120hour_target_crosses_boundary
outer_or_final_3_inner_1_training,2020-03-28T22:00:00Z,2020-04-02T22:00:00Z,2020-04-02T16:00:00Z,120hour_target_crosses_boundary
outer_or_final_3_inner_1_training,2020-03-28T23:00:00Z,2020-04-02T23:00:00Z,2020-04-02T16:00:00Z,120hour_target_crosses_boundary
outer_or_final_3_inner_1_training,2020-03-29T00:00:00Z,2020-04-03T00:00:00Z,2020-04-02T16:00:00Z,120hour_target_crosses_boundary
outer_or_final_3_inner_1_training,2020-03-29T01:00:00Z,2020-04-03T01:00:00Z,2020-04-02T16:00:00Z,120hour_target_crosses_boundary
outer_or_final_3_inner_1_training,2020-03-29T02:00:00Z,2020-04-03T02:00:00Z,2020-04-02T16:00:00Z,120hour_target_crosses_boundary
outer_or_final_3_inner_1_training,2020-03-29T03:00:00Z,2020-04-03T03:00:00Z,2020-04-02T16:00:00Z,120hour_target_crosses_boundary
outer_or_final_3_inner_1_training,2020-03-29T04:00:00Z,2020-04-03T04:00:00Z,2020-04-02T16:00:00Z,120hour_target_crosses_boundary
outer_or_final_3_inner_1_training,2020-03-29T05:00:00Z,2020-04-03T05:00:00Z,2020-04-02T16:00:00Z,120hour_target_crosses_boundary
outer_or_final_3_inner_1_training,2020-03-29T06:00:00Z,2020-04-03T06:00:00Z,2020-04-02T16:00:00Z,120hour_target_crosses_boundary
outer_or_final_3_inner_1_training,2020-03-29T07:00:00Z,2020-04-03T07:00:00Z,2020-04-02T16:00:00Z,120hour_target_crosses_boundary
outer_or_final_3_inner_1_training,2020-03-29T08:00:00Z,2020-04-03T08:00:00Z,2020-04-02T16:00:00Z,120hour_target_crosses_boundary
outer_or_final_3_inner_1_training,2020-03-29T09:00:00Z,2020-04-03T09:00:00Z,2020-04-02T16:00:00Z,120hour_target_crosses_boundary
outer_or_final_3_inner_1_training,2020-03-29T10:00:00Z,2020-04-03T10:00:00Z,2020-04-02T16:00:00Z,120hour_target_crosses_boundary
outer_or_final_3_inner_1_training,2020-03-29T11:00:00Z,2020-04-03T11:00:00Z,2020-04-02T16:00:00Z,120hour_target_crosses_boundary
outer_or_final_3_inner_1_training,2020-03-29T12:00:00Z,2020-04-03T12:00:00Z,2020-04-02T16:00:00Z,120hour_target_crosses_boundary
outer_or_final_3_inner_1_training,2020-03-29T13:00:00Z,2020-04-03T13:00:00Z,2020-04-02T16:00:00Z,120hour_target_crosses_boundary
outer_or_final_3_inner_1_training,2020-03-29T14:00:00Z,2020-04-03T14:00:00Z,2020-04-02T16:00:00Z,120hour_target_crosses_boundary
outer_or_final_3_inner_1_training,2020-03-29T15:00:00Z,2020-04-03T15:00:00Z,2020-04-02T16:00:00Z,120hour_target_crosses_boundary
outer_or_final_3_inner_1_training,2020-03-29T16:00:00Z,2020-04-03T16:00:00Z,2020-04-02T16:00:00Z,120hour_target_crosses_boundary
outer_or_final_3_inner_1_training,2020-03-29T17:00:00Z,2020-04-03T17:00:00Z,2020-04-02T16:00:00Z,120hour_target_crosses_boundary
outer_or_final_3_inner_1_training,2020-03-29T18:00:00Z,2020-04-03T18:00:00Z,2020-04-02T16:00:00Z,120hour_target_crosses_boundary
outer_or_final_3_inner_1_training,2020-03-29T19:00:00Z,2020-04-03T19:00:00Z,2020-04-02T16:00:00Z,120hour_target_crosses_boundary
outer_or_final_3_inner_1_training,2020-03-29T20:00:00Z,2020-04-03T20:00:00Z,2020-04-02T16:00:00Z,120hour_target_crosses_boundary
outer_or_final_3_inner_1_training,2020-03-29T21:00:00Z,2020-04-03T21:00:00Z,2020-04-02T16:00:00Z,120hour_target_crosses_boundary
outer_or_final_3_inner_1_training,2020-03-29T22:00:00Z,2020-04-03T22:00:00Z,2020-04-02T16:00:00Z,120hour_target_crosses_boundary
outer_or_final_3_inner_1_training,2020-03-29T23:00:00Z,2020-04-03T23:00:00Z,2020-04-02T16:00:00Z,120hour_target_crosses_boundary
outer_or_final_3_inner_1_training,2020-03-30T00:00:00Z,2020-04-04T00:00:00Z,2020-04-02T16:00:00Z,120hour_target_crosses_boundary
outer_or_final_3_inner_1_training,2020-03-30T01:00:00Z,2020-04-04T01:00:00Z,2020-04-02T16:00:00Z,120hour_target_crosses_boundary
outer_or_final_3_inner_1_training,2020-03-30T02:00:00Z,2020-04-04T02:00:00Z,2020-04-02T16:00:00Z,120hour_target_crosses_boundary
outer_or_final_3_inner_1_training,2020-03-30T03:00:00Z,2020-04-04T03:00:00Z,2020-04-02T16:00:00Z,120hour_target_crosses_boundary
outer_or_final_3_inner_1_training,2020-03-30T04:00:00Z,2020-04-04T04:00:00Z,2020-04-02T16:00:00Z,120hour_target_crosses_boundary
outer_or_final_3_inner_1_training,2020-03-30T05:00:00Z,2020-04-04T05:00:00Z,2020-04-02T16:00:00Z,120hour_target_crosses_boundary
outer_or_final_3_inner_1_training,2020-03-30T06:00:00Z,2020-04-04T06:00:00Z,2020-04-02T16:00:00Z,120hour_target_crosses_boundary
outer_or_final_3_inner_1_training,2020-03-30T07:00:00Z,2020-04-04T07:00:00Z,2020-04-02T16:00:00Z,120hour_target_crosses_boundary
outer_or_final_3_inner_1_training,2020-03-30T08:00:00Z,2020-04-04T08:00:00Z,2020-04-02T16:00:00Z,120hour_target_crosses_boundary
outer_or_final_3_inner_1_training,2020-03-30T09:00:00Z,2020-04-04T09:00:00Z,2020-04-02T16:00:00Z,120hour_target_crosses_boundary
outer_or_final_3_inner_1_training,2020-03-30T10:00:00Z,2020-04-04T10:00:00Z,2020-04-02T16:00:00Z,120hour_target_crosses_boundary
outer_or_final_3_inner_1_training,2020-03-30T11:00:00Z,2020-04-04T11:00:00Z,2020-04-02T16:00:00Z,120hour_target_crosses_boundary
outer_or_final_3_inner_1_training,2020-03-30T12:00:00Z,2020-04-04T12:00:00Z,2020-04-02T16:00:00Z,120hour_target_crosses_boundary
outer_or_final_3_inner_1_training,2020-03-30T13:00:00Z,2020-04-04T13:00:00Z,2020-04-02T16:00:00Z,120hour_target_crosses_boundary
outer_or_final_3_inner_1_training,2020-03-30T14:00:00Z,2020-04-04T14:00:00Z,2020-04-02T16:00:00Z,120hour_target_crosses_boundary
outer_or_final_3_inner_1_training,2020-03-30T15:00:00Z,2020-04-04T15:00:00Z,2020-04-02T16:00:00Z,120hour_target_crosses_boundary
outer_or_final_3_inner_1_training,2020-03-30T16:00:00Z,2020-04-04T16:00:00Z,2020-04-02T16:00:00Z,120hour_target_crosses_boundary
outer_or_final_3_inner_1_training,2020-03-30T17:00:00Z,2020-04-04T17:00:00Z,2020-04-02T16:00:00Z,120hour_target_crosses_boundary
outer_or_final_3_inner_1_training,2020-03-30T18:00:00Z,2020-04-04T18:00:00Z,2020-04-02T16:00:00Z,120hour_target_crosses_boundary
outer_or_final_3_inner_1_training,2020-03-30T19:00:00Z,2020-04-04T19:00:00Z,2020-04-02T16:00:00Z,120hour_target_crosses_boundary
outer_or_final_3_inner_1_training,2020-03-30T20:00:00Z,2020-04-04T20:00:00Z,2020-04-02T16:00:00Z,120hour_target_crosses_boundary
outer_or_final_3_inner_1_training,2020-03-30T21:00:00Z,2020-04-04T21:00:00Z,2020-04-02T16:00:00Z,120hour_target_crosses_boundary
outer_or_final_3_inner_1_training,2020-03-30T22:00:00Z,2020-04-04T22:00:00Z,2020-04-02T16:00:00Z,120hour_target_crosses_boundary
outer_or_final_3_inner_1_training,2020-03-30T23:00:00Z,2020-04-04T23:00:00Z,2020-04-02T16:00:00Z,120hour_target_crosses_boundary
outer_or_final_3_inner_1_training,2020-03-31T00:00:00Z,2020-04-05T00:00:00Z,2020-04-02T16:00:00Z,120hour_target_crosses_boundary
outer_or_final_3_inner_1_training,2020-03-31T01:00:00Z,2020-04-05T01:00:00Z,2020-04-02T16:00:00Z,120hour_target_crosses_boundary
outer_or_final_3_inner_1_training,2020-03-31T02:00:00Z,2020-04-05T02:00:00Z,2020-04-02T16:00:00Z,120hour_target_crosses_boundary
outer_or_final_3_inner_1_training,2020-03-31T03:00:00Z,2020-04-05T03:00:00Z,2020-04-02T16:00:00Z,120hour_target_crosses_boundary
outer_or_final_3_inner_1_training,2020-03-31T04:00:00Z,2020-04-05T04:00:00Z,2020-04-02T16:00:00Z,120hour_target_crosses_boundary
outer_or_final_3_inner_1_training,2020-03-31T05:00:00Z,2020-04-05T05:00:00Z,2020-04-02T16:00:00Z,120hour_target_crosses_boundary
outer_or_final_3_inner_1_training,2020-03-31T06:00:00Z,2020-04-05T06:00:00Z,2020-04-02T16:00:00Z,120hour_target_crosses_boundary
outer_or_final_3_inner_1_training,2020-03-31T07:00:00Z,2020-04-05T07:00:00Z,2020-04-02T16:00:00Z,120hour_target_crosses_boundary
outer_or_final_3_inner_1_training,2020-03-31T08:00:00Z,2020-04-05T08:00:00Z,2020-04-02T16:00:00Z,120hour_target_crosses_boundary
outer_or_final_3_inner_1_training,2020-03-31T09:00:00Z,2020-04-05T09:00:00Z,2020-04-02T16:00:00Z,120hour_target_crosses_boundary
outer_or_final_3_inner_1_training,2020-03-31T10:00:00Z,2020-04-05T10:00:00Z,2020-04-02T16:00:00Z,120hour_target_crosses_boundary
outer_or_final_3_inner_1_training,2020-03-31T11:00:00Z,2020-04-05T11:00:00Z,2020-04-02T16:00:00Z,120hour_target_crosses_boundary
outer_or_final_3_inner_1_training,2020-03-31T12:00:00Z,2020-04-05T12:00:00Z,2020-04-02T16:00:00Z,120hour_target_crosses_boundary
outer_or_final_3_inner_1_training,2020-03-31T13:00:00Z,2020-04-05T13:00:00Z,2020-04-02T16:00:00Z,120hour_target_crosses_boundary
outer_or_final_3_inner_1_training,2020-03-31T14:00:00Z,2020-04-05T14:00:00Z,2020-04-02T16:00:00Z,120hour_target_crosses_boundary
outer_or_final_3_inner_1_training,2020-03-31T15:00:00Z,2020-04-05T15:00:00Z,2020-04-02T16:00:00Z,120hour_target_crosses_boundary
outer_or_final_3_inner_1_training,2020-03-31T16:00:00Z,2020-04-05T16:00:00Z,2020-04-02T16:00:00Z,120hour_target_crosses_boundary
outer_or_final_3_inner_1_training,2020-03-31T17:00:00Z,2020-04-05T17:00:00Z,2020-04-02T16:00:00Z,120hour_target_crosses_boundary
outer_or_final_3_inner_1_training,2020-03-31T18:00:00Z,2020-04-05T18:00:00Z,2020-04-02T16:00:00Z,120hour_target_crosses_boundary
outer_or_final_3_inner_1_training,2020-03-31T19:00:00Z,2020-04-05T19:00:00Z,2020-04-02T16:00:00Z,120hour_target_crosses_boundary
outer_or_final_3_inner_1_training,2020-03-31T20:00:00Z,2020-04-05T20:00:00Z,2020-04-02T16:00:00Z,120hour_target_crosses_boundary
outer_or_final_3_inner_1_training,2020-03-31T21:00:00Z,2020-04-05T21:00:00Z,2020-04-02T16:00:00Z,120hour_target_crosses_boundary
outer_or_final_3_inner_1_training,2020-03-31T22:00:00Z,2020-04-05T22:00:00Z,2020-04-02T16:00:00Z,120hour_target_crosses_boundary
outer_or_final_3_inner_1_training,2020-03-31T23:00:00Z,2020-04-05T23:00:00Z,2020-04-02T16:00:00Z,120hour_target_crosses_boundary
outer_or_final_3_inner_1_training,2020-04-01T00:00:00Z,2020-04-06T00:00:00Z,2020-04-02T16:00:00Z,120hour_target_crosses_boundary
outer_or_final_3_inner_1_training,2020-04-01T01:00:00Z,2020-04-06T01:00:00Z,2020-04-02T16:00:00Z,120hour_target_crosses_boundary
outer_or_final_3_inner_1_training,2020-04-01T02:00:00Z,2020-04-06T02:00:00Z,2020-04-02T16:00:00Z,120hour_target_crosses_boundary
outer_or_final_3_inner_1_training,2020-04-01T03:00:00Z,2020-04-06T03:00:00Z,2020-04-02T16:00:00Z,120hour_target_crosses_boundary
outer_or_final_3_inner_1_training,2020-04-01T04:00:00Z,2020-04-06T04:00:00Z,2020-04-02T16:00:00Z,120hour_target_crosses_boundary
outer_or_final_3_inner_1_training,2020-04-01T05:00:00Z,2020-04-06T05:00:00Z,2020-04-02T16:00:00Z,120hour_target_crosses_boundary
outer_or_final_3_inner_1_training,2020-04-01T06:00:00Z,2020-04-06T06:00:00Z,2020-04-02T16:00:00Z,120hour_target_crosses_boundary
outer_or_final_3_inner_1_training,2020-04-01T07:00:00Z,2020-04-06T07:00:00Z,2020-04-02T16:00:00Z,120hour_target_crosses_boundary
outer_or_final_3_inner_1_training,2020-04-01T08:00:00Z,2020-04-06T08:00:00Z,2020-04-02T16:00:00Z,120hour_target_crosses_boundary
outer_or_final_3_inner_1_training,2020-04-01T09:00:00Z,2020-04-06T09:00:00Z,2020-04-02T16:00:00Z,120hour_target_crosses_boundary
outer_or_final_3_inner_1_training,2020-04-01T10:00:00Z,2020-04-06T10:00:00Z,2020-04-02T16:00:00Z,120hour_target_crosses_boundary
outer_or_final_3_inner_1_training,2020-04-01T11:00:00Z,2020-04-06T11:00:00Z,2020-04-02T16:00:00Z,120hour_target_crosses_boundary
outer_or_final_3_inner_1_training,2020-04-01T12:00:00Z,2020-04-06T12:00:00Z,2020-04-02T16:00:00Z,120hour_target_crosses_boundary
outer_or_final_3_inner_1_training,2020-04-01T13:00:00Z,2020-04-06T13:00:00Z,2020-04-02T16:00:00Z,120hour_target_crosses_boundary
outer_or_final_3_inner_1_training,2020-04-01T14:00:00Z,2020-04-06T14:00:00Z,2020-04-02T16:00:00Z,120hour_target_crosses_boundary
outer_or_final_3_inner_1_training,2020-04-01T15:00:00Z,2020-04-06T15:00:00Z,2020-04-02T16:00:00Z,120hour_target_crosses_boundary
outer_or_final_3_inner_1_training,2020-04-01T16:00:00Z,2020-04-06T16:00:00Z,2020-04-02T16:00:00Z,120hour_target_crosses_boundary
outer_or_final_3_inner_1_training,2020-04-01T17:00:00Z,2020-04-06T17:00:00Z,2020-04-02T16:00:00Z,120hour_target_crosses_boundary
outer_or_final_3_inner_1_training,2020-04-01T18:00:00Z,2020-04-06T18:00:00Z,2020-04-02T16:00:00Z,120hour_target_crosses_boundary
outer_or_final_3_inner_1_training,2020-04-01T19:00:00Z,2020-04-06T19:00:00Z,2020-04-02T16:00:00Z,120hour_target_crosses_boundary
outer_or_final_3_inner_1_training,2020-04-01T20:00:00Z,2020-04-06T20:00:00Z,2020-04-02T16:00:00Z,120hour_target_crosses_boundary
outer_or_final_3_inner_1_training,2020-04-01T21:00:00Z,2020-04-06T21:00:00Z,2020-04-02T16:00:00Z,120hour_target_crosses_boundary
outer_or_final_3_inner_1_training,2020-04-01T22:00:00Z,2020-04-06T22:00:00Z,2020-04-02T16:00:00Z,120hour_target_crosses_boundary
outer_or_final_3_inner_1_training,2020-04-01T23:00:00Z,2020-04-06T23:00:00Z,2020-04-02T16:00:00Z,120hour_target_crosses_boundary
outer_or_final_3_inner_1_training,2020-04-02T00:00:00Z,2020-04-07T00:00:00Z,2020-04-02T16:00:00Z,120hour_target_crosses_boundary
outer_or_final_3_inner_1_training,2020-04-02T01:00:00Z,2020-04-07T01:00:00Z,2020-04-02T16:00:00Z,120hour_target_crosses_boundary
outer_or_final_3_inner_1_training,2020-04-02T02:00:00Z,2020-04-07T02:00:00Z,2020-04-02T16:00:00Z,120hour_target_crosses_boundary
outer_or_final_3_inner_1_training,2020-04-02T03:00:00Z,2020-04-07T03:00:00Z,2020-04-02T16:00:00Z,120hour_target_crosses_boundary
outer_or_final_3_inner_1_training,2020-04-02T04:00:00Z,2020-04-07T04:00:00Z,2020-04-02T16:00:00Z,120hour_target_crosses_boundary
outer_or_final_3_inner_1_training,2020-04-02T05:00:00Z,2020-04-07T05:00:00Z,2020-04-02T16:00:00Z,120hour_target_crosses_boundary
outer_or_final_3_inner_1_training,2020-04-02T06:00:00Z,2020-04-07T06:00:00Z,2020-04-02T16:00:00Z,120hour_target_crosses_boundary
outer_or_final_3_inner_1_training,2020-04-02T07:00:00Z,2020-04-07T07:00:00Z,2020-04-02T16:00:00Z,120hour_target_crosses_boundary
outer_or_final_3_inner_1_training,2020-04-02T08:00:00Z,2020-04-07T08:00:00Z,2020-04-02T16:00:00Z,120hour_target_crosses_boundary
outer_or_final_3_inner_1_training,2020-04-02T09:00:00Z,2020-04-07T09:00:00Z,2020-04-02T16:00:00Z,120hour_target_crosses_boundary
outer_or_final_3_inner_1_training,2020-04-02T10:00:00Z,2020-04-07T10:00:00Z,2020-04-02T16:00:00Z,120hour_target_crosses_boundary
outer_or_final_3_inner_1_training,2020-04-02T11:00:00Z,2020-04-07T11:00:00Z,2020-04-02T16:00:00Z,120hour_target_crosses_boundary
outer_or_final_3_inner_1_training,2020-04-02T12:00:00Z,2020-04-07T12:00:00Z,2020-04-02T16:00:00Z,120hour_target_crosses_boundary
outer_or_final_3_inner_1_training,2020-04-02T13:00:00Z,2020-04-07T13:00:00Z,2020-04-02T16:00:00Z,120hour_target_crosses_boundary
outer_or_final_3_inner_1_training,2020-04-02T14:00:00Z,2020-04-07T14:00:00Z,2020-04-02T16:00:00Z,120hour_target_crosses_boundary
outer_or_final_3_inner_1_training,2020-04-02T15:00:00Z,2020-04-07T15:00:00Z,2020-04-02T16:00:00Z,120hour_target_crosses_boundary
outer_or_final_3_inner_1_validation,2021-04-28T06:00:00Z,2021-05-03T06:00:00Z,2021-05-03T05:00:00Z,120hour_target_crosses_boundary
outer_or_final_3_inner_1_validation,2021-04-28T07:00:00Z,2021-05-03T07:00:00Z,2021-05-03T05:00:00Z,120hour_target_crosses_boundary
outer_or_final_3_inner_1_validation,2021-04-28T08:00:00Z,2021-05-03T08:00:00Z,2021-05-03T05:00:00Z,120hour_target_crosses_boundary
outer_or_final_3_inner_1_validation,2021-04-28T09:00:00Z,2021-05-03T09:00:00Z,2021-05-03T05:00:00Z,120hour_target_crosses_boundary
outer_or_final_3_inner_1_validation,2021-04-28T10:00:00Z,2021-05-03T10:00:00Z,2021-05-03T05:00:00Z,120hour_target_crosses_boundary
outer_or_final_3_inner_1_validation,2021-04-28T11:00:00Z,2021-05-03T11:00:00Z,2021-05-03T05:00:00Z,120hour_target_crosses_boundary
outer_or_final_3_inner_1_validation,2021-04-28T12:00:00Z,2021-05-03T12:00:00Z,2021-05-03T05:00:00Z,120hour_target_crosses_boundary
outer_or_final_3_inner_1_validation,2021-04-28T13:00:00Z,2021-05-03T13:00:00Z,2021-05-03T05:00:00Z,120hour_target_crosses_boundary
outer_or_final_3_inner_1_validation,2021-04-28T14:00:00Z,2021-05-03T14:00:00Z,2021-05-03T05:00:00Z,120hour_target_crosses_boundary
outer_or_final_3_inner_1_validation,2021-04-28T15:00:00Z,2021-05-03T15:00:00Z,2021-05-03T05:00:00Z,120hour_target_crosses_boundary
outer_or_final_3_inner_1_validation,2021-04-28T16:00:00Z,2021-05-03T16:00:00Z,2021-05-03T05:00:00Z,120hour_target_crosses_boundary
outer_or_final_3_inner_1_validation,2021-04-28T17:00:00Z,2021-05-03T17:00:00Z,2021-05-03T05:00:00Z,120hour_target_crosses_boundary
outer_or_final_3_inner_1_validation,2021-04-28T18:00:00Z,2021-05-03T18:00:00Z,2021-05-03T05:00:00Z,120hour_target_crosses_boundary
outer_or_final_3_inner_1_validation,2021-04-28T19:00:00Z,2021-05-03T19:00:00Z,2021-05-03T05:00:00Z,120hour_target_crosses_boundary
outer_or_final_3_inner_1_validation,2021-04-28T20:00:00Z,2021-05-03T20:00:00Z,2021-05-03T05:00:00Z,120hour_target_crosses_boundary
outer_or_final_3_inner_1_validation,2021-04-28T21:00:00Z,2021-05-03T21:00:00Z,2021-05-03T05:00:00Z,120hour_target_crosses_boundary
outer_or_final_3_inner_1_validation,2021-04-28T22:00:00Z,2021-05-03T22:00:00Z,2021-05-03T05:00:00Z,120hour_target_crosses_boundary
outer_or_final_3_inner_1_validation,2021-04-28T23:00:00Z,2021-05-03T23:00:00Z,2021-05-03T05:00:00Z,120hour_target_crosses_boundary
outer_or_final_3_inner_1_validation,2021-04-29T00:00:00Z,2021-05-04T00:00:00Z,2021-05-03T05:00:00Z,120hour_target_crosses_boundary
outer_or_final_3_inner_1_validation,2021-04-29T01:00:00Z,2021-05-04T01:00:00Z,2021-05-03T05:00:00Z,120hour_target_crosses_boundary
outer_or_final_3_inner_1_validation,2021-04-29T02:00:00Z,2021-05-04T02:00:00Z,2021-05-03T05:00:00Z,120hour_target_crosses_boundary
outer_or_final_3_inner_1_validation,2021-04-29T03:00:00Z,2021-05-04T03:00:00Z,2021-05-03T05:00:00Z,120hour_target_crosses_boundary
outer_or_final_3_inner_1_validation,2021-04-29T04:00:00Z,2021-05-04T04:00:00Z,2021-05-03T05:00:00Z,120hour_target_crosses_boundary
outer_or_final_3_inner_1_validation,2021-04-29T05:00:00Z,2021-05-04T05:00:00Z,2021-05-03T05:00:00Z,120hour_target_crosses_boundary
outer_or_final_3_inner_1_validation,2021-04-29T06:00:00Z,2021-05-04T06:00:00Z,2021-05-03T05:00:00Z,120hour_target_crosses_boundary
outer_or_final_3_inner_1_validation,2021-04-29T07:00:00Z,2021-05-04T07:00:00Z,2021-05-03T05:00:00Z,120hour_target_crosses_boundary
outer_or_final_3_inner_1_validation,2021-04-29T08:00:00Z,2021-05-04T08:00:00Z,2021-05-03T05:00:00Z,120hour_target_crosses_boundary
outer_or_final_3_inner_1_validation,2021-04-29T09:00:00Z,2021-05-04T09:00:00Z,2021-05-03T05:00:00Z,120hour_target_crosses_boundary
outer_or_final_3_inner_1_validation,2021-04-29T10:00:00Z,2021-05-04T10:00:00Z,2021-05-03T05:00:00Z,120hour_target_crosses_boundary
outer_or_final_3_inner_1_validation,2021-04-29T11:00:00Z,2021-05-04T11:00:00Z,2021-05-03T05:00:00Z,120hour_target_crosses_boundary
outer_or_final_3_inner_1_validation,2021-04-29T12:00:00Z,2021-05-04T12:00:00Z,2021-05-03T05:00:00Z,120hour_target_crosses_boundary
outer_or_final_3_inner_1_validation,2021-04-29T13:00:00Z,2021-05-04T13:00:00Z,2021-05-03T05:00:00Z,120hour_target_crosses_boundary
outer_or_final_3_inner_1_validation,2021-04-29T14:00:00Z,2021-05-04T14:00:00Z,2021-05-03T05:00:00Z,120hour_target_crosses_boundary
outer_or_final_3_inner_1_validation,2021-04-29T15:00:00Z,2021-05-04T15:00:00Z,2021-05-03T05:00:00Z,120hour_target_crosses_boundary
outer_or_final_3_inner_1_validation,2021-04-29T16:00:00Z,2021-05-04T16:00:00Z,2021-05-03T05:00:00Z,120hour_target_crosses_boundary
outer_or_final_3_inner_1_validation,2021-04-29T17:00:00Z,2021-05-04T17:00:00Z,2021-05-03T05:00:00Z,120hour_target_crosses_boundary
outer_or_final_3_inner_1_validation,2021-04-29T18:00:00Z,2021-05-04T18:00:00Z,2021-05-03T05:00:00Z,120hour_target_crosses_boundary
outer_or_final_3_inner_1_validation,2021-04-29T19:00:00Z,2021-05-04T19:00:00Z,2021-05-03T05:00:00Z,120hour_target_crosses_boundary
outer_or_final_3_inner_1_validation,2021-04-29T20:00:00Z,2021-05-04T20:00:00Z,2021-05-03T05:00:00Z,120hour_target_crosses_boundary
outer_or_final_3_inner_1_validation,2021-04-29T21:00:00Z,2021-05-04T21:00:00Z,2021-05-03T05:00:00Z,120hour_target_crosses_boundary
outer_or_final_3_inner_1_validation,2021-04-29T22:00:00Z,2021-05-04T22:00:00Z,2021-05-03T05:00:00Z,120hour_target_crosses_boundary
outer_or_final_3_inner_1_validation,2021-04-29T23:00:00Z,2021-05-04T23:00:00Z,2021-05-03T05:00:00Z,120hour_target_crosses_boundary
outer_or_final_3_inner_1_validation,2021-04-30T00:00:00Z,2021-05-05T00:00:00Z,2021-05-03T05:00:00Z,120hour_target_crosses_boundary
outer_or_final_3_inner_1_validation,2021-04-30T01:00:00Z,2021-05-05T01:00:00Z,2021-05-03T05:00:00Z,120hour_target_crosses_boundary
outer_or_final_3_inner_1_validation,2021-04-30T02:00:00Z,2021-05-05T02:00:00Z,2021-05-03T05:00:00Z,120hour_target_crosses_boundary
outer_or_final_3_inner_1_validation,2021-04-30T03:00:00Z,2021-05-05T03:00:00Z,2021-05-03T05:00:00Z,120hour_target_crosses_boundary
outer_or_final_3_inner_1_validation,2021-04-30T04:00:00Z,2021-05-05T04:00:00Z,2021-05-03T05:00:00Z,120hour_target_crosses_boundary
outer_or_final_3_inner_1_validation,2021-04-30T05:00:00Z,2021-05-05T05:00:00Z,2021-05-03T05:00:00Z,120hour_target_crosses_boundary
outer_or_final_3_inner_1_validation,2021-04-30T06:00:00Z,2021-05-05T06:00:00Z,2021-05-03T05:00:00Z,120hour_target_crosses_boundary
outer_or_final_3_inner_1_validation,2021-04-30T07:00:00Z,2021-05-05T07:00:00Z,2021-05-03T05:00:00Z,120hour_target_crosses_boundary
outer_or_final_3_inner_1_validation,2021-04-30T08:00:00Z,2021-05-05T08:00:00Z,2021-05-03T05:00:00Z,120hour_target_crosses_boundary
outer_or_final_3_inner_1_validation,2021-04-30T09:00:00Z,2021-05-05T09:00:00Z,2021-05-03T05:00:00Z,120hour_target_crosses_boundary
outer_or_final_3_inner_1_validation,2021-04-30T10:00:00Z,2021-05-05T10:00:00Z,2021-05-03T05:00:00Z,120hour_target_crosses_boundary
outer_or_final_3_inner_1_validation,2021-04-30T11:00:00Z,2021-05-05T11:00:00Z,2021-05-03T05:00:00Z,120hour_target_crosses_boundary
outer_or_final_3_inner_1_validation,2021-04-30T12:00:00Z,2021-05-05T12:00:00Z,2021-05-03T05:00:00Z,120hour_target_crosses_boundary
outer_or_final_3_inner_1_validation,2021-04-30T13:00:00Z,2021-05-05T13:00:00Z,2021-05-03T05:00:00Z,120hour_target_crosses_boundary
outer_or_final_3_inner_1_validation,2021-04-30T14:00:00Z,2021-05-05T14:00:00Z,2021-05-03T05:00:00Z,120hour_target_crosses_boundary
outer_or_final_3_inner_1_validation,2021-04-30T15:00:00Z,2021-05-05T15:00:00Z,2021-05-03T05:00:00Z,120hour_target_crosses_boundary
outer_or_final_3_inner_1_validation,2021-04-30T16:00:00Z,2021-05-05T16:00:00Z,2021-05-03T05:00:00Z,120hour_target_crosses_boundary
outer_or_final_3_inner_1_validation,2021-04-30T17:00:00Z,2021-05-05T17:00:00Z,2021-05-03T05:00:00Z,120hour_target_crosses_boundary
outer_or_final_3_inner_1_validation,2021-04-30T18:00:00Z,2021-05-05T18:00:00Z,2021-05-03T05:00:00Z,120hour_target_crosses_boundary
outer_or_final_3_inner_1_validation,2021-04-30T19:00:00Z,2021-05-05T19:00:00Z,2021-05-03T05:00:00Z,120hour_target_crosses_boundary
outer_or_final_3_inner_1_validation,2021-04-30T20:00:00Z,2021-05-05T20:00:00Z,2021-05-03T05:00:00Z,120hour_target_crosses_boundary
outer_or_final_3_inner_1_validation,2021-04-30T21:00:00Z,2021-05-05T21:00:00Z,2021-05-03T05:00:00Z,120hour_target_crosses_boundary
outer_or_final_3_inner_1_validation,2021-04-30T22:00:00Z,2021-05-05T22:00:00Z,2021-05-03T05:00:00Z,120hour_target_crosses_boundary
outer_or_final_3_inner_1_validation,2021-04-30T23:00:00Z,2021-05-05T23:00:00Z,2021-05-03T05:00:00Z,120hour_target_crosses_boundary
outer_or_final_3_inner_1_validation,2021-05-01T00:00:00Z,2021-05-06T00:00:00Z,2021-05-03T05:00:00Z,120hour_target_crosses_boundary
outer_or_final_3_inner_1_validation,2021-05-01T01:00:00Z,2021-05-06T01:00:00Z,2021-05-03T05:00:00Z,120hour_target_crosses_boundary
outer_or_final_3_inner_1_validation,2021-05-01T02:00:00Z,2021-05-06T02:00:00Z,2021-05-03T05:00:00Z,120hour_target_crosses_boundary
outer_or_final_3_inner_1_validation,2021-05-01T03:00:00Z,2021-05-06T03:00:00Z,2021-05-03T05:00:00Z,120hour_target_crosses_boundary
outer_or_final_3_inner_1_validation,2021-05-01T04:00:00Z,2021-05-06T04:00:00Z,2021-05-03T05:00:00Z,120hour_target_crosses_boundary
outer_or_final_3_inner_1_validation,2021-05-01T05:00:00Z,2021-05-06T05:00:00Z,2021-05-03T05:00:00Z,120hour_target_crosses_boundary
outer_or_final_3_inner_1_validation,2021-05-01T06:00:00Z,2021-05-06T06:00:00Z,2021-05-03T05:00:00Z,120hour_target_crosses_boundary
outer_or_final_3_inner_1_validation,2021-05-01T07:00:00Z,2021-05-06T07:00:00Z,2021-05-03T05:00:00Z,120hour_target_crosses_boundary
outer_or_final_3_inner_1_validation,2021-05-01T08:00:00Z,2021-05-06T08:00:00Z,2021-05-03T05:00:00Z,120hour_target_crosses_boundary
outer_or_final_3_inner_1_validation,2021-05-01T09:00:00Z,2021-05-06T09:00:00Z,2021-05-03T05:00:00Z,120hour_target_crosses_boundary
outer_or_final_3_inner_1_validation,2021-05-01T10:00:00Z,2021-05-06T10:00:00Z,2021-05-03T05:00:00Z,120hour_target_crosses_boundary
outer_or_final_3_inner_1_validation,2021-05-01T11:00:00Z,2021-05-06T11:00:00Z,2021-05-03T05:00:00Z,120hour_target_crosses_boundary
outer_or_final_3_inner_1_validation,2021-05-01T12:00:00Z,2021-05-06T12:00:00Z,2021-05-03T05:00:00Z,120hour_target_crosses_boundary
outer_or_final_3_inner_1_validation,2021-05-01T13:00:00Z,2021-05-06T13:00:00Z,2021-05-03T05:00:00Z,120hour_target_crosses_boundary
outer_or_final_3_inner_1_validation,2021-05-01T14:00:00Z,2021-05-06T14:00:00Z,2021-05-03T05:00:00Z,120hour_target_crosses_boundary
outer_or_final_3_inner_1_validation,2021-05-01T15:00:00Z,2021-05-06T15:00:00Z,2021-05-03T05:00:00Z,120hour_target_crosses_boundary
outer_or_final_3_inner_1_validation,2021-05-01T16:00:00Z,2021-05-06T16:00:00Z,2021-05-03T05:00:00Z,120hour_target_crosses_boundary
outer_or_final_3_inner_1_validation,2021-05-01T17:00:00Z,2021-05-06T17:00:00Z,2021-05-03T05:00:00Z,120hour_target_crosses_boundary
outer_or_final_3_inner_1_validation,2021-05-01T18:00:00Z,2021-05-06T18:00:00Z,2021-05-03T05:00:00Z,120hour_target_crosses_boundary
outer_or_final_3_inner_1_validation,2021-05-01T19:00:00Z,2021-05-06T19:00:00Z,2021-05-03T05:00:00Z,120hour_target_crosses_boundary
outer_or_final_3_inner_1_validation,2021-05-01T20:00:00Z,2021-05-06T20:00:00Z,2021-05-03T05:00:00Z,120hour_target_crosses_boundary
outer_or_final_3_inner_1_validation,2021-05-01T21:00:00Z,2021-05-06T21:00:00Z,2021-05-03T05:00:00Z,120hour_target_crosses_boundary
outer_or_final_3_inner_1_validation,2021-05-01T22:00:00Z,2021-05-06T22:00:00Z,2021-05-03T05:00:00Z,120hour_target_crosses_boundary
outer_or_final_3_inner_1_validation,2021-05-01T23:00:00Z,2021-05-06T23:00:00Z,2021-05-03T05:00:00Z,120hour_target_crosses_boundary
outer_or_final_3_inner_1_validation,2021-05-02T00:00:00Z,2021-05-07T00:00:00Z,2021-05-03T05:00:00Z,120hour_target_crosses_boundary
outer_or_final_3_inner_1_validation,2021-05-02T01:00:00Z,2021-05-07T01:00:00Z,2021-05-03T05:00:00Z,120hour_target_crosses_boundary
outer_or_final_3_inner_1_validation,2021-05-02T02:00:00Z,2021-05-07T02:00:00Z,2021-05-03T05:00:00Z,120hour_target_crosses_boundary
outer_or_final_3_inner_1_validation,2021-05-02T03:00:00Z,2021-05-07T03:00:00Z,2021-05-03T05:00:00Z,120hour_target_crosses_boundary
outer_or_final_3_inner_1_validation,2021-05-02T04:00:00Z,2021-05-07T04:00:00Z,2021-05-03T05:00:00Z,120hour_target_crosses_boundary
outer_or_final_3_inner_1_validation,2021-05-02T05:00:00Z,2021-05-07T05:00:00Z,2021-05-03T05:00:00Z,120hour_target_crosses_boundary
outer_or_final_3_inner_1_validation,2021-05-02T06:00:00Z,2021-05-07T06:00:00Z,2021-05-03T05:00:00Z,120hour_target_crosses_boundary
outer_or_final_3_inner_1_validation,2021-05-02T07:00:00Z,2021-05-07T07:00:00Z,2021-05-03T05:00:00Z,120hour_target_crosses_boundary
outer_or_final_3_inner_1_validation,2021-05-02T08:00:00Z,2021-05-07T08:00:00Z,2021-05-03T05:00:00Z,120hour_target_crosses_boundary
outer_or_final_3_inner_1_validation,2021-05-02T09:00:00Z,2021-05-07T09:00:00Z,2021-05-03T05:00:00Z,120hour_target_crosses_boundary
outer_or_final_3_inner_1_validation,2021-05-02T10:00:00Z,2021-05-07T10:00:00Z,2021-05-03T05:00:00Z,120hour_target_crosses_boundary
outer_or_final_3_inner_1_validation,2021-05-02T11:00:00Z,2021-05-07T11:00:00Z,2021-05-03T05:00:00Z,120hour_target_crosses_boundary
outer_or_final_3_inner_1_validation,2021-05-02T12:00:00Z,2021-05-07T12:00:00Z,2021-05-03T05:00:00Z,120hour_target_crosses_boundary
outer_or_final_3_inner_1_validation,2021-05-02T13:00:00Z,2021-05-07T13:00:00Z,2021-05-03T05:00:00Z,120hour_target_crosses_boundary
outer_or_final_3_inner_1_validation,2021-05-02T14:00:00Z,2021-05-07T14:00:00Z,2021-05-03T05:00:00Z,120hour_target_crosses_boundary
outer_or_final_3_inner_1_validation,2021-05-02T15:00:00Z,2021-05-07T15:00:00Z,2021-05-03T05:00:00Z,120hour_target_crosses_boundary
outer_or_final_3_inner_1_validation,2021-05-02T16:00:00Z,2021-05-07T16:00:00Z,2021-05-03T05:00:00Z,120hour_target_crosses_boundary
outer_or_final_3_inner_1_validation,2021-05-02T17:00:00Z,2021-05-07T17:00:00Z,2021-05-03T05:00:00Z,120hour_target_crosses_boundary
outer_or_final_3_inner_1_validation,2021-05-02T18:00:00Z,2021-05-07T18:00:00Z,2021-05-03T05:00:00Z,120hour_target_crosses_boundary
outer_or_final_3_inner_1_validation,2021-05-02T19:00:00Z,2021-05-07T19:00:00Z,2021-05-03T05:00:00Z,120hour_target_crosses_boundary
outer_or_final_3_inner_1_validation,2021-05-02T20:00:00Z,2021-05-07T20:00:00Z,2021-05-03T05:00:00Z,120hour_target_crosses_boundary
outer_or_final_3_inner_1_validation,2021-05-02T21:00:00Z,2021-05-07T21:00:00Z,2021-05-03T05:00:00Z,120hour_target_crosses_boundary
outer_or_final_3_inner_1_validation,2021-05-02T22:00:00Z,2021-05-07T22:00:00Z,2021-05-03T05:00:00Z,120hour_target_crosses_boundary
outer_or_final_3_inner_1_validation,2021-05-02T23:00:00Z,2021-05-07T23:00:00Z,2021-05-03T05:00:00Z,120hour_target_crosses_boundary
outer_or_final_3_inner_1_validation,2021-05-03T00:00:00Z,2021-05-08T00:00:00Z,2021-05-03T05:00:00Z,120hour_target_crosses_boundary
outer_or_final_3_inner_1_validation,2021-05-03T01:00:00Z,2021-05-08T01:00:00Z,2021-05-03T05:00:00Z,120hour_target_crosses_boundary
outer_or_final_3_inner_1_validation,2021-05-03T02:00:00Z,2021-05-08T02:00:00Z,2021-05-03T05:00:00Z,120hour_target_crosses_boundary
outer_or_final_3_inner_1_validation,2021-05-03T03:00:00Z,2021-05-08T03:00:00Z,2021-05-03T05:00:00Z,120hour_target_crosses_boundary
outer_or_final_3_inner_1_validation,2021-05-03T04:00:00Z,2021-05-08T04:00:00Z,2021-05-03T05:00:00Z,120hour_target_crosses_boundary
outer_or_final_3_inner_2_training,2021-04-28T06:00:00Z,2021-05-03T06:00:00Z,2021-05-03T05:00:00Z,120hour_target_crosses_boundary
outer_or_final_3_inner_2_training,2021-04-28T07:00:00Z,2021-05-03T07:00:00Z,2021-05-03T05:00:00Z,120hour_target_crosses_boundary
outer_or_final_3_inner_2_training,2021-04-28T08:00:00Z,2021-05-03T08:00:00Z,2021-05-03T05:00:00Z,120hour_target_crosses_boundary
outer_or_final_3_inner_2_training,2021-04-28T09:00:00Z,2021-05-03T09:00:00Z,2021-05-03T05:00:00Z,120hour_target_crosses_boundary
outer_or_final_3_inner_2_training,2021-04-28T10:00:00Z,2021-05-03T10:00:00Z,2021-05-03T05:00:00Z,120hour_target_crosses_boundary
outer_or_final_3_inner_2_training,2021-04-28T11:00:00Z,2021-05-03T11:00:00Z,2021-05-03T05:00:00Z,120hour_target_crosses_boundary
outer_or_final_3_inner_2_training,2021-04-28T12:00:00Z,2021-05-03T12:00:00Z,2021-05-03T05:00:00Z,120hour_target_crosses_boundary
outer_or_final_3_inner_2_training,2021-04-28T13:00:00Z,2021-05-03T13:00:00Z,2021-05-03T05:00:00Z,120hour_target_crosses_boundary
outer_or_final_3_inner_2_training,2021-04-28T14:00:00Z,2021-05-03T14:00:00Z,2021-05-03T05:00:00Z,120hour_target_crosses_boundary
outer_or_final_3_inner_2_training,2021-04-28T15:00:00Z,2021-05-03T15:00:00Z,2021-05-03T05:00:00Z,120hour_target_crosses_boundary
outer_or_final_3_inner_2_training,2021-04-28T16:00:00Z,2021-05-03T16:00:00Z,2021-05-03T05:00:00Z,120hour_target_crosses_boundary
outer_or_final_3_inner_2_training,2021-04-28T17:00:00Z,2021-05-03T17:00:00Z,2021-05-03T05:00:00Z,120hour_target_crosses_boundary
outer_or_final_3_inner_2_training,2021-04-28T18:00:00Z,2021-05-03T18:00:00Z,2021-05-03T05:00:00Z,120hour_target_crosses_boundary
outer_or_final_3_inner_2_training,2021-04-28T19:00:00Z,2021-05-03T19:00:00Z,2021-05-03T05:00:00Z,120hour_target_crosses_boundary
outer_or_final_3_inner_2_training,2021-04-28T20:00:00Z,2021-05-03T20:00:00Z,2021-05-03T05:00:00Z,120hour_target_crosses_boundary
outer_or_final_3_inner_2_training,2021-04-28T21:00:00Z,2021-05-03T21:00:00Z,2021-05-03T05:00:00Z,120hour_target_crosses_boundary
outer_or_final_3_inner_2_training,2021-04-28T22:00:00Z,2021-05-03T22:00:00Z,2021-05-03T05:00:00Z,120hour_target_crosses_boundary
outer_or_final_3_inner_2_training,2021-04-28T23:00:00Z,2021-05-03T23:00:00Z,2021-05-03T05:00:00Z,120hour_target_crosses_boundary
outer_or_final_3_inner_2_training,2021-04-29T00:00:00Z,2021-05-04T00:00:00Z,2021-05-03T05:00:00Z,120hour_target_crosses_boundary
outer_or_final_3_inner_2_training,2021-04-29T01:00:00Z,2021-05-04T01:00:00Z,2021-05-03T05:00:00Z,120hour_target_crosses_boundary
outer_or_final_3_inner_2_training,2021-04-29T02:00:00Z,2021-05-04T02:00:00Z,2021-05-03T05:00:00Z,120hour_target_crosses_boundary
outer_or_final_3_inner_2_training,2021-04-29T03:00:00Z,2021-05-04T03:00:00Z,2021-05-03T05:00:00Z,120hour_target_crosses_boundary
outer_or_final_3_inner_2_training,2021-04-29T04:00:00Z,2021-05-04T04:00:00Z,2021-05-03T05:00:00Z,120hour_target_crosses_boundary
outer_or_final_3_inner_2_training,2021-04-29T05:00:00Z,2021-05-04T05:00:00Z,2021-05-03T05:00:00Z,120hour_target_crosses_boundary
outer_or_final_3_inner_2_training,2021-04-29T06:00:00Z,2021-05-04T06:00:00Z,2021-05-03T05:00:00Z,120hour_target_crosses_boundary
outer_or_final_3_inner_2_training,2021-04-29T07:00:00Z,2021-05-04T07:00:00Z,2021-05-03T05:00:00Z,120hour_target_crosses_boundary
outer_or_final_3_inner_2_training,2021-04-29T08:00:00Z,2021-05-04T08:00:00Z,2021-05-03T05:00:00Z,120hour_target_crosses_boundary
outer_or_final_3_inner_2_training,2021-04-29T09:00:00Z,2021-05-04T09:00:00Z,2021-05-03T05:00:00Z,120hour_target_crosses_boundary
outer_or_final_3_inner_2_training,2021-04-29T10:00:00Z,2021-05-04T10:00:00Z,2021-05-03T05:00:00Z,120hour_target_crosses_boundary
outer_or_final_3_inner_2_training,2021-04-29T11:00:00Z,2021-05-04T11:00:00Z,2021-05-03T05:00:00Z,120hour_target_crosses_boundary
outer_or_final_3_inner_2_training,2021-04-29T12:00:00Z,2021-05-04T12:00:00Z,2021-05-03T05:00:00Z,120hour_target_crosses_boundary
outer_or_final_3_inner_2_training,2021-04-29T13:00:00Z,2021-05-04T13:00:00Z,2021-05-03T05:00:00Z,120hour_target_crosses_boundary
outer_or_final_3_inner_2_training,2021-04-29T14:00:00Z,2021-05-04T14:00:00Z,2021-05-03T05:00:00Z,120hour_target_crosses_boundary
outer_or_final_3_inner_2_training,2021-04-29T15:00:00Z,2021-05-04T15:00:00Z,2021-05-03T05:00:00Z,120hour_target_crosses_boundary
outer_or_final_3_inner_2_training,2021-04-29T16:00:00Z,2021-05-04T16:00:00Z,2021-05-03T05:00:00Z,120hour_target_crosses_boundary
outer_or_final_3_inner_2_training,2021-04-29T17:00:00Z,2021-05-04T17:00:00Z,2021-05-03T05:00:00Z,120hour_target_crosses_boundary
outer_or_final_3_inner_2_training,2021-04-29T18:00:00Z,2021-05-04T18:00:00Z,2021-05-03T05:00:00Z,120hour_target_crosses_boundary
outer_or_final_3_inner_2_training,2021-04-29T19:00:00Z,2021-05-04T19:00:00Z,2021-05-03T05:00:00Z,120hour_target_crosses_boundary
outer_or_final_3_inner_2_training,2021-04-29T20:00:00Z,2021-05-04T20:00:00Z,2021-05-03T05:00:00Z,120hour_target_crosses_boundary
outer_or_final_3_inner_2_training,2021-04-29T21:00:00Z,2021-05-04T21:00:00Z,2021-05-03T05:00:00Z,120hour_target_crosses_boundary
outer_or_final_3_inner_2_training,2021-04-29T22:00:00Z,2021-05-04T22:00:00Z,2021-05-03T05:00:00Z,120hour_target_crosses_boundary
outer_or_final_3_inner_2_training,2021-04-29T23:00:00Z,2021-05-04T23:00:00Z,2021-05-03T05:00:00Z,120hour_target_crosses_boundary
outer_or_final_3_inner_2_training,2021-04-30T00:00:00Z,2021-05-05T00:00:00Z,2021-05-03T05:00:00Z,120hour_target_crosses_boundary
outer_or_final_3_inner_2_training,2021-04-30T01:00:00Z,2021-05-05T01:00:00Z,2021-05-03T05:00:00Z,120hour_target_crosses_boundary
outer_or_final_3_inner_2_training,2021-04-30T02:00:00Z,2021-05-05T02:00:00Z,2021-05-03T05:00:00Z,120hour_target_crosses_boundary
outer_or_final_3_inner_2_training,2021-04-30T03:00:00Z,2021-05-05T03:00:00Z,2021-05-03T05:00:00Z,120hour_target_crosses_boundary
outer_or_final_3_inner_2_training,2021-04-30T04:00:00Z,2021-05-05T04:00:00Z,2021-05-03T05:00:00Z,120hour_target_crosses_boundary
outer_or_final_3_inner_2_training,2021-04-30T05:00:00Z,2021-05-05T05:00:00Z,2021-05-03T05:00:00Z,120hour_target_crosses_boundary
outer_or_final_3_inner_2_training,2021-04-30T06:00:00Z,2021-05-05T06:00:00Z,2021-05-03T05:00:00Z,120hour_target_crosses_boundary
outer_or_final_3_inner_2_training,2021-04-30T07:00:00Z,2021-05-05T07:00:00Z,2021-05-03T05:00:00Z,120hour_target_crosses_boundary
outer_or_final_3_inner_2_training,2021-04-30T08:00:00Z,2021-05-05T08:00:00Z,2021-05-03T05:00:00Z,120hour_target_crosses_boundary
outer_or_final_3_inner_2_training,2021-04-30T09:00:00Z,2021-05-05T09:00:00Z,2021-05-03T05:00:00Z,120hour_target_crosses_boundary
outer_or_final_3_inner_2_training,2021-04-30T10:00:00Z,2021-05-05T10:00:00Z,2021-05-03T05:00:00Z,120hour_target_crosses_boundary
outer_or_final_3_inner_2_training,2021-04-30T11:00:00Z,2021-05-05T11:00:00Z,2021-05-03T05:00:00Z,120hour_target_crosses_boundary
outer_or_final_3_inner_2_training,2021-04-30T12:00:00Z,2021-05-05T12:00:00Z,2021-05-03T05:00:00Z,120hour_target_crosses_boundary
outer_or_final_3_inner_2_training,2021-04-30T13:00:00Z,2021-05-05T13:00:00Z,2021-05-03T05:00:00Z,120hour_target_crosses_boundary
outer_or_final_3_inner_2_training,2021-04-30T14:00:00Z,2021-05-05T14:00:00Z,2021-05-03T05:00:00Z,120hour_target_crosses_boundary
outer_or_final_3_inner_2_training,2021-04-30T15:00:00Z,2021-05-05T15:00:00Z,2021-05-03T05:00:00Z,120hour_target_crosses_boundary
outer_or_final_3_inner_2_training,2021-04-30T16:00:00Z,2021-05-05T16:00:00Z,2021-05-03T05:00:00Z,120hour_target_crosses_boundary
outer_or_final_3_inner_2_training,2021-04-30T17:00:00Z,2021-05-05T17:00:00Z,2021-05-03T05:00:00Z,120hour_target_crosses_boundary
outer_or_final_3_inner_2_training,2021-04-30T18:00:00Z,2021-05-05T18:00:00Z,2021-05-03T05:00:00Z,120hour_target_crosses_boundary
outer_or_final_3_inner_2_training,2021-04-30T19:00:00Z,2021-05-05T19:00:00Z,2021-05-03T05:00:00Z,120hour_target_crosses_boundary
outer_or_final_3_inner_2_training,2021-04-30T20:00:00Z,2021-05-05T20:00:00Z,2021-05-03T05:00:00Z,120hour_target_crosses_boundary
outer_or_final_3_inner_2_training,2021-04-30T21:00:00Z,2021-05-05T21:00:00Z,2021-05-03T05:00:00Z,120hour_target_crosses_boundary
outer_or_final_3_inner_2_training,2021-04-30T22:00:00Z,2021-05-05T22:00:00Z,2021-05-03T05:00:00Z,120hour_target_crosses_boundary
outer_or_final_3_inner_2_training,2021-04-30T23:00:00Z,2021-05-05T23:00:00Z,2021-05-03T05:00:00Z,120hour_target_crosses_boundary
outer_or_final_3_inner_2_training,2021-05-01T00:00:00Z,2021-05-06T00:00:00Z,2021-05-03T05:00:00Z,120hour_target_crosses_boundary
outer_or_final_3_inner_2_training,2021-05-01T01:00:00Z,2021-05-06T01:00:00Z,2021-05-03T05:00:00Z,120hour_target_crosses_boundary
outer_or_final_3_inner_2_training,2021-05-01T02:00:00Z,2021-05-06T02:00:00Z,2021-05-03T05:00:00Z,120hour_target_crosses_boundary
outer_or_final_3_inner_2_training,2021-05-01T03:00:00Z,2021-05-06T03:00:00Z,2021-05-03T05:00:00Z,120hour_target_crosses_boundary
outer_or_final_3_inner_2_training,2021-05-01T04:00:00Z,2021-05-06T04:00:00Z,2021-05-03T05:00:00Z,120hour_target_crosses_boundary
outer_or_final_3_inner_2_training,2021-05-01T05:00:00Z,2021-05-06T05:00:00Z,2021-05-03T05:00:00Z,120hour_target_crosses_boundary
outer_or_final_3_inner_2_training,2021-05-01T06:00:00Z,2021-05-06T06:00:00Z,2021-05-03T05:00:00Z,120hour_target_crosses_boundary
outer_or_final_3_inner_2_training,2021-05-01T07:00:00Z,2021-05-06T07:00:00Z,2021-05-03T05:00:00Z,120hour_target_crosses_boundary
outer_or_final_3_inner_2_training,2021-05-01T08:00:00Z,2021-05-06T08:00:00Z,2021-05-03T05:00:00Z,120hour_target_crosses_boundary
outer_or_final_3_inner_2_training,2021-05-01T09:00:00Z,2021-05-06T09:00:00Z,2021-05-03T05:00:00Z,120hour_target_crosses_boundary
outer_or_final_3_inner_2_training,2021-05-01T10:00:00Z,2021-05-06T10:00:00Z,2021-05-03T05:00:00Z,120hour_target_crosses_boundary
outer_or_final_3_inner_2_training,2021-05-01T11:00:00Z,2021-05-06T11:00:00Z,2021-05-03T05:00:00Z,120hour_target_crosses_boundary
outer_or_final_3_inner_2_training,2021-05-01T12:00:00Z,2021-05-06T12:00:00Z,2021-05-03T05:00:00Z,120hour_target_crosses_boundary
outer_or_final_3_inner_2_training,2021-05-01T13:00:00Z,2021-05-06T13:00:00Z,2021-05-03T05:00:00Z,120hour_target_crosses_boundary
outer_or_final_3_inner_2_training,2021-05-01T14:00:00Z,2021-05-06T14:00:00Z,2021-05-03T05:00:00Z,120hour_target_crosses_boundary
outer_or_final_3_inner_2_training,2021-05-01T15:00:00Z,2021-05-06T15:00:00Z,2021-05-03T05:00:00Z,120hour_target_crosses_boundary
outer_or_final_3_inner_2_training,2021-05-01T16:00:00Z,2021-05-06T16:00:00Z,2021-05-03T05:00:00Z,120hour_target_crosses_boundary
outer_or_final_3_inner_2_training,2021-05-01T17:00:00Z,2021-05-06T17:00:00Z,2021-05-03T05:00:00Z,120hour_target_crosses_boundary
outer_or_final_3_inner_2_training,2021-05-01T18:00:00Z,2021-05-06T18:00:00Z,2021-05-03T05:00:00Z,120hour_target_crosses_boundary
outer_or_final_3_inner_2_training,2021-05-01T19:00:00Z,2021-05-06T19:00:00Z,2021-05-03T05:00:00Z,120hour_target_crosses_boundary
outer_or_final_3_inner_2_training,2021-05-01T20:00:00Z,2021-05-06T20:00:00Z,2021-05-03T05:00:00Z,120hour_target_crosses_boundary
outer_or_final_3_inner_2_training,2021-05-01T21:00:00Z,2021-05-06T21:00:00Z,2021-05-03T05:00:00Z,120hour_target_crosses_boundary
outer_or_final_3_inner_2_training,2021-05-01T22:00:00Z,2021-05-06T22:00:00Z,2021-05-03T05:00:00Z,120hour_target_crosses_boundary
outer_or_final_3_inner_2_training,2021-05-01T23:00:00Z,2021-05-06T23:00:00Z,2021-05-03T05:00:00Z,120hour_target_crosses_boundary
outer_or_final_3_inner_2_training,2021-05-02T00:00:00Z,2021-05-07T00:00:00Z,2021-05-03T05:00:00Z,120hour_target_crosses_boundary
outer_or_final_3_inner_2_training,2021-05-02T01:00:00Z,2021-05-07T01:00:00Z,2021-05-03T05:00:00Z,120hour_target_crosses_boundary
outer_or_final_3_inner_2_training,2021-05-02T02:00:00Z,2021-05-07T02:00:00Z,2021-05-03T05:00:00Z,120hour_target_crosses_boundary
outer_or_final_3_inner_2_training,2021-05-02T03:00:00Z,2021-05-07T03:00:00Z,2021-05-03T05:00:00Z,120hour_target_crosses_boundary
outer_or_final_3_inner_2_training,2021-05-02T04:00:00Z,2021-05-07T04:00:00Z,2021-05-03T05:00:00Z,120hour_target_crosses_boundary
outer_or_final_3_inner_2_training,2021-05-02T05:00:00Z,2021-05-07T05:00:00Z,2021-05-03T05:00:00Z,120hour_target_crosses_boundary
outer_or_final_3_inner_2_training,2021-05-02T06:00:00Z,2021-05-07T06:00:00Z,2021-05-03T05:00:00Z,120hour_target_crosses_boundary
outer_or_final_3_inner_2_training,2021-05-02T07:00:00Z,2021-05-07T07:00:00Z,2021-05-03T05:00:00Z,120hour_target_crosses_boundary
outer_or_final_3_inner_2_training,2021-05-02T08:00:00Z,2021-05-07T08:00:00Z,2021-05-03T05:00:00Z,120hour_target_crosses_boundary
outer_or_final_3_inner_2_training,2021-05-02T09:00:00Z,2021-05-07T09:00:00Z,2021-05-03T05:00:00Z,120hour_target_crosses_boundary
outer_or_final_3_inner_2_training,2021-05-02T10:00:00Z,2021-05-07T10:00:00Z,2021-05-03T05:00:00Z,120hour_target_crosses_boundary
outer_or_final_3_inner_2_training,2021-05-02T11:00:00Z,2021-05-07T11:00:00Z,2021-05-03T05:00:00Z,120hour_target_crosses_boundary
outer_or_final_3_inner_2_training,2021-05-02T12:00:00Z,2021-05-07T12:00:00Z,2021-05-03T05:00:00Z,120hour_target_crosses_boundary
outer_or_final_3_inner_2_training,2021-05-02T13:00:00Z,2021-05-07T13:00:00Z,2021-05-03T05:00:00Z,120hour_target_crosses_boundary
outer_or_final_3_inner_2_training,2021-05-02T14:00:00Z,2021-05-07T14:00:00Z,2021-05-03T05:00:00Z,120hour_target_crosses_boundary
outer_or_final_3_inner_2_training,2021-05-02T15:00:00Z,2021-05-07T15:00:00Z,2021-05-03T05:00:00Z,120hour_target_crosses_boundary
outer_or_final_3_inner_2_training,2021-05-02T16:00:00Z,2021-05-07T16:00:00Z,2021-05-03T05:00:00Z,120hour_target_crosses_boundary
outer_or_final_3_inner_2_training,2021-05-02T17:00:00Z,2021-05-07T17:00:00Z,2021-05-03T05:00:00Z,120hour_target_crosses_boundary
outer_or_final_3_inner_2_training,2021-05-02T18:00:00Z,2021-05-07T18:00:00Z,2021-05-03T05:00:00Z,120hour_target_crosses_boundary
outer_or_final_3_inner_2_training,2021-05-02T19:00:00Z,2021-05-07T19:00:00Z,2021-05-03T05:00:00Z,120hour_target_crosses_boundary
outer_or_final_3_inner_2_training,2021-05-02T20:00:00Z,2021-05-07T20:00:00Z,2021-05-03T05:00:00Z,120hour_target_crosses_boundary
outer_or_final_3_inner_2_training,2021-05-02T21:00:00Z,2021-05-07T21:00:00Z,2021-05-03T05:00:00Z,120hour_target_crosses_boundary
outer_or_final_3_inner_2_training,2021-05-02T22:00:00Z,2021-05-07T22:00:00Z,2021-05-03T05:00:00Z,120hour_target_crosses_boundary
outer_or_final_3_inner_2_training,2021-05-02T23:00:00Z,2021-05-07T23:00:00Z,2021-05-03T05:00:00Z,120hour_target_crosses_boundary
outer_or_final_3_inner_2_training,2021-05-03T00:00:00Z,2021-05-08T00:00:00Z,2021-05-03T05:00:00Z,120hour_target_crosses_boundary
outer_or_final_3_inner_2_training,2021-05-03T01:00:00Z,2021-05-08T01:00:00Z,2021-05-03T05:00:00Z,120hour_target_crosses_boundary
outer_or_final_3_inner_2_training,2021-05-03T02:00:00Z,2021-05-08T02:00:00Z,2021-05-03T05:00:00Z,120hour_target_crosses_boundary
outer_or_final_3_inner_2_training,2021-05-03T03:00:00Z,2021-05-08T03:00:00Z,2021-05-03T05:00:00Z,120hour_target_crosses_boundary
outer_or_final_3_inner_2_training,2021-05-03T04:00:00Z,2021-05-08T04:00:00Z,2021-05-03T05:00:00Z,120hour_target_crosses_boundary
outer_or_final_3_inner_2_validation,2022-05-28T19:00:00Z,2022-06-02T19:00:00Z,2022-06-02T18:00:00Z,120hour_target_crosses_boundary
outer_or_final_3_inner_2_validation,2022-05-28T20:00:00Z,2022-06-02T20:00:00Z,2022-06-02T18:00:00Z,120hour_target_crosses_boundary
outer_or_final_3_inner_2_validation,2022-05-28T21:00:00Z,2022-06-02T21:00:00Z,2022-06-02T18:00:00Z,120hour_target_crosses_boundary
outer_or_final_3_inner_2_validation,2022-05-28T22:00:00Z,2022-06-02T22:00:00Z,2022-06-02T18:00:00Z,120hour_target_crosses_boundary
outer_or_final_3_inner_2_validation,2022-05-28T23:00:00Z,2022-06-02T23:00:00Z,2022-06-02T18:00:00Z,120hour_target_crosses_boundary
outer_or_final_3_inner_2_validation,2022-05-29T00:00:00Z,2022-06-03T00:00:00Z,2022-06-02T18:00:00Z,120hour_target_crosses_boundary
outer_or_final_3_inner_2_validation,2022-05-29T01:00:00Z,2022-06-03T01:00:00Z,2022-06-02T18:00:00Z,120hour_target_crosses_boundary
outer_or_final_3_inner_2_validation,2022-05-29T02:00:00Z,2022-06-03T02:00:00Z,2022-06-02T18:00:00Z,120hour_target_crosses_boundary
outer_or_final_3_inner_2_validation,2022-05-29T03:00:00Z,2022-06-03T03:00:00Z,2022-06-02T18:00:00Z,120hour_target_crosses_boundary
outer_or_final_3_inner_2_validation,2022-05-29T04:00:00Z,2022-06-03T04:00:00Z,2022-06-02T18:00:00Z,120hour_target_crosses_boundary
outer_or_final_3_inner_2_validation,2022-05-29T05:00:00Z,2022-06-03T05:00:00Z,2022-06-02T18:00:00Z,120hour_target_crosses_boundary
outer_or_final_3_inner_2_validation,2022-05-29T06:00:00Z,2022-06-03T06:00:00Z,2022-06-02T18:00:00Z,120hour_target_crosses_boundary
outer_or_final_3_inner_2_validation,2022-05-29T07:00:00Z,2022-06-03T07:00:00Z,2022-06-02T18:00:00Z,120hour_target_crosses_boundary
outer_or_final_3_inner_2_validation,2022-05-29T08:00:00Z,2022-06-03T08:00:00Z,2022-06-02T18:00:00Z,120hour_target_crosses_boundary
outer_or_final_3_inner_2_validation,2022-05-29T09:00:00Z,2022-06-03T09:00:00Z,2022-06-02T18:00:00Z,120hour_target_crosses_boundary
outer_or_final_3_inner_2_validation,2022-05-29T10:00:00Z,2022-06-03T10:00:00Z,2022-06-02T18:00:00Z,120hour_target_crosses_boundary
outer_or_final_3_inner_2_validation,2022-05-29T11:00:00Z,2022-06-03T11:00:00Z,2022-06-02T18:00:00Z,120hour_target_crosses_boundary
outer_or_final_3_inner_2_validation,2022-05-29T12:00:00Z,2022-06-03T12:00:00Z,2022-06-02T18:00:00Z,120hour_target_crosses_boundary
outer_or_final_3_inner_2_validation,2022-05-29T13:00:00Z,2022-06-03T13:00:00Z,2022-06-02T18:00:00Z,120hour_target_crosses_boundary
outer_or_final_3_inner_2_validation,2022-05-29T14:00:00Z,2022-06-03T14:00:00Z,2022-06-02T18:00:00Z,120hour_target_crosses_boundary
outer_or_final_3_inner_2_validation,2022-05-29T15:00:00Z,2022-06-03T15:00:00Z,2022-06-02T18:00:00Z,120hour_target_crosses_boundary
outer_or_final_3_inner_2_validation,2022-05-29T16:00:00Z,2022-06-03T16:00:00Z,2022-06-02T18:00:00Z,120hour_target_crosses_boundary
outer_or_final_3_inner_2_validation,2022-05-29T17:00:00Z,2022-06-03T17:00:00Z,2022-06-02T18:00:00Z,120hour_target_crosses_boundary
outer_or_final_3_inner_2_validation,2022-05-29T18:00:00Z,2022-06-03T18:00:00Z,2022-06-02T18:00:00Z,120hour_target_crosses_boundary
outer_or_final_3_inner_2_validation,2022-05-29T19:00:00Z,2022-06-03T19:00:00Z,2022-06-02T18:00:00Z,120hour_target_crosses_boundary
outer_or_final_3_inner_2_validation,2022-05-29T20:00:00Z,2022-06-03T20:00:00Z,2022-06-02T18:00:00Z,120hour_target_crosses_boundary
outer_or_final_3_inner_2_validation,2022-05-29T21:00:00Z,2022-06-03T21:00:00Z,2022-06-02T18:00:00Z,120hour_target_crosses_boundary
outer_or_final_3_inner_2_validation,2022-05-29T22:00:00Z,2022-06-03T22:00:00Z,2022-06-02T18:00:00Z,120hour_target_crosses_boundary
outer_or_final_3_inner_2_validation,2022-05-29T23:00:00Z,2022-06-03T23:00:00Z,2022-06-02T18:00:00Z,120hour_target_crosses_boundary
outer_or_final_3_inner_2_validation,2022-05-30T00:00:00Z,2022-06-04T00:00:00Z,2022-06-02T18:00:00Z,120hour_target_crosses_boundary
outer_or_final_3_inner_2_validation,2022-05-30T01:00:00Z,2022-06-04T01:00:00Z,2022-06-02T18:00:00Z,120hour_target_crosses_boundary
outer_or_final_3_inner_2_validation,2022-05-30T02:00:00Z,2022-06-04T02:00:00Z,2022-06-02T18:00:00Z,120hour_target_crosses_boundary
outer_or_final_3_inner_2_validation,2022-05-30T03:00:00Z,2022-06-04T03:00:00Z,2022-06-02T18:00:00Z,120hour_target_crosses_boundary
outer_or_final_3_inner_2_validation,2022-05-30T04:00:00Z,2022-06-04T04:00:00Z,2022-06-02T18:00:00Z,120hour_target_crosses_boundary
outer_or_final_3_inner_2_validation,2022-05-30T05:00:00Z,2022-06-04T05:00:00Z,2022-06-02T18:00:00Z,120hour_target_crosses_boundary
outer_or_final_3_inner_2_validation,2022-05-30T06:00:00Z,2022-06-04T06:00:00Z,2022-06-02T18:00:00Z,120hour_target_crosses_boundary
outer_or_final_3_inner_2_validation,2022-05-30T07:00:00Z,2022-06-04T07:00:00Z,2022-06-02T18:00:00Z,120hour_target_crosses_boundary
outer_or_final_3_inner_2_validation,2022-05-30T08:00:00Z,2022-06-04T08:00:00Z,2022-06-02T18:00:00Z,120hour_target_crosses_boundary
outer_or_final_3_inner_2_validation,2022-05-30T09:00:00Z,2022-06-04T09:00:00Z,2022-06-02T18:00:00Z,120hour_target_crosses_boundary
outer_or_final_3_inner_2_validation,2022-05-30T10:00:00Z,2022-06-04T10:00:00Z,2022-06-02T18:00:00Z,120hour_target_crosses_boundary
outer_or_final_3_inner_2_validation,2022-05-30T11:00:00Z,2022-06-04T11:00:00Z,2022-06-02T18:00:00Z,120hour_target_crosses_boundary
outer_or_final_3_inner_2_validation,2022-05-30T12:00:00Z,2022-06-04T12:00:00Z,2022-06-02T18:00:00Z,120hour_target_crosses_boundary
outer_or_final_3_inner_2_validation,2022-05-30T13:00:00Z,2022-06-04T13:00:00Z,2022-06-02T18:00:00Z,120hour_target_crosses_boundary
outer_or_final_3_inner_2_validation,2022-05-30T14:00:00Z,2022-06-04T14:00:00Z,2022-06-02T18:00:00Z,120hour_target_crosses_boundary
outer_or_final_3_inner_2_validation,2022-05-30T15:00:00Z,2022-06-04T15:00:00Z,2022-06-02T18:00:00Z,120hour_target_crosses_boundary
outer_or_final_3_inner_2_validation,2022-05-30T16:00:00Z,2022-06-04T16:00:00Z,2022-06-02T18:00:00Z,120hour_target_crosses_boundary
outer_or_final_3_inner_2_validation,2022-05-30T17:00:00Z,2022-06-04T17:00:00Z,2022-06-02T18:00:00Z,120hour_target_crosses_boundary
outer_or_final_3_inner_2_validation,2022-05-30T18:00:00Z,2022-06-04T18:00:00Z,2022-06-02T18:00:00Z,120hour_target_crosses_boundary
outer_or_final_3_inner_2_validation,2022-05-30T19:00:00Z,2022-06-04T19:00:00Z,2022-06-02T18:00:00Z,120hour_target_crosses_boundary
outer_or_final_3_inner_2_validation,2022-05-30T20:00:00Z,2022-06-04T20:00:00Z,2022-06-02T18:00:00Z,120hour_target_crosses_boundary
outer_or_final_3_inner_2_validation,2022-05-30T21:00:00Z,2022-06-04T21:00:00Z,2022-06-02T18:00:00Z,120hour_target_crosses_boundary
outer_or_final_3_inner_2_validation,2022-05-30T22:00:00Z,2022-06-04T22:00:00Z,2022-06-02T18:00:00Z,120hour_target_crosses_boundary
outer_or_final_3_inner_2_validation,2022-05-30T23:00:00Z,2022-06-04T23:00:00Z,2022-06-02T18:00:00Z,120hour_target_crosses_boundary
outer_or_final_3_inner_2_validation,2022-05-31T00:00:00Z,2022-06-05T00:00:00Z,2022-06-02T18:00:00Z,120hour_target_crosses_boundary
outer_or_final_3_inner_2_validation,2022-05-31T01:00:00Z,2022-06-05T01:00:00Z,2022-06-02T18:00:00Z,120hour_target_crosses_boundary
outer_or_final_3_inner_2_validation,2022-05-31T02:00:00Z,2022-06-05T02:00:00Z,2022-06-02T18:00:00Z,120hour_target_crosses_boundary
outer_or_final_3_inner_2_validation,2022-05-31T03:00:00Z,2022-06-05T03:00:00Z,2022-06-02T18:00:00Z,120hour_target_crosses_boundary
outer_or_final_3_inner_2_validation,2022-05-31T04:00:00Z,2022-06-05T04:00:00Z,2022-06-02T18:00:00Z,120hour_target_crosses_boundary
outer_or_final_3_inner_2_validation,2022-05-31T05:00:00Z,2022-06-05T05:00:00Z,2022-06-02T18:00:00Z,120hour_target_crosses_boundary
outer_or_final_3_inner_2_validation,2022-05-31T06:00:00Z,2022-06-05T06:00:00Z,2022-06-02T18:00:00Z,120hour_target_crosses_boundary
outer_or_final_3_inner_2_validation,2022-05-31T07:00:00Z,2022-06-05T07:00:00Z,2022-06-02T18:00:00Z,120hour_target_crosses_boundary
outer_or_final_3_inner_2_validation,2022-05-31T08:00:00Z,2022-06-05T08:00:00Z,2022-06-02T18:00:00Z,120hour_target_crosses_boundary
outer_or_final_3_inner_2_validation,2022-05-31T09:00:00Z,2022-06-05T09:00:00Z,2022-06-02T18:00:00Z,120hour_target_crosses_boundary
outer_or_final_3_inner_2_validation,2022-05-31T10:00:00Z,2022-06-05T10:00:00Z,2022-06-02T18:00:00Z,120hour_target_crosses_boundary
outer_or_final_3_inner_2_validation,2022-05-31T11:00:00Z,2022-06-05T11:00:00Z,2022-06-02T18:00:00Z,120hour_target_crosses_boundary
outer_or_final_3_inner_2_validation,2022-05-31T12:00:00Z,2022-06-05T12:00:00Z,2022-06-02T18:00:00Z,120hour_target_crosses_boundary
outer_or_final_3_inner_2_validation,2022-05-31T13:00:00Z,2022-06-05T13:00:00Z,2022-06-02T18:00:00Z,120hour_target_crosses_boundary
outer_or_final_3_inner_2_validation,2022-05-31T14:00:00Z,2022-06-05T14:00:00Z,2022-06-02T18:00:00Z,120hour_target_crosses_boundary
outer_or_final_3_inner_2_validation,2022-05-31T15:00:00Z,2022-06-05T15:00:00Z,2022-06-02T18:00:00Z,120hour_target_crosses_boundary
outer_or_final_3_inner_2_validation,2022-05-31T16:00:00Z,2022-06-05T16:00:00Z,2022-06-02T18:00:00Z,120hour_target_crosses_boundary
outer_or_final_3_inner_2_validation,2022-05-31T17:00:00Z,2022-06-05T17:00:00Z,2022-06-02T18:00:00Z,120hour_target_crosses_boundary
outer_or_final_3_inner_2_validation,2022-05-31T18:00:00Z,2022-06-05T18:00:00Z,2022-06-02T18:00:00Z,120hour_target_crosses_boundary
outer_or_final_3_inner_2_validation,2022-05-31T19:00:00Z,2022-06-05T19:00:00Z,2022-06-02T18:00:00Z,120hour_target_crosses_boundary
outer_or_final_3_inner_2_validation,2022-05-31T20:00:00Z,2022-06-05T20:00:00Z,2022-06-02T18:00:00Z,120hour_target_crosses_boundary
outer_or_final_3_inner_2_validation,2022-05-31T21:00:00Z,2022-06-05T21:00:00Z,2022-06-02T18:00:00Z,120hour_target_crosses_boundary
outer_or_final_3_inner_2_validation,2022-05-31T22:00:00Z,2022-06-05T22:00:00Z,2022-06-02T18:00:00Z,120hour_target_crosses_boundary
outer_or_final_3_inner_2_validation,2022-05-31T23:00:00Z,2022-06-05T23:00:00Z,2022-06-02T18:00:00Z,120hour_target_crosses_boundary
outer_or_final_3_inner_2_validation,2022-06-01T00:00:00Z,2022-06-06T00:00:00Z,2022-06-02T18:00:00Z,120hour_target_crosses_boundary
outer_or_final_3_inner_2_validation,2022-06-01T01:00:00Z,2022-06-06T01:00:00Z,2022-06-02T18:00:00Z,120hour_target_crosses_boundary
outer_or_final_3_inner_2_validation,2022-06-01T02:00:00Z,2022-06-06T02:00:00Z,2022-06-02T18:00:00Z,120hour_target_crosses_boundary
outer_or_final_3_inner_2_validation,2022-06-01T03:00:00Z,2022-06-06T03:00:00Z,2022-06-02T18:00:00Z,120hour_target_crosses_boundary
outer_or_final_3_inner_2_validation,2022-06-01T04:00:00Z,2022-06-06T04:00:00Z,2022-06-02T18:00:00Z,120hour_target_crosses_boundary
outer_or_final_3_inner_2_validation,2022-06-01T05:00:00Z,2022-06-06T05:00:00Z,2022-06-02T18:00:00Z,120hour_target_crosses_boundary
outer_or_final_3_inner_2_validation,2022-06-01T06:00:00Z,2022-06-06T06:00:00Z,2022-06-02T18:00:00Z,120hour_target_crosses_boundary
outer_or_final_3_inner_2_validation,2022-06-01T07:00:00Z,2022-06-06T07:00:00Z,2022-06-02T18:00:00Z,120hour_target_crosses_boundary
outer_or_final_3_inner_2_validation,2022-06-01T08:00:00Z,2022-06-06T08:00:00Z,2022-06-02T18:00:00Z,120hour_target_crosses_boundary
outer_or_final_3_inner_2_validation,2022-06-01T09:00:00Z,2022-06-06T09:00:00Z,2022-06-02T18:00:00Z,120hour_target_crosses_boundary
outer_or_final_3_inner_2_validation,2022-06-01T10:00:00Z,2022-06-06T10:00:00Z,2022-06-02T18:00:00Z,120hour_target_crosses_boundary
outer_or_final_3_inner_2_validation,2022-06-01T11:00:00Z,2022-06-06T11:00:00Z,2022-06-02T18:00:00Z,120hour_target_crosses_boundary
outer_or_final_3_inner_2_validation,2022-06-01T12:00:00Z,2022-06-06T12:00:00Z,2022-06-02T18:00:00Z,120hour_target_crosses_boundary
outer_or_final_3_inner_2_validation,2022-06-01T13:00:00Z,2022-06-06T13:00:00Z,2022-06-02T18:00:00Z,120hour_target_crosses_boundary
outer_or_final_3_inner_2_validation,2022-06-01T14:00:00Z,2022-06-06T14:00:00Z,2022-06-02T18:00:00Z,120hour_target_crosses_boundary
outer_or_final_3_inner_2_validation,2022-06-01T15:00:00Z,2022-06-06T15:00:00Z,2022-06-02T18:00:00Z,120hour_target_crosses_boundary
outer_or_final_3_inner_2_validation,2022-06-01T16:00:00Z,2022-06-06T16:00:00Z,2022-06-02T18:00:00Z,120hour_target_crosses_boundary
outer_or_final_3_inner_2_validation,2022-06-01T17:00:00Z,2022-06-06T17:00:00Z,2022-06-02T18:00:00Z,120hour_target_crosses_boundary
outer_or_final_3_inner_2_validation,2022-06-01T18:00:00Z,2022-06-06T18:00:00Z,2022-06-02T18:00:00Z,120hour_target_crosses_boundary
outer_or_final_3_inner_2_validation,2022-06-01T19:00:00Z,2022-06-06T19:00:00Z,2022-06-02T18:00:00Z,120hour_target_crosses_boundary
outer_or_final_3_inner_2_validation,2022-06-01T20:00:00Z,2022-06-06T20:00:00Z,2022-06-02T18:00:00Z,120hour_target_crosses_boundary
outer_or_final_3_inner_2_validation,2022-06-01T21:00:00Z,2022-06-06T21:00:00Z,2022-06-02T18:00:00Z,120hour_target_crosses_boundary
outer_or_final_3_inner_2_validation,2022-06-01T22:00:00Z,2022-06-06T22:00:00Z,2022-06-02T18:00:00Z,120hour_target_crosses_boundary
outer_or_final_3_inner_2_validation,2022-06-01T23:00:00Z,2022-06-06T23:00:00Z,2022-06-02T18:00:00Z,120hour_target_crosses_boundary
outer_or_final_3_inner_2_validation,2022-06-02T00:00:00Z,2022-06-07T00:00:00Z,2022-06-02T18:00:00Z,120hour_target_crosses_boundary
outer_or_final_3_inner_2_validation,2022-06-02T01:00:00Z,2022-06-07T01:00:00Z,2022-06-02T18:00:00Z,120hour_target_crosses_boundary
outer_or_final_3_inner_2_validation,2022-06-02T02:00:00Z,2022-06-07T02:00:00Z,2022-06-02T18:00:00Z,120hour_target_crosses_boundary
outer_or_final_3_inner_2_validation,2022-06-02T03:00:00Z,2022-06-07T03:00:00Z,2022-06-02T18:00:00Z,120hour_target_crosses_boundary
outer_or_final_3_inner_2_validation,2022-06-02T04:00:00Z,2022-06-07T04:00:00Z,2022-06-02T18:00:00Z,120hour_target_crosses_boundary
outer_or_final_3_inner_2_validation,2022-06-02T05:00:00Z,2022-06-07T05:00:00Z,2022-06-02T18:00:00Z,120hour_target_crosses_boundary
outer_or_final_3_inner_2_validation,2022-06-02T06:00:00Z,2022-06-07T06:00:00Z,2022-06-02T18:00:00Z,120hour_target_crosses_boundary
outer_or_final_3_inner_2_validation,2022-06-02T07:00:00Z,2022-06-07T07:00:00Z,2022-06-02T18:00:00Z,120hour_target_crosses_boundary
outer_or_final_3_inner_2_validation,2022-06-02T08:00:00Z,2022-06-07T08:00:00Z,2022-06-02T18:00:00Z,120hour_target_crosses_boundary
outer_or_final_3_inner_2_validation,2022-06-02T09:00:00Z,2022-06-07T09:00:00Z,2022-06-02T18:00:00Z,120hour_target_crosses_boundary
outer_or_final_3_inner_2_validation,2022-06-02T10:00:00Z,2022-06-07T10:00:00Z,2022-06-02T18:00:00Z,120hour_target_crosses_boundary
outer_or_final_3_inner_2_validation,2022-06-02T11:00:00Z,2022-06-07T11:00:00Z,2022-06-02T18:00:00Z,120hour_target_crosses_boundary
outer_or_final_3_inner_2_validation,2022-06-02T12:00:00Z,2022-06-07T12:00:00Z,2022-06-02T18:00:00Z,120hour_target_crosses_boundary
outer_or_final_3_inner_2_validation,2022-06-02T13:00:00Z,2022-06-07T13:00:00Z,2022-06-02T18:00:00Z,120hour_target_crosses_boundary
outer_or_final_3_inner_2_validation,2022-06-02T14:00:00Z,2022-06-07T14:00:00Z,2022-06-02T18:00:00Z,120hour_target_crosses_boundary
outer_or_final_3_inner_2_validation,2022-06-02T15:00:00Z,2022-06-07T15:00:00Z,2022-06-02T18:00:00Z,120hour_target_crosses_boundary
outer_or_final_3_inner_2_validation,2022-06-02T16:00:00Z,2022-06-07T16:00:00Z,2022-06-02T18:00:00Z,120hour_target_crosses_boundary
outer_or_final_3_inner_2_validation,2022-06-02T17:00:00Z,2022-06-07T17:00:00Z,2022-06-02T18:00:00Z,120hour_target_crosses_boundary
outer_or_final_3_inner_3_training,2022-05-28T19:00:00Z,2022-06-02T19:00:00Z,2022-06-02T18:00:00Z,120hour_target_crosses_boundary
outer_or_final_3_inner_3_training,2022-05-28T20:00:00Z,2022-06-02T20:00:00Z,2022-06-02T18:00:00Z,120hour_target_crosses_boundary
outer_or_final_3_inner_3_training,2022-05-28T21:00:00Z,2022-06-02T21:00:00Z,2022-06-02T18:00:00Z,120hour_target_crosses_boundary
outer_or_final_3_inner_3_training,2022-05-28T22:00:00Z,2022-06-02T22:00:00Z,2022-06-02T18:00:00Z,120hour_target_crosses_boundary
outer_or_final_3_inner_3_training,2022-05-28T23:00:00Z,2022-06-02T23:00:00Z,2022-06-02T18:00:00Z,120hour_target_crosses_boundary
outer_or_final_3_inner_3_training,2022-05-29T00:00:00Z,2022-06-03T00:00:00Z,2022-06-02T18:00:00Z,120hour_target_crosses_boundary
outer_or_final_3_inner_3_training,2022-05-29T01:00:00Z,2022-06-03T01:00:00Z,2022-06-02T18:00:00Z,120hour_target_crosses_boundary
outer_or_final_3_inner_3_training,2022-05-29T02:00:00Z,2022-06-03T02:00:00Z,2022-06-02T18:00:00Z,120hour_target_crosses_boundary
outer_or_final_3_inner_3_training,2022-05-29T03:00:00Z,2022-06-03T03:00:00Z,2022-06-02T18:00:00Z,120hour_target_crosses_boundary
outer_or_final_3_inner_3_training,2022-05-29T04:00:00Z,2022-06-03T04:00:00Z,2022-06-02T18:00:00Z,120hour_target_crosses_boundary
outer_or_final_3_inner_3_training,2022-05-29T05:00:00Z,2022-06-03T05:00:00Z,2022-06-02T18:00:00Z,120hour_target_crosses_boundary
outer_or_final_3_inner_3_training,2022-05-29T06:00:00Z,2022-06-03T06:00:00Z,2022-06-02T18:00:00Z,120hour_target_crosses_boundary
outer_or_final_3_inner_3_training,2022-05-29T07:00:00Z,2022-06-03T07:00:00Z,2022-06-02T18:00:00Z,120hour_target_crosses_boundary
outer_or_final_3_inner_3_training,2022-05-29T08:00:00Z,2022-06-03T08:00:00Z,2022-06-02T18:00:00Z,120hour_target_crosses_boundary
outer_or_final_3_inner_3_training,2022-05-29T09:00:00Z,2022-06-03T09:00:00Z,2022-06-02T18:00:00Z,120hour_target_crosses_boundary
outer_or_final_3_inner_3_training,2022-05-29T10:00:00Z,2022-06-03T10:00:00Z,2022-06-02T18:00:00Z,120hour_target_crosses_boundary
outer_or_final_3_inner_3_training,2022-05-29T11:00:00Z,2022-06-03T11:00:00Z,2022-06-02T18:00:00Z,120hour_target_crosses_boundary
outer_or_final_3_inner_3_training,2022-05-29T12:00:00Z,2022-06-03T12:00:00Z,2022-06-02T18:00:00Z,120hour_target_crosses_boundary
outer_or_final_3_inner_3_training,2022-05-29T13:00:00Z,2022-06-03T13:00:00Z,2022-06-02T18:00:00Z,120hour_target_crosses_boundary
outer_or_final_3_inner_3_training,2022-05-29T14:00:00Z,2022-06-03T14:00:00Z,2022-06-02T18:00:00Z,120hour_target_crosses_boundary
outer_or_final_3_inner_3_training,2022-05-29T15:00:00Z,2022-06-03T15:00:00Z,2022-06-02T18:00:00Z,120hour_target_crosses_boundary
outer_or_final_3_inner_3_training,2022-05-29T16:00:00Z,2022-06-03T16:00:00Z,2022-06-02T18:00:00Z,120hour_target_crosses_boundary
outer_or_final_3_inner_3_training,2022-05-29T17:00:00Z,2022-06-03T17:00:00Z,2022-06-02T18:00:00Z,120hour_target_crosses_boundary
outer_or_final_3_inner_3_training,2022-05-29T18:00:00Z,2022-06-03T18:00:00Z,2022-06-02T18:00:00Z,120hour_target_crosses_boundary
outer_or_final_3_inner_3_training,2022-05-29T19:00:00Z,2022-06-03T19:00:00Z,2022-06-02T18:00:00Z,120hour_target_crosses_boundary
outer_or_final_3_inner_3_training,2022-05-29T20:00:00Z,2022-06-03T20:00:00Z,2022-06-02T18:00:00Z,120hour_target_crosses_boundary
outer_or_final_3_inner_3_training,2022-05-29T21:00:00Z,2022-06-03T21:00:00Z,2022-06-02T18:00:00Z,120hour_target_crosses_boundary
outer_or_final_3_inner_3_training,2022-05-29T22:00:00Z,2022-06-03T22:00:00Z,2022-06-02T18:00:00Z,120hour_target_crosses_boundary
outer_or_final_3_inner_3_training,2022-05-29T23:00:00Z,2022-06-03T23:00:00Z,2022-06-02T18:00:00Z,120hour_target_crosses_boundary
outer_or_final_3_inner_3_training,2022-05-30T00:00:00Z,2022-06-04T00:00:00Z,2022-06-02T18:00:00Z,120hour_target_crosses_boundary
outer_or_final_3_inner_3_training,2022-05-30T01:00:00Z,2022-06-04T01:00:00Z,2022-06-02T18:00:00Z,120hour_target_crosses_boundary
outer_or_final_3_inner_3_training,2022-05-30T02:00:00Z,2022-06-04T02:00:00Z,2022-06-02T18:00:00Z,120hour_target_crosses_boundary
outer_or_final_3_inner_3_training,2022-05-30T03:00:00Z,2022-06-04T03:00:00Z,2022-06-02T18:00:00Z,120hour_target_crosses_boundary
outer_or_final_3_inner_3_training,2022-05-30T04:00:00Z,2022-06-04T04:00:00Z,2022-06-02T18:00:00Z,120hour_target_crosses_boundary
outer_or_final_3_inner_3_training,2022-05-30T05:00:00Z,2022-06-04T05:00:00Z,2022-06-02T18:00:00Z,120hour_target_crosses_boundary
outer_or_final_3_inner_3_training,2022-05-30T06:00:00Z,2022-06-04T06:00:00Z,2022-06-02T18:00:00Z,120hour_target_crosses_boundary
outer_or_final_3_inner_3_training,2022-05-30T07:00:00Z,2022-06-04T07:00:00Z,2022-06-02T18:00:00Z,120hour_target_crosses_boundary
outer_or_final_3_inner_3_training,2022-05-30T08:00:00Z,2022-06-04T08:00:00Z,2022-06-02T18:00:00Z,120hour_target_crosses_boundary
outer_or_final_3_inner_3_training,2022-05-30T09:00:00Z,2022-06-04T09:00:00Z,2022-06-02T18:00:00Z,120hour_target_crosses_boundary
outer_or_final_3_inner_3_training,2022-05-30T10:00:00Z,2022-06-04T10:00:00Z,2022-06-02T18:00:00Z,120hour_target_crosses_boundary
outer_or_final_3_inner_3_training,2022-05-30T11:00:00Z,2022-06-04T11:00:00Z,2022-06-02T18:00:00Z,120hour_target_crosses_boundary
outer_or_final_3_inner_3_training,2022-05-30T12:00:00Z,2022-06-04T12:00:00Z,2022-06-02T18:00:00Z,120hour_target_crosses_boundary
outer_or_final_3_inner_3_training,2022-05-30T13:00:00Z,2022-06-04T13:00:00Z,2022-06-02T18:00:00Z,120hour_target_crosses_boundary
outer_or_final_3_inner_3_training,2022-05-30T14:00:00Z,2022-06-04T14:00:00Z,2022-06-02T18:00:00Z,120hour_target_crosses_boundary
outer_or_final_3_inner_3_training,2022-05-30T15:00:00Z,2022-06-04T15:00:00Z,2022-06-02T18:00:00Z,120hour_target_crosses_boundary
outer_or_final_3_inner_3_training,2022-05-30T16:00:00Z,2022-06-04T16:00:00Z,2022-06-02T18:00:00Z,120hour_target_crosses_boundary
outer_or_final_3_inner_3_training,2022-05-30T17:00:00Z,2022-06-04T17:00:00Z,2022-06-02T18:00:00Z,120hour_target_crosses_boundary
outer_or_final_3_inner_3_training,2022-05-30T18:00:00Z,2022-06-04T18:00:00Z,2022-06-02T18:00:00Z,120hour_target_crosses_boundary
outer_or_final_3_inner_3_training,2022-05-30T19:00:00Z,2022-06-04T19:00:00Z,2022-06-02T18:00:00Z,120hour_target_crosses_boundary
outer_or_final_3_inner_3_training,2022-05-30T20:00:00Z,2022-06-04T20:00:00Z,2022-06-02T18:00:00Z,120hour_target_crosses_boundary
outer_or_final_3_inner_3_training,2022-05-30T21:00:00Z,2022-06-04T21:00:00Z,2022-06-02T18:00:00Z,120hour_target_crosses_boundary
outer_or_final_3_inner_3_training,2022-05-30T22:00:00Z,2022-06-04T22:00:00Z,2022-06-02T18:00:00Z,120hour_target_crosses_boundary
outer_or_final_3_inner_3_training,2022-05-30T23:00:00Z,2022-06-04T23:00:00Z,2022-06-02T18:00:00Z,120hour_target_crosses_boundary
outer_or_final_3_inner_3_training,2022-05-31T00:00:00Z,2022-06-05T00:00:00Z,2022-06-02T18:00:00Z,120hour_target_crosses_boundary
outer_or_final_3_inner_3_training,2022-05-31T01:00:00Z,2022-06-05T01:00:00Z,2022-06-02T18:00:00Z,120hour_target_crosses_boundary
outer_or_final_3_inner_3_training,2022-05-31T02:00:00Z,2022-06-05T02:00:00Z,2022-06-02T18:00:00Z,120hour_target_crosses_boundary
outer_or_final_3_inner_3_training,2022-05-31T03:00:00Z,2022-06-05T03:00:00Z,2022-06-02T18:00:00Z,120hour_target_crosses_boundary
outer_or_final_3_inner_3_training,2022-05-31T04:00:00Z,2022-06-05T04:00:00Z,2022-06-02T18:00:00Z,120hour_target_crosses_boundary
outer_or_final_3_inner_3_training,2022-05-31T05:00:00Z,2022-06-05T05:00:00Z,2022-06-02T18:00:00Z,120hour_target_crosses_boundary
outer_or_final_3_inner_3_training,2022-05-31T06:00:00Z,2022-06-05T06:00:00Z,2022-06-02T18:00:00Z,120hour_target_crosses_boundary
outer_or_final_3_inner_3_training,2022-05-31T07:00:00Z,2022-06-05T07:00:00Z,2022-06-02T18:00:00Z,120hour_target_crosses_boundary
outer_or_final_3_inner_3_training,2022-05-31T08:00:00Z,2022-06-05T08:00:00Z,2022-06-02T18:00:00Z,120hour_target_crosses_boundary
outer_or_final_3_inner_3_training,2022-05-31T09:00:00Z,2022-06-05T09:00:00Z,2022-06-02T18:00:00Z,120hour_target_crosses_boundary
outer_or_final_3_inner_3_training,2022-05-31T10:00:00Z,2022-06-05T10:00:00Z,2022-06-02T18:00:00Z,120hour_target_crosses_boundary
outer_or_final_3_inner_3_training,2022-05-31T11:00:00Z,2022-06-05T11:00:00Z,2022-06-02T18:00:00Z,120hour_target_crosses_boundary
outer_or_final_3_inner_3_training,2022-05-31T12:00:00Z,2022-06-05T12:00:00Z,2022-06-02T18:00:00Z,120hour_target_crosses_boundary
outer_or_final_3_inner_3_training,2022-05-31T13:00:00Z,2022-06-05T13:00:00Z,2022-06-02T18:00:00Z,120hour_target_crosses_boundary
outer_or_final_3_inner_3_training,2022-05-31T14:00:00Z,2022-06-05T14:00:00Z,2022-06-02T18:00:00Z,120hour_target_crosses_boundary
outer_or_final_3_inner_3_training,2022-05-31T15:00:00Z,2022-06-05T15:00:00Z,2022-06-02T18:00:00Z,120hour_target_crosses_boundary
outer_or_final_3_inner_3_training,2022-05-31T16:00:00Z,2022-06-05T16:00:00Z,2022-06-02T18:00:00Z,120hour_target_crosses_boundary
outer_or_final_3_inner_3_training,2022-05-31T17:00:00Z,2022-06-05T17:00:00Z,2022-06-02T18:00:00Z,120hour_target_crosses_boundary
outer_or_final_3_inner_3_training,2022-05-31T18:00:00Z,2022-06-05T18:00:00Z,2022-06-02T18:00:00Z,120hour_target_crosses_boundary
outer_or_final_3_inner_3_training,2022-05-31T19:00:00Z,2022-06-05T19:00:00Z,2022-06-02T18:00:00Z,120hour_target_crosses_boundary
outer_or_final_3_inner_3_training,2022-05-31T20:00:00Z,2022-06-05T20:00:00Z,2022-06-02T18:00:00Z,120hour_target_crosses_boundary
outer_or_final_3_inner_3_training,2022-05-31T21:00:00Z,2022-06-05T21:00:00Z,2022-06-02T18:00:00Z,120hour_target_crosses_boundary
outer_or_final_3_inner_3_training,2022-05-31T22:00:00Z,2022-06-05T22:00:00Z,2022-06-02T18:00:00Z,120hour_target_crosses_boundary
outer_or_final_3_inner_3_training,2022-05-31T23:00:00Z,2022-06-05T23:00:00Z,2022-06-02T18:00:00Z,120hour_target_crosses_boundary
outer_or_final_3_inner_3_training,2022-06-01T00:00:00Z,2022-06-06T00:00:00Z,2022-06-02T18:00:00Z,120hour_target_crosses_boundary
outer_or_final_3_inner_3_training,2022-06-01T01:00:00Z,2022-06-06T01:00:00Z,2022-06-02T18:00:00Z,120hour_target_crosses_boundary
outer_or_final_3_inner_3_training,2022-06-01T02:00:00Z,2022-06-06T02:00:00Z,2022-06-02T18:00:00Z,120hour_target_crosses_boundary
outer_or_final_3_inner_3_training,2022-06-01T03:00:00Z,2022-06-06T03:00:00Z,2022-06-02T18:00:00Z,120hour_target_crosses_boundary
outer_or_final_3_inner_3_training,2022-06-01T04:00:00Z,2022-06-06T04:00:00Z,2022-06-02T18:00:00Z,120hour_target_crosses_boundary
outer_or_final_3_inner_3_training,2022-06-01T05:00:00Z,2022-06-06T05:00:00Z,2022-06-02T18:00:00Z,120hour_target_crosses_boundary
outer_or_final_3_inner_3_training,2022-06-01T06:00:00Z,2022-06-06T06:00:00Z,2022-06-02T18:00:00Z,120hour_target_crosses_boundary
outer_or_final_3_inner_3_training,2022-06-01T07:00:00Z,2022-06-06T07:00:00Z,2022-06-02T18:00:00Z,120hour_target_crosses_boundary
outer_or_final_3_inner_3_training,2022-06-01T08:00:00Z,2022-06-06T08:00:00Z,2022-06-02T18:00:00Z,120hour_target_crosses_boundary
outer_or_final_3_inner_3_training,2022-06-01T09:00:00Z,2022-06-06T09:00:00Z,2022-06-02T18:00:00Z,120hour_target_crosses_boundary
outer_or_final_3_inner_3_training,2022-06-01T10:00:00Z,2022-06-06T10:00:00Z,2022-06-02T18:00:00Z,120hour_target_crosses_boundary
outer_or_final_3_inner_3_training,2022-06-01T11:00:00Z,2022-06-06T11:00:00Z,2022-06-02T18:00:00Z,120hour_target_crosses_boundary
outer_or_final_3_inner_3_training,2022-06-01T12:00:00Z,2022-06-06T12:00:00Z,2022-06-02T18:00:00Z,120hour_target_crosses_boundary
outer_or_final_3_inner_3_training,2022-06-01T13:00:00Z,2022-06-06T13:00:00Z,2022-06-02T18:00:00Z,120hour_target_crosses_boundary
outer_or_final_3_inner_3_training,2022-06-01T14:00:00Z,2022-06-06T14:00:00Z,2022-06-02T18:00:00Z,120hour_target_crosses_boundary
outer_or_final_3_inner_3_training,2022-06-01T15:00:00Z,2022-06-06T15:00:00Z,2022-06-02T18:00:00Z,120hour_target_crosses_boundary
outer_or_final_3_inner_3_training,2022-06-01T16:00:00Z,2022-06-06T16:00:00Z,2022-06-02T18:00:00Z,120hour_target_crosses_boundary
outer_or_final_3_inner_3_training,2022-06-01T17:00:00Z,2022-06-06T17:00:00Z,2022-06-02T18:00:00Z,120hour_target_crosses_boundary
outer_or_final_3_inner_3_training,2022-06-01T18:00:00Z,2022-06-06T18:00:00Z,2022-06-02T18:00:00Z,120hour_target_crosses_boundary
outer_or_final_3_inner_3_training,2022-06-01T19:00:00Z,2022-06-06T19:00:00Z,2022-06-02T18:00:00Z,120hour_target_crosses_boundary
outer_or_final_3_inner_3_training,2022-06-01T20:00:00Z,2022-06-06T20:00:00Z,2022-06-02T18:00:00Z,120hour_target_crosses_boundary
outer_or_final_3_inner_3_training,2022-06-01T21:00:00Z,2022-06-06T21:00:00Z,2022-06-02T18:00:00Z,120hour_target_crosses_boundary
outer_or_final_3_inner_3_training,2022-06-01T22:00:00Z,2022-06-06T22:00:00Z,2022-06-02T18:00:00Z,120hour_target_crosses_boundary
outer_or_final_3_inner_3_training,2022-06-01T23:00:00Z,2022-06-06T23:00:00Z,2022-06-02T18:00:00Z,120hour_target_crosses_boundary
outer_or_final_3_inner_3_training,2022-06-02T00:00:00Z,2022-06-07T00:00:00Z,2022-06-02T18:00:00Z,120hour_target_crosses_boundary
outer_or_final_3_inner_3_training,2022-06-02T01:00:00Z,2022-06-07T01:00:00Z,2022-06-02T18:00:00Z,120hour_target_crosses_boundary
outer_or_final_3_inner_3_training,2022-06-02T02:00:00Z,2022-06-07T02:00:00Z,2022-06-02T18:00:00Z,120hour_target_crosses_boundary
outer_or_final_3_inner_3_training,2022-06-02T03:00:00Z,2022-06-07T03:00:00Z,2022-06-02T18:00:00Z,120hour_target_crosses_boundary
outer_or_final_3_inner_3_training,2022-06-02T04:00:00Z,2022-06-07T04:00:00Z,2022-06-02T18:00:00Z,120hour_target_crosses_boundary
outer_or_final_3_inner_3_training,2022-06-02T05:00:00Z,2022-06-07T05:00:00Z,2022-06-02T18:00:00Z,120hour_target_crosses_boundary
outer_or_final_3_inner_3_training,2022-06-02T06:00:00Z,2022-06-07T06:00:00Z,2022-06-02T18:00:00Z,120hour_target_crosses_boundary
outer_or_final_3_inner_3_training,2022-06-02T07:00:00Z,2022-06-07T07:00:00Z,2022-06-02T18:00:00Z,120hour_target_crosses_boundary
outer_or_final_3_inner_3_training,2022-06-02T08:00:00Z,2022-06-07T08:00:00Z,2022-06-02T18:00:00Z,120hour_target_crosses_boundary
outer_or_final_3_inner_3_training,2022-06-02T09:00:00Z,2022-06-07T09:00:00Z,2022-06-02T18:00:00Z,120hour_target_crosses_boundary
outer_or_final_3_inner_3_training,2022-06-02T10:00:00Z,2022-06-07T10:00:00Z,2022-06-02T18:00:00Z,120hour_target_crosses_boundary
outer_or_final_3_inner_3_training,2022-06-02T11:00:00Z,2022-06-07T11:00:00Z,2022-06-02T18:00:00Z,120hour_target_crosses_boundary
outer_or_final_3_inner_3_training,2022-06-02T12:00:00Z,2022-06-07T12:00:00Z,2022-06-02T18:00:00Z,120hour_target_crosses_boundary
outer_or_final_3_inner_3_training,2022-06-02T13:00:00Z,2022-06-07T13:00:00Z,2022-06-02T18:00:00Z,120hour_target_crosses_boundary
outer_or_final_3_inner_3_training,2022-06-02T14:00:00Z,2022-06-07T14:00:00Z,2022-06-02T18:00:00Z,120hour_target_crosses_boundary
outer_or_final_3_inner_3_training,2022-06-02T15:00:00Z,2022-06-07T15:00:00Z,2022-06-02T18:00:00Z,120hour_target_crosses_boundary
outer_or_final_3_inner_3_training,2022-06-02T16:00:00Z,2022-06-07T16:00:00Z,2022-06-02T18:00:00Z,120hour_target_crosses_boundary
outer_or_final_3_inner_3_training,2022-06-02T17:00:00Z,2022-06-07T17:00:00Z,2022-06-02T18:00:00Z,120hour_target_crosses_boundary
outer_or_final_3_inner_3_validation,2023-06-28T09:00:00Z,2023-07-03T09:00:00Z,2023-07-03T08:00:00Z,120hour_target_crosses_boundary
outer_or_final_3_inner_3_validation,2023-06-28T10:00:00Z,2023-07-03T10:00:00Z,2023-07-03T08:00:00Z,120hour_target_crosses_boundary
outer_or_final_3_inner_3_validation,2023-06-28T11:00:00Z,2023-07-03T11:00:00Z,2023-07-03T08:00:00Z,120hour_target_crosses_boundary
outer_or_final_3_inner_3_validation,2023-06-28T12:00:00Z,2023-07-03T12:00:00Z,2023-07-03T08:00:00Z,120hour_target_crosses_boundary
outer_or_final_3_inner_3_validation,2023-06-28T13:00:00Z,2023-07-03T13:00:00Z,2023-07-03T08:00:00Z,120hour_target_crosses_boundary
outer_or_final_3_inner_3_validation,2023-06-28T14:00:00Z,2023-07-03T14:00:00Z,2023-07-03T08:00:00Z,120hour_target_crosses_boundary
outer_or_final_3_inner_3_validation,2023-06-28T15:00:00Z,2023-07-03T15:00:00Z,2023-07-03T08:00:00Z,120hour_target_crosses_boundary
outer_or_final_3_inner_3_validation,2023-06-28T16:00:00Z,2023-07-03T16:00:00Z,2023-07-03T08:00:00Z,120hour_target_crosses_boundary
outer_or_final_3_inner_3_validation,2023-06-28T17:00:00Z,2023-07-03T17:00:00Z,2023-07-03T08:00:00Z,120hour_target_crosses_boundary
outer_or_final_3_inner_3_validation,2023-06-28T18:00:00Z,2023-07-03T18:00:00Z,2023-07-03T08:00:00Z,120hour_target_crosses_boundary
outer_or_final_3_inner_3_validation,2023-06-28T19:00:00Z,2023-07-03T19:00:00Z,2023-07-03T08:00:00Z,120hour_target_crosses_boundary
outer_or_final_3_inner_3_validation,2023-06-28T20:00:00Z,2023-07-03T20:00:00Z,2023-07-03T08:00:00Z,120hour_target_crosses_boundary
outer_or_final_3_inner_3_validation,2023-06-28T21:00:00Z,2023-07-03T21:00:00Z,2023-07-03T08:00:00Z,120hour_target_crosses_boundary
outer_or_final_3_inner_3_validation,2023-06-28T22:00:00Z,2023-07-03T22:00:00Z,2023-07-03T08:00:00Z,120hour_target_crosses_boundary
outer_or_final_3_inner_3_validation,2023-06-28T23:00:00Z,2023-07-03T23:00:00Z,2023-07-03T08:00:00Z,120hour_target_crosses_boundary
outer_or_final_3_inner_3_validation,2023-06-29T00:00:00Z,2023-07-04T00:00:00Z,2023-07-03T08:00:00Z,120hour_target_crosses_boundary
outer_or_final_3_inner_3_validation,2023-06-29T01:00:00Z,2023-07-04T01:00:00Z,2023-07-03T08:00:00Z,120hour_target_crosses_boundary
outer_or_final_3_inner_3_validation,2023-06-29T02:00:00Z,2023-07-04T02:00:00Z,2023-07-03T08:00:00Z,120hour_target_crosses_boundary
outer_or_final_3_inner_3_validation,2023-06-29T03:00:00Z,2023-07-04T03:00:00Z,2023-07-03T08:00:00Z,120hour_target_crosses_boundary
outer_or_final_3_inner_3_validation,2023-06-29T04:00:00Z,2023-07-04T04:00:00Z,2023-07-03T08:00:00Z,120hour_target_crosses_boundary
outer_or_final_3_inner_3_validation,2023-06-29T05:00:00Z,2023-07-04T05:00:00Z,2023-07-03T08:00:00Z,120hour_target_crosses_boundary
outer_or_final_3_inner_3_validation,2023-06-29T06:00:00Z,2023-07-04T06:00:00Z,2023-07-03T08:00:00Z,120hour_target_crosses_boundary
outer_or_final_3_inner_3_validation,2023-06-29T07:00:00Z,2023-07-04T07:00:00Z,2023-07-03T08:00:00Z,120hour_target_crosses_boundary
outer_or_final_3_inner_3_validation,2023-06-29T08:00:00Z,2023-07-04T08:00:00Z,2023-07-03T08:00:00Z,120hour_target_crosses_boundary
outer_or_final_3_inner_3_validation,2023-06-29T09:00:00Z,2023-07-04T09:00:00Z,2023-07-03T08:00:00Z,120hour_target_crosses_boundary
outer_or_final_3_inner_3_validation,2023-06-29T10:00:00Z,2023-07-04T10:00:00Z,2023-07-03T08:00:00Z,120hour_target_crosses_boundary
outer_or_final_3_inner_3_validation,2023-06-29T11:00:00Z,2023-07-04T11:00:00Z,2023-07-03T08:00:00Z,120hour_target_crosses_boundary
outer_or_final_3_inner_3_validation,2023-06-29T12:00:00Z,2023-07-04T12:00:00Z,2023-07-03T08:00:00Z,120hour_target_crosses_boundary
outer_or_final_3_inner_3_validation,2023-06-29T13:00:00Z,2023-07-04T13:00:00Z,2023-07-03T08:00:00Z,120hour_target_crosses_boundary
outer_or_final_3_inner_3_validation,2023-06-29T14:00:00Z,2023-07-04T14:00:00Z,2023-07-03T08:00:00Z,120hour_target_crosses_boundary
outer_or_final_3_inner_3_validation,2023-06-29T15:00:00Z,2023-07-04T15:00:00Z,2023-07-03T08:00:00Z,120hour_target_crosses_boundary
outer_or_final_3_inner_3_validation,2023-06-29T16:00:00Z,2023-07-04T16:00:00Z,2023-07-03T08:00:00Z,120hour_target_crosses_boundary
outer_or_final_3_inner_3_validation,2023-06-29T17:00:00Z,2023-07-04T17:00:00Z,2023-07-03T08:00:00Z,120hour_target_crosses_boundary
outer_or_final_3_inner_3_validation,2023-06-29T18:00:00Z,2023-07-04T18:00:00Z,2023-07-03T08:00:00Z,120hour_target_crosses_boundary
outer_or_final_3_inner_3_validation,2023-06-29T19:00:00Z,2023-07-04T19:00:00Z,2023-07-03T08:00:00Z,120hour_target_crosses_boundary
outer_or_final_3_inner_3_validation,2023-06-29T20:00:00Z,2023-07-04T20:00:00Z,2023-07-03T08:00:00Z,120hour_target_crosses_boundary
outer_or_final_3_inner_3_validation,2023-06-29T21:00:00Z,2023-07-04T21:00:00Z,2023-07-03T08:00:00Z,120hour_target_crosses_boundary
outer_or_final_3_inner_3_validation,2023-06-29T22:00:00Z,2023-07-04T22:00:00Z,2023-07-03T08:00:00Z,120hour_target_crosses_boundary
outer_or_final_3_inner_3_validation,2023-06-29T23:00:00Z,2023-07-04T23:00:00Z,2023-07-03T08:00:00Z,120hour_target_crosses_boundary
outer_or_final_3_inner_3_validation,2023-06-30T00:00:00Z,2023-07-05T00:00:00Z,2023-07-03T08:00:00Z,120hour_target_crosses_boundary
outer_or_final_3_inner_3_validation,2023-06-30T01:00:00Z,2023-07-05T01:00:00Z,2023-07-03T08:00:00Z,120hour_target_crosses_boundary
outer_or_final_3_inner_3_validation,2023-06-30T02:00:00Z,2023-07-05T02:00:00Z,2023-07-03T08:00:00Z,120hour_target_crosses_boundary
outer_or_final_3_inner_3_validation,2023-06-30T03:00:00Z,2023-07-05T03:00:00Z,2023-07-03T08:00:00Z,120hour_target_crosses_boundary
outer_or_final_3_inner_3_validation,2023-06-30T04:00:00Z,2023-07-05T04:00:00Z,2023-07-03T08:00:00Z,120hour_target_crosses_boundary
outer_or_final_3_inner_3_validation,2023-06-30T05:00:00Z,2023-07-05T05:00:00Z,2023-07-03T08:00:00Z,120hour_target_crosses_boundary
outer_or_final_3_inner_3_validation,2023-06-30T06:00:00Z,2023-07-05T06:00:00Z,2023-07-03T08:00:00Z,120hour_target_crosses_boundary
outer_or_final_3_inner_3_validation,2023-06-30T07:00:00Z,2023-07-05T07:00:00Z,2023-07-03T08:00:00Z,120hour_target_crosses_boundary
outer_or_final_3_inner_3_validation,2023-06-30T08:00:00Z,2023-07-05T08:00:00Z,2023-07-03T08:00:00Z,120hour_target_crosses_boundary
outer_or_final_3_inner_3_validation,2023-06-30T09:00:00Z,2023-07-05T09:00:00Z,2023-07-03T08:00:00Z,120hour_target_crosses_boundary
outer_or_final_3_inner_3_validation,2023-06-30T10:00:00Z,2023-07-05T10:00:00Z,2023-07-03T08:00:00Z,120hour_target_crosses_boundary
outer_or_final_3_inner_3_validation,2023-06-30T11:00:00Z,2023-07-05T11:00:00Z,2023-07-03T08:00:00Z,120hour_target_crosses_boundary
outer_or_final_3_inner_3_validation,2023-06-30T12:00:00Z,2023-07-05T12:00:00Z,2023-07-03T08:00:00Z,120hour_target_crosses_boundary
outer_or_final_3_inner_3_validation,2023-06-30T13:00:00Z,2023-07-05T13:00:00Z,2023-07-03T08:00:00Z,120hour_target_crosses_boundary
outer_or_final_3_inner_3_validation,2023-06-30T14:00:00Z,2023-07-05T14:00:00Z,2023-07-03T08:00:00Z,120hour_target_crosses_boundary
outer_or_final_3_inner_3_validation,2023-06-30T15:00:00Z,2023-07-05T15:00:00Z,2023-07-03T08:00:00Z,120hour_target_crosses_boundary
outer_or_final_3_inner_3_validation,2023-06-30T16:00:00Z,2023-07-05T16:00:00Z,2023-07-03T08:00:00Z,120hour_target_crosses_boundary
outer_or_final_3_inner_3_validation,2023-06-30T17:00:00Z,2023-07-05T17:00:00Z,2023-07-03T08:00:00Z,120hour_target_crosses_boundary
outer_or_final_3_inner_3_validation,2023-06-30T18:00:00Z,2023-07-05T18:00:00Z,2023-07-03T08:00:00Z,120hour_target_crosses_boundary
outer_or_final_3_inner_3_validation,2023-06-30T19:00:00Z,2023-07-05T19:00:00Z,2023-07-03T08:00:00Z,120hour_target_crosses_boundary
outer_or_final_3_inner_3_validation,2023-06-30T20:00:00Z,2023-07-05T20:00:00Z,2023-07-03T08:00:00Z,120hour_target_crosses_boundary
outer_or_final_3_inner_3_validation,2023-06-30T21:00:00Z,2023-07-05T21:00:00Z,2023-07-03T08:00:00Z,120hour_target_crosses_boundary
outer_or_final_3_inner_3_validation,2023-06-30T22:00:00Z,2023-07-05T22:00:00Z,2023-07-03T08:00:00Z,120hour_target_crosses_boundary
outer_or_final_3_inner_3_validation,2023-06-30T23:00:00Z,2023-07-05T23:00:00Z,2023-07-03T08:00:00Z,120hour_target_crosses_boundary
outer_or_final_3_inner_3_validation,2023-07-01T00:00:00Z,2023-07-06T00:00:00Z,2023-07-03T08:00:00Z,120hour_target_crosses_boundary
outer_or_final_3_inner_3_validation,2023-07-01T01:00:00Z,2023-07-06T01:00:00Z,2023-07-03T08:00:00Z,120hour_target_crosses_boundary
outer_or_final_3_inner_3_validation,2023-07-01T02:00:00Z,2023-07-06T02:00:00Z,2023-07-03T08:00:00Z,120hour_target_crosses_boundary
outer_or_final_3_inner_3_validation,2023-07-01T03:00:00Z,2023-07-06T03:00:00Z,2023-07-03T08:00:00Z,120hour_target_crosses_boundary
outer_or_final_3_inner_3_validation,2023-07-01T04:00:00Z,2023-07-06T04:00:00Z,2023-07-03T08:00:00Z,120hour_target_crosses_boundary
outer_or_final_3_inner_3_validation,2023-07-01T05:00:00Z,2023-07-06T05:00:00Z,2023-07-03T08:00:00Z,120hour_target_crosses_boundary
outer_or_final_3_inner_3_validation,2023-07-01T06:00:00Z,2023-07-06T06:00:00Z,2023-07-03T08:00:00Z,120hour_target_crosses_boundary
outer_or_final_3_inner_3_validation,2023-07-01T07:00:00Z,2023-07-06T07:00:00Z,2023-07-03T08:00:00Z,120hour_target_crosses_boundary
outer_or_final_3_inner_3_validation,2023-07-01T08:00:00Z,2023-07-06T08:00:00Z,2023-07-03T08:00:00Z,120hour_target_crosses_boundary
outer_or_final_3_inner_3_validation,2023-07-01T09:00:00Z,2023-07-06T09:00:00Z,2023-07-03T08:00:00Z,120hour_target_crosses_boundary
outer_or_final_3_inner_3_validation,2023-07-01T10:00:00Z,2023-07-06T10:00:00Z,2023-07-03T08:00:00Z,120hour_target_crosses_boundary
outer_or_final_3_inner_3_validation,2023-07-01T11:00:00Z,2023-07-06T11:00:00Z,2023-07-03T08:00:00Z,120hour_target_crosses_boundary
outer_or_final_3_inner_3_validation,2023-07-01T12:00:00Z,2023-07-06T12:00:00Z,2023-07-03T08:00:00Z,120hour_target_crosses_boundary
outer_or_final_3_inner_3_validation,2023-07-01T13:00:00Z,2023-07-06T13:00:00Z,2023-07-03T08:00:00Z,120hour_target_crosses_boundary
outer_or_final_3_inner_3_validation,2023-07-01T14:00:00Z,2023-07-06T14:00:00Z,2023-07-03T08:00:00Z,120hour_target_crosses_boundary
outer_or_final_3_inner_3_validation,2023-07-01T15:00:00Z,2023-07-06T15:00:00Z,2023-07-03T08:00:00Z,120hour_target_crosses_boundary
outer_or_final_3_inner_3_validation,2023-07-01T16:00:00Z,2023-07-06T16:00:00Z,2023-07-03T08:00:00Z,120hour_target_crosses_boundary
outer_or_final_3_inner_3_validation,2023-07-01T17:00:00Z,2023-07-06T17:00:00Z,2023-07-03T08:00:00Z,120hour_target_crosses_boundary
outer_or_final_3_inner_3_validation,2023-07-01T18:00:00Z,2023-07-06T18:00:00Z,2023-07-03T08:00:00Z,120hour_target_crosses_boundary
outer_or_final_3_inner_3_validation,2023-07-01T19:00:00Z,2023-07-06T19:00:00Z,2023-07-03T08:00:00Z,120hour_target_crosses_boundary
outer_or_final_3_inner_3_validation,2023-07-01T20:00:00Z,2023-07-06T20:00:00Z,2023-07-03T08:00:00Z,120hour_target_crosses_boundary
outer_or_final_3_inner_3_validation,2023-07-01T21:00:00Z,2023-07-06T21:00:00Z,2023-07-03T08:00:00Z,120hour_target_crosses_boundary
outer_or_final_3_inner_3_validation,2023-07-01T22:00:00Z,2023-07-06T22:00:00Z,2023-07-03T08:00:00Z,120hour_target_crosses_boundary
outer_or_final_3_inner_3_validation,2023-07-01T23:00:00Z,2023-07-06T23:00:00Z,2023-07-03T08:00:00Z,120hour_target_crosses_boundary
outer_or_final_3_inner_3_validation,2023-07-02T00:00:00Z,2023-07-07T00:00:00Z,2023-07-03T08:00:00Z,120hour_target_crosses_boundary
outer_or_final_3_inner_3_validation,2023-07-02T01:00:00Z,2023-07-07T01:00:00Z,2023-07-03T08:00:00Z,120hour_target_crosses_boundary
outer_or_final_3_inner_3_validation,2023-07-02T02:00:00Z,2023-07-07T02:00:00Z,2023-07-03T08:00:00Z,120hour_target_crosses_boundary
outer_or_final_3_inner_3_validation,2023-07-02T03:00:00Z,2023-07-07T03:00:00Z,2023-07-03T08:00:00Z,120hour_target_crosses_boundary
outer_or_final_3_inner_3_validation,2023-07-02T04:00:00Z,2023-07-07T04:00:00Z,2023-07-03T08:00:00Z,120hour_target_crosses_boundary
outer_or_final_3_inner_3_validation,2023-07-02T05:00:00Z,2023-07-07T05:00:00Z,2023-07-03T08:00:00Z,120hour_target_crosses_boundary
outer_or_final_3_inner_3_validation,2023-07-02T06:00:00Z,2023-07-07T06:00:00Z,2023-07-03T08:00:00Z,120hour_target_crosses_boundary
outer_or_final_3_inner_3_validation,2023-07-02T07:00:00Z,2023-07-07T07:00:00Z,2023-07-03T08:00:00Z,120hour_target_crosses_boundary
outer_or_final_3_inner_3_validation,2023-07-02T08:00:00Z,2023-07-07T08:00:00Z,2023-07-03T08:00:00Z,120hour_target_crosses_boundary
outer_or_final_3_inner_3_validation,2023-07-02T09:00:00Z,2023-07-07T09:00:00Z,2023-07-03T08:00:00Z,120hour_target_crosses_boundary
outer_or_final_3_inner_3_validation,2023-07-02T10:00:00Z,2023-07-07T10:00:00Z,2023-07-03T08:00:00Z,120hour_target_crosses_boundary
outer_or_final_3_inner_3_validation,2023-07-02T11:00:00Z,2023-07-07T11:00:00Z,2023-07-03T08:00:00Z,120hour_target_crosses_boundary
outer_or_final_3_inner_3_validation,2023-07-02T12:00:00Z,2023-07-07T12:00:00Z,2023-07-03T08:00:00Z,120hour_target_crosses_boundary
outer_or_final_3_inner_3_validation,2023-07-02T13:00:00Z,2023-07-07T13:00:00Z,2023-07-03T08:00:00Z,120hour_target_crosses_boundary
outer_or_final_3_inner_3_validation,2023-07-02T14:00:00Z,2023-07-07T14:00:00Z,2023-07-03T08:00:00Z,120hour_target_crosses_boundary
outer_or_final_3_inner_3_validation,2023-07-02T15:00:00Z,2023-07-07T15:00:00Z,2023-07-03T08:00:00Z,120hour_target_crosses_boundary
outer_or_final_3_inner_3_validation,2023-07-02T16:00:00Z,2023-07-07T16:00:00Z,2023-07-03T08:00:00Z,120hour_target_crosses_boundary
outer_or_final_3_inner_3_validation,2023-07-02T17:00:00Z,2023-07-07T17:00:00Z,2023-07-03T08:00:00Z,120hour_target_crosses_boundary
outer_or_final_3_inner_3_validation,2023-07-02T18:00:00Z,2023-07-07T18:00:00Z,2023-07-03T08:00:00Z,120hour_target_crosses_boundary
outer_or_final_3_inner_3_validation,2023-07-02T19:00:00Z,2023-07-07T19:00:00Z,2023-07-03T08:00:00Z,120hour_target_crosses_boundary
outer_or_final_3_inner_3_validation,2023-07-02T20:00:00Z,2023-07-07T20:00:00Z,2023-07-03T08:00:00Z,120hour_target_crosses_boundary
outer_or_final_3_inner_3_validation,2023-07-02T21:00:00Z,2023-07-07T21:00:00Z,2023-07-03T08:00:00Z,120hour_target_crosses_boundary
outer_or_final_3_inner_3_validation,2023-07-02T22:00:00Z,2023-07-07T22:00:00Z,2023-07-03T08:00:00Z,120hour_target_crosses_boundary
outer_or_final_3_inner_3_validation,2023-07-02T23:00:00Z,2023-07-07T23:00:00Z,2023-07-03T08:00:00Z,120hour_target_crosses_boundary
outer_or_final_3_inner_3_validation,2023-07-03T00:00:00Z,2023-07-08T00:00:00Z,2023-07-03T08:00:00Z,120hour_target_crosses_boundary
outer_or_final_3_inner_3_validation,2023-07-03T01:00:00Z,2023-07-08T01:00:00Z,2023-07-03T08:00:00Z,120hour_target_crosses_boundary
outer_or_final_3_inner_3_validation,2023-07-03T02:00:00Z,2023-07-08T02:00:00Z,2023-07-03T08:00:00Z,120hour_target_crosses_boundary
outer_or_final_3_inner_3_validation,2023-07-03T03:00:00Z,2023-07-08T03:00:00Z,2023-07-03T08:00:00Z,120hour_target_crosses_boundary
outer_or_final_3_inner_3_validation,2023-07-03T04:00:00Z,2023-07-08T04:00:00Z,2023-07-03T08:00:00Z,120hour_target_crosses_boundary
outer_or_final_3_inner_3_validation,2023-07-03T05:00:00Z,2023-07-08T05:00:00Z,2023-07-03T08:00:00Z,120hour_target_crosses_boundary
outer_or_final_3_inner_3_validation,2023-07-03T06:00:00Z,2023-07-08T06:00:00Z,2023-07-03T08:00:00Z,120hour_target_crosses_boundary
outer_or_final_3_inner_3_validation,2023-07-03T07:00:00Z,2023-07-08T07:00:00Z,2023-07-03T08:00:00Z,120hour_target_crosses_boundary
outer_or_final_4_training,2024-10-15T01:00:00Z,2024-10-20T01:00:00Z,2024-10-20T00:00:00Z,120hour_target_crosses_boundary
outer_or_final_4_training,2024-10-15T02:00:00Z,2024-10-20T02:00:00Z,2024-10-20T00:00:00Z,120hour_target_crosses_boundary
outer_or_final_4_training,2024-10-15T03:00:00Z,2024-10-20T03:00:00Z,2024-10-20T00:00:00Z,120hour_target_crosses_boundary
outer_or_final_4_training,2024-10-15T04:00:00Z,2024-10-20T04:00:00Z,2024-10-20T00:00:00Z,120hour_target_crosses_boundary
outer_or_final_4_training,2024-10-15T05:00:00Z,2024-10-20T05:00:00Z,2024-10-20T00:00:00Z,120hour_target_crosses_boundary
outer_or_final_4_training,2024-10-15T06:00:00Z,2024-10-20T06:00:00Z,2024-10-20T00:00:00Z,120hour_target_crosses_boundary
outer_or_final_4_training,2024-10-15T07:00:00Z,2024-10-20T07:00:00Z,2024-10-20T00:00:00Z,120hour_target_crosses_boundary
outer_or_final_4_training,2024-10-15T08:00:00Z,2024-10-20T08:00:00Z,2024-10-20T00:00:00Z,120hour_target_crosses_boundary
outer_or_final_4_training,2024-10-15T09:00:00Z,2024-10-20T09:00:00Z,2024-10-20T00:00:00Z,120hour_target_crosses_boundary
outer_or_final_4_training,2024-10-15T10:00:00Z,2024-10-20T10:00:00Z,2024-10-20T00:00:00Z,120hour_target_crosses_boundary
outer_or_final_4_training,2024-10-15T11:00:00Z,2024-10-20T11:00:00Z,2024-10-20T00:00:00Z,120hour_target_crosses_boundary
outer_or_final_4_training,2024-10-15T12:00:00Z,2024-10-20T12:00:00Z,2024-10-20T00:00:00Z,120hour_target_crosses_boundary
outer_or_final_4_training,2024-10-15T13:00:00Z,2024-10-20T13:00:00Z,2024-10-20T00:00:00Z,120hour_target_crosses_boundary
outer_or_final_4_training,2024-10-15T14:00:00Z,2024-10-20T14:00:00Z,2024-10-20T00:00:00Z,120hour_target_crosses_boundary
outer_or_final_4_training,2024-10-15T15:00:00Z,2024-10-20T15:00:00Z,2024-10-20T00:00:00Z,120hour_target_crosses_boundary
outer_or_final_4_training,2024-10-15T16:00:00Z,2024-10-20T16:00:00Z,2024-10-20T00:00:00Z,120hour_target_crosses_boundary
outer_or_final_4_training,2024-10-15T17:00:00Z,2024-10-20T17:00:00Z,2024-10-20T00:00:00Z,120hour_target_crosses_boundary
outer_or_final_4_training,2024-10-15T18:00:00Z,2024-10-20T18:00:00Z,2024-10-20T00:00:00Z,120hour_target_crosses_boundary
outer_or_final_4_training,2024-10-15T19:00:00Z,2024-10-20T19:00:00Z,2024-10-20T00:00:00Z,120hour_target_crosses_boundary
outer_or_final_4_training,2024-10-15T20:00:00Z,2024-10-20T20:00:00Z,2024-10-20T00:00:00Z,120hour_target_crosses_boundary
outer_or_final_4_training,2024-10-15T21:00:00Z,2024-10-20T21:00:00Z,2024-10-20T00:00:00Z,120hour_target_crosses_boundary
outer_or_final_4_training,2024-10-15T22:00:00Z,2024-10-20T22:00:00Z,2024-10-20T00:00:00Z,120hour_target_crosses_boundary
outer_or_final_4_training,2024-10-15T23:00:00Z,2024-10-20T23:00:00Z,2024-10-20T00:00:00Z,120hour_target_crosses_boundary
outer_or_final_4_training,2024-10-16T00:00:00Z,2024-10-21T00:00:00Z,2024-10-20T00:00:00Z,120hour_target_crosses_boundary
outer_or_final_4_training,2024-10-16T01:00:00Z,2024-10-21T01:00:00Z,2024-10-20T00:00:00Z,120hour_target_crosses_boundary
outer_or_final_4_training,2024-10-16T02:00:00Z,2024-10-21T02:00:00Z,2024-10-20T00:00:00Z,120hour_target_crosses_boundary
outer_or_final_4_training,2024-10-16T03:00:00Z,2024-10-21T03:00:00Z,2024-10-20T00:00:00Z,120hour_target_crosses_boundary
outer_or_final_4_training,2024-10-16T04:00:00Z,2024-10-21T04:00:00Z,2024-10-20T00:00:00Z,120hour_target_crosses_boundary
outer_or_final_4_training,2024-10-16T05:00:00Z,2024-10-21T05:00:00Z,2024-10-20T00:00:00Z,120hour_target_crosses_boundary
outer_or_final_4_training,2024-10-16T06:00:00Z,2024-10-21T06:00:00Z,2024-10-20T00:00:00Z,120hour_target_crosses_boundary
outer_or_final_4_training,2024-10-16T07:00:00Z,2024-10-21T07:00:00Z,2024-10-20T00:00:00Z,120hour_target_crosses_boundary
outer_or_final_4_training,2024-10-16T08:00:00Z,2024-10-21T08:00:00Z,2024-10-20T00:00:00Z,120hour_target_crosses_boundary
outer_or_final_4_training,2024-10-16T09:00:00Z,2024-10-21T09:00:00Z,2024-10-20T00:00:00Z,120hour_target_crosses_boundary
outer_or_final_4_training,2024-10-16T10:00:00Z,2024-10-21T10:00:00Z,2024-10-20T00:00:00Z,120hour_target_crosses_boundary
outer_or_final_4_training,2024-10-16T11:00:00Z,2024-10-21T11:00:00Z,2024-10-20T00:00:00Z,120hour_target_crosses_boundary
outer_or_final_4_training,2024-10-16T12:00:00Z,2024-10-21T12:00:00Z,2024-10-20T00:00:00Z,120hour_target_crosses_boundary
outer_or_final_4_training,2024-10-16T13:00:00Z,2024-10-21T13:00:00Z,2024-10-20T00:00:00Z,120hour_target_crosses_boundary
outer_or_final_4_training,2024-10-16T14:00:00Z,2024-10-21T14:00:00Z,2024-10-20T00:00:00Z,120hour_target_crosses_boundary
outer_or_final_4_training,2024-10-16T15:00:00Z,2024-10-21T15:00:00Z,2024-10-20T00:00:00Z,120hour_target_crosses_boundary
outer_or_final_4_training,2024-10-16T16:00:00Z,2024-10-21T16:00:00Z,2024-10-20T00:00:00Z,120hour_target_crosses_boundary
outer_or_final_4_training,2024-10-16T17:00:00Z,2024-10-21T17:00:00Z,2024-10-20T00:00:00Z,120hour_target_crosses_boundary
outer_or_final_4_training,2024-10-16T18:00:00Z,2024-10-21T18:00:00Z,2024-10-20T00:00:00Z,120hour_target_crosses_boundary
outer_or_final_4_training,2024-10-16T19:00:00Z,2024-10-21T19:00:00Z,2024-10-20T00:00:00Z,120hour_target_crosses_boundary
outer_or_final_4_training,2024-10-16T20:00:00Z,2024-10-21T20:00:00Z,2024-10-20T00:00:00Z,120hour_target_crosses_boundary
outer_or_final_4_training,2024-10-16T21:00:00Z,2024-10-21T21:00:00Z,2024-10-20T00:00:00Z,120hour_target_crosses_boundary
outer_or_final_4_training,2024-10-16T22:00:00Z,2024-10-21T22:00:00Z,2024-10-20T00:00:00Z,120hour_target_crosses_boundary
outer_or_final_4_training,2024-10-16T23:00:00Z,2024-10-21T23:00:00Z,2024-10-20T00:00:00Z,120hour_target_crosses_boundary
outer_or_final_4_training,2024-10-17T00:00:00Z,2024-10-22T00:00:00Z,2024-10-20T00:00:00Z,120hour_target_crosses_boundary
outer_or_final_4_training,2024-10-17T01:00:00Z,2024-10-22T01:00:00Z,2024-10-20T00:00:00Z,120hour_target_crosses_boundary
outer_or_final_4_training,2024-10-17T02:00:00Z,2024-10-22T02:00:00Z,2024-10-20T00:00:00Z,120hour_target_crosses_boundary
outer_or_final_4_training,2024-10-17T03:00:00Z,2024-10-22T03:00:00Z,2024-10-20T00:00:00Z,120hour_target_crosses_boundary
outer_or_final_4_training,2024-10-17T04:00:00Z,2024-10-22T04:00:00Z,2024-10-20T00:00:00Z,120hour_target_crosses_boundary
outer_or_final_4_training,2024-10-17T05:00:00Z,2024-10-22T05:00:00Z,2024-10-20T00:00:00Z,120hour_target_crosses_boundary
outer_or_final_4_training,2024-10-17T06:00:00Z,2024-10-22T06:00:00Z,2024-10-20T00:00:00Z,120hour_target_crosses_boundary
outer_or_final_4_training,2024-10-17T07:00:00Z,2024-10-22T07:00:00Z,2024-10-20T00:00:00Z,120hour_target_crosses_boundary
outer_or_final_4_training,2024-10-17T08:00:00Z,2024-10-22T08:00:00Z,2024-10-20T00:00:00Z,120hour_target_crosses_boundary
outer_or_final_4_training,2024-10-17T09:00:00Z,2024-10-22T09:00:00Z,2024-10-20T00:00:00Z,120hour_target_crosses_boundary
outer_or_final_4_training,2024-10-17T10:00:00Z,2024-10-22T10:00:00Z,2024-10-20T00:00:00Z,120hour_target_crosses_boundary
outer_or_final_4_training,2024-10-17T11:00:00Z,2024-10-22T11:00:00Z,2024-10-20T00:00:00Z,120hour_target_crosses_boundary
outer_or_final_4_training,2024-10-17T12:00:00Z,2024-10-22T12:00:00Z,2024-10-20T00:00:00Z,120hour_target_crosses_boundary
outer_or_final_4_training,2024-10-17T13:00:00Z,2024-10-22T13:00:00Z,2024-10-20T00:00:00Z,120hour_target_crosses_boundary
outer_or_final_4_training,2024-10-17T14:00:00Z,2024-10-22T14:00:00Z,2024-10-20T00:00:00Z,120hour_target_crosses_boundary
outer_or_final_4_training,2024-10-17T15:00:00Z,2024-10-22T15:00:00Z,2024-10-20T00:00:00Z,120hour_target_crosses_boundary
outer_or_final_4_training,2024-10-17T16:00:00Z,2024-10-22T16:00:00Z,2024-10-20T00:00:00Z,120hour_target_crosses_boundary
outer_or_final_4_training,2024-10-17T17:00:00Z,2024-10-22T17:00:00Z,2024-10-20T00:00:00Z,120hour_target_crosses_boundary
outer_or_final_4_training,2024-10-17T18:00:00Z,2024-10-22T18:00:00Z,2024-10-20T00:00:00Z,120hour_target_crosses_boundary
outer_or_final_4_training,2024-10-17T19:00:00Z,2024-10-22T19:00:00Z,2024-10-20T00:00:00Z,120hour_target_crosses_boundary
outer_or_final_4_training,2024-10-17T20:00:00Z,2024-10-22T20:00:00Z,2024-10-20T00:00:00Z,120hour_target_crosses_boundary
outer_or_final_4_training,2024-10-17T21:00:00Z,2024-10-22T21:00:00Z,2024-10-20T00:00:00Z,120hour_target_crosses_boundary
outer_or_final_4_training,2024-10-17T22:00:00Z,2024-10-22T22:00:00Z,2024-10-20T00:00:00Z,120hour_target_crosses_boundary
outer_or_final_4_training,2024-10-17T23:00:00Z,2024-10-22T23:00:00Z,2024-10-20T00:00:00Z,120hour_target_crosses_boundary
outer_or_final_4_training,2024-10-18T00:00:00Z,2024-10-23T00:00:00Z,2024-10-20T00:00:00Z,120hour_target_crosses_boundary
outer_or_final_4_training,2024-10-18T01:00:00Z,2024-10-23T01:00:00Z,2024-10-20T00:00:00Z,120hour_target_crosses_boundary
outer_or_final_4_training,2024-10-18T02:00:00Z,2024-10-23T02:00:00Z,2024-10-20T00:00:00Z,120hour_target_crosses_boundary
outer_or_final_4_training,2024-10-18T03:00:00Z,2024-10-23T03:00:00Z,2024-10-20T00:00:00Z,120hour_target_crosses_boundary
outer_or_final_4_training,2024-10-18T04:00:00Z,2024-10-23T04:00:00Z,2024-10-20T00:00:00Z,120hour_target_crosses_boundary
outer_or_final_4_training,2024-10-18T05:00:00Z,2024-10-23T05:00:00Z,2024-10-20T00:00:00Z,120hour_target_crosses_boundary
outer_or_final_4_training,2024-10-18T06:00:00Z,2024-10-23T06:00:00Z,2024-10-20T00:00:00Z,120hour_target_crosses_boundary
outer_or_final_4_training,2024-10-18T07:00:00Z,2024-10-23T07:00:00Z,2024-10-20T00:00:00Z,120hour_target_crosses_boundary
outer_or_final_4_training,2024-10-18T08:00:00Z,2024-10-23T08:00:00Z,2024-10-20T00:00:00Z,120hour_target_crosses_boundary
outer_or_final_4_training,2024-10-18T09:00:00Z,2024-10-23T09:00:00Z,2024-10-20T00:00:00Z,120hour_target_crosses_boundary
outer_or_final_4_training,2024-10-18T10:00:00Z,2024-10-23T10:00:00Z,2024-10-20T00:00:00Z,120hour_target_crosses_boundary
outer_or_final_4_training,2024-10-18T11:00:00Z,2024-10-23T11:00:00Z,2024-10-20T00:00:00Z,120hour_target_crosses_boundary
outer_or_final_4_training,2024-10-18T12:00:00Z,2024-10-23T12:00:00Z,2024-10-20T00:00:00Z,120hour_target_crosses_boundary
outer_or_final_4_training,2024-10-18T13:00:00Z,2024-10-23T13:00:00Z,2024-10-20T00:00:00Z,120hour_target_crosses_boundary
outer_or_final_4_training,2024-10-18T14:00:00Z,2024-10-23T14:00:00Z,2024-10-20T00:00:00Z,120hour_target_crosses_boundary
outer_or_final_4_training,2024-10-18T15:00:00Z,2024-10-23T15:00:00Z,2024-10-20T00:00:00Z,120hour_target_crosses_boundary
outer_or_final_4_training,2024-10-18T16:00:00Z,2024-10-23T16:00:00Z,2024-10-20T00:00:00Z,120hour_target_crosses_boundary
outer_or_final_4_training,2024-10-18T17:00:00Z,2024-10-23T17:00:00Z,2024-10-20T00:00:00Z,120hour_target_crosses_boundary
outer_or_final_4_training,2024-10-18T18:00:00Z,2024-10-23T18:00:00Z,2024-10-20T00:00:00Z,120hour_target_crosses_boundary
outer_or_final_4_training,2024-10-18T19:00:00Z,2024-10-23T19:00:00Z,2024-10-20T00:00:00Z,120hour_target_crosses_boundary
outer_or_final_4_training,2024-10-18T20:00:00Z,2024-10-23T20:00:00Z,2024-10-20T00:00:00Z,120hour_target_crosses_boundary
outer_or_final_4_training,2024-10-18T21:00:00Z,2024-10-23T21:00:00Z,2024-10-20T00:00:00Z,120hour_target_crosses_boundary
outer_or_final_4_training,2024-10-18T22:00:00Z,2024-10-23T22:00:00Z,2024-10-20T00:00:00Z,120hour_target_crosses_boundary
outer_or_final_4_training,2024-10-18T23:00:00Z,2024-10-23T23:00:00Z,2024-10-20T00:00:00Z,120hour_target_crosses_boundary
outer_or_final_4_training,2024-10-19T00:00:00Z,2024-10-24T00:00:00Z,2024-10-20T00:00:00Z,120hour_target_crosses_boundary
outer_or_final_4_training,2024-10-19T01:00:00Z,2024-10-24T01:00:00Z,2024-10-20T00:00:00Z,120hour_target_crosses_boundary
outer_or_final_4_training,2024-10-19T02:00:00Z,2024-10-24T02:00:00Z,2024-10-20T00:00:00Z,120hour_target_crosses_boundary
outer_or_final_4_training,2024-10-19T03:00:00Z,2024-10-24T03:00:00Z,2024-10-20T00:00:00Z,120hour_target_crosses_boundary
outer_or_final_4_training,2024-10-19T04:00:00Z,2024-10-24T04:00:00Z,2024-10-20T00:00:00Z,120hour_target_crosses_boundary
outer_or_final_4_training,2024-10-19T05:00:00Z,2024-10-24T05:00:00Z,2024-10-20T00:00:00Z,120hour_target_crosses_boundary
outer_or_final_4_training,2024-10-19T06:00:00Z,2024-10-24T06:00:00Z,2024-10-20T00:00:00Z,120hour_target_crosses_boundary
outer_or_final_4_training,2024-10-19T07:00:00Z,2024-10-24T07:00:00Z,2024-10-20T00:00:00Z,120hour_target_crosses_boundary
outer_or_final_4_training,2024-10-19T08:00:00Z,2024-10-24T08:00:00Z,2024-10-20T00:00:00Z,120hour_target_crosses_boundary
outer_or_final_4_training,2024-10-19T09:00:00Z,2024-10-24T09:00:00Z,2024-10-20T00:00:00Z,120hour_target_crosses_boundary
outer_or_final_4_training,2024-10-19T10:00:00Z,2024-10-24T10:00:00Z,2024-10-20T00:00:00Z,120hour_target_crosses_boundary
outer_or_final_4_training,2024-10-19T11:00:00Z,2024-10-24T11:00:00Z,2024-10-20T00:00:00Z,120hour_target_crosses_boundary
outer_or_final_4_training,2024-10-19T12:00:00Z,2024-10-24T12:00:00Z,2024-10-20T00:00:00Z,120hour_target_crosses_boundary
outer_or_final_4_training,2024-10-19T13:00:00Z,2024-10-24T13:00:00Z,2024-10-20T00:00:00Z,120hour_target_crosses_boundary
outer_or_final_4_training,2024-10-19T14:00:00Z,2024-10-24T14:00:00Z,2024-10-20T00:00:00Z,120hour_target_crosses_boundary
outer_or_final_4_training,2024-10-19T15:00:00Z,2024-10-24T15:00:00Z,2024-10-20T00:00:00Z,120hour_target_crosses_boundary
outer_or_final_4_training,2024-10-19T16:00:00Z,2024-10-24T16:00:00Z,2024-10-20T00:00:00Z,120hour_target_crosses_boundary
outer_or_final_4_training,2024-10-19T17:00:00Z,2024-10-24T17:00:00Z,2024-10-20T00:00:00Z,120hour_target_crosses_boundary
outer_or_final_4_training,2024-10-19T18:00:00Z,2024-10-24T18:00:00Z,2024-10-20T00:00:00Z,120hour_target_crosses_boundary
outer_or_final_4_training,2024-10-19T19:00:00Z,2024-10-24T19:00:00Z,2024-10-20T00:00:00Z,120hour_target_crosses_boundary
outer_or_final_4_training,2024-10-19T20:00:00Z,2024-10-24T20:00:00Z,2024-10-20T00:00:00Z,120hour_target_crosses_boundary
outer_or_final_4_training,2024-10-19T21:00:00Z,2024-10-24T21:00:00Z,2024-10-20T00:00:00Z,120hour_target_crosses_boundary
outer_or_final_4_training,2024-10-19T22:00:00Z,2024-10-24T22:00:00Z,2024-10-20T00:00:00Z,120hour_target_crosses_boundary
outer_or_final_4_training,2024-10-19T23:00:00Z,2024-10-24T23:00:00Z,2024-10-20T00:00:00Z,120hour_target_crosses_boundary
outer_or_final_4_inner_1_training,2020-11-21T01:00:00Z,2020-11-26T01:00:00Z,2020-11-26T00:00:00Z,120hour_target_crosses_boundary
outer_or_final_4_inner_1_training,2020-11-21T02:00:00Z,2020-11-26T02:00:00Z,2020-11-26T00:00:00Z,120hour_target_crosses_boundary
outer_or_final_4_inner_1_training,2020-11-21T03:00:00Z,2020-11-26T03:00:00Z,2020-11-26T00:00:00Z,120hour_target_crosses_boundary
outer_or_final_4_inner_1_training,2020-11-21T04:00:00Z,2020-11-26T04:00:00Z,2020-11-26T00:00:00Z,120hour_target_crosses_boundary
outer_or_final_4_inner_1_training,2020-11-21T05:00:00Z,2020-11-26T05:00:00Z,2020-11-26T00:00:00Z,120hour_target_crosses_boundary
outer_or_final_4_inner_1_training,2020-11-21T06:00:00Z,2020-11-26T06:00:00Z,2020-11-26T00:00:00Z,120hour_target_crosses_boundary
outer_or_final_4_inner_1_training,2020-11-21T07:00:00Z,2020-11-26T07:00:00Z,2020-11-26T00:00:00Z,120hour_target_crosses_boundary
outer_or_final_4_inner_1_training,2020-11-21T08:00:00Z,2020-11-26T08:00:00Z,2020-11-26T00:00:00Z,120hour_target_crosses_boundary
outer_or_final_4_inner_1_training,2020-11-21T09:00:00Z,2020-11-26T09:00:00Z,2020-11-26T00:00:00Z,120hour_target_crosses_boundary
outer_or_final_4_inner_1_training,2020-11-21T10:00:00Z,2020-11-26T10:00:00Z,2020-11-26T00:00:00Z,120hour_target_crosses_boundary
outer_or_final_4_inner_1_training,2020-11-21T11:00:00Z,2020-11-26T11:00:00Z,2020-11-26T00:00:00Z,120hour_target_crosses_boundary
outer_or_final_4_inner_1_training,2020-11-21T12:00:00Z,2020-11-26T12:00:00Z,2020-11-26T00:00:00Z,120hour_target_crosses_boundary
outer_or_final_4_inner_1_training,2020-11-21T13:00:00Z,2020-11-26T13:00:00Z,2020-11-26T00:00:00Z,120hour_target_crosses_boundary
outer_or_final_4_inner_1_training,2020-11-21T14:00:00Z,2020-11-26T14:00:00Z,2020-11-26T00:00:00Z,120hour_target_crosses_boundary
outer_or_final_4_inner_1_training,2020-11-21T15:00:00Z,2020-11-26T15:00:00Z,2020-11-26T00:00:00Z,120hour_target_crosses_boundary
outer_or_final_4_inner_1_training,2020-11-21T16:00:00Z,2020-11-26T16:00:00Z,2020-11-26T00:00:00Z,120hour_target_crosses_boundary
outer_or_final_4_inner_1_training,2020-11-21T17:00:00Z,2020-11-26T17:00:00Z,2020-11-26T00:00:00Z,120hour_target_crosses_boundary
outer_or_final_4_inner_1_training,2020-11-21T18:00:00Z,2020-11-26T18:00:00Z,2020-11-26T00:00:00Z,120hour_target_crosses_boundary
outer_or_final_4_inner_1_training,2020-11-21T19:00:00Z,2020-11-26T19:00:00Z,2020-11-26T00:00:00Z,120hour_target_crosses_boundary
outer_or_final_4_inner_1_training,2020-11-21T20:00:00Z,2020-11-26T20:00:00Z,2020-11-26T00:00:00Z,120hour_target_crosses_boundary
outer_or_final_4_inner_1_training,2020-11-21T21:00:00Z,2020-11-26T21:00:00Z,2020-11-26T00:00:00Z,120hour_target_crosses_boundary
outer_or_final_4_inner_1_training,2020-11-21T22:00:00Z,2020-11-26T22:00:00Z,2020-11-26T00:00:00Z,120hour_target_crosses_boundary
outer_or_final_4_inner_1_training,2020-11-21T23:00:00Z,2020-11-26T23:00:00Z,2020-11-26T00:00:00Z,120hour_target_crosses_boundary
outer_or_final_4_inner_1_training,2020-11-22T00:00:00Z,2020-11-27T00:00:00Z,2020-11-26T00:00:00Z,120hour_target_crosses_boundary
outer_or_final_4_inner_1_training,2020-11-22T01:00:00Z,2020-11-27T01:00:00Z,2020-11-26T00:00:00Z,120hour_target_crosses_boundary
outer_or_final_4_inner_1_training,2020-11-22T02:00:00Z,2020-11-27T02:00:00Z,2020-11-26T00:00:00Z,120hour_target_crosses_boundary
outer_or_final_4_inner_1_training,2020-11-22T03:00:00Z,2020-11-27T03:00:00Z,2020-11-26T00:00:00Z,120hour_target_crosses_boundary
outer_or_final_4_inner_1_training,2020-11-22T04:00:00Z,2020-11-27T04:00:00Z,2020-11-26T00:00:00Z,120hour_target_crosses_boundary
outer_or_final_4_inner_1_training,2020-11-22T05:00:00Z,2020-11-27T05:00:00Z,2020-11-26T00:00:00Z,120hour_target_crosses_boundary
outer_or_final_4_inner_1_training,2020-11-22T06:00:00Z,2020-11-27T06:00:00Z,2020-11-26T00:00:00Z,120hour_target_crosses_boundary
outer_or_final_4_inner_1_training,2020-11-22T07:00:00Z,2020-11-27T07:00:00Z,2020-11-26T00:00:00Z,120hour_target_crosses_boundary
outer_or_final_4_inner_1_training,2020-11-22T08:00:00Z,2020-11-27T08:00:00Z,2020-11-26T00:00:00Z,120hour_target_crosses_boundary
outer_or_final_4_inner_1_training,2020-11-22T09:00:00Z,2020-11-27T09:00:00Z,2020-11-26T00:00:00Z,120hour_target_crosses_boundary
outer_or_final_4_inner_1_training,2020-11-22T10:00:00Z,2020-11-27T10:00:00Z,2020-11-26T00:00:00Z,120hour_target_crosses_boundary
outer_or_final_4_inner_1_training,2020-11-22T11:00:00Z,2020-11-27T11:00:00Z,2020-11-26T00:00:00Z,120hour_target_crosses_boundary
outer_or_final_4_inner_1_training,2020-11-22T12:00:00Z,2020-11-27T12:00:00Z,2020-11-26T00:00:00Z,120hour_target_crosses_boundary
outer_or_final_4_inner_1_training,2020-11-22T13:00:00Z,2020-11-27T13:00:00Z,2020-11-26T00:00:00Z,120hour_target_crosses_boundary
outer_or_final_4_inner_1_training,2020-11-22T14:00:00Z,2020-11-27T14:00:00Z,2020-11-26T00:00:00Z,120hour_target_crosses_boundary
outer_or_final_4_inner_1_training,2020-11-22T15:00:00Z,2020-11-27T15:00:00Z,2020-11-26T00:00:00Z,120hour_target_crosses_boundary
outer_or_final_4_inner_1_training,2020-11-22T16:00:00Z,2020-11-27T16:00:00Z,2020-11-26T00:00:00Z,120hour_target_crosses_boundary
outer_or_final_4_inner_1_training,2020-11-22T17:00:00Z,2020-11-27T17:00:00Z,2020-11-26T00:00:00Z,120hour_target_crosses_boundary
outer_or_final_4_inner_1_training,2020-11-22T18:00:00Z,2020-11-27T18:00:00Z,2020-11-26T00:00:00Z,120hour_target_crosses_boundary
outer_or_final_4_inner_1_training,2020-11-22T19:00:00Z,2020-11-27T19:00:00Z,2020-11-26T00:00:00Z,120hour_target_crosses_boundary
outer_or_final_4_inner_1_training,2020-11-22T20:00:00Z,2020-11-27T20:00:00Z,2020-11-26T00:00:00Z,120hour_target_crosses_boundary
outer_or_final_4_inner_1_training,2020-11-22T21:00:00Z,2020-11-27T21:00:00Z,2020-11-26T00:00:00Z,120hour_target_crosses_boundary
outer_or_final_4_inner_1_training,2020-11-22T22:00:00Z,2020-11-27T22:00:00Z,2020-11-26T00:00:00Z,120hour_target_crosses_boundary
outer_or_final_4_inner_1_training,2020-11-22T23:00:00Z,2020-11-27T23:00:00Z,2020-11-26T00:00:00Z,120hour_target_crosses_boundary
outer_or_final_4_inner_1_training,2020-11-23T00:00:00Z,2020-11-28T00:00:00Z,2020-11-26T00:00:00Z,120hour_target_crosses_boundary
outer_or_final_4_inner_1_training,2020-11-23T01:00:00Z,2020-11-28T01:00:00Z,2020-11-26T00:00:00Z,120hour_target_crosses_boundary
outer_or_final_4_inner_1_training,2020-11-23T02:00:00Z,2020-11-28T02:00:00Z,2020-11-26T00:00:00Z,120hour_target_crosses_boundary
outer_or_final_4_inner_1_training,2020-11-23T03:00:00Z,2020-11-28T03:00:00Z,2020-11-26T00:00:00Z,120hour_target_crosses_boundary
outer_or_final_4_inner_1_training,2020-11-23T04:00:00Z,2020-11-28T04:00:00Z,2020-11-26T00:00:00Z,120hour_target_crosses_boundary
outer_or_final_4_inner_1_training,2020-11-23T05:00:00Z,2020-11-28T05:00:00Z,2020-11-26T00:00:00Z,120hour_target_crosses_boundary
outer_or_final_4_inner_1_training,2020-11-23T06:00:00Z,2020-11-28T06:00:00Z,2020-11-26T00:00:00Z,120hour_target_crosses_boundary
outer_or_final_4_inner_1_training,2020-11-23T07:00:00Z,2020-11-28T07:00:00Z,2020-11-26T00:00:00Z,120hour_target_crosses_boundary
outer_or_final_4_inner_1_training,2020-11-23T08:00:00Z,2020-11-28T08:00:00Z,2020-11-26T00:00:00Z,120hour_target_crosses_boundary
outer_or_final_4_inner_1_training,2020-11-23T09:00:00Z,2020-11-28T09:00:00Z,2020-11-26T00:00:00Z,120hour_target_crosses_boundary
outer_or_final_4_inner_1_training,2020-11-23T10:00:00Z,2020-11-28T10:00:00Z,2020-11-26T00:00:00Z,120hour_target_crosses_boundary
outer_or_final_4_inner_1_training,2020-11-23T11:00:00Z,2020-11-28T11:00:00Z,2020-11-26T00:00:00Z,120hour_target_crosses_boundary
outer_or_final_4_inner_1_training,2020-11-23T12:00:00Z,2020-11-28T12:00:00Z,2020-11-26T00:00:00Z,120hour_target_crosses_boundary
outer_or_final_4_inner_1_training,2020-11-23T13:00:00Z,2020-11-28T13:00:00Z,2020-11-26T00:00:00Z,120hour_target_crosses_boundary
outer_or_final_4_inner_1_training,2020-11-23T14:00:00Z,2020-11-28T14:00:00Z,2020-11-26T00:00:00Z,120hour_target_crosses_boundary
outer_or_final_4_inner_1_training,2020-11-23T15:00:00Z,2020-11-28T15:00:00Z,2020-11-26T00:00:00Z,120hour_target_crosses_boundary
outer_or_final_4_inner_1_training,2020-11-23T16:00:00Z,2020-11-28T16:00:00Z,2020-11-26T00:00:00Z,120hour_target_crosses_boundary
outer_or_final_4_inner_1_training,2020-11-23T17:00:00Z,2020-11-28T17:00:00Z,2020-11-26T00:00:00Z,120hour_target_crosses_boundary
outer_or_final_4_inner_1_training,2020-11-23T18:00:00Z,2020-11-28T18:00:00Z,2020-11-26T00:00:00Z,120hour_target_crosses_boundary
outer_or_final_4_inner_1_training,2020-11-23T19:00:00Z,2020-11-28T19:00:00Z,2020-11-26T00:00:00Z,120hour_target_crosses_boundary
outer_or_final_4_inner_1_training,2020-11-23T20:00:00Z,2020-11-28T20:00:00Z,2020-11-26T00:00:00Z,120hour_target_crosses_boundary
outer_or_final_4_inner_1_training,2020-11-23T21:00:00Z,2020-11-28T21:00:00Z,2020-11-26T00:00:00Z,120hour_target_crosses_boundary
outer_or_final_4_inner_1_training,2020-11-23T22:00:00Z,2020-11-28T22:00:00Z,2020-11-26T00:00:00Z,120hour_target_crosses_boundary
outer_or_final_4_inner_1_training,2020-11-23T23:00:00Z,2020-11-28T23:00:00Z,2020-11-26T00:00:00Z,120hour_target_crosses_boundary
outer_or_final_4_inner_1_training,2020-11-24T00:00:00Z,2020-11-29T00:00:00Z,2020-11-26T00:00:00Z,120hour_target_crosses_boundary
outer_or_final_4_inner_1_training,2020-11-24T01:00:00Z,2020-11-29T01:00:00Z,2020-11-26T00:00:00Z,120hour_target_crosses_boundary
outer_or_final_4_inner_1_training,2020-11-24T02:00:00Z,2020-11-29T02:00:00Z,2020-11-26T00:00:00Z,120hour_target_crosses_boundary
outer_or_final_4_inner_1_training,2020-11-24T03:00:00Z,2020-11-29T03:00:00Z,2020-11-26T00:00:00Z,120hour_target_crosses_boundary
outer_or_final_4_inner_1_training,2020-11-24T04:00:00Z,2020-11-29T04:00:00Z,2020-11-26T00:00:00Z,120hour_target_crosses_boundary
outer_or_final_4_inner_1_training,2020-11-24T05:00:00Z,2020-11-29T05:00:00Z,2020-11-26T00:00:00Z,120hour_target_crosses_boundary
outer_or_final_4_inner_1_training,2020-11-24T06:00:00Z,2020-11-29T06:00:00Z,2020-11-26T00:00:00Z,120hour_target_crosses_boundary
outer_or_final_4_inner_1_training,2020-11-24T07:00:00Z,2020-11-29T07:00:00Z,2020-11-26T00:00:00Z,120hour_target_crosses_boundary
outer_or_final_4_inner_1_training,2020-11-24T08:00:00Z,2020-11-29T08:00:00Z,2020-11-26T00:00:00Z,120hour_target_crosses_boundary
outer_or_final_4_inner_1_training,2020-11-24T09:00:00Z,2020-11-29T09:00:00Z,2020-11-26T00:00:00Z,120hour_target_crosses_boundary
outer_or_final_4_inner_1_training,2020-11-24T10:00:00Z,2020-11-29T10:00:00Z,2020-11-26T00:00:00Z,120hour_target_crosses_boundary
outer_or_final_4_inner_1_training,2020-11-24T11:00:00Z,2020-11-29T11:00:00Z,2020-11-26T00:00:00Z,120hour_target_crosses_boundary
outer_or_final_4_inner_1_training,2020-11-24T12:00:00Z,2020-11-29T12:00:00Z,2020-11-26T00:00:00Z,120hour_target_crosses_boundary
outer_or_final_4_inner_1_training,2020-11-24T13:00:00Z,2020-11-29T13:00:00Z,2020-11-26T00:00:00Z,120hour_target_crosses_boundary
outer_or_final_4_inner_1_training,2020-11-24T14:00:00Z,2020-11-29T14:00:00Z,2020-11-26T00:00:00Z,120hour_target_crosses_boundary
outer_or_final_4_inner_1_training,2020-11-24T15:00:00Z,2020-11-29T15:00:00Z,2020-11-26T00:00:00Z,120hour_target_crosses_boundary
outer_or_final_4_inner_1_training,2020-11-24T16:00:00Z,2020-11-29T16:00:00Z,2020-11-26T00:00:00Z,120hour_target_crosses_boundary
outer_or_final_4_inner_1_training,2020-11-24T17:00:00Z,2020-11-29T17:00:00Z,2020-11-26T00:00:00Z,120hour_target_crosses_boundary
outer_or_final_4_inner_1_training,2020-11-24T18:00:00Z,2020-11-29T18:00:00Z,2020-11-26T00:00:00Z,120hour_target_crosses_boundary
outer_or_final_4_inner_1_training,2020-11-24T19:00:00Z,2020-11-29T19:00:00Z,2020-11-26T00:00:00Z,120hour_target_crosses_boundary
outer_or_final_4_inner_1_training,2020-11-24T20:00:00Z,2020-11-29T20:00:00Z,2020-11-26T00:00:00Z,120hour_target_crosses_boundary
outer_or_final_4_inner_1_training,2020-11-24T21:00:00Z,2020-11-29T21:00:00Z,2020-11-26T00:00:00Z,120hour_target_crosses_boundary
outer_or_final_4_inner_1_training,2020-11-24T22:00:00Z,2020-11-29T22:00:00Z,2020-11-26T00:00:00Z,120hour_target_crosses_boundary
outer_or_final_4_inner_1_training,2020-11-24T23:00:00Z,2020-11-29T23:00:00Z,2020-11-26T00:00:00Z,120hour_target_crosses_boundary
outer_or_final_4_inner_1_training,2020-11-25T00:00:00Z,2020-11-30T00:00:00Z,2020-11-26T00:00:00Z,120hour_target_crosses_boundary
outer_or_final_4_inner_1_training,2020-11-25T01:00:00Z,2020-11-30T01:00:00Z,2020-11-26T00:00:00Z,120hour_target_crosses_boundary
outer_or_final_4_inner_1_training,2020-11-25T02:00:00Z,2020-11-30T02:00:00Z,2020-11-26T00:00:00Z,120hour_target_crosses_boundary
outer_or_final_4_inner_1_training,2020-11-25T03:00:00Z,2020-11-30T03:00:00Z,2020-11-26T00:00:00Z,120hour_target_crosses_boundary
outer_or_final_4_inner_1_training,2020-11-25T04:00:00Z,2020-11-30T04:00:00Z,2020-11-26T00:00:00Z,120hour_target_crosses_boundary
outer_or_final_4_inner_1_training,2020-11-25T05:00:00Z,2020-11-30T05:00:00Z,2020-11-26T00:00:00Z,120hour_target_crosses_boundary
outer_or_final_4_inner_1_training,2020-11-25T06:00:00Z,2020-11-30T06:00:00Z,2020-11-26T00:00:00Z,120hour_target_crosses_boundary
outer_or_final_4_inner_1_training,2020-11-25T07:00:00Z,2020-11-30T07:00:00Z,2020-11-26T00:00:00Z,120hour_target_crosses_boundary
outer_or_final_4_inner_1_training,2020-11-25T08:00:00Z,2020-11-30T08:00:00Z,2020-11-26T00:00:00Z,120hour_target_crosses_boundary
outer_or_final_4_inner_1_training,2020-11-25T09:00:00Z,2020-11-30T09:00:00Z,2020-11-26T00:00:00Z,120hour_target_crosses_boundary
outer_or_final_4_inner_1_training,2020-11-25T10:00:00Z,2020-11-30T10:00:00Z,2020-11-26T00:00:00Z,120hour_target_crosses_boundary
outer_or_final_4_inner_1_training,2020-11-25T11:00:00Z,2020-11-30T11:00:00Z,2020-11-26T00:00:00Z,120hour_target_crosses_boundary
outer_or_final_4_inner_1_training,2020-11-25T12:00:00Z,2020-11-30T12:00:00Z,2020-11-26T00:00:00Z,120hour_target_crosses_boundary
outer_or_final_4_inner_1_training,2020-11-25T13:00:00Z,2020-11-30T13:00:00Z,2020-11-26T00:00:00Z,120hour_target_crosses_boundary
outer_or_final_4_inner_1_training,2020-11-25T14:00:00Z,2020-11-30T14:00:00Z,2020-11-26T00:00:00Z,120hour_target_crosses_boundary
outer_or_final_4_inner_1_training,2020-11-25T15:00:00Z,2020-11-30T15:00:00Z,2020-11-26T00:00:00Z,120hour_target_crosses_boundary
outer_or_final_4_inner_1_training,2020-11-25T16:00:00Z,2020-11-30T16:00:00Z,2020-11-26T00:00:00Z,120hour_target_crosses_boundary
outer_or_final_4_inner_1_training,2020-11-25T17:00:00Z,2020-11-30T17:00:00Z,2020-11-26T00:00:00Z,120hour_target_crosses_boundary
outer_or_final_4_inner_1_training,2020-11-25T18:00:00Z,2020-11-30T18:00:00Z,2020-11-26T00:00:00Z,120hour_target_crosses_boundary
outer_or_final_4_inner_1_training,2020-11-25T19:00:00Z,2020-11-30T19:00:00Z,2020-11-26T00:00:00Z,120hour_target_crosses_boundary
outer_or_final_4_inner_1_training,2020-11-25T20:00:00Z,2020-11-30T20:00:00Z,2020-11-26T00:00:00Z,120hour_target_crosses_boundary
outer_or_final_4_inner_1_training,2020-11-25T21:00:00Z,2020-11-30T21:00:00Z,2020-11-26T00:00:00Z,120hour_target_crosses_boundary
outer_or_final_4_inner_1_training,2020-11-25T22:00:00Z,2020-11-30T22:00:00Z,2020-11-26T00:00:00Z,120hour_target_crosses_boundary
outer_or_final_4_inner_1_training,2020-11-25T23:00:00Z,2020-11-30T23:00:00Z,2020-11-26T00:00:00Z,120hour_target_crosses_boundary
outer_or_final_4_inner_1_validation,2022-03-10T17:00:00Z,2022-03-15T17:00:00Z,2022-03-15T16:00:00Z,120hour_target_crosses_boundary
outer_or_final_4_inner_1_validation,2022-03-10T18:00:00Z,2022-03-15T18:00:00Z,2022-03-15T16:00:00Z,120hour_target_crosses_boundary
outer_or_final_4_inner_1_validation,2022-03-10T19:00:00Z,2022-03-15T19:00:00Z,2022-03-15T16:00:00Z,120hour_target_crosses_boundary
outer_or_final_4_inner_1_validation,2022-03-10T20:00:00Z,2022-03-15T20:00:00Z,2022-03-15T16:00:00Z,120hour_target_crosses_boundary
outer_or_final_4_inner_1_validation,2022-03-10T21:00:00Z,2022-03-15T21:00:00Z,2022-03-15T16:00:00Z,120hour_target_crosses_boundary
outer_or_final_4_inner_1_validation,2022-03-10T22:00:00Z,2022-03-15T22:00:00Z,2022-03-15T16:00:00Z,120hour_target_crosses_boundary
outer_or_final_4_inner_1_validation,2022-03-10T23:00:00Z,2022-03-15T23:00:00Z,2022-03-15T16:00:00Z,120hour_target_crosses_boundary
outer_or_final_4_inner_1_validation,2022-03-11T00:00:00Z,2022-03-16T00:00:00Z,2022-03-15T16:00:00Z,120hour_target_crosses_boundary
outer_or_final_4_inner_1_validation,2022-03-11T01:00:00Z,2022-03-16T01:00:00Z,2022-03-15T16:00:00Z,120hour_target_crosses_boundary
outer_or_final_4_inner_1_validation,2022-03-11T02:00:00Z,2022-03-16T02:00:00Z,2022-03-15T16:00:00Z,120hour_target_crosses_boundary
outer_or_final_4_inner_1_validation,2022-03-11T03:00:00Z,2022-03-16T03:00:00Z,2022-03-15T16:00:00Z,120hour_target_crosses_boundary
outer_or_final_4_inner_1_validation,2022-03-11T04:00:00Z,2022-03-16T04:00:00Z,2022-03-15T16:00:00Z,120hour_target_crosses_boundary
outer_or_final_4_inner_1_validation,2022-03-11T05:00:00Z,2022-03-16T05:00:00Z,2022-03-15T16:00:00Z,120hour_target_crosses_boundary
outer_or_final_4_inner_1_validation,2022-03-11T06:00:00Z,2022-03-16T06:00:00Z,2022-03-15T16:00:00Z,120hour_target_crosses_boundary
outer_or_final_4_inner_1_validation,2022-03-11T07:00:00Z,2022-03-16T07:00:00Z,2022-03-15T16:00:00Z,120hour_target_crosses_boundary
outer_or_final_4_inner_1_validation,2022-03-11T08:00:00Z,2022-03-16T08:00:00Z,2022-03-15T16:00:00Z,120hour_target_crosses_boundary
outer_or_final_4_inner_1_validation,2022-03-11T09:00:00Z,2022-03-16T09:00:00Z,2022-03-15T16:00:00Z,120hour_target_crosses_boundary
outer_or_final_4_inner_1_validation,2022-03-11T10:00:00Z,2022-03-16T10:00:00Z,2022-03-15T16:00:00Z,120hour_target_crosses_boundary
outer_or_final_4_inner_1_validation,2022-03-11T11:00:00Z,2022-03-16T11:00:00Z,2022-03-15T16:00:00Z,120hour_target_crosses_boundary
outer_or_final_4_inner_1_validation,2022-03-11T12:00:00Z,2022-03-16T12:00:00Z,2022-03-15T16:00:00Z,120hour_target_crosses_boundary
outer_or_final_4_inner_1_validation,2022-03-11T13:00:00Z,2022-03-16T13:00:00Z,2022-03-15T16:00:00Z,120hour_target_crosses_boundary
outer_or_final_4_inner_1_validation,2022-03-11T14:00:00Z,2022-03-16T14:00:00Z,2022-03-15T16:00:00Z,120hour_target_crosses_boundary
outer_or_final_4_inner_1_validation,2022-03-11T15:00:00Z,2022-03-16T15:00:00Z,2022-03-15T16:00:00Z,120hour_target_crosses_boundary
outer_or_final_4_inner_1_validation,2022-03-11T16:00:00Z,2022-03-16T16:00:00Z,2022-03-15T16:00:00Z,120hour_target_crosses_boundary
outer_or_final_4_inner_1_validation,2022-03-11T17:00:00Z,2022-03-16T17:00:00Z,2022-03-15T16:00:00Z,120hour_target_crosses_boundary
outer_or_final_4_inner_1_validation,2022-03-11T18:00:00Z,2022-03-16T18:00:00Z,2022-03-15T16:00:00Z,120hour_target_crosses_boundary
outer_or_final_4_inner_1_validation,2022-03-11T19:00:00Z,2022-03-16T19:00:00Z,2022-03-15T16:00:00Z,120hour_target_crosses_boundary
outer_or_final_4_inner_1_validation,2022-03-11T20:00:00Z,2022-03-16T20:00:00Z,2022-03-15T16:00:00Z,120hour_target_crosses_boundary
outer_or_final_4_inner_1_validation,2022-03-11T21:00:00Z,2022-03-16T21:00:00Z,2022-03-15T16:00:00Z,120hour_target_crosses_boundary
outer_or_final_4_inner_1_validation,2022-03-11T22:00:00Z,2022-03-16T22:00:00Z,2022-03-15T16:00:00Z,120hour_target_crosses_boundary
outer_or_final_4_inner_1_validation,2022-03-11T23:00:00Z,2022-03-16T23:00:00Z,2022-03-15T16:00:00Z,120hour_target_crosses_boundary
outer_or_final_4_inner_1_validation,2022-03-12T00:00:00Z,2022-03-17T00:00:00Z,2022-03-15T16:00:00Z,120hour_target_crosses_boundary
outer_or_final_4_inner_1_validation,2022-03-12T01:00:00Z,2022-03-17T01:00:00Z,2022-03-15T16:00:00Z,120hour_target_crosses_boundary
outer_or_final_4_inner_1_validation,2022-03-12T02:00:00Z,2022-03-17T02:00:00Z,2022-03-15T16:00:00Z,120hour_target_crosses_boundary
outer_or_final_4_inner_1_validation,2022-03-12T03:00:00Z,2022-03-17T03:00:00Z,2022-03-15T16:00:00Z,120hour_target_crosses_boundary
outer_or_final_4_inner_1_validation,2022-03-12T04:00:00Z,2022-03-17T04:00:00Z,2022-03-15T16:00:00Z,120hour_target_crosses_boundary
outer_or_final_4_inner_1_validation,2022-03-12T05:00:00Z,2022-03-17T05:00:00Z,2022-03-15T16:00:00Z,120hour_target_crosses_boundary
outer_or_final_4_inner_1_validation,2022-03-12T06:00:00Z,2022-03-17T06:00:00Z,2022-03-15T16:00:00Z,120hour_target_crosses_boundary
outer_or_final_4_inner_1_validation,2022-03-12T07:00:00Z,2022-03-17T07:00:00Z,2022-03-15T16:00:00Z,120hour_target_crosses_boundary
outer_or_final_4_inner_1_validation,2022-03-12T08:00:00Z,2022-03-17T08:00:00Z,2022-03-15T16:00:00Z,120hour_target_crosses_boundary
outer_or_final_4_inner_1_validation,2022-03-12T09:00:00Z,2022-03-17T09:00:00Z,2022-03-15T16:00:00Z,120hour_target_crosses_boundary
outer_or_final_4_inner_1_validation,2022-03-12T10:00:00Z,2022-03-17T10:00:00Z,2022-03-15T16:00:00Z,120hour_target_crosses_boundary
outer_or_final_4_inner_1_validation,2022-03-12T11:00:00Z,2022-03-17T11:00:00Z,2022-03-15T16:00:00Z,120hour_target_crosses_boundary
outer_or_final_4_inner_1_validation,2022-03-12T12:00:00Z,2022-03-17T12:00:00Z,2022-03-15T16:00:00Z,120hour_target_crosses_boundary
outer_or_final_4_inner_1_validation,2022-03-12T13:00:00Z,2022-03-17T13:00:00Z,2022-03-15T16:00:00Z,120hour_target_crosses_boundary
outer_or_final_4_inner_1_validation,2022-03-12T14:00:00Z,2022-03-17T14:00:00Z,2022-03-15T16:00:00Z,120hour_target_crosses_boundary
outer_or_final_4_inner_1_validation,2022-03-12T15:00:00Z,2022-03-17T15:00:00Z,2022-03-15T16:00:00Z,120hour_target_crosses_boundary
outer_or_final_4_inner_1_validation,2022-03-12T16:00:00Z,2022-03-17T16:00:00Z,2022-03-15T16:00:00Z,120hour_target_crosses_boundary
outer_or_final_4_inner_1_validation,2022-03-12T17:00:00Z,2022-03-17T17:00:00Z,2022-03-15T16:00:00Z,120hour_target_crosses_boundary
outer_or_final_4_inner_1_validation,2022-03-12T18:00:00Z,2022-03-17T18:00:00Z,2022-03-15T16:00:00Z,120hour_target_crosses_boundary
outer_or_final_4_inner_1_validation,2022-03-12T19:00:00Z,2022-03-17T19:00:00Z,2022-03-15T16:00:00Z,120hour_target_crosses_boundary
outer_or_final_4_inner_1_validation,2022-03-12T20:00:00Z,2022-03-17T20:00:00Z,2022-03-15T16:00:00Z,120hour_target_crosses_boundary
outer_or_final_4_inner_1_validation,2022-03-12T21:00:00Z,2022-03-17T21:00:00Z,2022-03-15T16:00:00Z,120hour_target_crosses_boundary
outer_or_final_4_inner_1_validation,2022-03-12T22:00:00Z,2022-03-17T22:00:00Z,2022-03-15T16:00:00Z,120hour_target_crosses_boundary
outer_or_final_4_inner_1_validation,2022-03-12T23:00:00Z,2022-03-17T23:00:00Z,2022-03-15T16:00:00Z,120hour_target_crosses_boundary
outer_or_final_4_inner_1_validation,2022-03-13T00:00:00Z,2022-03-18T00:00:00Z,2022-03-15T16:00:00Z,120hour_target_crosses_boundary
outer_or_final_4_inner_1_validation,2022-03-13T01:00:00Z,2022-03-18T01:00:00Z,2022-03-15T16:00:00Z,120hour_target_crosses_boundary
outer_or_final_4_inner_1_validation,2022-03-13T02:00:00Z,2022-03-18T02:00:00Z,2022-03-15T16:00:00Z,120hour_target_crosses_boundary
outer_or_final_4_inner_1_validation,2022-03-13T03:00:00Z,2022-03-18T03:00:00Z,2022-03-15T16:00:00Z,120hour_target_crosses_boundary
outer_or_final_4_inner_1_validation,2022-03-13T04:00:00Z,2022-03-18T04:00:00Z,2022-03-15T16:00:00Z,120hour_target_crosses_boundary
outer_or_final_4_inner_1_validation,2022-03-13T05:00:00Z,2022-03-18T05:00:00Z,2022-03-15T16:00:00Z,120hour_target_crosses_boundary
outer_or_final_4_inner_1_validation,2022-03-13T06:00:00Z,2022-03-18T06:00:00Z,2022-03-15T16:00:00Z,120hour_target_crosses_boundary
outer_or_final_4_inner_1_validation,2022-03-13T07:00:00Z,2022-03-18T07:00:00Z,2022-03-15T16:00:00Z,120hour_target_crosses_boundary
outer_or_final_4_inner_1_validation,2022-03-13T08:00:00Z,2022-03-18T08:00:00Z,2022-03-15T16:00:00Z,120hour_target_crosses_boundary
outer_or_final_4_inner_1_validation,2022-03-13T09:00:00Z,2022-03-18T09:00:00Z,2022-03-15T16:00:00Z,120hour_target_crosses_boundary
outer_or_final_4_inner_1_validation,2022-03-13T10:00:00Z,2022-03-18T10:00:00Z,2022-03-15T16:00:00Z,120hour_target_crosses_boundary
outer_or_final_4_inner_1_validation,2022-03-13T11:00:00Z,2022-03-18T11:00:00Z,2022-03-15T16:00:00Z,120hour_target_crosses_boundary
outer_or_final_4_inner_1_validation,2022-03-13T12:00:00Z,2022-03-18T12:00:00Z,2022-03-15T16:00:00Z,120hour_target_crosses_boundary
outer_or_final_4_inner_1_validation,2022-03-13T13:00:00Z,2022-03-18T13:00:00Z,2022-03-15T16:00:00Z,120hour_target_crosses_boundary
outer_or_final_4_inner_1_validation,2022-03-13T14:00:00Z,2022-03-18T14:00:00Z,2022-03-15T16:00:00Z,120hour_target_crosses_boundary
outer_or_final_4_inner_1_validation,2022-03-13T15:00:00Z,2022-03-18T15:00:00Z,2022-03-15T16:00:00Z,120hour_target_crosses_boundary
outer_or_final_4_inner_1_validation,2022-03-13T16:00:00Z,2022-03-18T16:00:00Z,2022-03-15T16:00:00Z,120hour_target_crosses_boundary
outer_or_final_4_inner_1_validation,2022-03-13T17:00:00Z,2022-03-18T17:00:00Z,2022-03-15T16:00:00Z,120hour_target_crosses_boundary
outer_or_final_4_inner_1_validation,2022-03-13T18:00:00Z,2022-03-18T18:00:00Z,2022-03-15T16:00:00Z,120hour_target_crosses_boundary
outer_or_final_4_inner_1_validation,2022-03-13T19:00:00Z,2022-03-18T19:00:00Z,2022-03-15T16:00:00Z,120hour_target_crosses_boundary
outer_or_final_4_inner_1_validation,2022-03-13T20:00:00Z,2022-03-18T20:00:00Z,2022-03-15T16:00:00Z,120hour_target_crosses_boundary
outer_or_final_4_inner_1_validation,2022-03-13T21:00:00Z,2022-03-18T21:00:00Z,2022-03-15T16:00:00Z,120hour_target_crosses_boundary
outer_or_final_4_inner_1_validation,2022-03-13T22:00:00Z,2022-03-18T22:00:00Z,2022-03-15T16:00:00Z,120hour_target_crosses_boundary
outer_or_final_4_inner_1_validation,2022-03-13T23:00:00Z,2022-03-18T23:00:00Z,2022-03-15T16:00:00Z,120hour_target_crosses_boundary
outer_or_final_4_inner_1_validation,2022-03-14T00:00:00Z,2022-03-19T00:00:00Z,2022-03-15T16:00:00Z,120hour_target_crosses_boundary
outer_or_final_4_inner_1_validation,2022-03-14T01:00:00Z,2022-03-19T01:00:00Z,2022-03-15T16:00:00Z,120hour_target_crosses_boundary
outer_or_final_4_inner_1_validation,2022-03-14T02:00:00Z,2022-03-19T02:00:00Z,2022-03-15T16:00:00Z,120hour_target_crosses_boundary
outer_or_final_4_inner_1_validation,2022-03-14T03:00:00Z,2022-03-19T03:00:00Z,2022-03-15T16:00:00Z,120hour_target_crosses_boundary
outer_or_final_4_inner_1_validation,2022-03-14T04:00:00Z,2022-03-19T04:00:00Z,2022-03-15T16:00:00Z,120hour_target_crosses_boundary
outer_or_final_4_inner_1_validation,2022-03-14T05:00:00Z,2022-03-19T05:00:00Z,2022-03-15T16:00:00Z,120hour_target_crosses_boundary
outer_or_final_4_inner_1_validation,2022-03-14T06:00:00Z,2022-03-19T06:00:00Z,2022-03-15T16:00:00Z,120hour_target_crosses_boundary
outer_or_final_4_inner_1_validation,2022-03-14T07:00:00Z,2022-03-19T07:00:00Z,2022-03-15T16:00:00Z,120hour_target_crosses_boundary
outer_or_final_4_inner_1_validation,2022-03-14T08:00:00Z,2022-03-19T08:00:00Z,2022-03-15T16:00:00Z,120hour_target_crosses_boundary
outer_or_final_4_inner_1_validation,2022-03-14T09:00:00Z,2022-03-19T09:00:00Z,2022-03-15T16:00:00Z,120hour_target_crosses_boundary
outer_or_final_4_inner_1_validation,2022-03-14T10:00:00Z,2022-03-19T10:00:00Z,2022-03-15T16:00:00Z,120hour_target_crosses_boundary
outer_or_final_4_inner_1_validation,2022-03-14T11:00:00Z,2022-03-19T11:00:00Z,2022-03-15T16:00:00Z,120hour_target_crosses_boundary
outer_or_final_4_inner_1_validation,2022-03-14T12:00:00Z,2022-03-19T12:00:00Z,2022-03-15T16:00:00Z,120hour_target_crosses_boundary
outer_or_final_4_inner_1_validation,2022-03-14T13:00:00Z,2022-03-19T13:00:00Z,2022-03-15T16:00:00Z,120hour_target_crosses_boundary
outer_or_final_4_inner_1_validation,2022-03-14T14:00:00Z,2022-03-19T14:00:00Z,2022-03-15T16:00:00Z,120hour_target_crosses_boundary
outer_or_final_4_inner_1_validation,2022-03-14T15:00:00Z,2022-03-19T15:00:00Z,2022-03-15T16:00:00Z,120hour_target_crosses_boundary
outer_or_final_4_inner_1_validation,2022-03-14T16:00:00Z,2022-03-19T16:00:00Z,2022-03-15T16:00:00Z,120hour_target_crosses_boundary
outer_or_final_4_inner_1_validation,2022-03-14T17:00:00Z,2022-03-19T17:00:00Z,2022-03-15T16:00:00Z,120hour_target_crosses_boundary
outer_or_final_4_inner_1_validation,2022-03-14T18:00:00Z,2022-03-19T18:00:00Z,2022-03-15T16:00:00Z,120hour_target_crosses_boundary
outer_or_final_4_inner_1_validation,2022-03-14T19:00:00Z,2022-03-19T19:00:00Z,2022-03-15T16:00:00Z,120hour_target_crosses_boundary
outer_or_final_4_inner_1_validation,2022-03-14T20:00:00Z,2022-03-19T20:00:00Z,2022-03-15T16:00:00Z,120hour_target_crosses_boundary
outer_or_final_4_inner_1_validation,2022-03-14T21:00:00Z,2022-03-19T21:00:00Z,2022-03-15T16:00:00Z,120hour_target_crosses_boundary
outer_or_final_4_inner_1_validation,2022-03-14T22:00:00Z,2022-03-19T22:00:00Z,2022-03-15T16:00:00Z,120hour_target_crosses_boundary
outer_or_final_4_inner_1_validation,2022-03-14T23:00:00Z,2022-03-19T23:00:00Z,2022-03-15T16:00:00Z,120hour_target_crosses_boundary
outer_or_final_4_inner_1_validation,2022-03-15T00:00:00Z,2022-03-20T00:00:00Z,2022-03-15T16:00:00Z,120hour_target_crosses_boundary
outer_or_final_4_inner_1_validation,2022-03-15T01:00:00Z,2022-03-20T01:00:00Z,2022-03-15T16:00:00Z,120hour_target_crosses_boundary
outer_or_final_4_inner_1_validation,2022-03-15T02:00:00Z,2022-03-20T02:00:00Z,2022-03-15T16:00:00Z,120hour_target_crosses_boundary
outer_or_final_4_inner_1_validation,2022-03-15T03:00:00Z,2022-03-20T03:00:00Z,2022-03-15T16:00:00Z,120hour_target_crosses_boundary
outer_or_final_4_inner_1_validation,2022-03-15T04:00:00Z,2022-03-20T04:00:00Z,2022-03-15T16:00:00Z,120hour_target_crosses_boundary
outer_or_final_4_inner_1_validation,2022-03-15T05:00:00Z,2022-03-20T05:00:00Z,2022-03-15T16:00:00Z,120hour_target_crosses_boundary
outer_or_final_4_inner_1_validation,2022-03-15T06:00:00Z,2022-03-20T06:00:00Z,2022-03-15T16:00:00Z,120hour_target_crosses_boundary
outer_or_final_4_inner_1_validation,2022-03-15T07:00:00Z,2022-03-20T07:00:00Z,2022-03-15T16:00:00Z,120hour_target_crosses_boundary
outer_or_final_4_inner_1_validation,2022-03-15T08:00:00Z,2022-03-20T08:00:00Z,2022-03-15T16:00:00Z,120hour_target_crosses_boundary
outer_or_final_4_inner_1_validation,2022-03-15T09:00:00Z,2022-03-20T09:00:00Z,2022-03-15T16:00:00Z,120hour_target_crosses_boundary
outer_or_final_4_inner_1_validation,2022-03-15T10:00:00Z,2022-03-20T10:00:00Z,2022-03-15T16:00:00Z,120hour_target_crosses_boundary
outer_or_final_4_inner_1_validation,2022-03-15T11:00:00Z,2022-03-20T11:00:00Z,2022-03-15T16:00:00Z,120hour_target_crosses_boundary
outer_or_final_4_inner_1_validation,2022-03-15T12:00:00Z,2022-03-20T12:00:00Z,2022-03-15T16:00:00Z,120hour_target_crosses_boundary
outer_or_final_4_inner_1_validation,2022-03-15T13:00:00Z,2022-03-20T13:00:00Z,2022-03-15T16:00:00Z,120hour_target_crosses_boundary
outer_or_final_4_inner_1_validation,2022-03-15T14:00:00Z,2022-03-20T14:00:00Z,2022-03-15T16:00:00Z,120hour_target_crosses_boundary
outer_or_final_4_inner_1_validation,2022-03-15T15:00:00Z,2022-03-20T15:00:00Z,2022-03-15T16:00:00Z,120hour_target_crosses_boundary
outer_or_final_4_inner_2_training,2022-03-10T17:00:00Z,2022-03-15T17:00:00Z,2022-03-15T16:00:00Z,120hour_target_crosses_boundary
outer_or_final_4_inner_2_training,2022-03-10T18:00:00Z,2022-03-15T18:00:00Z,2022-03-15T16:00:00Z,120hour_target_crosses_boundary
outer_or_final_4_inner_2_training,2022-03-10T19:00:00Z,2022-03-15T19:00:00Z,2022-03-15T16:00:00Z,120hour_target_crosses_boundary
outer_or_final_4_inner_2_training,2022-03-10T20:00:00Z,2022-03-15T20:00:00Z,2022-03-15T16:00:00Z,120hour_target_crosses_boundary
outer_or_final_4_inner_2_training,2022-03-10T21:00:00Z,2022-03-15T21:00:00Z,2022-03-15T16:00:00Z,120hour_target_crosses_boundary
outer_or_final_4_inner_2_training,2022-03-10T22:00:00Z,2022-03-15T22:00:00Z,2022-03-15T16:00:00Z,120hour_target_crosses_boundary
outer_or_final_4_inner_2_training,2022-03-10T23:00:00Z,2022-03-15T23:00:00Z,2022-03-15T16:00:00Z,120hour_target_crosses_boundary
outer_or_final_4_inner_2_training,2022-03-11T00:00:00Z,2022-03-16T00:00:00Z,2022-03-15T16:00:00Z,120hour_target_crosses_boundary
outer_or_final_4_inner_2_training,2022-03-11T01:00:00Z,2022-03-16T01:00:00Z,2022-03-15T16:00:00Z,120hour_target_crosses_boundary
outer_or_final_4_inner_2_training,2022-03-11T02:00:00Z,2022-03-16T02:00:00Z,2022-03-15T16:00:00Z,120hour_target_crosses_boundary
outer_or_final_4_inner_2_training,2022-03-11T03:00:00Z,2022-03-16T03:00:00Z,2022-03-15T16:00:00Z,120hour_target_crosses_boundary
outer_or_final_4_inner_2_training,2022-03-11T04:00:00Z,2022-03-16T04:00:00Z,2022-03-15T16:00:00Z,120hour_target_crosses_boundary
outer_or_final_4_inner_2_training,2022-03-11T05:00:00Z,2022-03-16T05:00:00Z,2022-03-15T16:00:00Z,120hour_target_crosses_boundary
outer_or_final_4_inner_2_training,2022-03-11T06:00:00Z,2022-03-16T06:00:00Z,2022-03-15T16:00:00Z,120hour_target_crosses_boundary
outer_or_final_4_inner_2_training,2022-03-11T07:00:00Z,2022-03-16T07:00:00Z,2022-03-15T16:00:00Z,120hour_target_crosses_boundary
outer_or_final_4_inner_2_training,2022-03-11T08:00:00Z,2022-03-16T08:00:00Z,2022-03-15T16:00:00Z,120hour_target_crosses_boundary
outer_or_final_4_inner_2_training,2022-03-11T09:00:00Z,2022-03-16T09:00:00Z,2022-03-15T16:00:00Z,120hour_target_crosses_boundary
outer_or_final_4_inner_2_training,2022-03-11T10:00:00Z,2022-03-16T10:00:00Z,2022-03-15T16:00:00Z,120hour_target_crosses_boundary
outer_or_final_4_inner_2_training,2022-03-11T11:00:00Z,2022-03-16T11:00:00Z,2022-03-15T16:00:00Z,120hour_target_crosses_boundary
outer_or_final_4_inner_2_training,2022-03-11T12:00:00Z,2022-03-16T12:00:00Z,2022-03-15T16:00:00Z,120hour_target_crosses_boundary
outer_or_final_4_inner_2_training,2022-03-11T13:00:00Z,2022-03-16T13:00:00Z,2022-03-15T16:00:00Z,120hour_target_crosses_boundary
outer_or_final_4_inner_2_training,2022-03-11T14:00:00Z,2022-03-16T14:00:00Z,2022-03-15T16:00:00Z,120hour_target_crosses_boundary
outer_or_final_4_inner_2_training,2022-03-11T15:00:00Z,2022-03-16T15:00:00Z,2022-03-15T16:00:00Z,120hour_target_crosses_boundary
outer_or_final_4_inner_2_training,2022-03-11T16:00:00Z,2022-03-16T16:00:00Z,2022-03-15T16:00:00Z,120hour_target_crosses_boundary
outer_or_final_4_inner_2_training,2022-03-11T17:00:00Z,2022-03-16T17:00:00Z,2022-03-15T16:00:00Z,120hour_target_crosses_boundary
outer_or_final_4_inner_2_training,2022-03-11T18:00:00Z,2022-03-16T18:00:00Z,2022-03-15T16:00:00Z,120hour_target_crosses_boundary
outer_or_final_4_inner_2_training,2022-03-11T19:00:00Z,2022-03-16T19:00:00Z,2022-03-15T16:00:00Z,120hour_target_crosses_boundary
outer_or_final_4_inner_2_training,2022-03-11T20:00:00Z,2022-03-16T20:00:00Z,2022-03-15T16:00:00Z,120hour_target_crosses_boundary
outer_or_final_4_inner_2_training,2022-03-11T21:00:00Z,2022-03-16T21:00:00Z,2022-03-15T16:00:00Z,120hour_target_crosses_boundary
outer_or_final_4_inner_2_training,2022-03-11T22:00:00Z,2022-03-16T22:00:00Z,2022-03-15T16:00:00Z,120hour_target_crosses_boundary
outer_or_final_4_inner_2_training,2022-03-11T23:00:00Z,2022-03-16T23:00:00Z,2022-03-15T16:00:00Z,120hour_target_crosses_boundary
outer_or_final_4_inner_2_training,2022-03-12T00:00:00Z,2022-03-17T00:00:00Z,2022-03-15T16:00:00Z,120hour_target_crosses_boundary
outer_or_final_4_inner_2_training,2022-03-12T01:00:00Z,2022-03-17T01:00:00Z,2022-03-15T16:00:00Z,120hour_target_crosses_boundary
outer_or_final_4_inner_2_training,2022-03-12T02:00:00Z,2022-03-17T02:00:00Z,2022-03-15T16:00:00Z,120hour_target_crosses_boundary
outer_or_final_4_inner_2_training,2022-03-12T03:00:00Z,2022-03-17T03:00:00Z,2022-03-15T16:00:00Z,120hour_target_crosses_boundary
outer_or_final_4_inner_2_training,2022-03-12T04:00:00Z,2022-03-17T04:00:00Z,2022-03-15T16:00:00Z,120hour_target_crosses_boundary
outer_or_final_4_inner_2_training,2022-03-12T05:00:00Z,2022-03-17T05:00:00Z,2022-03-15T16:00:00Z,120hour_target_crosses_boundary
outer_or_final_4_inner_2_training,2022-03-12T06:00:00Z,2022-03-17T06:00:00Z,2022-03-15T16:00:00Z,120hour_target_crosses_boundary
outer_or_final_4_inner_2_training,2022-03-12T07:00:00Z,2022-03-17T07:00:00Z,2022-03-15T16:00:00Z,120hour_target_crosses_boundary
outer_or_final_4_inner_2_training,2022-03-12T08:00:00Z,2022-03-17T08:00:00Z,2022-03-15T16:00:00Z,120hour_target_crosses_boundary
outer_or_final_4_inner_2_training,2022-03-12T09:00:00Z,2022-03-17T09:00:00Z,2022-03-15T16:00:00Z,120hour_target_crosses_boundary
outer_or_final_4_inner_2_training,2022-03-12T10:00:00Z,2022-03-17T10:00:00Z,2022-03-15T16:00:00Z,120hour_target_crosses_boundary
outer_or_final_4_inner_2_training,2022-03-12T11:00:00Z,2022-03-17T11:00:00Z,2022-03-15T16:00:00Z,120hour_target_crosses_boundary
outer_or_final_4_inner_2_training,2022-03-12T12:00:00Z,2022-03-17T12:00:00Z,2022-03-15T16:00:00Z,120hour_target_crosses_boundary
outer_or_final_4_inner_2_training,2022-03-12T13:00:00Z,2022-03-17T13:00:00Z,2022-03-15T16:00:00Z,120hour_target_crosses_boundary
outer_or_final_4_inner_2_training,2022-03-12T14:00:00Z,2022-03-17T14:00:00Z,2022-03-15T16:00:00Z,120hour_target_crosses_boundary
outer_or_final_4_inner_2_training,2022-03-12T15:00:00Z,2022-03-17T15:00:00Z,2022-03-15T16:00:00Z,120hour_target_crosses_boundary
outer_or_final_4_inner_2_training,2022-03-12T16:00:00Z,2022-03-17T16:00:00Z,2022-03-15T16:00:00Z,120hour_target_crosses_boundary
outer_or_final_4_inner_2_training,2022-03-12T17:00:00Z,2022-03-17T17:00:00Z,2022-03-15T16:00:00Z,120hour_target_crosses_boundary
outer_or_final_4_inner_2_training,2022-03-12T18:00:00Z,2022-03-17T18:00:00Z,2022-03-15T16:00:00Z,120hour_target_crosses_boundary
outer_or_final_4_inner_2_training,2022-03-12T19:00:00Z,2022-03-17T19:00:00Z,2022-03-15T16:00:00Z,120hour_target_crosses_boundary
outer_or_final_4_inner_2_training,2022-03-12T20:00:00Z,2022-03-17T20:00:00Z,2022-03-15T16:00:00Z,120hour_target_crosses_boundary
outer_or_final_4_inner_2_training,2022-03-12T21:00:00Z,2022-03-17T21:00:00Z,2022-03-15T16:00:00Z,120hour_target_crosses_boundary
outer_or_final_4_inner_2_training,2022-03-12T22:00:00Z,2022-03-17T22:00:00Z,2022-03-15T16:00:00Z,120hour_target_crosses_boundary
outer_or_final_4_inner_2_training,2022-03-12T23:00:00Z,2022-03-17T23:00:00Z,2022-03-15T16:00:00Z,120hour_target_crosses_boundary
outer_or_final_4_inner_2_training,2022-03-13T00:00:00Z,2022-03-18T00:00:00Z,2022-03-15T16:00:00Z,120hour_target_crosses_boundary
outer_or_final_4_inner_2_training,2022-03-13T01:00:00Z,2022-03-18T01:00:00Z,2022-03-15T16:00:00Z,120hour_target_crosses_boundary
outer_or_final_4_inner_2_training,2022-03-13T02:00:00Z,2022-03-18T02:00:00Z,2022-03-15T16:00:00Z,120hour_target_crosses_boundary
outer_or_final_4_inner_2_training,2022-03-13T03:00:00Z,2022-03-18T03:00:00Z,2022-03-15T16:00:00Z,120hour_target_crosses_boundary
outer_or_final_4_inner_2_training,2022-03-13T04:00:00Z,2022-03-18T04:00:00Z,2022-03-15T16:00:00Z,120hour_target_crosses_boundary
outer_or_final_4_inner_2_training,2022-03-13T05:00:00Z,2022-03-18T05:00:00Z,2022-03-15T16:00:00Z,120hour_target_crosses_boundary
outer_or_final_4_inner_2_training,2022-03-13T06:00:00Z,2022-03-18T06:00:00Z,2022-03-15T16:00:00Z,120hour_target_crosses_boundary
outer_or_final_4_inner_2_training,2022-03-13T07:00:00Z,2022-03-18T07:00:00Z,2022-03-15T16:00:00Z,120hour_target_crosses_boundary
outer_or_final_4_inner_2_training,2022-03-13T08:00:00Z,2022-03-18T08:00:00Z,2022-03-15T16:00:00Z,120hour_target_crosses_boundary
outer_or_final_4_inner_2_training,2022-03-13T09:00:00Z,2022-03-18T09:00:00Z,2022-03-15T16:00:00Z,120hour_target_crosses_boundary
outer_or_final_4_inner_2_training,2022-03-13T10:00:00Z,2022-03-18T10:00:00Z,2022-03-15T16:00:00Z,120hour_target_crosses_boundary
outer_or_final_4_inner_2_training,2022-03-13T11:00:00Z,2022-03-18T11:00:00Z,2022-03-15T16:00:00Z,120hour_target_crosses_boundary
outer_or_final_4_inner_2_training,2022-03-13T12:00:00Z,2022-03-18T12:00:00Z,2022-03-15T16:00:00Z,120hour_target_crosses_boundary
outer_or_final_4_inner_2_training,2022-03-13T13:00:00Z,2022-03-18T13:00:00Z,2022-03-15T16:00:00Z,120hour_target_crosses_boundary
outer_or_final_4_inner_2_training,2022-03-13T14:00:00Z,2022-03-18T14:00:00Z,2022-03-15T16:00:00Z,120hour_target_crosses_boundary
outer_or_final_4_inner_2_training,2022-03-13T15:00:00Z,2022-03-18T15:00:00Z,2022-03-15T16:00:00Z,120hour_target_crosses_boundary
outer_or_final_4_inner_2_training,2022-03-13T16:00:00Z,2022-03-18T16:00:00Z,2022-03-15T16:00:00Z,120hour_target_crosses_boundary
outer_or_final_4_inner_2_training,2022-03-13T17:00:00Z,2022-03-18T17:00:00Z,2022-03-15T16:00:00Z,120hour_target_crosses_boundary
outer_or_final_4_inner_2_training,2022-03-13T18:00:00Z,2022-03-18T18:00:00Z,2022-03-15T16:00:00Z,120hour_target_crosses_boundary
outer_or_final_4_inner_2_training,2022-03-13T19:00:00Z,2022-03-18T19:00:00Z,2022-03-15T16:00:00Z,120hour_target_crosses_boundary
outer_or_final_4_inner_2_training,2022-03-13T20:00:00Z,2022-03-18T20:00:00Z,2022-03-15T16:00:00Z,120hour_target_crosses_boundary
outer_or_final_4_inner_2_training,2022-03-13T21:00:00Z,2022-03-18T21:00:00Z,2022-03-15T16:00:00Z,120hour_target_crosses_boundary
outer_or_final_4_inner_2_training,2022-03-13T22:00:00Z,2022-03-18T22:00:00Z,2022-03-15T16:00:00Z,120hour_target_crosses_boundary
outer_or_final_4_inner_2_training,2022-03-13T23:00:00Z,2022-03-18T23:00:00Z,2022-03-15T16:00:00Z,120hour_target_crosses_boundary
outer_or_final_4_inner_2_training,2022-03-14T00:00:00Z,2022-03-19T00:00:00Z,2022-03-15T16:00:00Z,120hour_target_crosses_boundary
outer_or_final_4_inner_2_training,2022-03-14T01:00:00Z,2022-03-19T01:00:00Z,2022-03-15T16:00:00Z,120hour_target_crosses_boundary
outer_or_final_4_inner_2_training,2022-03-14T02:00:00Z,2022-03-19T02:00:00Z,2022-03-15T16:00:00Z,120hour_target_crosses_boundary
outer_or_final_4_inner_2_training,2022-03-14T03:00:00Z,2022-03-19T03:00:00Z,2022-03-15T16:00:00Z,120hour_target_crosses_boundary
outer_or_final_4_inner_2_training,2022-03-14T04:00:00Z,2022-03-19T04:00:00Z,2022-03-15T16:00:00Z,120hour_target_crosses_boundary
outer_or_final_4_inner_2_training,2022-03-14T05:00:00Z,2022-03-19T05:00:00Z,2022-03-15T16:00:00Z,120hour_target_crosses_boundary
outer_or_final_4_inner_2_training,2022-03-14T06:00:00Z,2022-03-19T06:00:00Z,2022-03-15T16:00:00Z,120hour_target_crosses_boundary
outer_or_final_4_inner_2_training,2022-03-14T07:00:00Z,2022-03-19T07:00:00Z,2022-03-15T16:00:00Z,120hour_target_crosses_boundary
outer_or_final_4_inner_2_training,2022-03-14T08:00:00Z,2022-03-19T08:00:00Z,2022-03-15T16:00:00Z,120hour_target_crosses_boundary
outer_or_final_4_inner_2_training,2022-03-14T09:00:00Z,2022-03-19T09:00:00Z,2022-03-15T16:00:00Z,120hour_target_crosses_boundary
outer_or_final_4_inner_2_training,2022-03-14T10:00:00Z,2022-03-19T10:00:00Z,2022-03-15T16:00:00Z,120hour_target_crosses_boundary
outer_or_final_4_inner_2_training,2022-03-14T11:00:00Z,2022-03-19T11:00:00Z,2022-03-15T16:00:00Z,120hour_target_crosses_boundary
outer_or_final_4_inner_2_training,2022-03-14T12:00:00Z,2022-03-19T12:00:00Z,2022-03-15T16:00:00Z,120hour_target_crosses_boundary
outer_or_final_4_inner_2_training,2022-03-14T13:00:00Z,2022-03-19T13:00:00Z,2022-03-15T16:00:00Z,120hour_target_crosses_boundary
outer_or_final_4_inner_2_training,2022-03-14T14:00:00Z,2022-03-19T14:00:00Z,2022-03-15T16:00:00Z,120hour_target_crosses_boundary
outer_or_final_4_inner_2_training,2022-03-14T15:00:00Z,2022-03-19T15:00:00Z,2022-03-15T16:00:00Z,120hour_target_crosses_boundary
outer_or_final_4_inner_2_training,2022-03-14T16:00:00Z,2022-03-19T16:00:00Z,2022-03-15T16:00:00Z,120hour_target_crosses_boundary
outer_or_final_4_inner_2_training,2022-03-14T17:00:00Z,2022-03-19T17:00:00Z,2022-03-15T16:00:00Z,120hour_target_crosses_boundary
outer_or_final_4_inner_2_training,2022-03-14T18:00:00Z,2022-03-19T18:00:00Z,2022-03-15T16:00:00Z,120hour_target_crosses_boundary
outer_or_final_4_inner_2_training,2022-03-14T19:00:00Z,2022-03-19T19:00:00Z,2022-03-15T16:00:00Z,120hour_target_crosses_boundary
outer_or_final_4_inner_2_training,2022-03-14T20:00:00Z,2022-03-19T20:00:00Z,2022-03-15T16:00:00Z,120hour_target_crosses_boundary
outer_or_final_4_inner_2_training,2022-03-14T21:00:00Z,2022-03-19T21:00:00Z,2022-03-15T16:00:00Z,120hour_target_crosses_boundary
outer_or_final_4_inner_2_training,2022-03-14T22:00:00Z,2022-03-19T22:00:00Z,2022-03-15T16:00:00Z,120hour_target_crosses_boundary
outer_or_final_4_inner_2_training,2022-03-14T23:00:00Z,2022-03-19T23:00:00Z,2022-03-15T16:00:00Z,120hour_target_crosses_boundary
outer_or_final_4_inner_2_training,2022-03-15T00:00:00Z,2022-03-20T00:00:00Z,2022-03-15T16:00:00Z,120hour_target_crosses_boundary
outer_or_final_4_inner_2_training,2022-03-15T01:00:00Z,2022-03-20T01:00:00Z,2022-03-15T16:00:00Z,120hour_target_crosses_boundary
outer_or_final_4_inner_2_training,2022-03-15T02:00:00Z,2022-03-20T02:00:00Z,2022-03-15T16:00:00Z,120hour_target_crosses_boundary
outer_or_final_4_inner_2_training,2022-03-15T03:00:00Z,2022-03-20T03:00:00Z,2022-03-15T16:00:00Z,120hour_target_crosses_boundary
outer_or_final_4_inner_2_training,2022-03-15T04:00:00Z,2022-03-20T04:00:00Z,2022-03-15T16:00:00Z,120hour_target_crosses_boundary
outer_or_final_4_inner_2_training,2022-03-15T05:00:00Z,2022-03-20T05:00:00Z,2022-03-15T16:00:00Z,120hour_target_crosses_boundary
outer_or_final_4_inner_2_training,2022-03-15T06:00:00Z,2022-03-20T06:00:00Z,2022-03-15T16:00:00Z,120hour_target_crosses_boundary
outer_or_final_4_inner_2_training,2022-03-15T07:00:00Z,2022-03-20T07:00:00Z,2022-03-15T16:00:00Z,120hour_target_crosses_boundary
outer_or_final_4_inner_2_training,2022-03-15T08:00:00Z,2022-03-20T08:00:00Z,2022-03-15T16:00:00Z,120hour_target_crosses_boundary
outer_or_final_4_inner_2_training,2022-03-15T09:00:00Z,2022-03-20T09:00:00Z,2022-03-15T16:00:00Z,120hour_target_crosses_boundary
outer_or_final_4_inner_2_training,2022-03-15T10:00:00Z,2022-03-20T10:00:00Z,2022-03-15T16:00:00Z,120hour_target_crosses_boundary
outer_or_final_4_inner_2_training,2022-03-15T11:00:00Z,2022-03-20T11:00:00Z,2022-03-15T16:00:00Z,120hour_target_crosses_boundary
outer_or_final_4_inner_2_training,2022-03-15T12:00:00Z,2022-03-20T12:00:00Z,2022-03-15T16:00:00Z,120hour_target_crosses_boundary
outer_or_final_4_inner_2_training,2022-03-15T13:00:00Z,2022-03-20T13:00:00Z,2022-03-15T16:00:00Z,120hour_target_crosses_boundary
outer_or_final_4_inner_2_training,2022-03-15T14:00:00Z,2022-03-20T14:00:00Z,2022-03-15T16:00:00Z,120hour_target_crosses_boundary
outer_or_final_4_inner_2_training,2022-03-15T15:00:00Z,2022-03-20T15:00:00Z,2022-03-15T16:00:00Z,120hour_target_crosses_boundary
outer_or_final_4_inner_2_validation,2023-06-28T09:00:00Z,2023-07-03T09:00:00Z,2023-07-03T08:00:00Z,120hour_target_crosses_boundary
outer_or_final_4_inner_2_validation,2023-06-28T10:00:00Z,2023-07-03T10:00:00Z,2023-07-03T08:00:00Z,120hour_target_crosses_boundary
outer_or_final_4_inner_2_validation,2023-06-28T11:00:00Z,2023-07-03T11:00:00Z,2023-07-03T08:00:00Z,120hour_target_crosses_boundary
outer_or_final_4_inner_2_validation,2023-06-28T12:00:00Z,2023-07-03T12:00:00Z,2023-07-03T08:00:00Z,120hour_target_crosses_boundary
outer_or_final_4_inner_2_validation,2023-06-28T13:00:00Z,2023-07-03T13:00:00Z,2023-07-03T08:00:00Z,120hour_target_crosses_boundary
outer_or_final_4_inner_2_validation,2023-06-28T14:00:00Z,2023-07-03T14:00:00Z,2023-07-03T08:00:00Z,120hour_target_crosses_boundary
outer_or_final_4_inner_2_validation,2023-06-28T15:00:00Z,2023-07-03T15:00:00Z,2023-07-03T08:00:00Z,120hour_target_crosses_boundary
outer_or_final_4_inner_2_validation,2023-06-28T16:00:00Z,2023-07-03T16:00:00Z,2023-07-03T08:00:00Z,120hour_target_crosses_boundary
outer_or_final_4_inner_2_validation,2023-06-28T17:00:00Z,2023-07-03T17:00:00Z,2023-07-03T08:00:00Z,120hour_target_crosses_boundary
outer_or_final_4_inner_2_validation,2023-06-28T18:00:00Z,2023-07-03T18:00:00Z,2023-07-03T08:00:00Z,120hour_target_crosses_boundary
outer_or_final_4_inner_2_validation,2023-06-28T19:00:00Z,2023-07-03T19:00:00Z,2023-07-03T08:00:00Z,120hour_target_crosses_boundary
outer_or_final_4_inner_2_validation,2023-06-28T20:00:00Z,2023-07-03T20:00:00Z,2023-07-03T08:00:00Z,120hour_target_crosses_boundary
outer_or_final_4_inner_2_validation,2023-06-28T21:00:00Z,2023-07-03T21:00:00Z,2023-07-03T08:00:00Z,120hour_target_crosses_boundary
outer_or_final_4_inner_2_validation,2023-06-28T22:00:00Z,2023-07-03T22:00:00Z,2023-07-03T08:00:00Z,120hour_target_crosses_boundary
outer_or_final_4_inner_2_validation,2023-06-28T23:00:00Z,2023-07-03T23:00:00Z,2023-07-03T08:00:00Z,120hour_target_crosses_boundary
outer_or_final_4_inner_2_validation,2023-06-29T00:00:00Z,2023-07-04T00:00:00Z,2023-07-03T08:00:00Z,120hour_target_crosses_boundary
outer_or_final_4_inner_2_validation,2023-06-29T01:00:00Z,2023-07-04T01:00:00Z,2023-07-03T08:00:00Z,120hour_target_crosses_boundary
outer_or_final_4_inner_2_validation,2023-06-29T02:00:00Z,2023-07-04T02:00:00Z,2023-07-03T08:00:00Z,120hour_target_crosses_boundary
outer_or_final_4_inner_2_validation,2023-06-29T03:00:00Z,2023-07-04T03:00:00Z,2023-07-03T08:00:00Z,120hour_target_crosses_boundary
outer_or_final_4_inner_2_validation,2023-06-29T04:00:00Z,2023-07-04T04:00:00Z,2023-07-03T08:00:00Z,120hour_target_crosses_boundary
outer_or_final_4_inner_2_validation,2023-06-29T05:00:00Z,2023-07-04T05:00:00Z,2023-07-03T08:00:00Z,120hour_target_crosses_boundary
outer_or_final_4_inner_2_validation,2023-06-29T06:00:00Z,2023-07-04T06:00:00Z,2023-07-03T08:00:00Z,120hour_target_crosses_boundary
outer_or_final_4_inner_2_validation,2023-06-29T07:00:00Z,2023-07-04T07:00:00Z,2023-07-03T08:00:00Z,120hour_target_crosses_boundary
outer_or_final_4_inner_2_validation,2023-06-29T08:00:00Z,2023-07-04T08:00:00Z,2023-07-03T08:00:00Z,120hour_target_crosses_boundary
outer_or_final_4_inner_2_validation,2023-06-29T09:00:00Z,2023-07-04T09:00:00Z,2023-07-03T08:00:00Z,120hour_target_crosses_boundary
outer_or_final_4_inner_2_validation,2023-06-29T10:00:00Z,2023-07-04T10:00:00Z,2023-07-03T08:00:00Z,120hour_target_crosses_boundary
outer_or_final_4_inner_2_validation,2023-06-29T11:00:00Z,2023-07-04T11:00:00Z,2023-07-03T08:00:00Z,120hour_target_crosses_boundary
outer_or_final_4_inner_2_validation,2023-06-29T12:00:00Z,2023-07-04T12:00:00Z,2023-07-03T08:00:00Z,120hour_target_crosses_boundary
outer_or_final_4_inner_2_validation,2023-06-29T13:00:00Z,2023-07-04T13:00:00Z,2023-07-03T08:00:00Z,120hour_target_crosses_boundary
outer_or_final_4_inner_2_validation,2023-06-29T14:00:00Z,2023-07-04T14:00:00Z,2023-07-03T08:00:00Z,120hour_target_crosses_boundary
outer_or_final_4_inner_2_validation,2023-06-29T15:00:00Z,2023-07-04T15:00:00Z,2023-07-03T08:00:00Z,120hour_target_crosses_boundary
outer_or_final_4_inner_2_validation,2023-06-29T16:00:00Z,2023-07-04T16:00:00Z,2023-07-03T08:00:00Z,120hour_target_crosses_boundary
outer_or_final_4_inner_2_validation,2023-06-29T17:00:00Z,2023-07-04T17:00:00Z,2023-07-03T08:00:00Z,120hour_target_crosses_boundary
outer_or_final_4_inner_2_validation,2023-06-29T18:00:00Z,2023-07-04T18:00:00Z,2023-07-03T08:00:00Z,120hour_target_crosses_boundary
outer_or_final_4_inner_2_validation,2023-06-29T19:00:00Z,2023-07-04T19:00:00Z,2023-07-03T08:00:00Z,120hour_target_crosses_boundary
outer_or_final_4_inner_2_validation,2023-06-29T20:00:00Z,2023-07-04T20:00:00Z,2023-07-03T08:00:00Z,120hour_target_crosses_boundary
outer_or_final_4_inner_2_validation,2023-06-29T21:00:00Z,2023-07-04T21:00:00Z,2023-07-03T08:00:00Z,120hour_target_crosses_boundary
outer_or_final_4_inner_2_validation,2023-06-29T22:00:00Z,2023-07-04T22:00:00Z,2023-07-03T08:00:00Z,120hour_target_crosses_boundary
outer_or_final_4_inner_2_validation,2023-06-29T23:00:00Z,2023-07-04T23:00:00Z,2023-07-03T08:00:00Z,120hour_target_crosses_boundary
outer_or_final_4_inner_2_validation,2023-06-30T00:00:00Z,2023-07-05T00:00:00Z,2023-07-03T08:00:00Z,120hour_target_crosses_boundary
outer_or_final_4_inner_2_validation,2023-06-30T01:00:00Z,2023-07-05T01:00:00Z,2023-07-03T08:00:00Z,120hour_target_crosses_boundary
outer_or_final_4_inner_2_validation,2023-06-30T02:00:00Z,2023-07-05T02:00:00Z,2023-07-03T08:00:00Z,120hour_target_crosses_boundary
outer_or_final_4_inner_2_validation,2023-06-30T03:00:00Z,2023-07-05T03:00:00Z,2023-07-03T08:00:00Z,120hour_target_crosses_boundary
outer_or_final_4_inner_2_validation,2023-06-30T04:00:00Z,2023-07-05T04:00:00Z,2023-07-03T08:00:00Z,120hour_target_crosses_boundary
outer_or_final_4_inner_2_validation,2023-06-30T05:00:00Z,2023-07-05T05:00:00Z,2023-07-03T08:00:00Z,120hour_target_crosses_boundary
outer_or_final_4_inner_2_validation,2023-06-30T06:00:00Z,2023-07-05T06:00:00Z,2023-07-03T08:00:00Z,120hour_target_crosses_boundary
outer_or_final_4_inner_2_validation,2023-06-30T07:00:00Z,2023-07-05T07:00:00Z,2023-07-03T08:00:00Z,120hour_target_crosses_boundary
outer_or_final_4_inner_2_validation,2023-06-30T08:00:00Z,2023-07-05T08:00:00Z,2023-07-03T08:00:00Z,120hour_target_crosses_boundary
outer_or_final_4_inner_2_validation,2023-06-30T09:00:00Z,2023-07-05T09:00:00Z,2023-07-03T08:00:00Z,120hour_target_crosses_boundary
outer_or_final_4_inner_2_validation,2023-06-30T10:00:00Z,2023-07-05T10:00:00Z,2023-07-03T08:00:00Z,120hour_target_crosses_boundary
outer_or_final_4_inner_2_validation,2023-06-30T11:00:00Z,2023-07-05T11:00:00Z,2023-07-03T08:00:00Z,120hour_target_crosses_boundary
outer_or_final_4_inner_2_validation,2023-06-30T12:00:00Z,2023-07-05T12:00:00Z,2023-07-03T08:00:00Z,120hour_target_crosses_boundary
outer_or_final_4_inner_2_validation,2023-06-30T13:00:00Z,2023-07-05T13:00:00Z,2023-07-03T08:00:00Z,120hour_target_crosses_boundary
outer_or_final_4_inner_2_validation,2023-06-30T14:00:00Z,2023-07-05T14:00:00Z,2023-07-03T08:00:00Z,120hour_target_crosses_boundary
outer_or_final_4_inner_2_validation,2023-06-30T15:00:00Z,2023-07-05T15:00:00Z,2023-07-03T08:00:00Z,120hour_target_crosses_boundary
outer_or_final_4_inner_2_validation,2023-06-30T16:00:00Z,2023-07-05T16:00:00Z,2023-07-03T08:00:00Z,120hour_target_crosses_boundary
outer_or_final_4_inner_2_validation,2023-06-30T17:00:00Z,2023-07-05T17:00:00Z,2023-07-03T08:00:00Z,120hour_target_crosses_boundary
outer_or_final_4_inner_2_validation,2023-06-30T18:00:00Z,2023-07-05T18:00:00Z,2023-07-03T08:00:00Z,120hour_target_crosses_boundary
outer_or_final_4_inner_2_validation,2023-06-30T19:00:00Z,2023-07-05T19:00:00Z,2023-07-03T08:00:00Z,120hour_target_crosses_boundary
outer_or_final_4_inner_2_validation,2023-06-30T20:00:00Z,2023-07-05T20:00:00Z,2023-07-03T08:00:00Z,120hour_target_crosses_boundary
outer_or_final_4_inner_2_validation,2023-06-30T21:00:00Z,2023-07-05T21:00:00Z,2023-07-03T08:00:00Z,120hour_target_crosses_boundary
outer_or_final_4_inner_2_validation,2023-06-30T22:00:00Z,2023-07-05T22:00:00Z,2023-07-03T08:00:00Z,120hour_target_crosses_boundary
outer_or_final_4_inner_2_validation,2023-06-30T23:00:00Z,2023-07-05T23:00:00Z,2023-07-03T08:00:00Z,120hour_target_crosses_boundary
outer_or_final_4_inner_2_validation,2023-07-01T00:00:00Z,2023-07-06T00:00:00Z,2023-07-03T08:00:00Z,120hour_target_crosses_boundary
outer_or_final_4_inner_2_validation,2023-07-01T01:00:00Z,2023-07-06T01:00:00Z,2023-07-03T08:00:00Z,120hour_target_crosses_boundary
outer_or_final_4_inner_2_validation,2023-07-01T02:00:00Z,2023-07-06T02:00:00Z,2023-07-03T08:00:00Z,120hour_target_crosses_boundary
outer_or_final_4_inner_2_validation,2023-07-01T03:00:00Z,2023-07-06T03:00:00Z,2023-07-03T08:00:00Z,120hour_target_crosses_boundary
outer_or_final_4_inner_2_validation,2023-07-01T04:00:00Z,2023-07-06T04:00:00Z,2023-07-03T08:00:00Z,120hour_target_crosses_boundary
outer_or_final_4_inner_2_validation,2023-07-01T05:00:00Z,2023-07-06T05:00:00Z,2023-07-03T08:00:00Z,120hour_target_crosses_boundary
outer_or_final_4_inner_2_validation,2023-07-01T06:00:00Z,2023-07-06T06:00:00Z,2023-07-03T08:00:00Z,120hour_target_crosses_boundary
outer_or_final_4_inner_2_validation,2023-07-01T07:00:00Z,2023-07-06T07:00:00Z,2023-07-03T08:00:00Z,120hour_target_crosses_boundary
outer_or_final_4_inner_2_validation,2023-07-01T08:00:00Z,2023-07-06T08:00:00Z,2023-07-03T08:00:00Z,120hour_target_crosses_boundary
outer_or_final_4_inner_2_validation,2023-07-01T09:00:00Z,2023-07-06T09:00:00Z,2023-07-03T08:00:00Z,120hour_target_crosses_boundary
outer_or_final_4_inner_2_validation,2023-07-01T10:00:00Z,2023-07-06T10:00:00Z,2023-07-03T08:00:00Z,120hour_target_crosses_boundary
outer_or_final_4_inner_2_validation,2023-07-01T11:00:00Z,2023-07-06T11:00:00Z,2023-07-03T08:00:00Z,120hour_target_crosses_boundary
outer_or_final_4_inner_2_validation,2023-07-01T12:00:00Z,2023-07-06T12:00:00Z,2023-07-03T08:00:00Z,120hour_target_crosses_boundary
outer_or_final_4_inner_2_validation,2023-07-01T13:00:00Z,2023-07-06T13:00:00Z,2023-07-03T08:00:00Z,120hour_target_crosses_boundary
outer_or_final_4_inner_2_validation,2023-07-01T14:00:00Z,2023-07-06T14:00:00Z,2023-07-03T08:00:00Z,120hour_target_crosses_boundary
outer_or_final_4_inner_2_validation,2023-07-01T15:00:00Z,2023-07-06T15:00:00Z,2023-07-03T08:00:00Z,120hour_target_crosses_boundary
outer_or_final_4_inner_2_validation,2023-07-01T16:00:00Z,2023-07-06T16:00:00Z,2023-07-03T08:00:00Z,120hour_target_crosses_boundary
outer_or_final_4_inner_2_validation,2023-07-01T17:00:00Z,2023-07-06T17:00:00Z,2023-07-03T08:00:00Z,120hour_target_crosses_boundary
outer_or_final_4_inner_2_validation,2023-07-01T18:00:00Z,2023-07-06T18:00:00Z,2023-07-03T08:00:00Z,120hour_target_crosses_boundary
outer_or_final_4_inner_2_validation,2023-07-01T19:00:00Z,2023-07-06T19:00:00Z,2023-07-03T08:00:00Z,120hour_target_crosses_boundary
outer_or_final_4_inner_2_validation,2023-07-01T20:00:00Z,2023-07-06T20:00:00Z,2023-07-03T08:00:00Z,120hour_target_crosses_boundary
outer_or_final_4_inner_2_validation,2023-07-01T21:00:00Z,2023-07-06T21:00:00Z,2023-07-03T08:00:00Z,120hour_target_crosses_boundary
outer_or_final_4_inner_2_validation,2023-07-01T22:00:00Z,2023-07-06T22:00:00Z,2023-07-03T08:00:00Z,120hour_target_crosses_boundary
outer_or_final_4_inner_2_validation,2023-07-01T23:00:00Z,2023-07-06T23:00:00Z,2023-07-03T08:00:00Z,120hour_target_crosses_boundary
outer_or_final_4_inner_2_validation,2023-07-02T00:00:00Z,2023-07-07T00:00:00Z,2023-07-03T08:00:00Z,120hour_target_crosses_boundary
outer_or_final_4_inner_2_validation,2023-07-02T01:00:00Z,2023-07-07T01:00:00Z,2023-07-03T08:00:00Z,120hour_target_crosses_boundary
outer_or_final_4_inner_2_validation,2023-07-02T02:00:00Z,2023-07-07T02:00:00Z,2023-07-03T08:00:00Z,120hour_target_crosses_boundary
outer_or_final_4_inner_2_validation,2023-07-02T03:00:00Z,2023-07-07T03:00:00Z,2023-07-03T08:00:00Z,120hour_target_crosses_boundary
outer_or_final_4_inner_2_validation,2023-07-02T04:00:00Z,2023-07-07T04:00:00Z,2023-07-03T08:00:00Z,120hour_target_crosses_boundary
outer_or_final_4_inner_2_validation,2023-07-02T05:00:00Z,2023-07-07T05:00:00Z,2023-07-03T08:00:00Z,120hour_target_crosses_boundary
outer_or_final_4_inner_2_validation,2023-07-02T06:00:00Z,2023-07-07T06:00:00Z,2023-07-03T08:00:00Z,120hour_target_crosses_boundary
outer_or_final_4_inner_2_validation,2023-07-02T07:00:00Z,2023-07-07T07:00:00Z,2023-07-03T08:00:00Z,120hour_target_crosses_boundary
outer_or_final_4_inner_2_validation,2023-07-02T08:00:00Z,2023-07-07T08:00:00Z,2023-07-03T08:00:00Z,120hour_target_crosses_boundary
outer_or_final_4_inner_2_validation,2023-07-02T09:00:00Z,2023-07-07T09:00:00Z,2023-07-03T08:00:00Z,120hour_target_crosses_boundary
outer_or_final_4_inner_2_validation,2023-07-02T10:00:00Z,2023-07-07T10:00:00Z,2023-07-03T08:00:00Z,120hour_target_crosses_boundary
outer_or_final_4_inner_2_validation,2023-07-02T11:00:00Z,2023-07-07T11:00:00Z,2023-07-03T08:00:00Z,120hour_target_crosses_boundary
outer_or_final_4_inner_2_validation,2023-07-02T12:00:00Z,2023-07-07T12:00:00Z,2023-07-03T08:00:00Z,120hour_target_crosses_boundary
outer_or_final_4_inner_2_validation,2023-07-02T13:00:00Z,2023-07-07T13:00:00Z,2023-07-03T08:00:00Z,120hour_target_crosses_boundary
outer_or_final_4_inner_2_validation,2023-07-02T14:00:00Z,2023-07-07T14:00:00Z,2023-07-03T08:00:00Z,120hour_target_crosses_boundary
outer_or_final_4_inner_2_validation,2023-07-02T15:00:00Z,2023-07-07T15:00:00Z,2023-07-03T08:00:00Z,120hour_target_crosses_boundary
outer_or_final_4_inner_2_validation,2023-07-02T16:00:00Z,2023-07-07T16:00:00Z,2023-07-03T08:00:00Z,120hour_target_crosses_boundary
outer_or_final_4_inner_2_validation,2023-07-02T17:00:00Z,2023-07-07T17:00:00Z,2023-07-03T08:00:00Z,120hour_target_crosses_boundary
outer_or_final_4_inner_2_validation,2023-07-02T18:00:00Z,2023-07-07T18:00:00Z,2023-07-03T08:00:00Z,120hour_target_crosses_boundary
outer_or_final_4_inner_2_validation,2023-07-02T19:00:00Z,2023-07-07T19:00:00Z,2023-07-03T08:00:00Z,120hour_target_crosses_boundary
outer_or_final_4_inner_2_validation,2023-07-02T20:00:00Z,2023-07-07T20:00:00Z,2023-07-03T08:00:00Z,120hour_target_crosses_boundary
outer_or_final_4_inner_2_validation,2023-07-02T21:00:00Z,2023-07-07T21:00:00Z,2023-07-03T08:00:00Z,120hour_target_crosses_boundary
outer_or_final_4_inner_2_validation,2023-07-02T22:00:00Z,2023-07-07T22:00:00Z,2023-07-03T08:00:00Z,120hour_target_crosses_boundary
outer_or_final_4_inner_2_validation,2023-07-02T23:00:00Z,2023-07-07T23:00:00Z,2023-07-03T08:00:00Z,120hour_target_crosses_boundary
outer_or_final_4_inner_2_validation,2023-07-03T00:00:00Z,2023-07-08T00:00:00Z,2023-07-03T08:00:00Z,120hour_target_crosses_boundary
outer_or_final_4_inner_2_validation,2023-07-03T01:00:00Z,2023-07-08T01:00:00Z,2023-07-03T08:00:00Z,120hour_target_crosses_boundary
outer_or_final_4_inner_2_validation,2023-07-03T02:00:00Z,2023-07-08T02:00:00Z,2023-07-03T08:00:00Z,120hour_target_crosses_boundary
outer_or_final_4_inner_2_validation,2023-07-03T03:00:00Z,2023-07-08T03:00:00Z,2023-07-03T08:00:00Z,120hour_target_crosses_boundary
outer_or_final_4_inner_2_validation,2023-07-03T04:00:00Z,2023-07-08T04:00:00Z,2023-07-03T08:00:00Z,120hour_target_crosses_boundary
outer_or_final_4_inner_2_validation,2023-07-03T05:00:00Z,2023-07-08T05:00:00Z,2023-07-03T08:00:00Z,120hour_target_crosses_boundary
outer_or_final_4_inner_2_validation,2023-07-03T06:00:00Z,2023-07-08T06:00:00Z,2023-07-03T08:00:00Z,120hour_target_crosses_boundary
outer_or_final_4_inner_2_validation,2023-07-03T07:00:00Z,2023-07-08T07:00:00Z,2023-07-03T08:00:00Z,120hour_target_crosses_boundary
outer_or_final_4_inner_3_training,2023-06-28T09:00:00Z,2023-07-03T09:00:00Z,2023-07-03T08:00:00Z,120hour_target_crosses_boundary
outer_or_final_4_inner_3_training,2023-06-28T10:00:00Z,2023-07-03T10:00:00Z,2023-07-03T08:00:00Z,120hour_target_crosses_boundary
outer_or_final_4_inner_3_training,2023-06-28T11:00:00Z,2023-07-03T11:00:00Z,2023-07-03T08:00:00Z,120hour_target_crosses_boundary
outer_or_final_4_inner_3_training,2023-06-28T12:00:00Z,2023-07-03T12:00:00Z,2023-07-03T08:00:00Z,120hour_target_crosses_boundary
outer_or_final_4_inner_3_training,2023-06-28T13:00:00Z,2023-07-03T13:00:00Z,2023-07-03T08:00:00Z,120hour_target_crosses_boundary
outer_or_final_4_inner_3_training,2023-06-28T14:00:00Z,2023-07-03T14:00:00Z,2023-07-03T08:00:00Z,120hour_target_crosses_boundary
outer_or_final_4_inner_3_training,2023-06-28T15:00:00Z,2023-07-03T15:00:00Z,2023-07-03T08:00:00Z,120hour_target_crosses_boundary
outer_or_final_4_inner_3_training,2023-06-28T16:00:00Z,2023-07-03T16:00:00Z,2023-07-03T08:00:00Z,120hour_target_crosses_boundary
outer_or_final_4_inner_3_training,2023-06-28T17:00:00Z,2023-07-03T17:00:00Z,2023-07-03T08:00:00Z,120hour_target_crosses_boundary
outer_or_final_4_inner_3_training,2023-06-28T18:00:00Z,2023-07-03T18:00:00Z,2023-07-03T08:00:00Z,120hour_target_crosses_boundary
outer_or_final_4_inner_3_training,2023-06-28T19:00:00Z,2023-07-03T19:00:00Z,2023-07-03T08:00:00Z,120hour_target_crosses_boundary
outer_or_final_4_inner_3_training,2023-06-28T20:00:00Z,2023-07-03T20:00:00Z,2023-07-03T08:00:00Z,120hour_target_crosses_boundary
outer_or_final_4_inner_3_training,2023-06-28T21:00:00Z,2023-07-03T21:00:00Z,2023-07-03T08:00:00Z,120hour_target_crosses_boundary
outer_or_final_4_inner_3_training,2023-06-28T22:00:00Z,2023-07-03T22:00:00Z,2023-07-03T08:00:00Z,120hour_target_crosses_boundary
outer_or_final_4_inner_3_training,2023-06-28T23:00:00Z,2023-07-03T23:00:00Z,2023-07-03T08:00:00Z,120hour_target_crosses_boundary
outer_or_final_4_inner_3_training,2023-06-29T00:00:00Z,2023-07-04T00:00:00Z,2023-07-03T08:00:00Z,120hour_target_crosses_boundary
outer_or_final_4_inner_3_training,2023-06-29T01:00:00Z,2023-07-04T01:00:00Z,2023-07-03T08:00:00Z,120hour_target_crosses_boundary
outer_or_final_4_inner_3_training,2023-06-29T02:00:00Z,2023-07-04T02:00:00Z,2023-07-03T08:00:00Z,120hour_target_crosses_boundary
outer_or_final_4_inner_3_training,2023-06-29T03:00:00Z,2023-07-04T03:00:00Z,2023-07-03T08:00:00Z,120hour_target_crosses_boundary
outer_or_final_4_inner_3_training,2023-06-29T04:00:00Z,2023-07-04T04:00:00Z,2023-07-03T08:00:00Z,120hour_target_crosses_boundary
outer_or_final_4_inner_3_training,2023-06-29T05:00:00Z,2023-07-04T05:00:00Z,2023-07-03T08:00:00Z,120hour_target_crosses_boundary
outer_or_final_4_inner_3_training,2023-06-29T06:00:00Z,2023-07-04T06:00:00Z,2023-07-03T08:00:00Z,120hour_target_crosses_boundary
outer_or_final_4_inner_3_training,2023-06-29T07:00:00Z,2023-07-04T07:00:00Z,2023-07-03T08:00:00Z,120hour_target_crosses_boundary
outer_or_final_4_inner_3_training,2023-06-29T08:00:00Z,2023-07-04T08:00:00Z,2023-07-03T08:00:00Z,120hour_target_crosses_boundary
outer_or_final_4_inner_3_training,2023-06-29T09:00:00Z,2023-07-04T09:00:00Z,2023-07-03T08:00:00Z,120hour_target_crosses_boundary
outer_or_final_4_inner_3_training,2023-06-29T10:00:00Z,2023-07-04T10:00:00Z,2023-07-03T08:00:00Z,120hour_target_crosses_boundary
outer_or_final_4_inner_3_training,2023-06-29T11:00:00Z,2023-07-04T11:00:00Z,2023-07-03T08:00:00Z,120hour_target_crosses_boundary
outer_or_final_4_inner_3_training,2023-06-29T12:00:00Z,2023-07-04T12:00:00Z,2023-07-03T08:00:00Z,120hour_target_crosses_boundary
outer_or_final_4_inner_3_training,2023-06-29T13:00:00Z,2023-07-04T13:00:00Z,2023-07-03T08:00:00Z,120hour_target_crosses_boundary
outer_or_final_4_inner_3_training,2023-06-29T14:00:00Z,2023-07-04T14:00:00Z,2023-07-03T08:00:00Z,120hour_target_crosses_boundary
outer_or_final_4_inner_3_training,2023-06-29T15:00:00Z,2023-07-04T15:00:00Z,2023-07-03T08:00:00Z,120hour_target_crosses_boundary
outer_or_final_4_inner_3_training,2023-06-29T16:00:00Z,2023-07-04T16:00:00Z,2023-07-03T08:00:00Z,120hour_target_crosses_boundary
outer_or_final_4_inner_3_training,2023-06-29T17:00:00Z,2023-07-04T17:00:00Z,2023-07-03T08:00:00Z,120hour_target_crosses_boundary
outer_or_final_4_inner_3_training,2023-06-29T18:00:00Z,2023-07-04T18:00:00Z,2023-07-03T08:00:00Z,120hour_target_crosses_boundary
outer_or_final_4_inner_3_training,2023-06-29T19:00:00Z,2023-07-04T19:00:00Z,2023-07-03T08:00:00Z,120hour_target_crosses_boundary
outer_or_final_4_inner_3_training,2023-06-29T20:00:00Z,2023-07-04T20:00:00Z,2023-07-03T08:00:00Z,120hour_target_crosses_boundary
outer_or_final_4_inner_3_training,2023-06-29T21:00:00Z,2023-07-04T21:00:00Z,2023-07-03T08:00:00Z,120hour_target_crosses_boundary
outer_or_final_4_inner_3_training,2023-06-29T22:00:00Z,2023-07-04T22:00:00Z,2023-07-03T08:00:00Z,120hour_target_crosses_boundary
outer_or_final_4_inner_3_training,2023-06-29T23:00:00Z,2023-07-04T23:00:00Z,2023-07-03T08:00:00Z,120hour_target_crosses_boundary
outer_or_final_4_inner_3_training,2023-06-30T00:00:00Z,2023-07-05T00:00:00Z,2023-07-03T08:00:00Z,120hour_target_crosses_boundary
outer_or_final_4_inner_3_training,2023-06-30T01:00:00Z,2023-07-05T01:00:00Z,2023-07-03T08:00:00Z,120hour_target_crosses_boundary
outer_or_final_4_inner_3_training,2023-06-30T02:00:00Z,2023-07-05T02:00:00Z,2023-07-03T08:00:00Z,120hour_target_crosses_boundary
outer_or_final_4_inner_3_training,2023-06-30T03:00:00Z,2023-07-05T03:00:00Z,2023-07-03T08:00:00Z,120hour_target_crosses_boundary
outer_or_final_4_inner_3_training,2023-06-30T04:00:00Z,2023-07-05T04:00:00Z,2023-07-03T08:00:00Z,120hour_target_crosses_boundary
outer_or_final_4_inner_3_training,2023-06-30T05:00:00Z,2023-07-05T05:00:00Z,2023-07-03T08:00:00Z,120hour_target_crosses_boundary
outer_or_final_4_inner_3_training,2023-06-30T06:00:00Z,2023-07-05T06:00:00Z,2023-07-03T08:00:00Z,120hour_target_crosses_boundary
outer_or_final_4_inner_3_training,2023-06-30T07:00:00Z,2023-07-05T07:00:00Z,2023-07-03T08:00:00Z,120hour_target_crosses_boundary
outer_or_final_4_inner_3_training,2023-06-30T08:00:00Z,2023-07-05T08:00:00Z,2023-07-03T08:00:00Z,120hour_target_crosses_boundary
outer_or_final_4_inner_3_training,2023-06-30T09:00:00Z,2023-07-05T09:00:00Z,2023-07-03T08:00:00Z,120hour_target_crosses_boundary
outer_or_final_4_inner_3_training,2023-06-30T10:00:00Z,2023-07-05T10:00:00Z,2023-07-03T08:00:00Z,120hour_target_crosses_boundary
outer_or_final_4_inner_3_training,2023-06-30T11:00:00Z,2023-07-05T11:00:00Z,2023-07-03T08:00:00Z,120hour_target_crosses_boundary
outer_or_final_4_inner_3_training,2023-06-30T12:00:00Z,2023-07-05T12:00:00Z,2023-07-03T08:00:00Z,120hour_target_crosses_boundary
outer_or_final_4_inner_3_training,2023-06-30T13:00:00Z,2023-07-05T13:00:00Z,2023-07-03T08:00:00Z,120hour_target_crosses_boundary
outer_or_final_4_inner_3_training,2023-06-30T14:00:00Z,2023-07-05T14:00:00Z,2023-07-03T08:00:00Z,120hour_target_crosses_boundary
outer_or_final_4_inner_3_training,2023-06-30T15:00:00Z,2023-07-05T15:00:00Z,2023-07-03T08:00:00Z,120hour_target_crosses_boundary
outer_or_final_4_inner_3_training,2023-06-30T16:00:00Z,2023-07-05T16:00:00Z,2023-07-03T08:00:00Z,120hour_target_crosses_boundary
outer_or_final_4_inner_3_training,2023-06-30T17:00:00Z,2023-07-05T17:00:00Z,2023-07-03T08:00:00Z,120hour_target_crosses_boundary
outer_or_final_4_inner_3_training,2023-06-30T18:00:00Z,2023-07-05T18:00:00Z,2023-07-03T08:00:00Z,120hour_target_crosses_boundary
outer_or_final_4_inner_3_training,2023-06-30T19:00:00Z,2023-07-05T19:00:00Z,2023-07-03T08:00:00Z,120hour_target_crosses_boundary
outer_or_final_4_inner_3_training,2023-06-30T20:00:00Z,2023-07-05T20:00:00Z,2023-07-03T08:00:00Z,120hour_target_crosses_boundary
outer_or_final_4_inner_3_training,2023-06-30T21:00:00Z,2023-07-05T21:00:00Z,2023-07-03T08:00:00Z,120hour_target_crosses_boundary
outer_or_final_4_inner_3_training,2023-06-30T22:00:00Z,2023-07-05T22:00:00Z,2023-07-03T08:00:00Z,120hour_target_crosses_boundary
outer_or_final_4_inner_3_training,2023-06-30T23:00:00Z,2023-07-05T23:00:00Z,2023-07-03T08:00:00Z,120hour_target_crosses_boundary
outer_or_final_4_inner_3_training,2023-07-01T00:00:00Z,2023-07-06T00:00:00Z,2023-07-03T08:00:00Z,120hour_target_crosses_boundary
outer_or_final_4_inner_3_training,2023-07-01T01:00:00Z,2023-07-06T01:00:00Z,2023-07-03T08:00:00Z,120hour_target_crosses_boundary
outer_or_final_4_inner_3_training,2023-07-01T02:00:00Z,2023-07-06T02:00:00Z,2023-07-03T08:00:00Z,120hour_target_crosses_boundary
outer_or_final_4_inner_3_training,2023-07-01T03:00:00Z,2023-07-06T03:00:00Z,2023-07-03T08:00:00Z,120hour_target_crosses_boundary
outer_or_final_4_inner_3_training,2023-07-01T04:00:00Z,2023-07-06T04:00:00Z,2023-07-03T08:00:00Z,120hour_target_crosses_boundary
outer_or_final_4_inner_3_training,2023-07-01T05:00:00Z,2023-07-06T05:00:00Z,2023-07-03T08:00:00Z,120hour_target_crosses_boundary
outer_or_final_4_inner_3_training,2023-07-01T06:00:00Z,2023-07-06T06:00:00Z,2023-07-03T08:00:00Z,120hour_target_crosses_boundary
outer_or_final_4_inner_3_training,2023-07-01T07:00:00Z,2023-07-06T07:00:00Z,2023-07-03T08:00:00Z,120hour_target_crosses_boundary
outer_or_final_4_inner_3_training,2023-07-01T08:00:00Z,2023-07-06T08:00:00Z,2023-07-03T08:00:00Z,120hour_target_crosses_boundary
outer_or_final_4_inner_3_training,2023-07-01T09:00:00Z,2023-07-06T09:00:00Z,2023-07-03T08:00:00Z,120hour_target_crosses_boundary
outer_or_final_4_inner_3_training,2023-07-01T10:00:00Z,2023-07-06T10:00:00Z,2023-07-03T08:00:00Z,120hour_target_crosses_boundary
outer_or_final_4_inner_3_training,2023-07-01T11:00:00Z,2023-07-06T11:00:00Z,2023-07-03T08:00:00Z,120hour_target_crosses_boundary
outer_or_final_4_inner_3_training,2023-07-01T12:00:00Z,2023-07-06T12:00:00Z,2023-07-03T08:00:00Z,120hour_target_crosses_boundary
outer_or_final_4_inner_3_training,2023-07-01T13:00:00Z,2023-07-06T13:00:00Z,2023-07-03T08:00:00Z,120hour_target_crosses_boundary
outer_or_final_4_inner_3_training,2023-07-01T14:00:00Z,2023-07-06T14:00:00Z,2023-07-03T08:00:00Z,120hour_target_crosses_boundary
outer_or_final_4_inner_3_training,2023-07-01T15:00:00Z,2023-07-06T15:00:00Z,2023-07-03T08:00:00Z,120hour_target_crosses_boundary
outer_or_final_4_inner_3_training,2023-07-01T16:00:00Z,2023-07-06T16:00:00Z,2023-07-03T08:00:00Z,120hour_target_crosses_boundary
outer_or_final_4_inner_3_training,2023-07-01T17:00:00Z,2023-07-06T17:00:00Z,2023-07-03T08:00:00Z,120hour_target_crosses_boundary
outer_or_final_4_inner_3_training,2023-07-01T18:00:00Z,2023-07-06T18:00:00Z,2023-07-03T08:00:00Z,120hour_target_crosses_boundary
outer_or_final_4_inner_3_training,2023-07-01T19:00:00Z,2023-07-06T19:00:00Z,2023-07-03T08:00:00Z,120hour_target_crosses_boundary
outer_or_final_4_inner_3_training,2023-07-01T20:00:00Z,2023-07-06T20:00:00Z,2023-07-03T08:00:00Z,120hour_target_crosses_boundary
outer_or_final_4_inner_3_training,2023-07-01T21:00:00Z,2023-07-06T21:00:00Z,2023-07-03T08:00:00Z,120hour_target_crosses_boundary
outer_or_final_4_inner_3_training,2023-07-01T22:00:00Z,2023-07-06T22:00:00Z,2023-07-03T08:00:00Z,120hour_target_crosses_boundary
outer_or_final_4_inner_3_training,2023-07-01T23:00:00Z,2023-07-06T23:00:00Z,2023-07-03T08:00:00Z,120hour_target_crosses_boundary
outer_or_final_4_inner_3_training,2023-07-02T00:00:00Z,2023-07-07T00:00:00Z,2023-07-03T08:00:00Z,120hour_target_crosses_boundary
outer_or_final_4_inner_3_training,2023-07-02T01:00:00Z,2023-07-07T01:00:00Z,2023-07-03T08:00:00Z,120hour_target_crosses_boundary
outer_or_final_4_inner_3_training,2023-07-02T02:00:00Z,2023-07-07T02:00:00Z,2023-07-03T08:00:00Z,120hour_target_crosses_boundary
outer_or_final_4_inner_3_training,2023-07-02T03:00:00Z,2023-07-07T03:00:00Z,2023-07-03T08:00:00Z,120hour_target_crosses_boundary
outer_or_final_4_inner_3_training,2023-07-02T04:00:00Z,2023-07-07T04:00:00Z,2023-07-03T08:00:00Z,120hour_target_crosses_boundary
outer_or_final_4_inner_3_training,2023-07-02T05:00:00Z,2023-07-07T05:00:00Z,2023-07-03T08:00:00Z,120hour_target_crosses_boundary
outer_or_final_4_inner_3_training,2023-07-02T06:00:00Z,2023-07-07T06:00:00Z,2023-07-03T08:00:00Z,120hour_target_crosses_boundary
outer_or_final_4_inner_3_training,2023-07-02T07:00:00Z,2023-07-07T07:00:00Z,2023-07-03T08:00:00Z,120hour_target_crosses_boundary
outer_or_final_4_inner_3_training,2023-07-02T08:00:00Z,2023-07-07T08:00:00Z,2023-07-03T08:00:00Z,120hour_target_crosses_boundary
outer_or_final_4_inner_3_training,2023-07-02T09:00:00Z,2023-07-07T09:00:00Z,2023-07-03T08:00:00Z,120hour_target_crosses_boundary
outer_or_final_4_inner_3_training,2023-07-02T10:00:00Z,2023-07-07T10:00:00Z,2023-07-03T08:00:00Z,120hour_target_crosses_boundary
outer_or_final_4_inner_3_training,2023-07-02T11:00:00Z,2023-07-07T11:00:00Z,2023-07-03T08:00:00Z,120hour_target_crosses_boundary
outer_or_final_4_inner_3_training,2023-07-02T12:00:00Z,2023-07-07T12:00:00Z,2023-07-03T08:00:00Z,120hour_target_crosses_boundary
outer_or_final_4_inner_3_training,2023-07-02T13:00:00Z,2023-07-07T13:00:00Z,2023-07-03T08:00:00Z,120hour_target_crosses_boundary
outer_or_final_4_inner_3_training,2023-07-02T14:00:00Z,2023-07-07T14:00:00Z,2023-07-03T08:00:00Z,120hour_target_crosses_boundary
outer_or_final_4_inner_3_training,2023-07-02T15:00:00Z,2023-07-07T15:00:00Z,2023-07-03T08:00:00Z,120hour_target_crosses_boundary
outer_or_final_4_inner_3_training,2023-07-02T16:00:00Z,2023-07-07T16:00:00Z,2023-07-03T08:00:00Z,120hour_target_crosses_boundary
outer_or_final_4_inner_3_training,2023-07-02T17:00:00Z,2023-07-07T17:00:00Z,2023-07-03T08:00:00Z,120hour_target_crosses_boundary
outer_or_final_4_inner_3_training,2023-07-02T18:00:00Z,2023-07-07T18:00:00Z,2023-07-03T08:00:00Z,120hour_target_crosses_boundary
outer_or_final_4_inner_3_training,2023-07-02T19:00:00Z,2023-07-07T19:00:00Z,2023-07-03T08:00:00Z,120hour_target_crosses_boundary
outer_or_final_4_inner_3_training,2023-07-02T20:00:00Z,2023-07-07T20:00:00Z,2023-07-03T08:00:00Z,120hour_target_crosses_boundary
outer_or_final_4_inner_3_training,2023-07-02T21:00:00Z,2023-07-07T21:00:00Z,2023-07-03T08:00:00Z,120hour_target_crosses_boundary
outer_or_final_4_inner_3_training,2023-07-02T22:00:00Z,2023-07-07T22:00:00Z,2023-07-03T08:00:00Z,120hour_target_crosses_boundary
outer_or_final_4_inner_3_training,2023-07-02T23:00:00Z,2023-07-07T23:00:00Z,2023-07-03T08:00:00Z,120hour_target_crosses_boundary
outer_or_final_4_inner_3_training,2023-07-03T00:00:00Z,2023-07-08T00:00:00Z,2023-07-03T08:00:00Z,120hour_target_crosses_boundary
outer_or_final_4_inner_3_training,2023-07-03T01:00:00Z,2023-07-08T01:00:00Z,2023-07-03T08:00:00Z,120hour_target_crosses_boundary
outer_or_final_4_inner_3_training,2023-07-03T02:00:00Z,2023-07-08T02:00:00Z,2023-07-03T08:00:00Z,120hour_target_crosses_boundary
outer_or_final_4_inner_3_training,2023-07-03T03:00:00Z,2023-07-08T03:00:00Z,2023-07-03T08:00:00Z,120hour_target_crosses_boundary
outer_or_final_4_inner_3_training,2023-07-03T04:00:00Z,2023-07-08T04:00:00Z,2023-07-03T08:00:00Z,120hour_target_crosses_boundary
outer_or_final_4_inner_3_training,2023-07-03T05:00:00Z,2023-07-08T05:00:00Z,2023-07-03T08:00:00Z,120hour_target_crosses_boundary
outer_or_final_4_inner_3_training,2023-07-03T06:00:00Z,2023-07-08T06:00:00Z,2023-07-03T08:00:00Z,120hour_target_crosses_boundary
outer_or_final_4_inner_3_training,2023-07-03T07:00:00Z,2023-07-08T07:00:00Z,2023-07-03T08:00:00Z,120hour_target_crosses_boundary
outer_or_final_4_inner_3_validation,2024-10-15T01:00:00Z,2024-10-20T01:00:00Z,2024-10-20T00:00:00Z,120hour_target_crosses_boundary
outer_or_final_4_inner_3_validation,2024-10-15T02:00:00Z,2024-10-20T02:00:00Z,2024-10-20T00:00:00Z,120hour_target_crosses_boundary
outer_or_final_4_inner_3_validation,2024-10-15T03:00:00Z,2024-10-20T03:00:00Z,2024-10-20T00:00:00Z,120hour_target_crosses_boundary
outer_or_final_4_inner_3_validation,2024-10-15T04:00:00Z,2024-10-20T04:00:00Z,2024-10-20T00:00:00Z,120hour_target_crosses_boundary
outer_or_final_4_inner_3_validation,2024-10-15T05:00:00Z,2024-10-20T05:00:00Z,2024-10-20T00:00:00Z,120hour_target_crosses_boundary
outer_or_final_4_inner_3_validation,2024-10-15T06:00:00Z,2024-10-20T06:00:00Z,2024-10-20T00:00:00Z,120hour_target_crosses_boundary
outer_or_final_4_inner_3_validation,2024-10-15T07:00:00Z,2024-10-20T07:00:00Z,2024-10-20T00:00:00Z,120hour_target_crosses_boundary
outer_or_final_4_inner_3_validation,2024-10-15T08:00:00Z,2024-10-20T08:00:00Z,2024-10-20T00:00:00Z,120hour_target_crosses_boundary
outer_or_final_4_inner_3_validation,2024-10-15T09:00:00Z,2024-10-20T09:00:00Z,2024-10-20T00:00:00Z,120hour_target_crosses_boundary
outer_or_final_4_inner_3_validation,2024-10-15T10:00:00Z,2024-10-20T10:00:00Z,2024-10-20T00:00:00Z,120hour_target_crosses_boundary
outer_or_final_4_inner_3_validation,2024-10-15T11:00:00Z,2024-10-20T11:00:00Z,2024-10-20T00:00:00Z,120hour_target_crosses_boundary
outer_or_final_4_inner_3_validation,2024-10-15T12:00:00Z,2024-10-20T12:00:00Z,2024-10-20T00:00:00Z,120hour_target_crosses_boundary
outer_or_final_4_inner_3_validation,2024-10-15T13:00:00Z,2024-10-20T13:00:00Z,2024-10-20T00:00:00Z,120hour_target_crosses_boundary
outer_or_final_4_inner_3_validation,2024-10-15T14:00:00Z,2024-10-20T14:00:00Z,2024-10-20T00:00:00Z,120hour_target_crosses_boundary
outer_or_final_4_inner_3_validation,2024-10-15T15:00:00Z,2024-10-20T15:00:00Z,2024-10-20T00:00:00Z,120hour_target_crosses_boundary
outer_or_final_4_inner_3_validation,2024-10-15T16:00:00Z,2024-10-20T16:00:00Z,2024-10-20T00:00:00Z,120hour_target_crosses_boundary
outer_or_final_4_inner_3_validation,2024-10-15T17:00:00Z,2024-10-20T17:00:00Z,2024-10-20T00:00:00Z,120hour_target_crosses_boundary
outer_or_final_4_inner_3_validation,2024-10-15T18:00:00Z,2024-10-20T18:00:00Z,2024-10-20T00:00:00Z,120hour_target_crosses_boundary
outer_or_final_4_inner_3_validation,2024-10-15T19:00:00Z,2024-10-20T19:00:00Z,2024-10-20T00:00:00Z,120hour_target_crosses_boundary
outer_or_final_4_inner_3_validation,2024-10-15T20:00:00Z,2024-10-20T20:00:00Z,2024-10-20T00:00:00Z,120hour_target_crosses_boundary
outer_or_final_4_inner_3_validation,2024-10-15T21:00:00Z,2024-10-20T21:00:00Z,2024-10-20T00:00:00Z,120hour_target_crosses_boundary
outer_or_final_4_inner_3_validation,2024-10-15T22:00:00Z,2024-10-20T22:00:00Z,2024-10-20T00:00:00Z,120hour_target_crosses_boundary
outer_or_final_4_inner_3_validation,2024-10-15T23:00:00Z,2024-10-20T23:00:00Z,2024-10-20T00:00:00Z,120hour_target_crosses_boundary
outer_or_final_4_inner_3_validation,2024-10-16T00:00:00Z,2024-10-21T00:00:00Z,2024-10-20T00:00:00Z,120hour_target_crosses_boundary
outer_or_final_4_inner_3_validation,2024-10-16T01:00:00Z,2024-10-21T01:00:00Z,2024-10-20T00:00:00Z,120hour_target_crosses_boundary
outer_or_final_4_inner_3_validation,2024-10-16T02:00:00Z,2024-10-21T02:00:00Z,2024-10-20T00:00:00Z,120hour_target_crosses_boundary
outer_or_final_4_inner_3_validation,2024-10-16T03:00:00Z,2024-10-21T03:00:00Z,2024-10-20T00:00:00Z,120hour_target_crosses_boundary
outer_or_final_4_inner_3_validation,2024-10-16T04:00:00Z,2024-10-21T04:00:00Z,2024-10-20T00:00:00Z,120hour_target_crosses_boundary
outer_or_final_4_inner_3_validation,2024-10-16T05:00:00Z,2024-10-21T05:00:00Z,2024-10-20T00:00:00Z,120hour_target_crosses_boundary
outer_or_final_4_inner_3_validation,2024-10-16T06:00:00Z,2024-10-21T06:00:00Z,2024-10-20T00:00:00Z,120hour_target_crosses_boundary
outer_or_final_4_inner_3_validation,2024-10-16T07:00:00Z,2024-10-21T07:00:00Z,2024-10-20T00:00:00Z,120hour_target_crosses_boundary
outer_or_final_4_inner_3_validation,2024-10-16T08:00:00Z,2024-10-21T08:00:00Z,2024-10-20T00:00:00Z,120hour_target_crosses_boundary
outer_or_final_4_inner_3_validation,2024-10-16T09:00:00Z,2024-10-21T09:00:00Z,2024-10-20T00:00:00Z,120hour_target_crosses_boundary
outer_or_final_4_inner_3_validation,2024-10-16T10:00:00Z,2024-10-21T10:00:00Z,2024-10-20T00:00:00Z,120hour_target_crosses_boundary
outer_or_final_4_inner_3_validation,2024-10-16T11:00:00Z,2024-10-21T11:00:00Z,2024-10-20T00:00:00Z,120hour_target_crosses_boundary
outer_or_final_4_inner_3_validation,2024-10-16T12:00:00Z,2024-10-21T12:00:00Z,2024-10-20T00:00:00Z,120hour_target_crosses_boundary
outer_or_final_4_inner_3_validation,2024-10-16T13:00:00Z,2024-10-21T13:00:00Z,2024-10-20T00:00:00Z,120hour_target_crosses_boundary
outer_or_final_4_inner_3_validation,2024-10-16T14:00:00Z,2024-10-21T14:00:00Z,2024-10-20T00:00:00Z,120hour_target_crosses_boundary
outer_or_final_4_inner_3_validation,2024-10-16T15:00:00Z,2024-10-21T15:00:00Z,2024-10-20T00:00:00Z,120hour_target_crosses_boundary
outer_or_final_4_inner_3_validation,2024-10-16T16:00:00Z,2024-10-21T16:00:00Z,2024-10-20T00:00:00Z,120hour_target_crosses_boundary
outer_or_final_4_inner_3_validation,2024-10-16T17:00:00Z,2024-10-21T17:00:00Z,2024-10-20T00:00:00Z,120hour_target_crosses_boundary
outer_or_final_4_inner_3_validation,2024-10-16T18:00:00Z,2024-10-21T18:00:00Z,2024-10-20T00:00:00Z,120hour_target_crosses_boundary
outer_or_final_4_inner_3_validation,2024-10-16T19:00:00Z,2024-10-21T19:00:00Z,2024-10-20T00:00:00Z,120hour_target_crosses_boundary
outer_or_final_4_inner_3_validation,2024-10-16T20:00:00Z,2024-10-21T20:00:00Z,2024-10-20T00:00:00Z,120hour_target_crosses_boundary
outer_or_final_4_inner_3_validation,2024-10-16T21:00:00Z,2024-10-21T21:00:00Z,2024-10-20T00:00:00Z,120hour_target_crosses_boundary
outer_or_final_4_inner_3_validation,2024-10-16T22:00:00Z,2024-10-21T22:00:00Z,2024-10-20T00:00:00Z,120hour_target_crosses_boundary
outer_or_final_4_inner_3_validation,2024-10-16T23:00:00Z,2024-10-21T23:00:00Z,2024-10-20T00:00:00Z,120hour_target_crosses_boundary
outer_or_final_4_inner_3_validation,2024-10-17T00:00:00Z,2024-10-22T00:00:00Z,2024-10-20T00:00:00Z,120hour_target_crosses_boundary
outer_or_final_4_inner_3_validation,2024-10-17T01:00:00Z,2024-10-22T01:00:00Z,2024-10-20T00:00:00Z,120hour_target_crosses_boundary
outer_or_final_4_inner_3_validation,2024-10-17T02:00:00Z,2024-10-22T02:00:00Z,2024-10-20T00:00:00Z,120hour_target_crosses_boundary
outer_or_final_4_inner_3_validation,2024-10-17T03:00:00Z,2024-10-22T03:00:00Z,2024-10-20T00:00:00Z,120hour_target_crosses_boundary
outer_or_final_4_inner_3_validation,2024-10-17T04:00:00Z,2024-10-22T04:00:00Z,2024-10-20T00:00:00Z,120hour_target_crosses_boundary
outer_or_final_4_inner_3_validation,2024-10-17T05:00:00Z,2024-10-22T05:00:00Z,2024-10-20T00:00:00Z,120hour_target_crosses_boundary
outer_or_final_4_inner_3_validation,2024-10-17T06:00:00Z,2024-10-22T06:00:00Z,2024-10-20T00:00:00Z,120hour_target_crosses_boundary
outer_or_final_4_inner_3_validation,2024-10-17T07:00:00Z,2024-10-22T07:00:00Z,2024-10-20T00:00:00Z,120hour_target_crosses_boundary
outer_or_final_4_inner_3_validation,2024-10-17T08:00:00Z,2024-10-22T08:00:00Z,2024-10-20T00:00:00Z,120hour_target_crosses_boundary
outer_or_final_4_inner_3_validation,2024-10-17T09:00:00Z,2024-10-22T09:00:00Z,2024-10-20T00:00:00Z,120hour_target_crosses_boundary
outer_or_final_4_inner_3_validation,2024-10-17T10:00:00Z,2024-10-22T10:00:00Z,2024-10-20T00:00:00Z,120hour_target_crosses_boundary
outer_or_final_4_inner_3_validation,2024-10-17T11:00:00Z,2024-10-22T11:00:00Z,2024-10-20T00:00:00Z,120hour_target_crosses_boundary
outer_or_final_4_inner_3_validation,2024-10-17T12:00:00Z,2024-10-22T12:00:00Z,2024-10-20T00:00:00Z,120hour_target_crosses_boundary
outer_or_final_4_inner_3_validation,2024-10-17T13:00:00Z,2024-10-22T13:00:00Z,2024-10-20T00:00:00Z,120hour_target_crosses_boundary
outer_or_final_4_inner_3_validation,2024-10-17T14:00:00Z,2024-10-22T14:00:00Z,2024-10-20T00:00:00Z,120hour_target_crosses_boundary
outer_or_final_4_inner_3_validation,2024-10-17T15:00:00Z,2024-10-22T15:00:00Z,2024-10-20T00:00:00Z,120hour_target_crosses_boundary
outer_or_final_4_inner_3_validation,2024-10-17T16:00:00Z,2024-10-22T16:00:00Z,2024-10-20T00:00:00Z,120hour_target_crosses_boundary
outer_or_final_4_inner_3_validation,2024-10-17T17:00:00Z,2024-10-22T17:00:00Z,2024-10-20T00:00:00Z,120hour_target_crosses_boundary
outer_or_final_4_inner_3_validation,2024-10-17T18:00:00Z,2024-10-22T18:00:00Z,2024-10-20T00:00:00Z,120hour_target_crosses_boundary
outer_or_final_4_inner_3_validation,2024-10-17T19:00:00Z,2024-10-22T19:00:00Z,2024-10-20T00:00:00Z,120hour_target_crosses_boundary
outer_or_final_4_inner_3_validation,2024-10-17T20:00:00Z,2024-10-22T20:00:00Z,2024-10-20T00:00:00Z,120hour_target_crosses_boundary
outer_or_final_4_inner_3_validation,2024-10-17T21:00:00Z,2024-10-22T21:00:00Z,2024-10-20T00:00:00Z,120hour_target_crosses_boundary
outer_or_final_4_inner_3_validation,2024-10-17T22:00:00Z,2024-10-22T22:00:00Z,2024-10-20T00:00:00Z,120hour_target_crosses_boundary
outer_or_final_4_inner_3_validation,2024-10-17T23:00:00Z,2024-10-22T23:00:00Z,2024-10-20T00:00:00Z,120hour_target_crosses_boundary
outer_or_final_4_inner_3_validation,2024-10-18T00:00:00Z,2024-10-23T00:00:00Z,2024-10-20T00:00:00Z,120hour_target_crosses_boundary
outer_or_final_4_inner_3_validation,2024-10-18T01:00:00Z,2024-10-23T01:00:00Z,2024-10-20T00:00:00Z,120hour_target_crosses_boundary
outer_or_final_4_inner_3_validation,2024-10-18T02:00:00Z,2024-10-23T02:00:00Z,2024-10-20T00:00:00Z,120hour_target_crosses_boundary
outer_or_final_4_inner_3_validation,2024-10-18T03:00:00Z,2024-10-23T03:00:00Z,2024-10-20T00:00:00Z,120hour_target_crosses_boundary
outer_or_final_4_inner_3_validation,2024-10-18T04:00:00Z,2024-10-23T04:00:00Z,2024-10-20T00:00:00Z,120hour_target_crosses_boundary
outer_or_final_4_inner_3_validation,2024-10-18T05:00:00Z,2024-10-23T05:00:00Z,2024-10-20T00:00:00Z,120hour_target_crosses_boundary
outer_or_final_4_inner_3_validation,2024-10-18T06:00:00Z,2024-10-23T06:00:00Z,2024-10-20T00:00:00Z,120hour_target_crosses_boundary
outer_or_final_4_inner_3_validation,2024-10-18T07:00:00Z,2024-10-23T07:00:00Z,2024-10-20T00:00:00Z,120hour_target_crosses_boundary
outer_or_final_4_inner_3_validation,2024-10-18T08:00:00Z,2024-10-23T08:00:00Z,2024-10-20T00:00:00Z,120hour_target_crosses_boundary
outer_or_final_4_inner_3_validation,2024-10-18T09:00:00Z,2024-10-23T09:00:00Z,2024-10-20T00:00:00Z,120hour_target_crosses_boundary
outer_or_final_4_inner_3_validation,2024-10-18T10:00:00Z,2024-10-23T10:00:00Z,2024-10-20T00:00:00Z,120hour_target_crosses_boundary
outer_or_final_4_inner_3_validation,2024-10-18T11:00:00Z,2024-10-23T11:00:00Z,2024-10-20T00:00:00Z,120hour_target_crosses_boundary
outer_or_final_4_inner_3_validation,2024-10-18T12:00:00Z,2024-10-23T12:00:00Z,2024-10-20T00:00:00Z,120hour_target_crosses_boundary
outer_or_final_4_inner_3_validation,2024-10-18T13:00:00Z,2024-10-23T13:00:00Z,2024-10-20T00:00:00Z,120hour_target_crosses_boundary
outer_or_final_4_inner_3_validation,2024-10-18T14:00:00Z,2024-10-23T14:00:00Z,2024-10-20T00:00:00Z,120hour_target_crosses_boundary
outer_or_final_4_inner_3_validation,2024-10-18T15:00:00Z,2024-10-23T15:00:00Z,2024-10-20T00:00:00Z,120hour_target_crosses_boundary
outer_or_final_4_inner_3_validation,2024-10-18T16:00:00Z,2024-10-23T16:00:00Z,2024-10-20T00:00:00Z,120hour_target_crosses_boundary
outer_or_final_4_inner_3_validation,2024-10-18T17:00:00Z,2024-10-23T17:00:00Z,2024-10-20T00:00:00Z,120hour_target_crosses_boundary
outer_or_final_4_inner_3_validation,2024-10-18T18:00:00Z,2024-10-23T18:00:00Z,2024-10-20T00:00:00Z,120hour_target_crosses_boundary
outer_or_final_4_inner_3_validation,2024-10-18T19:00:00Z,2024-10-23T19:00:00Z,2024-10-20T00:00:00Z,120hour_target_crosses_boundary
outer_or_final_4_inner_3_validation,2024-10-18T20:00:00Z,2024-10-23T20:00:00Z,2024-10-20T00:00:00Z,120hour_target_crosses_boundary
outer_or_final_4_inner_3_validation,2024-10-18T21:00:00Z,2024-10-23T21:00:00Z,2024-10-20T00:00:00Z,120hour_target_crosses_boundary
outer_or_final_4_inner_3_validation,2024-10-18T22:00:00Z,2024-10-23T22:00:00Z,2024-10-20T00:00:00Z,120hour_target_crosses_boundary
outer_or_final_4_inner_3_validation,2024-10-18T23:00:00Z,2024-10-23T23:00:00Z,2024-10-20T00:00:00Z,120hour_target_crosses_boundary
outer_or_final_4_inner_3_validation,2024-10-19T00:00:00Z,2024-10-24T00:00:00Z,2024-10-20T00:00:00Z,120hour_target_crosses_boundary
outer_or_final_4_inner_3_validation,2024-10-19T01:00:00Z,2024-10-24T01:00:00Z,2024-10-20T00:00:00Z,120hour_target_crosses_boundary
outer_or_final_4_inner_3_validation,2024-10-19T02:00:00Z,2024-10-24T02:00:00Z,2024-10-20T00:00:00Z,120hour_target_crosses_boundary
outer_or_final_4_inner_3_validation,2024-10-19T03:00:00Z,2024-10-24T03:00:00Z,2024-10-20T00:00:00Z,120hour_target_crosses_boundary
outer_or_final_4_inner_3_validation,2024-10-19T04:00:00Z,2024-10-24T04:00:00Z,2024-10-20T00:00:00Z,120hour_target_crosses_boundary
outer_or_final_4_inner_3_validation,2024-10-19T05:00:00Z,2024-10-24T05:00:00Z,2024-10-20T00:00:00Z,120hour_target_crosses_boundary
outer_or_final_4_inner_3_validation,2024-10-19T06:00:00Z,2024-10-24T06:00:00Z,2024-10-20T00:00:00Z,120hour_target_crosses_boundary
outer_or_final_4_inner_3_validation,2024-10-19T07:00:00Z,2024-10-24T07:00:00Z,2024-10-20T00:00:00Z,120hour_target_crosses_boundary
outer_or_final_4_inner_3_validation,2024-10-19T08:00:00Z,2024-10-24T08:00:00Z,2024-10-20T00:00:00Z,120hour_target_crosses_boundary
outer_or_final_4_inner_3_validation,2024-10-19T09:00:00Z,2024-10-24T09:00:00Z,2024-10-20T00:00:00Z,120hour_target_crosses_boundary
outer_or_final_4_inner_3_validation,2024-10-19T10:00:00Z,2024-10-24T10:00:00Z,2024-10-20T00:00:00Z,120hour_target_crosses_boundary
outer_or_final_4_inner_3_validation,2024-10-19T11:00:00Z,2024-10-24T11:00:00Z,2024-10-20T00:00:00Z,120hour_target_crosses_boundary
outer_or_final_4_inner_3_validation,2024-10-19T12:00:00Z,2024-10-24T12:00:00Z,2024-10-20T00:00:00Z,120hour_target_crosses_boundary
outer_or_final_4_inner_3_validation,2024-10-19T13:00:00Z,2024-10-24T13:00:00Z,2024-10-20T00:00:00Z,120hour_target_crosses_boundary
outer_or_final_4_inner_3_validation,2024-10-19T14:00:00Z,2024-10-24T14:00:00Z,2024-10-20T00:00:00Z,120hour_target_crosses_boundary
outer_or_final_4_inner_3_validation,2024-10-19T15:00:00Z,2024-10-24T15:00:00Z,2024-10-20T00:00:00Z,120hour_target_crosses_boundary
outer_or_final_4_inner_3_validation,2024-10-19T16:00:00Z,2024-10-24T16:00:00Z,2024-10-20T00:00:00Z,120hour_target_crosses_boundary
outer_or_final_4_inner_3_validation,2024-10-19T17:00:00Z,2024-10-24T17:00:00Z,2024-10-20T00:00:00Z,120hour_target_crosses_boundary
outer_or_final_4_inner_3_validation,2024-10-19T18:00:00Z,2024-10-24T18:00:00Z,2024-10-20T00:00:00Z,120hour_target_crosses_boundary
outer_or_final_4_inner_3_validation,2024-10-19T19:00:00Z,2024-10-24T19:00:00Z,2024-10-20T00:00:00Z,120hour_target_crosses_boundary
outer_or_final_4_inner_3_validation,2024-10-19T20:00:00Z,2024-10-24T20:00:00Z,2024-10-20T00:00:00Z,120hour_target_crosses_boundary
outer_or_final_4_inner_3_validation,2024-10-19T21:00:00Z,2024-10-24T21:00:00Z,2024-10-20T00:00:00Z,120hour_target_crosses_boundary
outer_or_final_4_inner_3_validation,2024-10-19T22:00:00Z,2024-10-24T22:00:00Z,2024-10-20T00:00:00Z,120hour_target_crosses_boundary
outer_or_final_4_inner_3_validation,2024-10-19T23:00:00Z,2024-10-24T23:00:00Z,2024-10-20T00:00:00Z,120hour_target_crosses_boundary
outer_1_test,2022-03-10T17:00:00Z,2022-03-15T17:00:00Z,2022-03-15T16:00:00Z,120hour_target_crosses_boundary
outer_1_test,2022-03-10T18:00:00Z,2022-03-15T18:00:00Z,2022-03-15T16:00:00Z,120hour_target_crosses_boundary
outer_1_test,2022-03-10T19:00:00Z,2022-03-15T19:00:00Z,2022-03-15T16:00:00Z,120hour_target_crosses_boundary
outer_1_test,2022-03-10T20:00:00Z,2022-03-15T20:00:00Z,2022-03-15T16:00:00Z,120hour_target_crosses_boundary
outer_1_test,2022-03-10T21:00:00Z,2022-03-15T21:00:00Z,2022-03-15T16:00:00Z,120hour_target_crosses_boundary
outer_1_test,2022-03-10T22:00:00Z,2022-03-15T22:00:00Z,2022-03-15T16:00:00Z,120hour_target_crosses_boundary
outer_1_test,2022-03-10T23:00:00Z,2022-03-15T23:00:00Z,2022-03-15T16:00:00Z,120hour_target_crosses_boundary
outer_1_test,2022-03-11T00:00:00Z,2022-03-16T00:00:00Z,2022-03-15T16:00:00Z,120hour_target_crosses_boundary
outer_1_test,2022-03-11T01:00:00Z,2022-03-16T01:00:00Z,2022-03-15T16:00:00Z,120hour_target_crosses_boundary
outer_1_test,2022-03-11T02:00:00Z,2022-03-16T02:00:00Z,2022-03-15T16:00:00Z,120hour_target_crosses_boundary
outer_1_test,2022-03-11T03:00:00Z,2022-03-16T03:00:00Z,2022-03-15T16:00:00Z,120hour_target_crosses_boundary
outer_1_test,2022-03-11T04:00:00Z,2022-03-16T04:00:00Z,2022-03-15T16:00:00Z,120hour_target_crosses_boundary
outer_1_test,2022-03-11T05:00:00Z,2022-03-16T05:00:00Z,2022-03-15T16:00:00Z,120hour_target_crosses_boundary
outer_1_test,2022-03-11T06:00:00Z,2022-03-16T06:00:00Z,2022-03-15T16:00:00Z,120hour_target_crosses_boundary
outer_1_test,2022-03-11T07:00:00Z,2022-03-16T07:00:00Z,2022-03-15T16:00:00Z,120hour_target_crosses_boundary
outer_1_test,2022-03-11T08:00:00Z,2022-03-16T08:00:00Z,2022-03-15T16:00:00Z,120hour_target_crosses_boundary
outer_1_test,2022-03-11T09:00:00Z,2022-03-16T09:00:00Z,2022-03-15T16:00:00Z,120hour_target_crosses_boundary
outer_1_test,2022-03-11T10:00:00Z,2022-03-16T10:00:00Z,2022-03-15T16:00:00Z,120hour_target_crosses_boundary
outer_1_test,2022-03-11T11:00:00Z,2022-03-16T11:00:00Z,2022-03-15T16:00:00Z,120hour_target_crosses_boundary
outer_1_test,2022-03-11T12:00:00Z,2022-03-16T12:00:00Z,2022-03-15T16:00:00Z,120hour_target_crosses_boundary
outer_1_test,2022-03-11T13:00:00Z,2022-03-16T13:00:00Z,2022-03-15T16:00:00Z,120hour_target_crosses_boundary
outer_1_test,2022-03-11T14:00:00Z,2022-03-16T14:00:00Z,2022-03-15T16:00:00Z,120hour_target_crosses_boundary
outer_1_test,2022-03-11T15:00:00Z,2022-03-16T15:00:00Z,2022-03-15T16:00:00Z,120hour_target_crosses_boundary
outer_1_test,2022-03-11T16:00:00Z,2022-03-16T16:00:00Z,2022-03-15T16:00:00Z,120hour_target_crosses_boundary
outer_1_test,2022-03-11T17:00:00Z,2022-03-16T17:00:00Z,2022-03-15T16:00:00Z,120hour_target_crosses_boundary
outer_1_test,2022-03-11T18:00:00Z,2022-03-16T18:00:00Z,2022-03-15T16:00:00Z,120hour_target_crosses_boundary
outer_1_test,2022-03-11T19:00:00Z,2022-03-16T19:00:00Z,2022-03-15T16:00:00Z,120hour_target_crosses_boundary
outer_1_test,2022-03-11T20:00:00Z,2022-03-16T20:00:00Z,2022-03-15T16:00:00Z,120hour_target_crosses_boundary
outer_1_test,2022-03-11T21:00:00Z,2022-03-16T21:00:00Z,2022-03-15T16:00:00Z,120hour_target_crosses_boundary
outer_1_test,2022-03-11T22:00:00Z,2022-03-16T22:00:00Z,2022-03-15T16:00:00Z,120hour_target_crosses_boundary
outer_1_test,2022-03-11T23:00:00Z,2022-03-16T23:00:00Z,2022-03-15T16:00:00Z,120hour_target_crosses_boundary
outer_1_test,2022-03-12T00:00:00Z,2022-03-17T00:00:00Z,2022-03-15T16:00:00Z,120hour_target_crosses_boundary
outer_1_test,2022-03-12T01:00:00Z,2022-03-17T01:00:00Z,2022-03-15T16:00:00Z,120hour_target_crosses_boundary
outer_1_test,2022-03-12T02:00:00Z,2022-03-17T02:00:00Z,2022-03-15T16:00:00Z,120hour_target_crosses_boundary
outer_1_test,2022-03-12T03:00:00Z,2022-03-17T03:00:00Z,2022-03-15T16:00:00Z,120hour_target_crosses_boundary
outer_1_test,2022-03-12T04:00:00Z,2022-03-17T04:00:00Z,2022-03-15T16:00:00Z,120hour_target_crosses_boundary
outer_1_test,2022-03-12T05:00:00Z,2022-03-17T05:00:00Z,2022-03-15T16:00:00Z,120hour_target_crosses_boundary
outer_1_test,2022-03-12T06:00:00Z,2022-03-17T06:00:00Z,2022-03-15T16:00:00Z,120hour_target_crosses_boundary
outer_1_test,2022-03-12T07:00:00Z,2022-03-17T07:00:00Z,2022-03-15T16:00:00Z,120hour_target_crosses_boundary
outer_1_test,2022-03-12T08:00:00Z,2022-03-17T08:00:00Z,2022-03-15T16:00:00Z,120hour_target_crosses_boundary
outer_1_test,2022-03-12T09:00:00Z,2022-03-17T09:00:00Z,2022-03-15T16:00:00Z,120hour_target_crosses_boundary
outer_1_test,2022-03-12T10:00:00Z,2022-03-17T10:00:00Z,2022-03-15T16:00:00Z,120hour_target_crosses_boundary
outer_1_test,2022-03-12T11:00:00Z,2022-03-17T11:00:00Z,2022-03-15T16:00:00Z,120hour_target_crosses_boundary
outer_1_test,2022-03-12T12:00:00Z,2022-03-17T12:00:00Z,2022-03-15T16:00:00Z,120hour_target_crosses_boundary
outer_1_test,2022-03-12T13:00:00Z,2022-03-17T13:00:00Z,2022-03-15T16:00:00Z,120hour_target_crosses_boundary
outer_1_test,2022-03-12T14:00:00Z,2022-03-17T14:00:00Z,2022-03-15T16:00:00Z,120hour_target_crosses_boundary
outer_1_test,2022-03-12T15:00:00Z,2022-03-17T15:00:00Z,2022-03-15T16:00:00Z,120hour_target_crosses_boundary
outer_1_test,2022-03-12T16:00:00Z,2022-03-17T16:00:00Z,2022-03-15T16:00:00Z,120hour_target_crosses_boundary
outer_1_test,2022-03-12T17:00:00Z,2022-03-17T17:00:00Z,2022-03-15T16:00:00Z,120hour_target_crosses_boundary
outer_1_test,2022-03-12T18:00:00Z,2022-03-17T18:00:00Z,2022-03-15T16:00:00Z,120hour_target_crosses_boundary
outer_1_test,2022-03-12T19:00:00Z,2022-03-17T19:00:00Z,2022-03-15T16:00:00Z,120hour_target_crosses_boundary
outer_1_test,2022-03-12T20:00:00Z,2022-03-17T20:00:00Z,2022-03-15T16:00:00Z,120hour_target_crosses_boundary
outer_1_test,2022-03-12T21:00:00Z,2022-03-17T21:00:00Z,2022-03-15T16:00:00Z,120hour_target_crosses_boundary
outer_1_test,2022-03-12T22:00:00Z,2022-03-17T22:00:00Z,2022-03-15T16:00:00Z,120hour_target_crosses_boundary
outer_1_test,2022-03-12T23:00:00Z,2022-03-17T23:00:00Z,2022-03-15T16:00:00Z,120hour_target_crosses_boundary
outer_1_test,2022-03-13T00:00:00Z,2022-03-18T00:00:00Z,2022-03-15T16:00:00Z,120hour_target_crosses_boundary
outer_1_test,2022-03-13T01:00:00Z,2022-03-18T01:00:00Z,2022-03-15T16:00:00Z,120hour_target_crosses_boundary
outer_1_test,2022-03-13T02:00:00Z,2022-03-18T02:00:00Z,2022-03-15T16:00:00Z,120hour_target_crosses_boundary
outer_1_test,2022-03-13T03:00:00Z,2022-03-18T03:00:00Z,2022-03-15T16:00:00Z,120hour_target_crosses_boundary
outer_1_test,2022-03-13T04:00:00Z,2022-03-18T04:00:00Z,2022-03-15T16:00:00Z,120hour_target_crosses_boundary
outer_1_test,2022-03-13T05:00:00Z,2022-03-18T05:00:00Z,2022-03-15T16:00:00Z,120hour_target_crosses_boundary
outer_1_test,2022-03-13T06:00:00Z,2022-03-18T06:00:00Z,2022-03-15T16:00:00Z,120hour_target_crosses_boundary
outer_1_test,2022-03-13T07:00:00Z,2022-03-18T07:00:00Z,2022-03-15T16:00:00Z,120hour_target_crosses_boundary
outer_1_test,2022-03-13T08:00:00Z,2022-03-18T08:00:00Z,2022-03-15T16:00:00Z,120hour_target_crosses_boundary
outer_1_test,2022-03-13T09:00:00Z,2022-03-18T09:00:00Z,2022-03-15T16:00:00Z,120hour_target_crosses_boundary
outer_1_test,2022-03-13T10:00:00Z,2022-03-18T10:00:00Z,2022-03-15T16:00:00Z,120hour_target_crosses_boundary
outer_1_test,2022-03-13T11:00:00Z,2022-03-18T11:00:00Z,2022-03-15T16:00:00Z,120hour_target_crosses_boundary
outer_1_test,2022-03-13T12:00:00Z,2022-03-18T12:00:00Z,2022-03-15T16:00:00Z,120hour_target_crosses_boundary
outer_1_test,2022-03-13T13:00:00Z,2022-03-18T13:00:00Z,2022-03-15T16:00:00Z,120hour_target_crosses_boundary
outer_1_test,2022-03-13T14:00:00Z,2022-03-18T14:00:00Z,2022-03-15T16:00:00Z,120hour_target_crosses_boundary
outer_1_test,2022-03-13T15:00:00Z,2022-03-18T15:00:00Z,2022-03-15T16:00:00Z,120hour_target_crosses_boundary
outer_1_test,2022-03-13T16:00:00Z,2022-03-18T16:00:00Z,2022-03-15T16:00:00Z,120hour_target_crosses_boundary
outer_1_test,2022-03-13T17:00:00Z,2022-03-18T17:00:00Z,2022-03-15T16:00:00Z,120hour_target_crosses_boundary
outer_1_test,2022-03-13T18:00:00Z,2022-03-18T18:00:00Z,2022-03-15T16:00:00Z,120hour_target_crosses_boundary
outer_1_test,2022-03-13T19:00:00Z,2022-03-18T19:00:00Z,2022-03-15T16:00:00Z,120hour_target_crosses_boundary
outer_1_test,2022-03-13T20:00:00Z,2022-03-18T20:00:00Z,2022-03-15T16:00:00Z,120hour_target_crosses_boundary
outer_1_test,2022-03-13T21:00:00Z,2022-03-18T21:00:00Z,2022-03-15T16:00:00Z,120hour_target_crosses_boundary
outer_1_test,2022-03-13T22:00:00Z,2022-03-18T22:00:00Z,2022-03-15T16:00:00Z,120hour_target_crosses_boundary
outer_1_test,2022-03-13T23:00:00Z,2022-03-18T23:00:00Z,2022-03-15T16:00:00Z,120hour_target_crosses_boundary
outer_1_test,2022-03-14T00:00:00Z,2022-03-19T00:00:00Z,2022-03-15T16:00:00Z,120hour_target_crosses_boundary
outer_1_test,2022-03-14T01:00:00Z,2022-03-19T01:00:00Z,2022-03-15T16:00:00Z,120hour_target_crosses_boundary
outer_1_test,2022-03-14T02:00:00Z,2022-03-19T02:00:00Z,2022-03-15T16:00:00Z,120hour_target_crosses_boundary
outer_1_test,2022-03-14T03:00:00Z,2022-03-19T03:00:00Z,2022-03-15T16:00:00Z,120hour_target_crosses_boundary
outer_1_test,2022-03-14T04:00:00Z,2022-03-19T04:00:00Z,2022-03-15T16:00:00Z,120hour_target_crosses_boundary
outer_1_test,2022-03-14T05:00:00Z,2022-03-19T05:00:00Z,2022-03-15T16:00:00Z,120hour_target_crosses_boundary
outer_1_test,2022-03-14T06:00:00Z,2022-03-19T06:00:00Z,2022-03-15T16:00:00Z,120hour_target_crosses_boundary
outer_1_test,2022-03-14T07:00:00Z,2022-03-19T07:00:00Z,2022-03-15T16:00:00Z,120hour_target_crosses_boundary
outer_1_test,2022-03-14T08:00:00Z,2022-03-19T08:00:00Z,2022-03-15T16:00:00Z,120hour_target_crosses_boundary
outer_1_test,2022-03-14T09:00:00Z,2022-03-19T09:00:00Z,2022-03-15T16:00:00Z,120hour_target_crosses_boundary
outer_1_test,2022-03-14T10:00:00Z,2022-03-19T10:00:00Z,2022-03-15T16:00:00Z,120hour_target_crosses_boundary
outer_1_test,2022-03-14T11:00:00Z,2022-03-19T11:00:00Z,2022-03-15T16:00:00Z,120hour_target_crosses_boundary
outer_1_test,2022-03-14T12:00:00Z,2022-03-19T12:00:00Z,2022-03-15T16:00:00Z,120hour_target_crosses_boundary
outer_1_test,2022-03-14T13:00:00Z,2022-03-19T13:00:00Z,2022-03-15T16:00:00Z,120hour_target_crosses_boundary
outer_1_test,2022-03-14T14:00:00Z,2022-03-19T14:00:00Z,2022-03-15T16:00:00Z,120hour_target_crosses_boundary
outer_1_test,2022-03-14T15:00:00Z,2022-03-19T15:00:00Z,2022-03-15T16:00:00Z,120hour_target_crosses_boundary
outer_1_test,2022-03-14T16:00:00Z,2022-03-19T16:00:00Z,2022-03-15T16:00:00Z,120hour_target_crosses_boundary
outer_1_test,2022-03-14T17:00:00Z,2022-03-19T17:00:00Z,2022-03-15T16:00:00Z,120hour_target_crosses_boundary
outer_1_test,2022-03-14T18:00:00Z,2022-03-19T18:00:00Z,2022-03-15T16:00:00Z,120hour_target_crosses_boundary
outer_1_test,2022-03-14T19:00:00Z,2022-03-19T19:00:00Z,2022-03-15T16:00:00Z,120hour_target_crosses_boundary
outer_1_test,2022-03-14T20:00:00Z,2022-03-19T20:00:00Z,2022-03-15T16:00:00Z,120hour_target_crosses_boundary
outer_1_test,2022-03-14T21:00:00Z,2022-03-19T21:00:00Z,2022-03-15T16:00:00Z,120hour_target_crosses_boundary
outer_1_test,2022-03-14T22:00:00Z,2022-03-19T22:00:00Z,2022-03-15T16:00:00Z,120hour_target_crosses_boundary
outer_1_test,2022-03-14T23:00:00Z,2022-03-19T23:00:00Z,2022-03-15T16:00:00Z,120hour_target_crosses_boundary
outer_1_test,2022-03-15T00:00:00Z,2022-03-20T00:00:00Z,2022-03-15T16:00:00Z,120hour_target_crosses_boundary
outer_1_test,2022-03-15T01:00:00Z,2022-03-20T01:00:00Z,2022-03-15T16:00:00Z,120hour_target_crosses_boundary
outer_1_test,2022-03-15T02:00:00Z,2022-03-20T02:00:00Z,2022-03-15T16:00:00Z,120hour_target_crosses_boundary
outer_1_test,2022-03-15T03:00:00Z,2022-03-20T03:00:00Z,2022-03-15T16:00:00Z,120hour_target_crosses_boundary
outer_1_test,2022-03-15T04:00:00Z,2022-03-20T04:00:00Z,2022-03-15T16:00:00Z,120hour_target_crosses_boundary
outer_1_test,2022-03-15T05:00:00Z,2022-03-20T05:00:00Z,2022-03-15T16:00:00Z,120hour_target_crosses_boundary
outer_1_test,2022-03-15T06:00:00Z,2022-03-20T06:00:00Z,2022-03-15T16:00:00Z,120hour_target_crosses_boundary
outer_1_test,2022-03-15T07:00:00Z,2022-03-20T07:00:00Z,2022-03-15T16:00:00Z,120hour_target_crosses_boundary
outer_1_test,2022-03-15T08:00:00Z,2022-03-20T08:00:00Z,2022-03-15T16:00:00Z,120hour_target_crosses_boundary
outer_1_test,2022-03-15T09:00:00Z,2022-03-20T09:00:00Z,2022-03-15T16:00:00Z,120hour_target_crosses_boundary
outer_1_test,2022-03-15T10:00:00Z,2022-03-20T10:00:00Z,2022-03-15T16:00:00Z,120hour_target_crosses_boundary
outer_1_test,2022-03-15T11:00:00Z,2022-03-20T11:00:00Z,2022-03-15T16:00:00Z,120hour_target_crosses_boundary
outer_1_test,2022-03-15T12:00:00Z,2022-03-20T12:00:00Z,2022-03-15T16:00:00Z,120hour_target_crosses_boundary
outer_1_test,2022-03-15T13:00:00Z,2022-03-20T13:00:00Z,2022-03-15T16:00:00Z,120hour_target_crosses_boundary
outer_1_test,2022-03-15T14:00:00Z,2022-03-20T14:00:00Z,2022-03-15T16:00:00Z,120hour_target_crosses_boundary
outer_1_test,2022-03-15T15:00:00Z,2022-03-20T15:00:00Z,2022-03-15T16:00:00Z,120hour_target_crosses_boundary
outer_2_test,2023-06-28T09:00:00Z,2023-07-03T09:00:00Z,2023-07-03T08:00:00Z,120hour_target_crosses_boundary
outer_2_test,2023-06-28T10:00:00Z,2023-07-03T10:00:00Z,2023-07-03T08:00:00Z,120hour_target_crosses_boundary
outer_2_test,2023-06-28T11:00:00Z,2023-07-03T11:00:00Z,2023-07-03T08:00:00Z,120hour_target_crosses_boundary
outer_2_test,2023-06-28T12:00:00Z,2023-07-03T12:00:00Z,2023-07-03T08:00:00Z,120hour_target_crosses_boundary
outer_2_test,2023-06-28T13:00:00Z,2023-07-03T13:00:00Z,2023-07-03T08:00:00Z,120hour_target_crosses_boundary
outer_2_test,2023-06-28T14:00:00Z,2023-07-03T14:00:00Z,2023-07-03T08:00:00Z,120hour_target_crosses_boundary
outer_2_test,2023-06-28T15:00:00Z,2023-07-03T15:00:00Z,2023-07-03T08:00:00Z,120hour_target_crosses_boundary
outer_2_test,2023-06-28T16:00:00Z,2023-07-03T16:00:00Z,2023-07-03T08:00:00Z,120hour_target_crosses_boundary
outer_2_test,2023-06-28T17:00:00Z,2023-07-03T17:00:00Z,2023-07-03T08:00:00Z,120hour_target_crosses_boundary
outer_2_test,2023-06-28T18:00:00Z,2023-07-03T18:00:00Z,2023-07-03T08:00:00Z,120hour_target_crosses_boundary
outer_2_test,2023-06-28T19:00:00Z,2023-07-03T19:00:00Z,2023-07-03T08:00:00Z,120hour_target_crosses_boundary
outer_2_test,2023-06-28T20:00:00Z,2023-07-03T20:00:00Z,2023-07-03T08:00:00Z,120hour_target_crosses_boundary
outer_2_test,2023-06-28T21:00:00Z,2023-07-03T21:00:00Z,2023-07-03T08:00:00Z,120hour_target_crosses_boundary
outer_2_test,2023-06-28T22:00:00Z,2023-07-03T22:00:00Z,2023-07-03T08:00:00Z,120hour_target_crosses_boundary
outer_2_test,2023-06-28T23:00:00Z,2023-07-03T23:00:00Z,2023-07-03T08:00:00Z,120hour_target_crosses_boundary
outer_2_test,2023-06-29T00:00:00Z,2023-07-04T00:00:00Z,2023-07-03T08:00:00Z,120hour_target_crosses_boundary
outer_2_test,2023-06-29T01:00:00Z,2023-07-04T01:00:00Z,2023-07-03T08:00:00Z,120hour_target_crosses_boundary
outer_2_test,2023-06-29T02:00:00Z,2023-07-04T02:00:00Z,2023-07-03T08:00:00Z,120hour_target_crosses_boundary
outer_2_test,2023-06-29T03:00:00Z,2023-07-04T03:00:00Z,2023-07-03T08:00:00Z,120hour_target_crosses_boundary
outer_2_test,2023-06-29T04:00:00Z,2023-07-04T04:00:00Z,2023-07-03T08:00:00Z,120hour_target_crosses_boundary
outer_2_test,2023-06-29T05:00:00Z,2023-07-04T05:00:00Z,2023-07-03T08:00:00Z,120hour_target_crosses_boundary
outer_2_test,2023-06-29T06:00:00Z,2023-07-04T06:00:00Z,2023-07-03T08:00:00Z,120hour_target_crosses_boundary
outer_2_test,2023-06-29T07:00:00Z,2023-07-04T07:00:00Z,2023-07-03T08:00:00Z,120hour_target_crosses_boundary
outer_2_test,2023-06-29T08:00:00Z,2023-07-04T08:00:00Z,2023-07-03T08:00:00Z,120hour_target_crosses_boundary
outer_2_test,2023-06-29T09:00:00Z,2023-07-04T09:00:00Z,2023-07-03T08:00:00Z,120hour_target_crosses_boundary
outer_2_test,2023-06-29T10:00:00Z,2023-07-04T10:00:00Z,2023-07-03T08:00:00Z,120hour_target_crosses_boundary
outer_2_test,2023-06-29T11:00:00Z,2023-07-04T11:00:00Z,2023-07-03T08:00:00Z,120hour_target_crosses_boundary
outer_2_test,2023-06-29T12:00:00Z,2023-07-04T12:00:00Z,2023-07-03T08:00:00Z,120hour_target_crosses_boundary
outer_2_test,2023-06-29T13:00:00Z,2023-07-04T13:00:00Z,2023-07-03T08:00:00Z,120hour_target_crosses_boundary
outer_2_test,2023-06-29T14:00:00Z,2023-07-04T14:00:00Z,2023-07-03T08:00:00Z,120hour_target_crosses_boundary
outer_2_test,2023-06-29T15:00:00Z,2023-07-04T15:00:00Z,2023-07-03T08:00:00Z,120hour_target_crosses_boundary
outer_2_test,2023-06-29T16:00:00Z,2023-07-04T16:00:00Z,2023-07-03T08:00:00Z,120hour_target_crosses_boundary
outer_2_test,2023-06-29T17:00:00Z,2023-07-04T17:00:00Z,2023-07-03T08:00:00Z,120hour_target_crosses_boundary
outer_2_test,2023-06-29T18:00:00Z,2023-07-04T18:00:00Z,2023-07-03T08:00:00Z,120hour_target_crosses_boundary
outer_2_test,2023-06-29T19:00:00Z,2023-07-04T19:00:00Z,2023-07-03T08:00:00Z,120hour_target_crosses_boundary
outer_2_test,2023-06-29T20:00:00Z,2023-07-04T20:00:00Z,2023-07-03T08:00:00Z,120hour_target_crosses_boundary
outer_2_test,2023-06-29T21:00:00Z,2023-07-04T21:00:00Z,2023-07-03T08:00:00Z,120hour_target_crosses_boundary
outer_2_test,2023-06-29T22:00:00Z,2023-07-04T22:00:00Z,2023-07-03T08:00:00Z,120hour_target_crosses_boundary
outer_2_test,2023-06-29T23:00:00Z,2023-07-04T23:00:00Z,2023-07-03T08:00:00Z,120hour_target_crosses_boundary
outer_2_test,2023-06-30T00:00:00Z,2023-07-05T00:00:00Z,2023-07-03T08:00:00Z,120hour_target_crosses_boundary
outer_2_test,2023-06-30T01:00:00Z,2023-07-05T01:00:00Z,2023-07-03T08:00:00Z,120hour_target_crosses_boundary
outer_2_test,2023-06-30T02:00:00Z,2023-07-05T02:00:00Z,2023-07-03T08:00:00Z,120hour_target_crosses_boundary
outer_2_test,2023-06-30T03:00:00Z,2023-07-05T03:00:00Z,2023-07-03T08:00:00Z,120hour_target_crosses_boundary
outer_2_test,2023-06-30T04:00:00Z,2023-07-05T04:00:00Z,2023-07-03T08:00:00Z,120hour_target_crosses_boundary
outer_2_test,2023-06-30T05:00:00Z,2023-07-05T05:00:00Z,2023-07-03T08:00:00Z,120hour_target_crosses_boundary
outer_2_test,2023-06-30T06:00:00Z,2023-07-05T06:00:00Z,2023-07-03T08:00:00Z,120hour_target_crosses_boundary
outer_2_test,2023-06-30T07:00:00Z,2023-07-05T07:00:00Z,2023-07-03T08:00:00Z,120hour_target_crosses_boundary
outer_2_test,2023-06-30T08:00:00Z,2023-07-05T08:00:00Z,2023-07-03T08:00:00Z,120hour_target_crosses_boundary
outer_2_test,2023-06-30T09:00:00Z,2023-07-05T09:00:00Z,2023-07-03T08:00:00Z,120hour_target_crosses_boundary
outer_2_test,2023-06-30T10:00:00Z,2023-07-05T10:00:00Z,2023-07-03T08:00:00Z,120hour_target_crosses_boundary
outer_2_test,2023-06-30T11:00:00Z,2023-07-05T11:00:00Z,2023-07-03T08:00:00Z,120hour_target_crosses_boundary
outer_2_test,2023-06-30T12:00:00Z,2023-07-05T12:00:00Z,2023-07-03T08:00:00Z,120hour_target_crosses_boundary
outer_2_test,2023-06-30T13:00:00Z,2023-07-05T13:00:00Z,2023-07-03T08:00:00Z,120hour_target_crosses_boundary
outer_2_test,2023-06-30T14:00:00Z,2023-07-05T14:00:00Z,2023-07-03T08:00:00Z,120hour_target_crosses_boundary
outer_2_test,2023-06-30T15:00:00Z,2023-07-05T15:00:00Z,2023-07-03T08:00:00Z,120hour_target_crosses_boundary
outer_2_test,2023-06-30T16:00:00Z,2023-07-05T16:00:00Z,2023-07-03T08:00:00Z,120hour_target_crosses_boundary
outer_2_test,2023-06-30T17:00:00Z,2023-07-05T17:00:00Z,2023-07-03T08:00:00Z,120hour_target_crosses_boundary
outer_2_test,2023-06-30T18:00:00Z,2023-07-05T18:00:00Z,2023-07-03T08:00:00Z,120hour_target_crosses_boundary
outer_2_test,2023-06-30T19:00:00Z,2023-07-05T19:00:00Z,2023-07-03T08:00:00Z,120hour_target_crosses_boundary
outer_2_test,2023-06-30T20:00:00Z,2023-07-05T20:00:00Z,2023-07-03T08:00:00Z,120hour_target_crosses_boundary
outer_2_test,2023-06-30T21:00:00Z,2023-07-05T21:00:00Z,2023-07-03T08:00:00Z,120hour_target_crosses_boundary
outer_2_test,2023-06-30T22:00:00Z,2023-07-05T22:00:00Z,2023-07-03T08:00:00Z,120hour_target_crosses_boundary
outer_2_test,2023-06-30T23:00:00Z,2023-07-05T23:00:00Z,2023-07-03T08:00:00Z,120hour_target_crosses_boundary
outer_2_test,2023-07-01T00:00:00Z,2023-07-06T00:00:00Z,2023-07-03T08:00:00Z,120hour_target_crosses_boundary
outer_2_test,2023-07-01T01:00:00Z,2023-07-06T01:00:00Z,2023-07-03T08:00:00Z,120hour_target_crosses_boundary
outer_2_test,2023-07-01T02:00:00Z,2023-07-06T02:00:00Z,2023-07-03T08:00:00Z,120hour_target_crosses_boundary
outer_2_test,2023-07-01T03:00:00Z,2023-07-06T03:00:00Z,2023-07-03T08:00:00Z,120hour_target_crosses_boundary
outer_2_test,2023-07-01T04:00:00Z,2023-07-06T04:00:00Z,2023-07-03T08:00:00Z,120hour_target_crosses_boundary
outer_2_test,2023-07-01T05:00:00Z,2023-07-06T05:00:00Z,2023-07-03T08:00:00Z,120hour_target_crosses_boundary
outer_2_test,2023-07-01T06:00:00Z,2023-07-06T06:00:00Z,2023-07-03T08:00:00Z,120hour_target_crosses_boundary
outer_2_test,2023-07-01T07:00:00Z,2023-07-06T07:00:00Z,2023-07-03T08:00:00Z,120hour_target_crosses_boundary
outer_2_test,2023-07-01T08:00:00Z,2023-07-06T08:00:00Z,2023-07-03T08:00:00Z,120hour_target_crosses_boundary
outer_2_test,2023-07-01T09:00:00Z,2023-07-06T09:00:00Z,2023-07-03T08:00:00Z,120hour_target_crosses_boundary
outer_2_test,2023-07-01T10:00:00Z,2023-07-06T10:00:00Z,2023-07-03T08:00:00Z,120hour_target_crosses_boundary
outer_2_test,2023-07-01T11:00:00Z,2023-07-06T11:00:00Z,2023-07-03T08:00:00Z,120hour_target_crosses_boundary
outer_2_test,2023-07-01T12:00:00Z,2023-07-06T12:00:00Z,2023-07-03T08:00:00Z,120hour_target_crosses_boundary
outer_2_test,2023-07-01T13:00:00Z,2023-07-06T13:00:00Z,2023-07-03T08:00:00Z,120hour_target_crosses_boundary
outer_2_test,2023-07-01T14:00:00Z,2023-07-06T14:00:00Z,2023-07-03T08:00:00Z,120hour_target_crosses_boundary
outer_2_test,2023-07-01T15:00:00Z,2023-07-06T15:00:00Z,2023-07-03T08:00:00Z,120hour_target_crosses_boundary
outer_2_test,2023-07-01T16:00:00Z,2023-07-06T16:00:00Z,2023-07-03T08:00:00Z,120hour_target_crosses_boundary
outer_2_test,2023-07-01T17:00:00Z,2023-07-06T17:00:00Z,2023-07-03T08:00:00Z,120hour_target_crosses_boundary
outer_2_test,2023-07-01T18:00:00Z,2023-07-06T18:00:00Z,2023-07-03T08:00:00Z,120hour_target_crosses_boundary
outer_2_test,2023-07-01T19:00:00Z,2023-07-06T19:00:00Z,2023-07-03T08:00:00Z,120hour_target_crosses_boundary
outer_2_test,2023-07-01T20:00:00Z,2023-07-06T20:00:00Z,2023-07-03T08:00:00Z,120hour_target_crosses_boundary
outer_2_test,2023-07-01T21:00:00Z,2023-07-06T21:00:00Z,2023-07-03T08:00:00Z,120hour_target_crosses_boundary
outer_2_test,2023-07-01T22:00:00Z,2023-07-06T22:00:00Z,2023-07-03T08:00:00Z,120hour_target_crosses_boundary
outer_2_test,2023-07-01T23:00:00Z,2023-07-06T23:00:00Z,2023-07-03T08:00:00Z,120hour_target_crosses_boundary
outer_2_test,2023-07-02T00:00:00Z,2023-07-07T00:00:00Z,2023-07-03T08:00:00Z,120hour_target_crosses_boundary
outer_2_test,2023-07-02T01:00:00Z,2023-07-07T01:00:00Z,2023-07-03T08:00:00Z,120hour_target_crosses_boundary
outer_2_test,2023-07-02T02:00:00Z,2023-07-07T02:00:00Z,2023-07-03T08:00:00Z,120hour_target_crosses_boundary
outer_2_test,2023-07-02T03:00:00Z,2023-07-07T03:00:00Z,2023-07-03T08:00:00Z,120hour_target_crosses_boundary
outer_2_test,2023-07-02T04:00:00Z,2023-07-07T04:00:00Z,2023-07-03T08:00:00Z,120hour_target_crosses_boundary
outer_2_test,2023-07-02T05:00:00Z,2023-07-07T05:00:00Z,2023-07-03T08:00:00Z,120hour_target_crosses_boundary
outer_2_test,2023-07-02T06:00:00Z,2023-07-07T06:00:00Z,2023-07-03T08:00:00Z,120hour_target_crosses_boundary
outer_2_test,2023-07-02T07:00:00Z,2023-07-07T07:00:00Z,2023-07-03T08:00:00Z,120hour_target_crosses_boundary
outer_2_test,2023-07-02T08:00:00Z,2023-07-07T08:00:00Z,2023-07-03T08:00:00Z,120hour_target_crosses_boundary
outer_2_test,2023-07-02T09:00:00Z,2023-07-07T09:00:00Z,2023-07-03T08:00:00Z,120hour_target_crosses_boundary
outer_2_test,2023-07-02T10:00:00Z,2023-07-07T10:00:00Z,2023-07-03T08:00:00Z,120hour_target_crosses_boundary
outer_2_test,2023-07-02T11:00:00Z,2023-07-07T11:00:00Z,2023-07-03T08:00:00Z,120hour_target_crosses_boundary
outer_2_test,2023-07-02T12:00:00Z,2023-07-07T12:00:00Z,2023-07-03T08:00:00Z,120hour_target_crosses_boundary
outer_2_test,2023-07-02T13:00:00Z,2023-07-07T13:00:00Z,2023-07-03T08:00:00Z,120hour_target_crosses_boundary
outer_2_test,2023-07-02T14:00:00Z,2023-07-07T14:00:00Z,2023-07-03T08:00:00Z,120hour_target_crosses_boundary
outer_2_test,2023-07-02T15:00:00Z,2023-07-07T15:00:00Z,2023-07-03T08:00:00Z,120hour_target_crosses_boundary
outer_2_test,2023-07-02T16:00:00Z,2023-07-07T16:00:00Z,2023-07-03T08:00:00Z,120hour_target_crosses_boundary
outer_2_test,2023-07-02T17:00:00Z,2023-07-07T17:00:00Z,2023-07-03T08:00:00Z,120hour_target_crosses_boundary
outer_2_test,2023-07-02T18:00:00Z,2023-07-07T18:00:00Z,2023-07-03T08:00:00Z,120hour_target_crosses_boundary
outer_2_test,2023-07-02T19:00:00Z,2023-07-07T19:00:00Z,2023-07-03T08:00:00Z,120hour_target_crosses_boundary
outer_2_test,2023-07-02T20:00:00Z,2023-07-07T20:00:00Z,2023-07-03T08:00:00Z,120hour_target_crosses_boundary
outer_2_test,2023-07-02T21:00:00Z,2023-07-07T21:00:00Z,2023-07-03T08:00:00Z,120hour_target_crosses_boundary
outer_2_test,2023-07-02T22:00:00Z,2023-07-07T22:00:00Z,2023-07-03T08:00:00Z,120hour_target_crosses_boundary
outer_2_test,2023-07-02T23:00:00Z,2023-07-07T23:00:00Z,2023-07-03T08:00:00Z,120hour_target_crosses_boundary
outer_2_test,2023-07-03T00:00:00Z,2023-07-08T00:00:00Z,2023-07-03T08:00:00Z,120hour_target_crosses_boundary
outer_2_test,2023-07-03T01:00:00Z,2023-07-08T01:00:00Z,2023-07-03T08:00:00Z,120hour_target_crosses_boundary
outer_2_test,2023-07-03T02:00:00Z,2023-07-08T02:00:00Z,2023-07-03T08:00:00Z,120hour_target_crosses_boundary
outer_2_test,2023-07-03T03:00:00Z,2023-07-08T03:00:00Z,2023-07-03T08:00:00Z,120hour_target_crosses_boundary
outer_2_test,2023-07-03T04:00:00Z,2023-07-08T04:00:00Z,2023-07-03T08:00:00Z,120hour_target_crosses_boundary
outer_2_test,2023-07-03T05:00:00Z,2023-07-08T05:00:00Z,2023-07-03T08:00:00Z,120hour_target_crosses_boundary
outer_2_test,2023-07-03T06:00:00Z,2023-07-08T06:00:00Z,2023-07-03T08:00:00Z,120hour_target_crosses_boundary
outer_2_test,2023-07-03T07:00:00Z,2023-07-08T07:00:00Z,2023-07-03T08:00:00Z,120hour_target_crosses_boundary
outer_3_test,2024-10-15T01:00:00Z,2024-10-20T01:00:00Z,2024-10-20T00:00:00Z,120hour_target_crosses_boundary
outer_3_test,2024-10-15T02:00:00Z,2024-10-20T02:00:00Z,2024-10-20T00:00:00Z,120hour_target_crosses_boundary
outer_3_test,2024-10-15T03:00:00Z,2024-10-20T03:00:00Z,2024-10-20T00:00:00Z,120hour_target_crosses_boundary
outer_3_test,2024-10-15T04:00:00Z,2024-10-20T04:00:00Z,2024-10-20T00:00:00Z,120hour_target_crosses_boundary
outer_3_test,2024-10-15T05:00:00Z,2024-10-20T05:00:00Z,2024-10-20T00:00:00Z,120hour_target_crosses_boundary
outer_3_test,2024-10-15T06:00:00Z,2024-10-20T06:00:00Z,2024-10-20T00:00:00Z,120hour_target_crosses_boundary
outer_3_test,2024-10-15T07:00:00Z,2024-10-20T07:00:00Z,2024-10-20T00:00:00Z,120hour_target_crosses_boundary
outer_3_test,2024-10-15T08:00:00Z,2024-10-20T08:00:00Z,2024-10-20T00:00:00Z,120hour_target_crosses_boundary
outer_3_test,2024-10-15T09:00:00Z,2024-10-20T09:00:00Z,2024-10-20T00:00:00Z,120hour_target_crosses_boundary
outer_3_test,2024-10-15T10:00:00Z,2024-10-20T10:00:00Z,2024-10-20T00:00:00Z,120hour_target_crosses_boundary
outer_3_test,2024-10-15T11:00:00Z,2024-10-20T11:00:00Z,2024-10-20T00:00:00Z,120hour_target_crosses_boundary
outer_3_test,2024-10-15T12:00:00Z,2024-10-20T12:00:00Z,2024-10-20T00:00:00Z,120hour_target_crosses_boundary
outer_3_test,2024-10-15T13:00:00Z,2024-10-20T13:00:00Z,2024-10-20T00:00:00Z,120hour_target_crosses_boundary
outer_3_test,2024-10-15T14:00:00Z,2024-10-20T14:00:00Z,2024-10-20T00:00:00Z,120hour_target_crosses_boundary
outer_3_test,2024-10-15T15:00:00Z,2024-10-20T15:00:00Z,2024-10-20T00:00:00Z,120hour_target_crosses_boundary
outer_3_test,2024-10-15T16:00:00Z,2024-10-20T16:00:00Z,2024-10-20T00:00:00Z,120hour_target_crosses_boundary
outer_3_test,2024-10-15T17:00:00Z,2024-10-20T17:00:00Z,2024-10-20T00:00:00Z,120hour_target_crosses_boundary
outer_3_test,2024-10-15T18:00:00Z,2024-10-20T18:00:00Z,2024-10-20T00:00:00Z,120hour_target_crosses_boundary
outer_3_test,2024-10-15T19:00:00Z,2024-10-20T19:00:00Z,2024-10-20T00:00:00Z,120hour_target_crosses_boundary
outer_3_test,2024-10-15T20:00:00Z,2024-10-20T20:00:00Z,2024-10-20T00:00:00Z,120hour_target_crosses_boundary
outer_3_test,2024-10-15T21:00:00Z,2024-10-20T21:00:00Z,2024-10-20T00:00:00Z,120hour_target_crosses_boundary
outer_3_test,2024-10-15T22:00:00Z,2024-10-20T22:00:00Z,2024-10-20T00:00:00Z,120hour_target_crosses_boundary
outer_3_test,2024-10-15T23:00:00Z,2024-10-20T23:00:00Z,2024-10-20T00:00:00Z,120hour_target_crosses_boundary
outer_3_test,2024-10-16T00:00:00Z,2024-10-21T00:00:00Z,2024-10-20T00:00:00Z,120hour_target_crosses_boundary
outer_3_test,2024-10-16T01:00:00Z,2024-10-21T01:00:00Z,2024-10-20T00:00:00Z,120hour_target_crosses_boundary
outer_3_test,2024-10-16T02:00:00Z,2024-10-21T02:00:00Z,2024-10-20T00:00:00Z,120hour_target_crosses_boundary
outer_3_test,2024-10-16T03:00:00Z,2024-10-21T03:00:00Z,2024-10-20T00:00:00Z,120hour_target_crosses_boundary
outer_3_test,2024-10-16T04:00:00Z,2024-10-21T04:00:00Z,2024-10-20T00:00:00Z,120hour_target_crosses_boundary
outer_3_test,2024-10-16T05:00:00Z,2024-10-21T05:00:00Z,2024-10-20T00:00:00Z,120hour_target_crosses_boundary
outer_3_test,2024-10-16T06:00:00Z,2024-10-21T06:00:00Z,2024-10-20T00:00:00Z,120hour_target_crosses_boundary
outer_3_test,2024-10-16T07:00:00Z,2024-10-21T07:00:00Z,2024-10-20T00:00:00Z,120hour_target_crosses_boundary
outer_3_test,2024-10-16T08:00:00Z,2024-10-21T08:00:00Z,2024-10-20T00:00:00Z,120hour_target_crosses_boundary
outer_3_test,2024-10-16T09:00:00Z,2024-10-21T09:00:00Z,2024-10-20T00:00:00Z,120hour_target_crosses_boundary
outer_3_test,2024-10-16T10:00:00Z,2024-10-21T10:00:00Z,2024-10-20T00:00:00Z,120hour_target_crosses_boundary
outer_3_test,2024-10-16T11:00:00Z,2024-10-21T11:00:00Z,2024-10-20T00:00:00Z,120hour_target_crosses_boundary
outer_3_test,2024-10-16T12:00:00Z,2024-10-21T12:00:00Z,2024-10-20T00:00:00Z,120hour_target_crosses_boundary
outer_3_test,2024-10-16T13:00:00Z,2024-10-21T13:00:00Z,2024-10-20T00:00:00Z,120hour_target_crosses_boundary
outer_3_test,2024-10-16T14:00:00Z,2024-10-21T14:00:00Z,2024-10-20T00:00:00Z,120hour_target_crosses_boundary
outer_3_test,2024-10-16T15:00:00Z,2024-10-21T15:00:00Z,2024-10-20T00:00:00Z,120hour_target_crosses_boundary
outer_3_test,2024-10-16T16:00:00Z,2024-10-21T16:00:00Z,2024-10-20T00:00:00Z,120hour_target_crosses_boundary
outer_3_test,2024-10-16T17:00:00Z,2024-10-21T17:00:00Z,2024-10-20T00:00:00Z,120hour_target_crosses_boundary
outer_3_test,2024-10-16T18:00:00Z,2024-10-21T18:00:00Z,2024-10-20T00:00:00Z,120hour_target_crosses_boundary
outer_3_test,2024-10-16T19:00:00Z,2024-10-21T19:00:00Z,2024-10-20T00:00:00Z,120hour_target_crosses_boundary
outer_3_test,2024-10-16T20:00:00Z,2024-10-21T20:00:00Z,2024-10-20T00:00:00Z,120hour_target_crosses_boundary
outer_3_test,2024-10-16T21:00:00Z,2024-10-21T21:00:00Z,2024-10-20T00:00:00Z,120hour_target_crosses_boundary
outer_3_test,2024-10-16T22:00:00Z,2024-10-21T22:00:00Z,2024-10-20T00:00:00Z,120hour_target_crosses_boundary
outer_3_test,2024-10-16T23:00:00Z,2024-10-21T23:00:00Z,2024-10-20T00:00:00Z,120hour_target_crosses_boundary
outer_3_test,2024-10-17T00:00:00Z,2024-10-22T00:00:00Z,2024-10-20T00:00:00Z,120hour_target_crosses_boundary
outer_3_test,2024-10-17T01:00:00Z,2024-10-22T01:00:00Z,2024-10-20T00:00:00Z,120hour_target_crosses_boundary
outer_3_test,2024-10-17T02:00:00Z,2024-10-22T02:00:00Z,2024-10-20T00:00:00Z,120hour_target_crosses_boundary
outer_3_test,2024-10-17T03:00:00Z,2024-10-22T03:00:00Z,2024-10-20T00:00:00Z,120hour_target_crosses_boundary
outer_3_test,2024-10-17T04:00:00Z,2024-10-22T04:00:00Z,2024-10-20T00:00:00Z,120hour_target_crosses_boundary
outer_3_test,2024-10-17T05:00:00Z,2024-10-22T05:00:00Z,2024-10-20T00:00:00Z,120hour_target_crosses_boundary
outer_3_test,2024-10-17T06:00:00Z,2024-10-22T06:00:00Z,2024-10-20T00:00:00Z,120hour_target_crosses_boundary
outer_3_test,2024-10-17T07:00:00Z,2024-10-22T07:00:00Z,2024-10-20T00:00:00Z,120hour_target_crosses_boundary
outer_3_test,2024-10-17T08:00:00Z,2024-10-22T08:00:00Z,2024-10-20T00:00:00Z,120hour_target_crosses_boundary
outer_3_test,2024-10-17T09:00:00Z,2024-10-22T09:00:00Z,2024-10-20T00:00:00Z,120hour_target_crosses_boundary
outer_3_test,2024-10-17T10:00:00Z,2024-10-22T10:00:00Z,2024-10-20T00:00:00Z,120hour_target_crosses_boundary
outer_3_test,2024-10-17T11:00:00Z,2024-10-22T11:00:00Z,2024-10-20T00:00:00Z,120hour_target_crosses_boundary
outer_3_test,2024-10-17T12:00:00Z,2024-10-22T12:00:00Z,2024-10-20T00:00:00Z,120hour_target_crosses_boundary
outer_3_test,2024-10-17T13:00:00Z,2024-10-22T13:00:00Z,2024-10-20T00:00:00Z,120hour_target_crosses_boundary
outer_3_test,2024-10-17T14:00:00Z,2024-10-22T14:00:00Z,2024-10-20T00:00:00Z,120hour_target_crosses_boundary
outer_3_test,2024-10-17T15:00:00Z,2024-10-22T15:00:00Z,2024-10-20T00:00:00Z,120hour_target_crosses_boundary
outer_3_test,2024-10-17T16:00:00Z,2024-10-22T16:00:00Z,2024-10-20T00:00:00Z,120hour_target_crosses_boundary
outer_3_test,2024-10-17T17:00:00Z,2024-10-22T17:00:00Z,2024-10-20T00:00:00Z,120hour_target_crosses_boundary
outer_3_test,2024-10-17T18:00:00Z,2024-10-22T18:00:00Z,2024-10-20T00:00:00Z,120hour_target_crosses_boundary
outer_3_test,2024-10-17T19:00:00Z,2024-10-22T19:00:00Z,2024-10-20T00:00:00Z,120hour_target_crosses_boundary
outer_3_test,2024-10-17T20:00:00Z,2024-10-22T20:00:00Z,2024-10-20T00:00:00Z,120hour_target_crosses_boundary
outer_3_test,2024-10-17T21:00:00Z,2024-10-22T21:00:00Z,2024-10-20T00:00:00Z,120hour_target_crosses_boundary
outer_3_test,2024-10-17T22:00:00Z,2024-10-22T22:00:00Z,2024-10-20T00:00:00Z,120hour_target_crosses_boundary
outer_3_test,2024-10-17T23:00:00Z,2024-10-22T23:00:00Z,2024-10-20T00:00:00Z,120hour_target_crosses_boundary
outer_3_test,2024-10-18T00:00:00Z,2024-10-23T00:00:00Z,2024-10-20T00:00:00Z,120hour_target_crosses_boundary
outer_3_test,2024-10-18T01:00:00Z,2024-10-23T01:00:00Z,2024-10-20T00:00:00Z,120hour_target_crosses_boundary
outer_3_test,2024-10-18T02:00:00Z,2024-10-23T02:00:00Z,2024-10-20T00:00:00Z,120hour_target_crosses_boundary
outer_3_test,2024-10-18T03:00:00Z,2024-10-23T03:00:00Z,2024-10-20T00:00:00Z,120hour_target_crosses_boundary
outer_3_test,2024-10-18T04:00:00Z,2024-10-23T04:00:00Z,2024-10-20T00:00:00Z,120hour_target_crosses_boundary
outer_3_test,2024-10-18T05:00:00Z,2024-10-23T05:00:00Z,2024-10-20T00:00:00Z,120hour_target_crosses_boundary
outer_3_test,2024-10-18T06:00:00Z,2024-10-23T06:00:00Z,2024-10-20T00:00:00Z,120hour_target_crosses_boundary
outer_3_test,2024-10-18T07:00:00Z,2024-10-23T07:00:00Z,2024-10-20T00:00:00Z,120hour_target_crosses_boundary
outer_3_test,2024-10-18T08:00:00Z,2024-10-23T08:00:00Z,2024-10-20T00:00:00Z,120hour_target_crosses_boundary
outer_3_test,2024-10-18T09:00:00Z,2024-10-23T09:00:00Z,2024-10-20T00:00:00Z,120hour_target_crosses_boundary
outer_3_test,2024-10-18T10:00:00Z,2024-10-23T10:00:00Z,2024-10-20T00:00:00Z,120hour_target_crosses_boundary
outer_3_test,2024-10-18T11:00:00Z,2024-10-23T11:00:00Z,2024-10-20T00:00:00Z,120hour_target_crosses_boundary
outer_3_test,2024-10-18T12:00:00Z,2024-10-23T12:00:00Z,2024-10-20T00:00:00Z,120hour_target_crosses_boundary
outer_3_test,2024-10-18T13:00:00Z,2024-10-23T13:00:00Z,2024-10-20T00:00:00Z,120hour_target_crosses_boundary
outer_3_test,2024-10-18T14:00:00Z,2024-10-23T14:00:00Z,2024-10-20T00:00:00Z,120hour_target_crosses_boundary
outer_3_test,2024-10-18T15:00:00Z,2024-10-23T15:00:00Z,2024-10-20T00:00:00Z,120hour_target_crosses_boundary
outer_3_test,2024-10-18T16:00:00Z,2024-10-23T16:00:00Z,2024-10-20T00:00:00Z,120hour_target_crosses_boundary
outer_3_test,2024-10-18T17:00:00Z,2024-10-23T17:00:00Z,2024-10-20T00:00:00Z,120hour_target_crosses_boundary
outer_3_test,2024-10-18T18:00:00Z,2024-10-23T18:00:00Z,2024-10-20T00:00:00Z,120hour_target_crosses_boundary
outer_3_test,2024-10-18T19:00:00Z,2024-10-23T19:00:00Z,2024-10-20T00:00:00Z,120hour_target_crosses_boundary
outer_3_test,2024-10-18T20:00:00Z,2024-10-23T20:00:00Z,2024-10-20T00:00:00Z,120hour_target_crosses_boundary
outer_3_test,2024-10-18T21:00:00Z,2024-10-23T21:00:00Z,2024-10-20T00:00:00Z,120hour_target_crosses_boundary
outer_3_test,2024-10-18T22:00:00Z,2024-10-23T22:00:00Z,2024-10-20T00:00:00Z,120hour_target_crosses_boundary
outer_3_test,2024-10-18T23:00:00Z,2024-10-23T23:00:00Z,2024-10-20T00:00:00Z,120hour_target_crosses_boundary
outer_3_test,2024-10-19T00:00:00Z,2024-10-24T00:00:00Z,2024-10-20T00:00:00Z,120hour_target_crosses_boundary
outer_3_test,2024-10-19T01:00:00Z,2024-10-24T01:00:00Z,2024-10-20T00:00:00Z,120hour_target_crosses_boundary
outer_3_test,2024-10-19T02:00:00Z,2024-10-24T02:00:00Z,2024-10-20T00:00:00Z,120hour_target_crosses_boundary
outer_3_test,2024-10-19T03:00:00Z,2024-10-24T03:00:00Z,2024-10-20T00:00:00Z,120hour_target_crosses_boundary
outer_3_test,2024-10-19T04:00:00Z,2024-10-24T04:00:00Z,2024-10-20T00:00:00Z,120hour_target_crosses_boundary
outer_3_test,2024-10-19T05:00:00Z,2024-10-24T05:00:00Z,2024-10-20T00:00:00Z,120hour_target_crosses_boundary
outer_3_test,2024-10-19T06:00:00Z,2024-10-24T06:00:00Z,2024-10-20T00:00:00Z,120hour_target_crosses_boundary
outer_3_test,2024-10-19T07:00:00Z,2024-10-24T07:00:00Z,2024-10-20T00:00:00Z,120hour_target_crosses_boundary
outer_3_test,2024-10-19T08:00:00Z,2024-10-24T08:00:00Z,2024-10-20T00:00:00Z,120hour_target_crosses_boundary
outer_3_test,2024-10-19T09:00:00Z,2024-10-24T09:00:00Z,2024-10-20T00:00:00Z,120hour_target_crosses_boundary
outer_3_test,2024-10-19T10:00:00Z,2024-10-24T10:00:00Z,2024-10-20T00:00:00Z,120hour_target_crosses_boundary
outer_3_test,2024-10-19T11:00:00Z,2024-10-24T11:00:00Z,2024-10-20T00:00:00Z,120hour_target_crosses_boundary
outer_3_test,2024-10-19T12:00:00Z,2024-10-24T12:00:00Z,2024-10-20T00:00:00Z,120hour_target_crosses_boundary
outer_3_test,2024-10-19T13:00:00Z,2024-10-24T13:00:00Z,2024-10-20T00:00:00Z,120hour_target_crosses_boundary
outer_3_test,2024-10-19T14:00:00Z,2024-10-24T14:00:00Z,2024-10-20T00:00:00Z,120hour_target_crosses_boundary
outer_3_test,2024-10-19T15:00:00Z,2024-10-24T15:00:00Z,2024-10-20T00:00:00Z,120hour_target_crosses_boundary
outer_3_test,2024-10-19T16:00:00Z,2024-10-24T16:00:00Z,2024-10-20T00:00:00Z,120hour_target_crosses_boundary
outer_3_test,2024-10-19T17:00:00Z,2024-10-24T17:00:00Z,2024-10-20T00:00:00Z,120hour_target_crosses_boundary
outer_3_test,2024-10-19T18:00:00Z,2024-10-24T18:00:00Z,2024-10-20T00:00:00Z,120hour_target_crosses_boundary
outer_3_test,2024-10-19T19:00:00Z,2024-10-24T19:00:00Z,2024-10-20T00:00:00Z,120hour_target_crosses_boundary
outer_3_test,2024-10-19T20:00:00Z,2024-10-24T20:00:00Z,2024-10-20T00:00:00Z,120hour_target_crosses_boundary
outer_3_test,2024-10-19T21:00:00Z,2024-10-24T21:00:00Z,2024-10-20T00:00:00Z,120hour_target_crosses_boundary
outer_3_test,2024-10-19T22:00:00Z,2024-10-24T22:00:00Z,2024-10-20T00:00:00Z,120hour_target_crosses_boundary
outer_3_test,2024-10-19T23:00:00Z,2024-10-24T23:00:00Z,2024-10-20T00:00:00Z,120hour_target_crosses_boundary
