incident_id,name,incident_date,date_precision,reported_loss_usd,loss_usd_min,loss_usd_max,loss_value_source,loss_basis,classification,technique,chains,target_type,source_count,claim_count,sources,source_claim_ids,source_dates,source_loss_claims,catalog_urls,reference_urls,transaction_hash_candidates,first_onchain_evidence_at_utc,first_verified_public_evidence_at_utc,detection_available_at_utc,loss_known_at_detection_usd,minute_backtest_ready,review_flags,scope_status,curation_notes,review_status,incident_date_basis,located_report_date,located_publication_claim_utc,evidence_ids,evidence_review_status,evidence_review_note,curation_note,first_onchain_evidence_basis,first_located_asset_outflow_at_utc,loss_window_start_date,loss_window_end_date,loss_usd_is_lower_bound,assumed_activation_utc,qualifies_over_5m,timing_assumption,magnitude_assumption,verified_information_available_at_activation
inc_b2fd778f2c73e40c,Yapizon,2017-04-22,day,4800000,4800000,4800000,defillama,retrospective_reported_amount; gross/net and valuation basis require source verification,Key Compromise,Hot Wallet Key Compromised; Wallet Stolen,"[""Bitcoin""]",CEX,2,2,"[""defillama"", ""slowmist""]","[""ad52b9e534930aed"", ""0ed1cd933983805c""]","[""2017-04-27""]","[{""source"": ""defillama"", ""claim_id"": ""ad52b9e534930aed"", ""loss_usd"": 4800000, ""loss_basis"": ""source_amount_definition_not_fully_verified"", ""valuation_date"": null}, {""source"": ""slowmist"", ""claim_id"": ""0ed1cd933983805c"", ""loss_usd"": null, ""loss_basis"": ""source_reported_loss_not_fully_verified"", ""valuation_date"": null}]","[""https://defillama.com/hacks"", ""https://hacked.slowmist.io/en/?c=&page=115""]","[""https://defillama.com/hacks"", ""https://news.bitcoin.com/hacked-korean-bitcoin-exchange-yapizon-offers-ious/"", ""https://www.boannews.com/news/articleView.html?idxno=54483""]",[],,,,,False,"[""exact_information_availability_unverified"", ""retrospective_loss_not_a_live_feature"", ""original_victim_notice_not_recovered"", ""native_asset_loss_disagreement""]",in_scope,[],normalized_catalog_record,Reported Korean local attack date; exact UTC interval not verified,2017-04-26,2017-04-26T05:53:00Z,"[""yapizon_boannews""]",2017_evidence_pass_completed,"Corrected April 27 catalog date to the April 22 attack date reported in contemporaneous Korean coverage quoting the exchange. Publication metadata has +09:00 offset; this is a located report, not proven first disclosure. BTC totals differ across reports; existing approximate USD catalog value retained.",,,,,,,2017-04-23T00:00:00Z,False,"00:00 UTC on the calendar day after the assigned incident_date; an assumed retrospective alignment, not verified public availability.","Frozen catalog reported_loss_usd; retrospective reported amount, not verified gross theft or loss known at activation.",False
inc_80eba4debe14df14,CoinDash,2017-07-17,day,7700000,7400000.0,7700000,defillama,retrospective_reported_amount; gross/net and valuation basis require source verification,Frontend & Infrastructure,Frontend Compromise; Malicious Code Injection Attack,"[""Ethereum""]",ICO,2,2,"[""defillama"", ""slowmist""]","[""1a28496448e61464"", ""7d41bc7652b12bbc""]","[""2017-07-18"", ""2017-07-19""]","[{""source"": ""defillama"", ""claim_id"": ""1a28496448e61464"", ""loss_usd"": 7700000, ""loss_basis"": ""source_amount_definition_not_fully_verified"", ""valuation_date"": null}, {""source"": ""slowmist"", ""claim_id"": ""7d41bc7652b12bbc"", ""loss_usd"": 7400000.0, ""loss_basis"": ""source_reported_loss_not_fully_verified"", ""valuation_date"": null}]","[""https://defillama.com/hacks"", ""https://hacked.slowmist.io/en/?c=&page=115""]","[""https://defillama.com/hacks"", ""https://www.zdnet.com/article/hacker-steals-7-4m-in-ethereum-during-coindash-ico-launch/"", ""https://www.coindesk.com/markets/2017/07/17/7-million-lost-in-coindash-ico-hack"", ""https://www.bleepingcomputer.com/news/security/hacker-steals-7-million-worth-of-ethereum-from-coindash-platform/""]",[],,,,,False,"[""source_date_disagreement"", ""exact_information_availability_unverified"", ""retrospective_loss_not_a_live_feature"", ""original_warning_timestamp_unverified"", ""source_updated_after_initial_publication""]",in_scope,[],normalized_catalog_record,Two contemporaneous July 17 reports describe the attack that day,2017-07-17,2017-07-17T21:02:39Z,"[""coindash_coindesk"", ""coindash_bleepingcomputer""]",2017_evidence_pass_completed,"Corrected July 18 catalog date to July 17. CoinDesk timestamp is a publication claim, not the earliest warning; both saved news articles show later modification times. Original issuer tweet links are preserved in the evidence ledger for follow-up.",,,,,,,2017-07-18T00:00:00Z,True,"00:00 UTC on the calendar day after the assigned incident_date; an assumed retrospective alignment, not verified public availability.","Frozen catalog reported_loss_usd; retrospective reported amount, not verified gross theft or loss known at activation.",False
inc_8d0d5ff70c747480,Parity,2017-07-18,day,30000000,30000000,30000000,defillama,approximate USD value of 153037 ETH reported contemporaneously by security researcher,Access Control,Uninitialized Proxy; Unauthorized operation,"[""Ethereum""]",Wallet,2,2,"[""defillama"", ""slowmist""]","[""7a60b0aa71d913f6"", ""50f1552cb6305779""]","[""2017-07-01"", ""2017-07-20""]","[{""source"": ""defillama"", ""claim_id"": ""7a60b0aa71d913f6"", ""loss_usd"": 30000000, ""loss_basis"": ""source_amount_definition_not_fully_verified"", ""valuation_date"": null}, {""source"": ""slowmist"", ""claim_id"": ""50f1552cb6305779"", ""loss_usd"": null, ""loss_basis"": ""source_reported_loss_not_fully_verified"", ""valuation_date"": null}]","[""https://defillama.com/hacks"", ""https://hacked.slowmist.io/en/?c=&page=114""]","[""https://defillama.com/hacks"", ""https://www.coindesk.com/30-million-ether-reported-stolen-parity-wallet-breach"", ""https://www.openzeppelin.com/news/on-the-parity-wallet-multisig-hack-405a8c12e8f7"", ""https://etherscan.io/tx/0xff261a49c61861884d0509dac46ed67577a7d48cb73c2f51f149c0bf96b29660"", ""https://etherscan.io/tx/0x0e0d16475d2ac6a4802437a35a21776e5c9b681a77fef1693b0badbb6afdb083"", ""https://github.com/bokkypoobah/ParityMultisigRecoveryReconciliation""]",[],2017-07-18T22:28:36Z,,,,False,"[""source_date_disagreement"", ""exact_information_availability_unverified"", ""retrospective_loss_not_a_live_feature"", ""onchain_attribution_is_retrospective"", ""block_time_not_detector_receipt_time"", ""midnight_publication_metadata_rejected""]",in_scope,[],manually_adjudicated_fields,"Earliest located attributed onchain ownership change, followed by Edgeless drain",2017-07-19,,"[""parity_ownership_change"", ""parity_first_drain"", ""parity_reconciliation"", ""parity_openzeppelin""]",2017_evidence_pass_completed,"Revised July 19 report-based date to July 18 chain chronology. Ownership change precedes the 26793 ETH Edgeless drain. The July 19 OpenZeppelin time describes cumulative theft, not initial publication. Retain approximate USD 30m estimate; exclude present-day explorer USD valuations and July 20 conversion from signal features.","Corrected catalog July 1 date using July 19 OpenZeppelin analysis. The 12:19 UTC statement describes funds drained by that time, not the first usable public alert.",Etherscan block 4041169; attack attribution from later researcher reconciliation; not live detection,2017-07-18T22:33:23Z,,,,2017-07-19T00:00:00Z,True,"00:00 UTC on the calendar day after the assigned incident_date; an assumed retrospective alignment, not verified public availability.","Frozen catalog reported_loss_usd; retrospective reported amount, not verified gross theft or loss known at activation.",False
inc_0e2a7b263c935ed5,Veritaseum,2017-07-23,day,8400000,8400000,8400000,supplemental_research,Founder estimate of stolen token value; actual ETH or USD sale proceeds not independently reconstructed,Key Compromise,Reported unauthorized VERI transfer and sale for ETH,[],,1,1,"[""supplemental_research""]","[""67c48d3eecf43559""]","[""2017-07-23""]","[{""source"": ""supplemental_research"", ""claim_id"": ""67c48d3eecf43559"", ""loss_usd"": 8400000, ""loss_basis"": ""Founder estimate reported by BleepingComputer; not independently reconstructed"", ""valuation_date"": null}]","[""https://www.bleepingcomputer.com/news/security/hacker-steals-8-4-million-worth-of-ethereum-from-veritaseum-platform/""]","[""https://www.bleepingcomputer.com/news/security/hacker-steals-8-4-million-worth-of-ethereum-from-veritaseum-platform/"", ""https://bitcointalk.org/index.php?topic=1887061.msg20348125#msg20348125"", ""https://www.securityweek.com/hacker-steals-84-million-ethereum-veritaseum/""]",[],,,,,False,"[""single_catalog_source"", ""exact_information_availability_unverified"", ""retrospective_loss_not_a_live_feature"", ""forum_timezone_unverified"", ""post_edited_after_creation"", ""publication_metadata_timezone_conflict"", ""incident_day_requires_primary_verification""]",in_scope,"[""Added an early incident missing from the three catalog USD screens. Report date is not an execution timestamp. Founder estimated $8.4m in ETH sale proceeds.""]",normalized_catalog_record,,2017-07-24,,"[""veritaseum_founder"", ""veritaseum_securityweek""]",2017_evidence_pass_completed,"Recovered founder's forum post #1885, displaying July 24 13:05:34 and an edit at 13:15:46. Timezone remains unverified, so no UTC alert time is assigned. Founder described USD 8.4m worth of tokens, not verified cash proceeds. SecurityWeek's publication timezone is internally inconsistent. Existing July 23 attack date remains unverified by this batch.",,,,,,,2017-07-24T00:00:00Z,True,"00:00 UTC on the calendar day after the assigned incident_date; an assumed retrospective alignment, not verified public availability.","Frozen catalog reported_loss_usd; retrospective reported amount, not verified gross theft or loss known at activation.",False
inc_1d207b9e6657b0d2,Tether,2017-11-19,day,30950010,30950010,31000000.0,tether_issuer_announcement,"Issuer-reported 30950010 USDT nominal theft; USD equivalent at assumed peg, not verified sale proceeds",Key Compromise,Private Key Compromised; Wallet Stolen,"[""Bitcoin""]",Token,2,2,"[""defillama"", ""slowmist""]","[""9165f54bd0febabe"", ""bab30f7895808cce""]","[""2017-11-19""]","[{""source"": ""defillama"", ""claim_id"": ""9165f54bd0febabe"", ""loss_usd"": 30950010, ""loss_basis"": ""source_amount_definition_not_fully_verified"", ""valuation_date"": null}, {""source"": ""slowmist"", ""claim_id"": ""bab30f7895808cce"", ""loss_usd"": 31000000.0, ""loss_basis"": ""source_reported_loss_not_fully_verified"", ""valuation_date"": null}]","[""https://defillama.com/hacks"", ""https://hacked.slowmist.io/en/?c=&page=114""]","[""https://defillama.com/hacks"", ""https://www.cnbc.com/2017/11/21/tether-hack-attacker-reportedly-steals-30-million-of-digital-tokens.html"", ""https://tether.io/news/tether-critical-announcement/""]",[],,,,,False,"[""exact_information_availability_unverified"", ""retrospective_loss_not_a_live_feature"", ""date_only_publication"", ""stolen_asset_transfer_and_redemption_restricted"", ""nominal_value_not_realized_proceeds""]",in_scope,[],normalized_catalog_record,,2017-11-21,,"[""tether_announcement""]",2017_evidence_pass_completed,"Issuer confirms November 19 theft on a page dated November 21. Stolen tokens were to be blocked from transfer and redemption, affecting their liquidity. Relative yesterday language is not converted into a precise discovery time.",,,,,,,2017-11-20T00:00:00Z,True,"00:00 UTC on the calendar day after the assigned incident_date; an assumed retrospective alignment, not verified public availability.","Frozen catalog reported_loss_usd; retrospective reported amount, not verified gross theft or loss known at activation.",False
inc_329e806eeb3c3196,NiceHash,2017-12-06,day,64000000,64000000,64000000,defillama,retrospective_reported_amount; gross/net and valuation basis require source verification,Frontend & Infrastructure,Key Leaked via Infrastructure; Unknown,"[""Bitcoin""]",CEX,2,2,"[""defillama"", ""slowmist""]","[""2ff5c1bfde34b906"", ""77bf985b0f846eb3""]","[""2017-12-08""]","[{""source"": ""defillama"", ""claim_id"": ""2ff5c1bfde34b906"", ""loss_usd"": 64000000, ""loss_basis"": ""source_amount_definition_not_fully_verified"", ""valuation_date"": null}, {""source"": ""slowmist"", ""claim_id"": ""77bf985b0f846eb3"", ""loss_usd"": null, ""loss_basis"": ""source_reported_loss_not_fully_verified"", ""valuation_date"": null}]","[""https://defillama.com/hacks"", ""https://hacked.slowmist.io/en/?c=&page=114""]","[""https://defillama.com/hacks"", ""http://archive.is/pWTbH"", ""https://www.reddit.com/r/NiceHash/comments/7i0s6o/official_press_release_statement_by_nicehash/"", ""https://www.bleepingcomputer.com/news/security/largest-cryptocurrency-mining-market-nicehash-hacked/""]",[],,,,,False,"[""exact_information_availability_unverified"", ""retrospective_loss_not_a_live_feature"", ""original_warning_timestamp_unverified"", ""loss_unquantified_in_initial_statement""]",in_scope,[],manually_adjudicated_fields,,2017-12-06,2017-12-06T21:44:07Z,"[""nicehash_bleepingcomputer""]",2017_evidence_pass_completed,Saved December 6 report reproduces NiceHash's statement. The original statement says theft quantity was still being verified. Direct Reddit retrieval yielded a page shell. Final USD 64m catalog loss remains retrospective.,Corrected incident day from December 8 to December 6 using the official contemporaneous NiceHash statement. Exact first disclosure time is still unverified.,,,,,,2017-12-07T00:00:00Z,True,"00:00 UTC on the calendar day after the assigned incident_date; an assumed retrospective alignment, not verified public availability.","Frozen catalog reported_loss_usd; retrospective reported amount, not verified gross theft or loss known at activation.",False
inc_ebaeb293d43f6f18,EtherDelta,2017-12-20,day,1400000,1400000,1400000,doj_2021_statement,"DOJ retrospective minimum scheme loss across December 20-21 and December 26, 2017",Frontend & Infrastructure,DNS Hijack,"[""Ethereum""]",CEX,1,1,"[""defillama""]","[""344555938e43d3c9""]","[""2017-12-20""]","[{""source"": ""defillama"", ""claim_id"": ""344555938e43d3c9"", ""loss_usd"": 1400000, ""loss_basis"": ""source_amount_definition_not_fully_verified"", ""valuation_date"": null}]","[""https://defillama.com/hacks""]","[""https://defillama.com/hacks"", ""https://www.bleepingcomputer.com/news/security/hackers-hijack-dns-server-of-crypto-to-crypto-exchange-etherdelta/"", ""https://www.justice.gov/usao-ndca/pr/us-government-seeks-information-about-victims-december-2017-etherdelta-hack""]",[],,,,,False,"[""single_catalog_source"", ""exact_information_availability_unverified"", ""retrospective_loss_not_a_live_feature"", ""loss_total_spans_multiple_dates"", ""retrospective_law_enforcement_amount"", ""original_warning_timestamp_unverified""]",in_scope,[],normalized_catalog_record,,2017-12-21,2017-12-21T12:06:29Z,"[""etherdelta_bleepingcomputer"", ""etherdelta_doj""]",2017_evidence_pass_completed,Retain one scheme-level incident. DOJ's at least USD 1.4m combines roughly USD 600k in December 20-21 transfers with another USD 800k on December 26. This is not a USD 1.4m loss known at the December 20 warning; do not split these into independent signal observations without a predefined incident rule.,,,,2017-12-20,2017-12-26,True,2017-12-21T00:00:00Z,False,"00:00 UTC on the calendar day after the assigned incident_date; an assumed retrospective alignment, not verified public availability.","Frozen catalog reported_loss_usd; retrospective reported amount, not verified gross theft or loss known at activation.",False
inc_592d8434f9c89cb1,Coincheck,2018-01-26,day,534000000,534000000,534000000,defillama,retrospective_reported_amount; gross/net and valuation basis require source verification,Key Compromise,Hot Wallet Key Compromised; Wallet Stolen,"[""NEM""]",CEX,2,2,"[""defillama"", ""slowmist""]","[""d48fa3cd669d63eb"", ""d80fa1eaaad37394""]","[""2018-01-26""]","[{""source"": ""defillama"", ""claim_id"": ""d48fa3cd669d63eb"", ""loss_usd"": 534000000, ""loss_basis"": ""source_amount_definition_not_fully_verified"", ""valuation_date"": null}, {""source"": ""slowmist"", ""claim_id"": ""d80fa1eaaad37394"", ""loss_usd"": 534000000.0, ""loss_basis"": ""source_reported_loss_not_fully_verified"", ""valuation_date"": null}]","[""https://defillama.com/hacks"", ""https://hacked.slowmist.io/en/?c=&page=114""]","[""https://defillama.com/hacks"", ""https://fortune.com/2018/01/31/coincheck-hack-how/""]",[],,,,,False,"[""exact_information_availability_unverified"", ""retrospective_loss_not_a_live_feature""]",in_scope,[],normalized_catalog_record,,,,,,,,,,,,,2018-01-27T00:00:00Z,True,"00:00 UTC on the calendar day after the assigned incident_date; an assumed retrospective alignment, not verified public availability.","Frozen catalog reported_loss_usd; retrospective reported amount, not verified gross theft or loss known at activation.",False
inc_440fe3f5e1e2a88e,BitGrail,2018-02-12,day,170000000,170000000,195000000.0,defillama,retrospective_reported_amount; gross/net and valuation basis require source verification,Access Control,Improper Access Control; Unknown,"[""Nano""]",CEX,2,2,"[""defillama"", ""slowmist""]","[""7e11e8dcdbe7a229"", ""5ea6acf1bffda25a""]","[""2018-02-12""]","[{""source"": ""defillama"", ""claim_id"": ""7e11e8dcdbe7a229"", ""loss_usd"": 170000000, ""loss_basis"": ""source_amount_definition_not_fully_verified"", ""valuation_date"": null}, {""source"": ""slowmist"", ""claim_id"": ""5ea6acf1bffda25a"", ""loss_usd"": 195000000.0, ""loss_basis"": ""source_reported_loss_not_fully_verified"", ""valuation_date"": null}]","[""https://defillama.com/hacks"", ""https://hacked.slowmist.io/en/?c=&page=114""]","[""https://defillama.com/hacks"", ""https://coinmarketcap.com/alexandria/article/bitgrail-hack-one-of-the-largest-crypto-hacks-in-history""]",[],,,,,False,"[""loss_estimates_differ_over_5pct"", ""exact_information_availability_unverified"", ""retrospective_loss_not_a_live_feature""]",in_scope,[],normalized_catalog_record,,,,,,,,,,,,,2018-02-13T00:00:00Z,True,"00:00 UTC on the calendar day after the assigned incident_date; an assumed retrospective alignment, not verified public availability.","Frozen catalog reported_loss_usd; retrospective reported amount, not verified gross theft or loss known at activation.",False
inc_b708a86f1ef2010a,Coinsecure,2018-04-12,day,3300000,3300000,3300000,defillama,retrospective_reported_amount; gross/net and valuation basis require source verification,Key Compromise,Private Key Compromised; Private Key Leakage,"[""Bitcoin""]",CEX,2,2,"[""defillama"", ""slowmist""]","[""ed51e28fd500960e"", ""3dbc50e595834c1b""]","[""2018-04-12""]","[{""source"": ""defillama"", ""claim_id"": ""ed51e28fd500960e"", ""loss_usd"": 3300000, ""loss_basis"": ""source_amount_definition_not_fully_verified"", ""valuation_date"": null}, {""source"": ""slowmist"", ""claim_id"": ""3dbc50e595834c1b"", ""loss_usd"": null, ""loss_basis"": ""source_reported_loss_not_fully_verified"", ""valuation_date"": null}]","[""https://defillama.com/hacks"", ""https://hacked.slowmist.io/en/?c=&page=114""]","[""https://defillama.com/hacks"", ""http://archive.is/AZnGe""]",[],,,,,False,"[""exact_information_availability_unverified"", ""retrospective_loss_not_a_live_feature""]",in_scope,[],normalized_catalog_record,,,,,,,,,,,,,2018-04-13T00:00:00Z,False,"00:00 UTC on the calendar day after the assigned incident_date; an assumed retrospective alignment, not verified public availability.","Frozen catalog reported_loss_usd; retrospective reported amount, not verified gross theft or loss known at activation.",False
inc_23461f6024e3dff9,Gate,2018-04-21,day,235000000,235000000,235000000,defillama,retrospective_reported_amount; gross/net and valuation basis require source verification,Key Compromise,Private Key Compromised,[],CEX,1,1,"[""defillama""]","[""6e4aa9513e53d5aa""]","[""2018-04-21""]","[{""source"": ""defillama"", ""claim_id"": ""6e4aa9513e53d5aa"", ""loss_usd"": 235000000, ""loss_basis"": ""source_amount_definition_not_fully_verified"", ""valuation_date"": null}]","[""https://defillama.com/hacks""]","[""https://defillama.com/hacks""]",[],,,,,False,"[""single_catalog_source"", ""no_incident_specific_reference"", ""exact_information_availability_unverified"", ""retrospective_loss_not_a_live_feature""]",in_scope,[],normalized_catalog_record,,,,,,,,,,,,,2018-04-22T00:00:00Z,True,"00:00 UTC on the calendar day after the assigned incident_date; an assumed retrospective alignment, not verified public availability.","Frozen catalog reported_loss_usd; retrospective reported amount, not verified gross theft or loss known at activation.",False
inc_46fad367e2b8d463,Bitcoin Gold,2018-05-16,day,18000000,18000000,18000000,defillama,retrospective_reported_amount; gross/net and valuation basis require source verification,Bridge & Cross-Chain,Forged Proof; 51% attack,"[""Bitcoin Gold""]",Chain,2,2,"[""defillama"", ""slowmist""]","[""24f5225c35d74dd8"", ""d945fbd9e2b76a44""]","[""2018-05-16""]","[{""source"": ""defillama"", ""claim_id"": ""24f5225c35d74dd8"", ""loss_usd"": 18000000, ""loss_basis"": ""source_amount_definition_not_fully_verified"", ""valuation_date"": null}, {""source"": ""slowmist"", ""claim_id"": ""d945fbd9e2b76a44"", ""loss_usd"": null, ""loss_basis"": ""source_reported_loss_not_fully_verified"", ""valuation_date"": null}]","[""https://defillama.com/hacks"", ""https://hacked.slowmist.io/en/?c=&page=114""]","[""https://defillama.com/hacks"", ""https://www.ccn.com/bitcoin-gold-hit-by-double-spend-attack-exchanges-lose-millions""]",[],,,,,False,"[""exact_information_availability_unverified"", ""retrospective_loss_not_a_live_feature""]",in_scope,[],normalized_catalog_record,,,,,,,,,,,,,2018-05-17T00:00:00Z,True,"00:00 UTC on the calendar day after the assigned incident_date; an assumed retrospective alignment, not verified public availability.","Frozen catalog reported_loss_usd; retrospective reported amount, not verified gross theft or loss known at activation.",False
inc_65c3e2c6abf7cf89,TAYLOR,2018-05-21,day,1350000,1350000,1350000,supplemental_research,retrospective_reported_amount; gross/net and valuation basis require source verification,Key Compromise,1Password file stolen; Reported device and password-vault compromise,[],,2,2,"[""slowmist"", ""supplemental_research""]","[""7bbb5fb94a3090d8"", ""a418bd9225a16203""]","[""2018-05-21"", ""2018-05-22""]","[{""source"": ""slowmist"", ""claim_id"": ""7bbb5fb94a3090d8"", ""loss_usd"": null, ""loss_basis"": ""source_reported_loss_not_fully_verified"", ""valuation_date"": null}, {""source"": ""supplemental_research"", ""claim_id"": ""a418bd9225a16203"", ""loss_usd"": 1350000, ""loss_basis"": ""Reported ETH valuation at article time; 2578.98 ETH plus TAY stolen"", ""valuation_date"": ""2018-05-28""}]","[""https://hacked.slowmist.io/en/?c=&page=114"", ""https://www.bleepingcomputer.com/news/security/hacker-steals-135-million-from-cryptocurrency-trading-app-taylor/""]","[""http://archive.is/Rp5Gl"", ""https://www.bleepingcomputer.com/news/security/hacker-steals-135-million-from-cryptocurrency-trading-app-taylor/""]",[],,,,,False,"[""source_date_disagreement"", ""exact_information_availability_unverified"", ""retrospective_loss_not_a_live_feature""]",in_scope,"[""SlowMist lists the token amount without a USD value and dates the event May 21. Article says May 22. Retain disagreement; TAY value is not included in this ETH estimate.""]",normalized_catalog_record,,,,,,,,,,,,,2018-05-22T00:00:00Z,False,"00:00 UTC on the calendar day after the assigned incident_date; an assumed retrospective alignment, not verified public availability.","Frozen catalog reported_loss_usd; retrospective reported amount, not verified gross theft or loss known at activation.",False
inc_b5ffd2a4ee8e1add,Verge,2018-05-22,day,1750000,1750000,1750000,defillama,retrospective_reported_amount; gross/net and valuation basis require source verification,Protocol Logic,Withdrawal Logic Flaw; 51% attack,"[""Verge""]",Chain,2,2,"[""defillama"", ""slowmist""]","[""da28a54b4d00f026"", ""27ec2747a0bac23b""]","[""2018-05-22""]","[{""source"": ""defillama"", ""claim_id"": ""da28a54b4d00f026"", ""loss_usd"": 1750000, ""loss_basis"": ""source_amount_definition_not_fully_verified"", ""valuation_date"": null}, {""source"": ""slowmist"", ""claim_id"": ""27ec2747a0bac23b"", ""loss_usd"": null, ""loss_basis"": ""source_reported_loss_not_fully_verified"", ""valuation_date"": null}]","[""https://defillama.com/hacks"", ""https://hacked.slowmist.io/en/?c=&page=113""]","[""https://defillama.com/hacks"", ""https://paper.seebug.org/609/""]",[],,,,,False,"[""exact_information_availability_unverified"", ""retrospective_loss_not_a_live_feature""]",in_scope,[],normalized_catalog_record,,,,,,,,,,,,,2018-05-23T00:00:00Z,False,"00:00 UTC on the calendar day after the assigned incident_date; an assumed retrospective alignment, not verified public availability.","Frozen catalog reported_loss_usd; retrospective reported amount, not verified gross theft or loss known at activation.",False
inc_39eb478bfc6c5523,Verge,2018-05-29,day,4820000.0,4820000.0,4820000.0,slowmist,retrospective_reported_amount; gross/net and valuation basis require source verification,,51% attack,[],,1,1,"[""slowmist""]","[""ca69122aa9dbf3b3""]","[""2018-05-29""]","[{""source"": ""slowmist"", ""claim_id"": ""ca69122aa9dbf3b3"", ""loss_usd"": 4820000.0, ""loss_basis"": ""source_reported_loss_not_fully_verified"", ""valuation_date"": null}]","[""https://hacked.slowmist.io/en/?c=&page=113""]","[""https://cloud.tencent.com/developer/article/1197040""]",[],,,,,False,"[""single_catalog_source"", ""exact_information_availability_unverified"", ""retrospective_loss_not_a_live_feature""]",in_scope,[],normalized_catalog_record,,,,,,,,,,,,,2018-05-30T00:00:00Z,False,"00:00 UTC on the calendar day after the assigned incident_date; an assumed retrospective alignment, not verified public availability.","Frozen catalog reported_loss_usd; retrospective reported amount, not verified gross theft or loss known at activation.",False
inc_27b0317347fcca18,Coinrail,2018-06-10,day,37200000,37200000,37200000,defillama,retrospective_reported_amount; gross/net and valuation basis require source verification,Access Control,Improper Access Control; Network intrusion,"[""Ethereum""]",CEX,2,2,"[""defillama"", ""slowmist""]","[""817004f4d4d216f6"", ""c5333c88193df213""]","[""2018-06-10""]","[{""source"": ""defillama"", ""claim_id"": ""817004f4d4d216f6"", ""loss_usd"": 37200000, ""loss_basis"": ""source_amount_definition_not_fully_verified"", ""valuation_date"": null}, {""source"": ""slowmist"", ""claim_id"": ""c5333c88193df213"", ""loss_usd"": 37200000.0, ""loss_basis"": ""source_reported_loss_not_fully_verified"", ""valuation_date"": null}]","[""https://defillama.com/hacks"", ""https://hacked.slowmist.io/en/?c=&page=113""]","[""https://defillama.com/hacks"", ""https://www.coindesk.com/markets/2018/06/11/coinrail-exchange-hacked-loses-possibly-40-million-in-cryptos/""]",[],,,,,False,"[""exact_information_availability_unverified"", ""retrospective_loss_not_a_live_feature""]",in_scope,[],normalized_catalog_record,,,,,,,,,,,,,2018-06-11T00:00:00Z,True,"00:00 UTC on the calendar day after the assigned incident_date; an assumed retrospective alignment, not verified public availability.","Frozen catalog reported_loss_usd; retrospective reported amount, not verified gross theft or loss known at activation.",False
inc_176ee80df0c89a1d,Bithumb,2018-06-21,day,31000000,30000000.0,31000000,defillama,retrospective_reported_amount; gross/net and valuation basis require source verification,Frontend & Infrastructure,Key Leaked via Infrastructure; Wallet Stolen,"[""Ethereum""]",CEX,2,2,"[""defillama"", ""slowmist""]","[""3ec350ba96cae996"", ""cb9126e7d5d58bd0""]","[""2018-06-21""]","[{""source"": ""defillama"", ""claim_id"": ""3ec350ba96cae996"", ""loss_usd"": 31000000, ""loss_basis"": ""source_amount_definition_not_fully_verified"", ""valuation_date"": null}, {""source"": ""slowmist"", ""claim_id"": ""cb9126e7d5d58bd0"", ""loss_usd"": 30000000.0, ""loss_basis"": ""source_reported_loss_not_fully_verified"", ""valuation_date"": null}]","[""https://defillama.com/hacks"", ""https://hacked.slowmist.io/en/?c=&page=113""]","[""https://defillama.com/hacks"", ""https://www.cnbc.com/2018/06/19/south-korea-crypto-exchange-bithumb-says-it-was-hacked-coins-stolen.html""]",[],,,,,False,"[""exact_information_availability_unverified"", ""retrospective_loss_not_a_live_feature""]",in_scope,[],normalized_catalog_record,,,,,,,,,,,,,2018-06-22T00:00:00Z,True,"00:00 UTC on the calendar day after the assigned incident_date; an assumed retrospective alignment, not verified public availability.","Frozen catalog reported_loss_usd; retrospective reported amount, not verified gross theft or loss known at activation.",False
inc_7306677b7a2bc5dd,Bancor V3,2018-07-09,day,23500000,23500000,23500000,defillama,retrospective_reported_amount; gross/net and valuation basis require source verification,Key Compromise,Hot Wallet Key Compromised; Private Key Leakage,"[""Ethereum""]",DeFi Protocol,2,2,"[""defillama"", ""slowmist""]","[""6c0993043d8019c5"", ""76510f32578a923d""]","[""2018-07-09"", ""2018-07-10""]","[{""source"": ""defillama"", ""claim_id"": ""6c0993043d8019c5"", ""loss_usd"": 23500000, ""loss_basis"": ""source_amount_definition_not_fully_verified"", ""valuation_date"": null}, {""source"": ""slowmist"", ""claim_id"": ""76510f32578a923d"", ""loss_usd"": null, ""loss_basis"": ""source_reported_loss_not_fully_verified"", ""valuation_date"": null}]","[""https://defillama.com/hacks"", ""https://hacked.slowmist.io/en/?c=&page=113""]","[""https://defillama.com/hacks"", ""https://zhuanlan.zhihu.com/p/39758950""]",[],,,,,False,"[""source_date_disagreement"", ""exact_information_availability_unverified"", ""retrospective_loss_not_a_live_feature""]",in_scope,[],normalized_catalog_record,,,,,,,,,,,,,2018-07-10T00:00:00Z,True,"00:00 UTC on the calendar day after the assigned incident_date; an assumed retrospective alignment, not verified public availability.","Frozen catalog reported_loss_usd; retrospective reported amount, not verified gross theft or loss known at activation.",False
inc_004ea7fde61e9ee3,KICKICO,2018-07-26,day,7700000,7700000,7700000,defillama,retrospective_reported_amount; gross/net and valuation basis require source verification,Key Compromise,Hot Wallet Key Compromised; Private Key Leakage,"[""Ethereum""]",DeFi Protocol,2,2,"[""defillama"", ""slowmist""]","[""f5a0bbea4da6ba0c"", ""6b3ba44b25ab2122""]","[""2018-07-26""]","[{""source"": ""defillama"", ""claim_id"": ""f5a0bbea4da6ba0c"", ""loss_usd"": 7700000, ""loss_basis"": ""source_amount_definition_not_fully_verified"", ""valuation_date"": null}, {""source"": ""slowmist"", ""claim_id"": ""6b3ba44b25ab2122"", ""loss_usd"": null, ""loss_basis"": ""source_reported_loss_not_fully_verified"", ""valuation_date"": null}]","[""https://defillama.com/hacks"", ""https://hacked.slowmist.io/en/?c=&page=113""]","[""https://defillama.com/hacks"", ""https://medium.com/@kickico/kickico-security-breach-issue-under-control-all-kickcoins-will-be-returned-ebe65a491dec""]",[],,,,,False,"[""exact_information_availability_unverified"", ""retrospective_loss_not_a_live_feature""]",in_scope,[],normalized_catalog_record,,,,,,,,,,,,,2018-07-27T00:00:00Z,True,"00:00 UTC on the calendar day after the assigned incident_date; an assumed retrospective alignment, not verified public availability.","Frozen catalog reported_loss_usd; retrospective reported amount, not verified gross theft or loss known at activation.",False
inc_d4239ba4014bb0f2,Zaif,2018-09-14,day,60000000,59000000.0,60000000,defillama,retrospective_reported_amount; gross/net and valuation basis require source verification,Key Compromise,Hot Wallet Key Compromised; Wallet Stolen,"[""Bitcoin""]",CEX,2,2,"[""defillama"", ""slowmist""]","[""57380c6dd5090f73"", ""a220e6b24e562637""]","[""2018-09-14""]","[{""source"": ""defillama"", ""claim_id"": ""57380c6dd5090f73"", ""loss_usd"": 60000000, ""loss_basis"": ""source_amount_definition_not_fully_verified"", ""valuation_date"": null}, {""source"": ""slowmist"", ""claim_id"": ""a220e6b24e562637"", ""loss_usd"": 59000000.0, ""loss_basis"": ""source_reported_loss_not_fully_verified"", ""valuation_date"": null}]","[""https://defillama.com/hacks"", ""https://hacked.slowmist.io/en/?c=&page=112""]","[""https://defillama.com/hacks"", ""https://prtimes.jp/main/html/rd/p/000000093.000012906.html""]",[],,,,,False,"[""exact_information_availability_unverified"", ""retrospective_loss_not_a_live_feature""]",in_scope,[],normalized_catalog_record,,,,,,,,,,,,,2018-09-15T00:00:00Z,True,"00:00 UTC on the calendar day after the assigned incident_date; an assumed retrospective alignment, not verified public availability.","Frozen catalog reported_loss_usd; retrospective reported amount, not verified gross theft or loss known at activation.",False
inc_8e90ebce2f10aae6,TRADE.IO,2018-10-20,day,7500000,7500000,7500000,supplemental_research,retrospective_reported_amount; gross/net and valuation basis require source verification,Key Compromise,Unknown; Cold-wallet unauthorized token transfer,[],,2,2,"[""slowmist"", ""supplemental_research""]","[""87021cb134b71552"", ""08453182c1f1a005""]","[""2018-10-20""]","[{""source"": ""slowmist"", ""claim_id"": ""87021cb134b71552"", ""loss_usd"": null, ""loss_basis"": ""source_reported_loss_not_fully_verified"", ""valuation_date"": null}, {""source"": ""supplemental_research"", ""claim_id"": ""08453182c1f1a005"", ""loss_usd"": 7500000, ""loss_basis"": ""SlowMist narrative estimates 50m TIO at $0.15; issuer confirms 50m tokens, not USD proceeds"", ""valuation_date"": null}]","[""https://hacked.slowmist.io/en/?c=&page=112"", ""https://www.prnewswire.co.uk/news-releases/tradeio-effectively-contains-breach-of-cold-storage-wallet-and-protects-tio-holders-698287971.html""]","[""https://www.jinse.com/lives/59325.htm"", ""https://www.prnewswire.co.uk/news-releases/tradeio-effectively-contains-breach-of-cold-storage-wallet-and-protects-tio-holders-698287971.html"", ""https://www.jinse.com/lives/59325.html""]",[],,,,,False,"[""exact_information_availability_unverified"", ""retrospective_loss_not_a_live_feature""]",in_scope,"[""Issuer confirms 50m TIO and an internal alert at 08:40 EST. That timezone label is ambiguous during US daylight saving time; do not manufacture UTC detection time. Dollar estimate is not verified sale proceeds.""]",normalized_catalog_record,,,,,,,,,,,,,2018-10-21T00:00:00Z,True,"00:00 UTC on the calendar day after the assigned incident_date; an assumed retrospective alignment, not verified public availability.","Frozen catalog reported_loss_usd; retrospective reported amount, not verified gross theft or loss known at activation.",False
inc_80d7ce999468dd3e,Cryptopia,2019-01-14,day,16000000,16000000,16000000,defillama,retrospective_reported_amount; gross/net and valuation basis require source verification,Key Compromise,Hot Wallet Key Compromised; Security vulnerabilities,"[""Ethereum""]",CEX,2,2,"[""defillama"", ""slowmist""]","[""c4c54d46db99e26c"", ""75cf237d3e3ca41d""]","[""2019-01-13"", ""2019-01-14""]","[{""source"": ""defillama"", ""claim_id"": ""c4c54d46db99e26c"", ""loss_usd"": 16000000, ""loss_basis"": ""source_amount_definition_not_fully_verified"", ""valuation_date"": null}, {""source"": ""slowmist"", ""claim_id"": ""75cf237d3e3ca41d"", ""loss_usd"": null, ""loss_basis"": ""source_reported_loss_not_fully_verified"", ""valuation_date"": null}]","[""https://defillama.com/hacks"", ""https://hacked.slowmist.io/en/?c=&page=110""]","[""https://defillama.com/hacks"", ""https://thespinoff.co.nz/business/28-05-2019/how-new-zealand-company-cryptopia-lost-over-20-million-from-a-hack""]",[],,,,,False,"[""source_date_disagreement"", ""exact_information_availability_unverified"", ""retrospective_loss_not_a_live_feature""]",in_scope,[],normalized_catalog_record,,,,,,,,,,,,,2019-01-15T00:00:00Z,True,"00:00 UTC on the calendar day after the assigned incident_date; an assumed retrospective alignment, not verified public availability.","Frozen catalog reported_loss_usd; retrospective reported amount, not verified gross theft or loss known at activation.",False
inc_bc892934a3939f5f,DragonEx,2019-03-24,day,7000000,6028283.0,7000000,defillama,retrospective_reported_amount; gross/net and valuation basis require source verification,Frontend & Infrastructure,Key Leaked via Infrastructure; Wallet Stolen,"[""Bitcoin"", ""EOS"", ""ETC"", ""Ethereum"", ""NEM"", ""Ripple""]",CEX,2,2,"[""defillama"", ""slowmist""]","[""0e6e27ff1f6546c3"", ""b1197d94d0593188""]","[""2019-03-24""]","[{""source"": ""defillama"", ""claim_id"": ""0e6e27ff1f6546c3"", ""loss_usd"": 7000000, ""loss_basis"": ""source_amount_definition_not_fully_verified"", ""valuation_date"": null}, {""source"": ""slowmist"", ""claim_id"": ""b1197d94d0593188"", ""loss_usd"": 6028283.0, ""loss_basis"": ""source_reported_loss_not_fully_verified"", ""valuation_date"": null}]","[""https://defillama.com/hacks"", ""https://hacked.slowmist.io/en/?c=&page=107""]","[""https://defillama.com/hacks"", ""https://www.bishijie.com/kuaixun_253776""]",[],,,,,False,"[""loss_estimates_differ_over_5pct"", ""exact_information_availability_unverified"", ""retrospective_loss_not_a_live_feature""]",in_scope,[],normalized_catalog_record,,,,,,,,,,,,,2019-03-25T00:00:00Z,True,"00:00 UTC on the calendar day after the assigned incident_date; an assumed retrospective alignment, not verified public availability.","Frozen catalog reported_loss_usd; retrospective reported amount, not verified gross theft or loss known at activation.",False
inc_2c07a1f69f3ab391,Coinbene,2019-03-25,day,40000000,40000000,45000000.0,defillama,retrospective_reported_amount; gross/net and valuation basis require source verification,Access Control,Improper Access Control; Unknown,"[""Ethereum""]",CEX,2,2,"[""defillama"", ""slowmist""]","[""59db2863135b8a12"", ""67a7691ce4da05bc""]","[""2019-03-25"", ""2019-03-26""]","[{""source"": ""defillama"", ""claim_id"": ""59db2863135b8a12"", ""loss_usd"": 40000000, ""loss_basis"": ""source_amount_definition_not_fully_verified"", ""valuation_date"": null}, {""source"": ""slowmist"", ""claim_id"": ""67a7691ce4da05bc"", ""loss_usd"": 45000000.0, ""loss_basis"": ""source_reported_loss_not_fully_verified"", ""valuation_date"": null}]","[""https://defillama.com/hacks"", ""https://hacked.slowmist.io/en/?c=&page=107""]","[""https://defillama.com/hacks"", ""https://www.zdnet.com/article/cryptocurrency-platforms-dragonex-and-coinbene-disclose-hacks/""]",[],,,,,False,"[""source_date_disagreement"", ""loss_estimates_differ_over_5pct"", ""exact_information_availability_unverified"", ""retrospective_loss_not_a_live_feature""]",in_scope,[],normalized_catalog_record,,,,,,,,,,,,,2019-03-26T00:00:00Z,True,"00:00 UTC on the calendar day after the assigned incident_date; an assumed retrospective alignment, not verified public availability.","Frozen catalog reported_loss_usd; retrospective reported amount, not verified gross theft or loss known at activation.",False
inc_5f68b256de8964bc,Bithumb,2019-03-29,day,19000000,19000000,19000000,defillama,retrospective_reported_amount; gross/net and valuation basis require source verification,Key Compromise,Hot Wallet Key Compromised; Unknown,"[""Ethereum"", ""Ripple""]",CEX,2,2,"[""defillama"", ""slowmist""]","[""de4c62c9219d263a"", ""af812ce7cadc8a54""]","[""2019-03-29""]","[{""source"": ""defillama"", ""claim_id"": ""de4c62c9219d263a"", ""loss_usd"": 19000000, ""loss_basis"": ""source_amount_definition_not_fully_verified"", ""valuation_date"": null}, {""source"": ""slowmist"", ""claim_id"": ""af812ce7cadc8a54"", ""loss_usd"": null, ""loss_basis"": ""source_reported_loss_not_fully_verified"", ""valuation_date"": null}]","[""https://defillama.com/hacks"", ""https://hacked.slowmist.io/en/?c=&page=107""]","[""https://defillama.com/hacks"", ""https://medium.com/@imeosone/%E8%BF%99%E4%BA%9B%E5%B9%B4%E9%BB%91%E5%AE%A2%E6%98%AF%E5%A6%82%E4%BD%95%E8%8A%B1%E5%BC%8F%E6%94%B6%E5%89%B2%E4%BA%A4%E6%""]",[],,,,,False,"[""exact_information_availability_unverified"", ""retrospective_loss_not_a_live_feature""]",in_scope,[],normalized_catalog_record,,,,,,,,,,,,,2019-03-30T00:00:00Z,True,"00:00 UTC on the calendar day after the assigned incident_date; an assumed retrospective alignment, not verified public availability.","Frozen catalog reported_loss_usd; retrospective reported amount, not verified gross theft or loss known at activation.",False
inc_6e27dca2e6865cbe,Binance,2019-05-07,day,40000000,40000000,40000000,defillama,retrospective_reported_amount; gross/net and valuation basis require source verification,Key Compromise,Hot Wallet Key Compromised; Wallet Stolen,"[""Bitcoin""]",CEX,2,2,"[""defillama"", ""slowmist""]","[""eb27cbfc45ec3bfd"", ""a1d60f1a80fc7669""]","[""2019-05-07"", ""2019-05-08""]","[{""source"": ""defillama"", ""claim_id"": ""eb27cbfc45ec3bfd"", ""loss_usd"": 40000000, ""loss_basis"": ""source_amount_definition_not_fully_verified"", ""valuation_date"": null}, {""source"": ""slowmist"", ""claim_id"": ""a1d60f1a80fc7669"", ""loss_usd"": null, ""loss_basis"": ""source_reported_loss_not_fully_verified"", ""valuation_date"": null}]","[""https://defillama.com/hacks"", ""https://hacked.slowmist.io/en/?c=&page=106""]","[""https://defillama.com/hacks"", ""https://binance.zendesk.com/hc/en-us/articles/360028031711-Binance-Security-Breach-Update""]",[],,,,,False,"[""source_date_disagreement"", ""exact_information_availability_unverified"", ""retrospective_loss_not_a_live_feature""]",in_scope,[],normalized_catalog_record,,,,,,,,,,,,,2019-05-08T00:00:00Z,True,"00:00 UTC on the calendar day after the assigned incident_date; an assumed retrospective alignment, not verified public availability.","Frozen catalog reported_loss_usd; retrospective reported amount, not verified gross theft or loss known at activation.",False
inc_0231bf5227ed2453,Kraken,2019-06-02,day,10450000,10450000,10450000,defillama,retrospective_reported_amount; gross/net and valuation basis require source verification,Access Control,Improper Access Control; Unknown,"[""Bitcoin""]",CEX,2,2,"[""defillama"", ""slowmist""]","[""b1667b47243251ee"", ""6da9c54d21265489""]","[""2019-06-02""]","[{""source"": ""defillama"", ""claim_id"": ""b1667b47243251ee"", ""loss_usd"": 10450000, ""loss_basis"": ""source_amount_definition_not_fully_verified"", ""valuation_date"": null}, {""source"": ""slowmist"", ""claim_id"": ""6da9c54d21265489"", ""loss_usd"": null, ""loss_basis"": ""source_reported_loss_not_fully_verified"", ""valuation_date"": null}]","[""https://defillama.com/hacks"", ""https://hacked.slowmist.io/en/?c=&page=106""]","[""https://defillama.com/hacks"", ""https://blockonomi.com/bitcoin-flash-crash-kraken/""]",[],,,,,False,"[""exact_information_availability_unverified"", ""retrospective_loss_not_a_live_feature""]",in_scope,[],normalized_catalog_record,,,,,,,,,,,,,2019-06-03T00:00:00Z,True,"00:00 UTC on the calendar day after the assigned incident_date; an assumed retrospective alignment, not verified public availability.","Frozen catalog reported_loss_usd; retrospective reported amount, not verified gross theft or loss known at activation.",False
inc_0dedc8233ddcf144,GateHub,2019-06-06,day,9500000,9500000,9500000,defillama,retrospective_reported_amount; gross/net and valuation basis require source verification,Key Compromise,Private Key Compromised,"[""Ripple""]",CEX,1,1,"[""defillama""]","[""b792317189cd7976""]","[""2019-06-06""]","[{""source"": ""defillama"", ""claim_id"": ""b792317189cd7976"", ""loss_usd"": 9500000, ""loss_basis"": ""source_amount_definition_not_fully_verified"", ""valuation_date"": null}]","[""https://defillama.com/hacks""]","[""https://defillama.com/hacks""]",[],,,,,False,"[""single_catalog_source"", ""no_incident_specific_reference"", ""exact_information_availability_unverified"", ""retrospective_loss_not_a_live_feature""]",in_scope,[],normalized_catalog_record,,,,,,,,,,,,,2019-06-07T00:00:00Z,True,"00:00 UTC on the calendar day after the assigned incident_date; an assumed retrospective alignment, not verified public availability.","Frozen catalog reported_loss_usd; retrospective reported amount, not verified gross theft or loss known at activation.",False
inc_428edc27d924dadd,Bitrue,2019-06-27,day,4700000,4700000,4700000,defillama,retrospective_reported_amount; gross/net and valuation basis require source verification,Access Control,Improper Access Control; Wallet Stolen,"[""Cardano"", ""Ripple""]",CEX,2,2,"[""defillama"", ""slowmist""]","[""6b90863d7a534f18"", ""a3341d92208356c3""]","[""2019-06-27""]","[{""source"": ""defillama"", ""claim_id"": ""6b90863d7a534f18"", ""loss_usd"": 4700000, ""loss_basis"": ""source_amount_definition_not_fully_verified"", ""valuation_date"": null}, {""source"": ""slowmist"", ""claim_id"": ""a3341d92208356c3"", ""loss_usd"": null, ""loss_basis"": ""source_reported_loss_not_fully_verified"", ""valuation_date"": null}]","[""https://defillama.com/hacks"", ""https://hacked.slowmist.io/en/?c=&page=106""]","[""https://defillama.com/hacks"", ""https://www.jinse.com/lives/104224.htm""]",[],,,,,False,"[""exact_information_availability_unverified"", ""retrospective_loss_not_a_live_feature""]",in_scope,[],normalized_catalog_record,,,,,,,,,,,,,2019-06-28T00:00:00Z,False,"00:00 UTC on the calendar day after the assigned incident_date; an assumed retrospective alignment, not verified public availability.","Frozen catalog reported_loss_usd; retrospective reported amount, not verified gross theft or loss known at activation.",False
inc_97b0113b96081e8f,BitPoint,2019-07-12,day,27600000,27600000,27610000.0,defillama,retrospective_reported_amount; gross/net and valuation basis require source verification,Frontend & Infrastructure,Key Leaked via Infrastructure; Wallet Stolen,"[""Bitcoin"", ""Ethereum"", ""Litecoin"", ""XRP""]",CEX,2,2,"[""defillama"", ""slowmist""]","[""1de4d2edb92a7f1b"", ""f6c109591de451bc""]","[""2019-07-12""]","[{""source"": ""defillama"", ""claim_id"": ""1de4d2edb92a7f1b"", ""loss_usd"": 27600000, ""loss_basis"": ""source_amount_definition_not_fully_verified"", ""valuation_date"": null}, {""source"": ""slowmist"", ""claim_id"": ""f6c109591de451bc"", ""loss_usd"": 27610000.0, ""loss_basis"": ""source_reported_loss_not_fully_verified"", ""valuation_date"": null}]","[""https://defillama.com/hacks"", ""https://hacked.slowmist.io/en/?c=&page=105""]","[""https://defillama.com/hacks"", ""https://www.zdnet.com/article/bitpoint-cryptocurrency-exchange-hacked-for-32-million/""]",[],,,,,False,"[""exact_information_availability_unverified"", ""retrospective_loss_not_a_live_feature""]",in_scope,[],normalized_catalog_record,,,,,,,,,,,,,2019-07-13T00:00:00Z,True,"00:00 UTC on the calendar day after the assigned incident_date; an assumed retrospective alignment, not verified public availability.","Frozen catalog reported_loss_usd; retrospective reported amount, not verified gross theft or loss known at activation.",False
inc_90641c1382f58bac,CoinTiger (PTT),2019-08-17,day,9200000,9200000,9200000,defillama,retrospective_reported_amount; gross/net and valuation basis require source verification,Frontend & Infrastructure,Key Leaked via Infrastructure; Wallet Stolen,"[""Ethereum""]",CEX,2,2,"[""defillama"", ""slowmist""]","[""f19d56fcebcfd837"", ""f6ce0dc658493ac7""]","[""2019-08-17""]","[{""source"": ""defillama"", ""claim_id"": ""f19d56fcebcfd837"", ""loss_usd"": 9200000, ""loss_basis"": ""source_amount_definition_not_fully_verified"", ""valuation_date"": null}, {""source"": ""slowmist"", ""claim_id"": ""f6ce0dc658493ac7"", ""loss_usd"": null, ""loss_basis"": ""source_reported_loss_not_fully_verified"", ""valuation_date"": null}]","[""https://defillama.com/hacks"", ""https://hacked.slowmist.io/en/?c=&page=104""]","[""https://defillama.com/hacks"", ""https://supportproton.zendesk.com/hc/en-us/articles/360032606571--Aug-17-Notification-on-the-PTT-s-Illegal-Stealing-at-CoinTiger-Exchange""]",[],,,,,False,"[""exact_information_availability_unverified"", ""retrospective_loss_not_a_live_feature""]",in_scope,[],normalized_catalog_record,,,,,,,,,,,,,2019-08-18T00:00:00Z,True,"00:00 UTC on the calendar day after the assigned incident_date; an assumed retrospective alignment, not verified public availability.","Frozen catalog reported_loss_usd; retrospective reported amount, not verified gross theft or loss known at activation.",False
inc_a8edfd37f805cf22,Chain Fusion,2019-09-28,day,6400000,6400000,6400000,defillama,retrospective_reported_amount; gross/net and valuation basis require source verification,Key Compromise,Private Key Compromised; Private Key Leakage,"[""Ethereum""]",DeFi Protocol,2,2,"[""defillama"", ""slowmist""]","[""539cd98aff007458"", ""60f4f0306e67c7cf""]","[""2019-09-28""]","[{""source"": ""defillama"", ""claim_id"": ""539cd98aff007458"", ""loss_usd"": 6400000, ""loss_basis"": ""source_amount_definition_not_fully_verified"", ""valuation_date"": null}, {""source"": ""slowmist"", ""claim_id"": ""60f4f0306e67c7cf"", ""loss_usd"": null, ""loss_basis"": ""source_reported_loss_not_fully_verified"", ""valuation_date"": null}]","[""https://defillama.com/hacks"", ""https://hacked.slowmist.io/en/?c=&page=104""]","[""https://defillama.com/hacks"", ""https://fusionprotocol.medium.com/fusion-foundation-update-28-9-6479cd0a982d""]",[],,,,,False,"[""exact_information_availability_unverified"", ""retrospective_loss_not_a_live_feature""]",in_scope,[],normalized_catalog_record,,,,,,,,,,,,,2019-09-29T00:00:00Z,True,"00:00 UTC on the calendar day after the assigned incident_date; an assumed retrospective alignment, not verified public availability.","Frozen catalog reported_loss_usd; retrospective reported amount, not verified gross theft or loss known at activation.",False
inc_36f10be17174eecf,Upbit,2019-11-27,day,49300000,49300000,49300000,defillama,retrospective_reported_amount; gross/net and valuation basis require source verification,Key Compromise,Hot Wallet Key Compromised; Wallet Stolen,"[""Ethereum""]",CEX,2,2,"[""defillama"", ""slowmist""]","[""12c7b2258e283eb4"", ""92472c61687e99b7""]","[""2019-11-27""]","[{""source"": ""defillama"", ""claim_id"": ""12c7b2258e283eb4"", ""loss_usd"": 49300000, ""loss_basis"": ""source_amount_definition_not_fully_verified"", ""valuation_date"": null}, {""source"": ""slowmist"", ""claim_id"": ""92472c61687e99b7"", ""loss_usd"": null, ""loss_basis"": ""source_reported_loss_not_fully_verified"", ""valuation_date"": null}]","[""https://defillama.com/hacks"", ""https://hacked.slowmist.io/en/?c=&page=104""]","[""https://defillama.com/hacks"", ""https://cointelegraph.com/news/upbit-hack-stolen-eth-worth-millions-on-the-move-to-unknown-wallets""]",[],,,,,False,"[""exact_information_availability_unverified"", ""retrospective_loss_not_a_live_feature""]",in_scope,[],normalized_catalog_record,,,,,,,,,,,,,2019-11-28T00:00:00Z,True,"00:00 UTC on the calendar day after the assigned incident_date; an assumed retrospective alignment, not verified public availability.","Frozen catalog reported_loss_usd; retrospective reported amount, not verified gross theft or loss known at activation.",False
inc_b97f7afa2aae31e1,VeChain,2019-12-14,day,6500000,6500000,6500000,defillama,retrospective_reported_amount; gross/net and valuation basis require source verification,Key Compromise,Private Key Compromised; Human error,"[""VeChain""]",Layer 1,2,2,"[""defillama"", ""slowmist""]","[""a2ecac3a15ee15b5"", ""4c3047fb0aa3a2b7""]","[""2019-12-14""]","[{""source"": ""defillama"", ""claim_id"": ""a2ecac3a15ee15b5"", ""loss_usd"": 6500000, ""loss_basis"": ""source_amount_definition_not_fully_verified"", ""valuation_date"": null}, {""source"": ""slowmist"", ""claim_id"": ""4c3047fb0aa3a2b7"", ""loss_usd"": 6500000.0, ""loss_basis"": ""source_reported_loss_not_fully_verified"", ""valuation_date"": null}]","[""https://defillama.com/hacks"", ""https://hacked.slowmist.io/en/?c=&page=104""]","[""https://defillama.com/hacks"", ""https://medium.com/@vechainofficial/vechain-foundation-announcement-8459492ee039""]",[],,,,,False,"[""exact_information_availability_unverified"", ""retrospective_loss_not_a_live_feature""]",in_scope,[],normalized_catalog_record,,,,,,,,,,,,,2019-12-15T00:00:00Z,True,"00:00 UTC on the calendar day after the assigned incident_date; an assumed retrospective alignment, not verified public availability.","Frozen catalog reported_loss_usd; retrospective reported amount, not verified gross theft or loss known at activation.",False
inc_e6fc243ef25273e6,Trinity Wallet,2020-02-12,day,2000000,2000000,2000000,defillama,retrospective_reported_amount; gross/net and valuation basis require source verification,Frontend & Infrastructure,CDN Compromise,"[""Iota""]",Wallet,1,1,"[""defillama""]","[""57b24ff44e46e347""]","[""2020-02-12""]","[{""source"": ""defillama"", ""claim_id"": ""57b24ff44e46e347"", ""loss_usd"": 2000000, ""loss_basis"": ""source_amount_definition_not_fully_verified"", ""valuation_date"": null}]","[""https://defillama.com/hacks""]","[""https://defillama.com/hacks""]",[],,,,,False,"[""single_catalog_source"", ""no_incident_specific_reference"", ""exact_information_availability_unverified"", ""retrospective_loss_not_a_live_feature""]",in_scope,[],normalized_catalog_record,,,,,,,,,,,,,2020-02-13T00:00:00Z,False,"00:00 UTC on the calendar day after the assigned incident_date; an assumed retrospective alignment, not verified public availability.","Frozen catalog reported_loss_usd; retrospective reported amount, not verified gross theft or loss known at activation.",False
inc_b14022512f23ddaf,Josh Jones,2020-02-22,day,45000000.0,45000000.0,45000000.0,slowmist,retrospective_reported_amount; gross/net and valuation basis require source verification,,SIM card is hacked,[],,1,1,"[""slowmist""]","[""f683b584940fef87""]","[""2020-02-22""]","[{""source"": ""slowmist"", ""claim_id"": ""f683b584940fef87"", ""loss_usd"": 45000000.0, ""loss_basis"": ""source_reported_loss_not_fully_verified"", ""valuation_date"": null}]","[""https://hacked.slowmist.io/en/?c=&page=103""]","[""https://www.thestar.com/ths/news/crime/2021/11/23/hamilton-cryptocurrency-bitcoin-theft.html""]",[],,,,,False,"[""single_catalog_source"", ""exact_information_availability_unverified"", ""retrospective_loss_not_a_live_feature""]",in_scope,[],normalized_catalog_record,,,,,,,,,,,,,2020-02-23T00:00:00Z,True,"00:00 UTC on the calendar day after the assigned incident_date; an assumed retrospective alignment, not verified public availability.","Frozen catalog reported_loss_usd; retrospective reported amount, not verified gross theft or loss known at activation.",False
inc_6ef3576e6287981f,MakerDAO,2020-03-12,day,8320000,7900000.0,8320000,defillama,retrospective_reported_amount; gross/net and valuation basis require source verification,Oracle Manipulation,Stale Oracle Price; Liquidation Mechanism Flaw,"[""Ethereum""]",DeFi Protocol,2,2,"[""defillama"", ""slowmist""]","[""405fd3d59c9ba3fc"", ""1a149b16c492045a""]","[""2020-03-12""]","[{""source"": ""defillama"", ""claim_id"": ""405fd3d59c9ba3fc"", ""loss_usd"": 8320000, ""loss_basis"": ""source_amount_definition_not_fully_verified"", ""valuation_date"": null}, {""source"": ""slowmist"", ""claim_id"": ""1a149b16c492045a"", ""loss_usd"": 7900000.0, ""loss_basis"": ""source_reported_loss_not_fully_verified"", ""valuation_date"": null}]","[""https://defillama.com/hacks"", ""https://hacked.slowmist.io/en/?c=&page=103""]","[""https://defillama.com/hacks"", ""https://coingape.com/was-makerdao-mkr-free-fall-because-of-a-system-exploit-that-saw-8-million-of-eth-stolen/""]",[],,,,,False,"[""loss_estimates_differ_over_5pct"", ""exact_information_availability_unverified"", ""retrospective_loss_not_a_live_feature""]",in_scope,[],normalized_catalog_record,,,,,,,,,,,,,2020-03-13T00:00:00Z,True,"00:00 UTC on the calendar day after the assigned incident_date; an assumed retrospective alignment, not verified public availability.","Frozen catalog reported_loss_usd; retrospective reported amount, not verified gross theft or loss known at activation.",False
inc_b1064d6b76b28b39,dForce / Lendf.Me,2020-04-19,day,25000000,24696616.0,25000000,defillama,retrospective_reported_amount; gross/net and valuation basis require source verification,Reentrancy,Reentrancy; ERC777 Reentrancy Attack,"[""Ethereum""]",DeFi Protocol,2,2,"[""defillama"", ""slowmist""]","[""bf46b2f4fc43598e"", ""776ace463341739e""]","[""2020-04-19""]","[{""source"": ""defillama"", ""claim_id"": ""bf46b2f4fc43598e"", ""loss_usd"": 25000000, ""loss_basis"": ""source_amount_definition_not_fully_verified"", ""valuation_date"": null}, {""source"": ""slowmist"", ""claim_id"": ""776ace463341739e"", ""loss_usd"": 24696616.0, ""loss_basis"": ""source_reported_loss_not_fully_verified"", ""valuation_date"": null}]","[""https://defillama.com/hacks"", ""https://hacked.slowmist.io/en/?c=&page=103""]","[""https://defillama.com/hacks"", ""https://www.zdnet.com/article/hackers-steal-25-million-worth-of-cryptocurrency-from-uniswap-and-lendf-me/"", ""https://www.zdnet.com/article/hackers-steal-25-million-worth-of-cryptocurrency-from-uniswap-and-lendf-me/""]",[],,,,,False,"[""exact_information_availability_unverified"", ""retrospective_loss_not_a_live_feature""]",in_scope,[],manually_adjudicated_fields,,,,,,,"Lendf.Me is the dForce lending product; same April 19 drain, rather than two victims.",,,,,,2020-04-20T00:00:00Z,True,"00:00 UTC on the calendar day after the assigned incident_date; an assumed retrospective alignment, not verified public availability.","Frozen catalog reported_loss_usd; retrospective reported amount, not verified gross theft or loss known at activation.",False
inc_2687ae0926f5ff14,Ravencoin,2020-07-03,day,40000000.0,40000000.0,40000000.0,slowmist,retrospective_reported_amount; gross/net and valuation basis require source verification,,Minting Attack,[],,1,1,"[""slowmist""]","[""541b094ff345f086""]","[""2020-07-03""]","[{""source"": ""slowmist"", ""claim_id"": ""541b094ff345f086"", ""loss_usd"": 40000000.0, ""loss_basis"": ""source_reported_loss_not_fully_verified"", ""valuation_date"": null}]","[""https://hacked.slowmist.io/en/?c=&page=102""]","[""https://paper.seebug.org/1275/""]",[],,,,,False,"[""single_catalog_source"", ""exact_information_availability_unverified"", ""retrospective_loss_not_a_live_feature""]",in_scope,[],normalized_catalog_record,,,,,,,,,,,,,2020-07-04T00:00:00Z,True,"00:00 UTC on the calendar day after the assigned incident_date; an assumed retrospective alignment, not verified public availability.","Frozen catalog reported_loss_usd; retrospective reported amount, not verified gross theft or loss known at activation.",False
inc_483ea557371946d6,Cashaa,2020-07-11,day,3100000,3100000,3100000,defillama,retrospective_reported_amount; gross/net and valuation basis require source verification,Frontend & Infrastructure,Key Leaked via Infrastructure; Malicious Software,"[""Bitcoin""]",CEX,2,2,"[""defillama"", ""slowmist""]","[""502e6e9122675b4c"", ""eaf9696f589f973e""]","[""2020-07-11""]","[{""source"": ""defillama"", ""claim_id"": ""502e6e9122675b4c"", ""loss_usd"": 3100000, ""loss_basis"": ""source_amount_definition_not_fully_verified"", ""valuation_date"": null}, {""source"": ""slowmist"", ""claim_id"": ""eaf9696f589f973e"", ""loss_usd"": null, ""loss_basis"": ""source_reported_loss_not_fully_verified"", ""valuation_date"": null}]","[""https://defillama.com/hacks"", ""https://hacked.slowmist.io/en/?c=&page=102""]","[""https://defillama.com/hacks"", ""https://cointelegraph.com/news/hacker-stole-336-btc-from-crypto-exchange-cashaa""]",[],,,,,False,"[""exact_information_availability_unverified"", ""retrospective_loss_not_a_live_feature""]",in_scope,[],normalized_catalog_record,,,,,,,,,,,,,2020-07-12T00:00:00Z,False,"00:00 UTC on the calendar day after the assigned incident_date; an assumed retrospective alignment, not verified public availability.","Frozen catalog reported_loss_usd; retrospective reported amount, not verified gross theft or loss known at activation.",False
inc_3732ed1a9b25a87b,2gether,2020-07-31,day,1183000,1183000,7000000.0,defillama,retrospective_reported_amount; gross/net and valuation basis require source verification,Frontend & Infrastructure,Key Leaked via Infrastructure; Trojan horse virus,"[""Bitcoin"", ""Ethereum""]",CEX,2,2,"[""defillama"", ""slowmist""]","[""8e8f78efd8e18c29"", ""49875123dceaac40""]","[""2020-07-31""]","[{""source"": ""defillama"", ""claim_id"": ""8e8f78efd8e18c29"", ""loss_usd"": 1183000, ""loss_basis"": ""source_amount_definition_not_fully_verified"", ""valuation_date"": null}, {""source"": ""slowmist"", ""claim_id"": ""49875123dceaac40"", ""loss_usd"": 7000000.0, ""loss_basis"": ""source_reported_loss_not_fully_verified"", ""valuation_date"": null}]","[""https://defillama.com/hacks"", ""https://hacked.slowmist.io/en/?c=&page=101""]","[""https://defillama.com/hacks"", ""https://www.securitylab.ru/news/530338.php""]",[],,,,,False,"[""loss_estimates_differ_over_5pct"", ""exact_information_availability_unverified"", ""retrospective_loss_not_a_live_feature""]",in_scope,[],normalized_catalog_record,,,,,,,,,,,,,2020-08-01T00:00:00Z,False,"00:00 UTC on the calendar day after the assigned incident_date; an assumed retrospective alignment, not verified public availability.","Frozen catalog reported_loss_usd; retrospective reported amount, not verified gross theft or loss known at activation.",False
inc_29231ac0a8f23513,CWT,2020-08-01,day,4500000.0,4500000.0,4500000.0,slowmist,retrospective_reported_amount; gross/net and valuation basis require source verification,,Ransomware,[],,1,1,"[""slowmist""]","[""cc2eba105c06aa6e""]","[""2020-08-01""]","[{""source"": ""slowmist"", ""claim_id"": ""cc2eba105c06aa6e"", ""loss_usd"": 4500000.0, ""loss_basis"": ""source_reported_loss_not_fully_verified"", ""valuation_date"": null}]","[""https://hacked.slowmist.io/en/?c=&page=101""]","[""https://cybelangel.com/blog/ragnar-locker-targets-cwt/""]",[],,,,,False,"[""single_catalog_source"", ""exact_information_availability_unverified"", ""retrospective_loss_not_a_live_feature""]",in_scope,[],normalized_catalog_record,,,,,,,,,,,,,2020-08-02T00:00:00Z,False,"00:00 UTC on the calendar day after the assigned incident_date; an assumed retrospective alignment, not verified public availability.","Frozen catalog reported_loss_usd; retrospective reported amount, not verified gross theft or loss known at activation.",False
inc_f06710a34849726d,Ethereum Classic,2020-08-06,day,1680000,1680000,1680000,defillama,retrospective_reported_amount; gross/net and valuation basis require source verification,Bridge & Cross-Chain,Forged Proof; 51% attack,"[""Ethereum Classic""]",Layer 1,2,2,"[""defillama"", ""slowmist""]","[""d341659fed64a013"", ""4dba3b7caa9fdbee""]","[""2020-08-06""]","[{""source"": ""defillama"", ""claim_id"": ""d341659fed64a013"", ""loss_usd"": 1680000, ""loss_basis"": ""source_amount_definition_not_fully_verified"", ""valuation_date"": null}, {""source"": ""slowmist"", ""claim_id"": ""4dba3b7caa9fdbee"", ""loss_usd"": 1680000.0, ""loss_basis"": ""source_reported_loss_not_fully_verified"", ""valuation_date"": null}]","[""https://defillama.com/hacks"", ""https://hacked.slowmist.io/en/?c=&page=101""]","[""https://defillama.com/hacks"", ""https://twitter.com/etherchain_org/status/1291216063628226562""]",[],,,,,False,"[""exact_information_availability_unverified"", ""retrospective_loss_not_a_live_feature""]",in_scope,"[""Merge reports of the same incident: ETC, Ethereum Classic. Dates, victim/product identity, attack context and amounts support one event. Preserve all source loss claims; do not sum reports."", ""Merge reports of the same incident: ETC, Ethereum Classic. Dates, victim/product identity, attack context and amounts support one event. Preserve all source loss claims; do not sum reports.""]",normalized_catalog_record,,,,,,,,,,,,,2020-08-07T00:00:00Z,False,"00:00 UTC on the calendar day after the assigned incident_date; an assumed retrospective alignment, not verified public availability.","Frozen catalog reported_loss_usd; retrospective reported amount, not verified gross theft or loss known at activation.",False
inc_9d58bc5e3ca4ee75,OKEx,2020-08-18,day,5600000,5600000,5600000,defillama,retrospective_reported_amount; gross/net and valuation basis require source verification,Bridge & Cross-Chain,Forged Proof; 51% attack,"[""Ethereum Classic""]",CEX,2,2,"[""defillama"", ""slowmist""]","[""b1f4a3f693c5e265"", ""8ac30bf48eeb1c51""]","[""2020-08-18""]","[{""source"": ""defillama"", ""claim_id"": ""b1f4a3f693c5e265"", ""loss_usd"": 5600000, ""loss_basis"": ""source_amount_definition_not_fully_verified"", ""valuation_date"": null}, {""source"": ""slowmist"", ""claim_id"": ""8ac30bf48eeb1c51"", ""loss_usd"": 5600000.0, ""loss_basis"": ""source_reported_loss_not_fully_verified"", ""valuation_date"": null}]","[""https://defillama.com/hacks"", ""https://hacked.slowmist.io/en/?c=&page=101""]","[""https://defillama.com/hacks"", ""https://www.coindesk.com/markets/2020/08/17/okex-mulls-etc-delisting-after-losses-from-two-51-attacks/""]",[],,,,,False,"[""exact_information_availability_unverified"", ""retrospective_loss_not_a_live_feature""]",in_scope,[],normalized_catalog_record,,,,,,,,,,,,,2020-08-19T00:00:00Z,True,"00:00 UTC on the calendar day after the assigned incident_date; an assumed retrospective alignment, not verified public availability.","Frozen catalog reported_loss_usd; retrospective reported amount, not verified gross theft or loss known at activation.",False
inc_ff8b79113e7fc05b,YFValue,2020-08-24,day,170000000.0,170000000.0,170000000.0,slowmist,retrospective_reported_amount; gross/net and valuation basis require source verification,,Staking Pool Vulnerability,[],,1,1,"[""slowmist""]","[""b7f7ae3d7849b656""]","[""2020-08-24""]","[{""source"": ""slowmist"", ""claim_id"": ""b7f7ae3d7849b656"", ""loss_usd"": 170000000.0, ""loss_basis"": ""source_reported_loss_not_fully_verified"", ""valuation_date"": null}]","[""https://hacked.slowmist.io/en/?c=&page=101""]","[""https://valuedefi.medium.com/yfv-update-staking-pool-exploit-713cb353ff7d""]",[],,,,,False,"[""single_catalog_source"", ""exact_information_availability_unverified"", ""retrospective_loss_not_a_live_feature""]",in_scope,[],normalized_catalog_record,,,,,,,,,,,,,2020-08-25T00:00:00Z,True,"00:00 UTC on the calendar day after the assigned incident_date; an assumed retrospective alignment, not verified public availability.","Frozen catalog reported_loss_usd; retrospective reported amount, not verified gross theft or loss known at activation.",False
inc_655d71707c8133e5,Electrum,2020-08-30,day,16000000.0,16000000.0,16000000.0,slowmist,retrospective_reported_amount; gross/net and valuation basis require source verification,,Fake software update,[],,1,1,"[""slowmist""]","[""cb0840838b5cf004""]","[""2020-08-30""]","[{""source"": ""slowmist"", ""claim_id"": ""cb0840838b5cf004"", ""loss_usd"": 16000000.0, ""loss_basis"": ""source_reported_loss_not_fully_verified"", ""valuation_date"": null}]","[""https://hacked.slowmist.io/en/?c=&page=100""]","[""https://www.coolwallet.io/1400-bitcoins-btc-stolen-from-an-outdated-electrum-wallet/""]",[],,,,,False,"[""single_catalog_source"", ""exact_information_availability_unverified"", ""retrospective_loss_not_a_live_feature""]",in_scope,[],normalized_catalog_record,,,,,,,,,,,,,2020-08-31T00:00:00Z,True,"00:00 UTC on the calendar day after the assigned incident_date; an assumed retrospective alignment, not verified public availability.","Frozen catalog reported_loss_usd; retrospective reported amount, not verified gross theft or loss known at activation.",False
inc_2eba3cfc3cb496b0,Eterbase,2020-09-08,day,5400000,5400000,5400000,defillama,retrospective_reported_amount; gross/net and valuation basis require source verification,Key Compromise,Hot Wallet Key Compromised; Wallet Stolen,"[""Algorand"", ""Bitcoin"", ""Ethereum"", ""TRON"", ""Tezos"", ""XRP""]",CEX,2,2,"[""defillama"", ""slowmist""]","[""59913df730679c72"", ""d5c949b0162c917e""]","[""2020-09-08""]","[{""source"": ""defillama"", ""claim_id"": ""59913df730679c72"", ""loss_usd"": 5400000, ""loss_basis"": ""source_amount_definition_not_fully_verified"", ""valuation_date"": null}, {""source"": ""slowmist"", ""claim_id"": ""d5c949b0162c917e"", ""loss_usd"": 5400000.0, ""loss_basis"": ""source_reported_loss_not_fully_verified"", ""valuation_date"": null}]","[""https://defillama.com/hacks"", ""https://hacked.slowmist.io/en/?c=&page=100""]","[""https://defillama.com/hacks"", ""https://www.zdnet.com/article/slovak-cryptocurrency-exchange-eterbase-discloses-5-4-million-hack/""]",[],,,,,False,"[""exact_information_availability_unverified"", ""retrospective_loss_not_a_live_feature""]",in_scope,[],normalized_catalog_record,,,,,,,,,,,,,2020-09-09T00:00:00Z,True,"00:00 UTC on the calendar day after the assigned incident_date; an assumed retrospective alignment, not verified public availability.","Frozen catalog reported_loss_usd; retrospective reported amount, not verified gross theft or loss known at activation.",False
inc_751466336cb5ddf1,KuCoin,2020-09-25,day,281000000,45000000,281000000,defillama,retrospective_reported_amount; gross/net and valuation basis require source verification,Key Compromise,Hot Wallet Key Compromised; Wallet Stolen,"[""Ethereum""]",CEX,3,3,"[""defillama"", ""slowmist"", ""rekt""]","[""1ac9d4a9cff24f69"", ""ad70cd37691adf47"", ""3c74316cf17a971f""]","[""2020-09-26"", ""2020-09-29""]","[{""source"": ""defillama"", ""claim_id"": ""1ac9d4a9cff24f69"", ""loss_usd"": 281000000, ""loss_basis"": ""source_amount_definition_not_fully_verified"", ""valuation_date"": null}, {""source"": ""slowmist"", ""claim_id"": ""ad70cd37691adf47"", ""loss_usd"": 150000000.0, ""loss_basis"": ""source_reported_loss_not_fully_verified"", ""valuation_date"": null}, {""source"": ""rekt"", ""claim_id"": ""3c74316cf17a971f"", ""loss_usd"": 45000000, ""loss_basis"": ""leaderboard_amount_may_use_later_valuation"", ""valuation_date"": null}]","[""https://defillama.com/hacks"", ""https://hacked.slowmist.io/en/?c=&page=99"", ""https://rekt.news/leaderboard/""]","[""https://defillama.com/hacks"", ""https://www.zdnet.com/article/kucoin-cryptocurrency-exchange-hacked-for-150-million/"", ""https://rekt.news/epic-hack-homie"", ""https://www.kucoin.com/blog/kucoin-security-incident-update""]",[],,,,,False,"[""source_date_disagreement"", ""loss_estimates_differ_over_5pct"", ""exact_information_availability_unverified"", ""retrospective_loss_not_a_live_feature""]",in_scope,[],manually_adjudicated_fields,Issuer reports 2020-09-26 03:05:37 UTC+8 = 2020-09-25 UTC,,,,,,Correct September 29 catalog date to UTC day of issuer-reported security attack. Does not establish a usable public detection time.,,,,,,2020-09-26T00:00:00Z,True,"00:00 UTC on the calendar day after the assigned incident_date; an assumed retrospective alignment, not verified public availability.","Frozen catalog reported_loss_usd; retrospective reported amount, not verified gross theft or loss known at activation.",False
inc_ffe5be5c895490c7,Eminence,2020-09-28,day,15000000,15000000,15000000,defillama,retrospective_reported_amount; gross/net and valuation basis require source verification,Oracle Manipulation,Spot Price Manipulation; Flash loan attack,"[""Ethereum""]",DeFi Protocol,3,3,"[""defillama"", ""slowmist"", ""rekt""]","[""634e5bf2561f4631"", ""36b13e3834b02e81"", ""abae762e2e7aaf69""]","[""2020-09-28"", ""2020-09-29""]","[{""source"": ""defillama"", ""claim_id"": ""634e5bf2561f4631"", ""loss_usd"": 15000000, ""loss_basis"": ""source_amount_definition_not_fully_verified"", ""valuation_date"": null}, {""source"": ""slowmist"", ""claim_id"": ""36b13e3834b02e81"", ""loss_usd"": null, ""loss_basis"": ""source_reported_loss_not_fully_verified"", ""valuation_date"": null}, {""source"": ""rekt"", ""claim_id"": ""abae762e2e7aaf69"", ""loss_usd"": 15000000, ""loss_basis"": ""leaderboard_amount_may_use_later_valuation"", ""valuation_date"": null}]","[""https://defillama.com/hacks"", ""https://hacked.slowmist.io/en/?c=&page=99"", ""https://rekt.news/leaderboard/""]","[""https://defillama.com/hacks"", ""https://www.coindesk.com/tech/2020/10/01/defi-degens-hit-hard-by-eminence-exploit-will-be-partially-compensated/"", ""https://rekt.news/eminence-rekt-in-prod""]",[],,,,,False,"[""source_date_disagreement"", ""exact_information_availability_unverified"", ""retrospective_loss_not_a_live_feature""]",in_scope,[],normalized_catalog_record,,,,,,,,,,,,,2020-09-29T00:00:00Z,True,"00:00 UTC on the calendar day after the assigned incident_date; an assumed retrospective alignment, not verified public availability.","Frozen catalog reported_loss_usd; retrospective reported amount, not verified gross theft or loss known at activation.",False
inc_7b1d807202771532,Harvest Finance,2020-10-26,day,24000000,21500000.0,25000000,defillama,retrospective_reported_amount; gross/net and valuation basis require source verification,Oracle Manipulation,Spot Price Manipulation; Flash loan attack,"[""Ethereum""]",DeFi Protocol,3,3,"[""defillama"", ""slowmist"", ""rekt""]","[""6b417fbad769b714"", ""22384c78e510a289"", ""2e18498e7c4cfff4""]","[""2020-10-26""]","[{""source"": ""defillama"", ""claim_id"": ""6b417fbad769b714"", ""loss_usd"": 24000000, ""loss_basis"": ""source_amount_definition_not_fully_verified"", ""valuation_date"": null}, {""source"": ""slowmist"", ""claim_id"": ""22384c78e510a289"", ""loss_usd"": 21500000.0, ""loss_basis"": ""source_reported_loss_not_fully_verified"", ""valuation_date"": null}, {""source"": ""rekt"", ""claim_id"": ""2e18498e7c4cfff4"", ""loss_usd"": 25000000, ""loss_basis"": ""leaderboard_amount_may_use_later_valuation"", ""valuation_date"": null}]","[""https://defillama.com/hacks"", ""https://hacked.slowmist.io/en/?c=&page=99"", ""https://rekt.news/leaderboard/""]","[""https://defillama.com/hacks"", ""https://www.zdnet.com/article/hacker-steals-24-million-from-cryptocurrency-service-harvest-finance/"", ""https://rekt.news/harvest-finance-rekt""]","[""0x35f8d2f572fceaac9288e5d462117850ef2694786992a8c3f6d02612277b0877""]",,,,,False,"[""loss_estimates_differ_over_5pct"", ""exact_information_availability_unverified"", ""retrospective_loss_not_a_live_feature""]",in_scope,[],normalized_catalog_record,,,,,,,,,,,,,2020-10-27T00:00:00Z,True,"00:00 UTC on the calendar day after the assigned incident_date; an assumed retrospective alignment, not verified public availability.","Frozen catalog reported_loss_usd; retrospective reported amount, not verified gross theft or loss known at activation.",False
inc_b37d4124e1c14684,EtherCrash,2020-10-30,day,2500000,2500000,2500000,defillama,retrospective_reported_amount; gross/net and valuation basis require source verification,Key Compromise,Hot Wallet Key Compromised; Wallet Stolen,"[""Ethereum""]",DeFi Protocol,2,2,"[""defillama"", ""slowmist""]","[""a3f930f1f62331a0"", ""9d498d9fe4ddaa59""]","[""2020-10-30""]","[{""source"": ""defillama"", ""claim_id"": ""a3f930f1f62331a0"", ""loss_usd"": 2500000, ""loss_basis"": ""source_amount_definition_not_fully_verified"", ""valuation_date"": null}, {""source"": ""slowmist"", ""claim_id"": ""9d498d9fe4ddaa59"", ""loss_usd"": 2500000.0, ""loss_basis"": ""source_reported_loss_not_fully_verified"", ""valuation_date"": null}]","[""https://defillama.com/hacks"", ""https://hacked.slowmist.io/en/?c=&page=99""]","[""https://defillama.com/hacks"", ""https://itwire.com/security/ethereum-gambling-game-loses-us$2-5m-in-alleged-inside-job.html""]",[],,,,,False,"[""exact_information_availability_unverified"", ""retrospective_loss_not_a_live_feature""]",in_scope,[],normalized_catalog_record,,,,,,,,,,,,,2020-10-31T00:00:00Z,False,"00:00 UTC on the calendar day after the assigned incident_date; an assumed retrospective alignment, not verified public availability.","Frozen catalog reported_loss_usd; retrospective reported amount, not verified gross theft or loss known at activation.",False
inc_1829e5b004775c3e,Akropolis,2020-11-12,day,2000000,2000000,2030000.0,defillama,retrospective_reported_amount; gross/net and valuation basis require source verification,Reentrancy,Reentrancy; Reentrancy Attack,"[""Ethereum""]",DeFi Protocol,3,3,"[""defillama"", ""slowmist"", ""rekt""]","[""3fc5d516a8918023"", ""1d5c9f8389c1e2c4"", ""8e4083bf8de3932e""]","[""2020-11-12"", ""2020-11-13""]","[{""source"": ""defillama"", ""claim_id"": ""3fc5d516a8918023"", ""loss_usd"": 2000000, ""loss_basis"": ""source_amount_definition_not_fully_verified"", ""valuation_date"": null}, {""source"": ""slowmist"", ""claim_id"": ""1d5c9f8389c1e2c4"", ""loss_usd"": 2030000.0, ""loss_basis"": ""source_reported_loss_not_fully_verified"", ""valuation_date"": null}, {""source"": ""rekt"", ""claim_id"": ""8e4083bf8de3932e"", ""loss_usd"": 2000000, ""loss_basis"": ""leaderboard_amount_may_use_later_valuation"", ""valuation_date"": null}]","[""https://defillama.com/hacks"", ""https://hacked.slowmist.io/en/?c=&page=98"", ""https://rekt.news/leaderboard/""]","[""https://defillama.com/hacks"", ""https://cointelegraph.com/news/akropolis-defi-protocol-paused-as-hackers-get-away-with-2m-in-dai"", ""https://rekt.news/akropolis-rekt""]",[],,,,,False,"[""source_date_disagreement"", ""exact_information_availability_unverified"", ""retrospective_loss_not_a_live_feature""]",in_scope,[],normalized_catalog_record,,,,,,,,,,,,,2020-11-13T00:00:00Z,False,"00:00 UTC on the calendar day after the assigned incident_date; an assumed retrospective alignment, not verified public availability.","Frozen catalog reported_loss_usd; retrospective reported amount, not verified gross theft or loss known at activation.",False
inc_5fc31cbbf6d67f10,ValueDefi,2020-11-14,day,7400000,6000000.0,7400000,defillama,retrospective_reported_amount; gross/net and valuation basis require source verification,Oracle Manipulation,Spot Price Manipulation; Flash loan attack,"[""Ethereum""]",DeFi Protocol,3,3,"[""defillama"", ""slowmist"", ""rekt""]","[""2c00997b9d5740a1"", ""05eb372dd2aa9907"", ""4be540c937acbe19""]","[""2020-11-14""]","[{""source"": ""defillama"", ""claim_id"": ""2c00997b9d5740a1"", ""loss_usd"": 7400000, ""loss_basis"": ""source_amount_definition_not_fully_verified"", ""valuation_date"": null}, {""source"": ""slowmist"", ""claim_id"": ""05eb372dd2aa9907"", ""loss_usd"": 6000000.0, ""loss_basis"": ""source_reported_loss_not_fully_verified"", ""valuation_date"": null}, {""source"": ""rekt"", ""claim_id"": ""4be540c937acbe19"", ""loss_usd"": 7000000, ""loss_basis"": ""leaderboard_amount_may_use_later_valuation"", ""valuation_date"": null}]","[""https://defillama.com/hacks"", ""https://hacked.slowmist.io/en/?c=&page=98"", ""https://rekt.news/leaderboard/""]","[""https://defillama.com/hacks"", ""https://decrypt.co/48256/saddest-hack-in-crypto-value-defi-hacked-for-6-million"", ""https://rekt.news/value-defi-rekt""]",[],,,,,False,"[""loss_estimates_differ_over_5pct"", ""exact_information_availability_unverified"", ""retrospective_loss_not_a_live_feature""]",in_scope,[],normalized_catalog_record,,,,,,,,,,,,,2020-11-15T00:00:00Z,True,"00:00 UTC on the calendar day after the assigned incident_date; an assumed retrospective alignment, not verified public availability.","Frozen catalog reported_loss_usd; retrospective reported amount, not verified gross theft or loss known at activation.",False
inc_8a753b747906897c,CheeseBank,2020-11-16,day,3300000,3300000,3300000,defillama,retrospective_reported_amount; gross/net and valuation basis require source verification,Oracle Manipulation,Spot Price Manipulation; Flash loan attack,"[""Ethereum""]",DeFi Protocol,2,2,"[""defillama"", ""slowmist""]","[""5e65d2ebc60ab4d1"", ""40d64266936e6d24""]","[""2020-11-13"", ""2020-11-16""]","[{""source"": ""defillama"", ""claim_id"": ""5e65d2ebc60ab4d1"", ""loss_usd"": 3300000, ""loss_basis"": ""source_amount_definition_not_fully_verified"", ""valuation_date"": null}, {""source"": ""slowmist"", ""claim_id"": ""40d64266936e6d24"", ""loss_usd"": 3300000.0, ""loss_basis"": ""source_reported_loss_not_fully_verified"", ""valuation_date"": null}]","[""https://defillama.com/hacks"", ""https://hacked.slowmist.io/en/?c=&page=98""]","[""https://defillama.com/hacks"", ""https://cointelegraph.com/news/cheese-bank-s-multi-million-dollar-hack-explained-by-security-firm""]",[],,,,,False,"[""source_date_disagreement"", ""exact_information_availability_unverified"", ""retrospective_loss_not_a_live_feature""]",in_scope,[],normalized_catalog_record,,,,,,,,,,,,,2020-11-17T00:00:00Z,False,"00:00 UTC on the calendar day after the assigned incident_date; an assumed retrospective alignment, not verified public availability.","Frozen catalog reported_loss_usd; retrospective reported amount, not verified gross theft or loss known at activation.",False
inc_d3382a0105ed7c9d,Origin Dollar (OUSD),2020-11-17,day,7700000,7000000.0,8000000,defillama,retrospective_reported_amount; gross/net and valuation basis require source verification,Reentrancy,Reentrancy; Flash loan attack,"[""Ethereum""]",DeFi Protocol,3,3,"[""defillama"", ""slowmist"", ""rekt""]","[""714973a16d67a000"", ""34dbfaab09326ed5"", ""8816eabfd4120716""]","[""2020-11-17""]","[{""source"": ""defillama"", ""claim_id"": ""714973a16d67a000"", ""loss_usd"": 7700000, ""loss_basis"": ""source_amount_definition_not_fully_verified"", ""valuation_date"": null}, {""source"": ""slowmist"", ""claim_id"": ""34dbfaab09326ed5"", ""loss_usd"": 7000000.0, ""loss_basis"": ""source_reported_loss_not_fully_verified"", ""valuation_date"": null}, {""source"": ""rekt"", ""claim_id"": ""8816eabfd4120716"", ""loss_usd"": 8000000, ""loss_basis"": ""leaderboard_amount_may_use_later_valuation"", ""valuation_date"": null}]","[""https://defillama.com/hacks"", ""https://hacked.slowmist.io/en/?c=&page=98"", ""https://rekt.news/leaderboard/""]","[""https://defillama.com/hacks"", ""https://medium.com/originprotocol/urgent-ousd-has-hacked-and-there-has-been-a-loss-of-funds-7b8c4a7d534c"", ""https://rekt.news/hack-epidemic"", ""https://medium.com/originprotocol/urgent-ousd-has-hacked-and-there-has-been-a-loss-of-funds-7b8c4a7d534c"", ""https://rekt.news/hack-epidemic""]",[],,,,,False,"[""loss_estimates_differ_over_5pct"", ""exact_information_availability_unverified"", ""retrospective_loss_not_a_live_feature""]",in_scope,[],manually_adjudicated_fields,,,,,,,OUSD is Origin Dollar; Origin Protocol narrative explicitly describes the same OUSD exploit.,,,,,,2020-11-18T00:00:00Z,True,"00:00 UTC on the calendar day after the assigned incident_date; an assumed retrospective alignment, not verified public availability.","Frozen catalog reported_loss_usd; retrospective reported amount, not verified gross theft or loss known at activation.",False
inc_c8095c25029f014e,Pickle,2020-11-22,day,19700000,19700000,20000000.0,defillama,retrospective_reported_amount; gross/net and valuation basis require source verification,Input Validation,Missing Input Validation; Fake currency for real currency,"[""Ethereum""]",DeFi Protocol,3,3,"[""defillama"", ""slowmist"", ""rekt""]","[""d9318ba1a5fd1234"", ""3478ec65aabca809"", ""67fd8370f6103dc6""]","[""2020-11-22""]","[{""source"": ""defillama"", ""claim_id"": ""d9318ba1a5fd1234"", ""loss_usd"": 19700000, ""loss_basis"": ""source_amount_definition_not_fully_verified"", ""valuation_date"": null}, {""source"": ""slowmist"", ""claim_id"": ""3478ec65aabca809"", ""loss_usd"": 20000000.0, ""loss_basis"": ""source_reported_loss_not_fully_verified"", ""valuation_date"": null}, {""source"": ""rekt"", ""claim_id"": ""67fd8370f6103dc6"", ""loss_usd"": 19700000, ""loss_basis"": ""leaderboard_amount_may_use_later_valuation"", ""valuation_date"": null}]","[""https://defillama.com/hacks"", ""https://hacked.slowmist.io/en/?c=&page=98"", ""https://rekt.news/leaderboard/""]","[""https://defillama.com/hacks"", ""https://twitter.com/picklefinance/status/1330242051468910596"", ""https://rekt.news/pickle-finance-rekt""]",[],,,,,False,"[""exact_information_availability_unverified"", ""retrospective_loss_not_a_live_feature""]",in_scope,[],normalized_catalog_record,,,,,,,,,,,,,2020-11-23T00:00:00Z,True,"00:00 UTC on the calendar day after the assigned incident_date; an assumed retrospective alignment, not verified public availability.","Frozen catalog reported_loss_usd; retrospective reported amount, not verified gross theft or loss known at activation.",False
inc_aa3592562b3fc3e6,Aeternity,2020-12-08,day,5201000,5201000,5201240.0,defillama,retrospective_reported_amount; gross/net and valuation basis require source verification,Key Compromise,Validator Key Compromised; 51% attack,"[""Aeternity""]",Chain,2,2,"[""defillama"", ""slowmist""]","[""b939037c5099feb7"", ""9499a5cccfaf1e7c""]","[""2020-12-08""]","[{""source"": ""defillama"", ""claim_id"": ""b939037c5099feb7"", ""loss_usd"": 5201000, ""loss_basis"": ""source_amount_definition_not_fully_verified"", ""valuation_date"": null}, {""source"": ""slowmist"", ""claim_id"": ""9499a5cccfaf1e7c"", ""loss_usd"": 5201240.0, ""loss_basis"": ""source_reported_loss_not_fully_verified"", ""valuation_date"": null}]","[""https://defillama.com/hacks"", ""https://hacked.slowmist.io/en/?c=&page=98""]","[""https://defillama.com/hacks"", ""https://forum.aeternity.com/t/how-to-prevent-51-attack-on-aeternity-as-pow-blockchain/8516""]",[],,,,,False,"[""exact_information_availability_unverified"", ""retrospective_loss_not_a_live_feature""]",in_scope,[],normalized_catalog_record,,,,,,,,,,,,,2020-12-09T00:00:00Z,True,"00:00 UTC on the calendar day after the assigned incident_date; an assumed retrospective alignment, not verified public availability.","Frozen catalog reported_loss_usd; retrospective reported amount, not verified gross theft or loss known at activation.",False
inc_df6c3f61e91e3966,Nexus Mutual,2020-12-14,day,8000000,8000000,8000000,defillama,retrospective_reported_amount; gross/net and valuation basis require source verification,Frontend & Infrastructure,Key Leaked via Infrastructure; Permission Stolen,"[""Ethereum""]",DeFi Protocol,2,2,"[""defillama"", ""slowmist""]","[""12425bcf5258ab94"", ""9c81fdeaac2a03da""]","[""2020-12-14""]","[{""source"": ""defillama"", ""claim_id"": ""12425bcf5258ab94"", ""loss_usd"": 8000000, ""loss_basis"": ""source_amount_definition_not_fully_verified"", ""valuation_date"": null}, {""source"": ""slowmist"", ""claim_id"": ""9c81fdeaac2a03da"", ""loss_usd"": null, ""loss_basis"": ""source_reported_loss_not_fully_verified"", ""valuation_date"": null}]","[""https://defillama.com/hacks"", ""https://hacked.slowmist.io/en/?c=&page=98""]","[""https://defillama.com/hacks"", ""https://twitter.com/NexusMutual/status/1338441875326427137""]",[],,,,,False,"[""exact_information_availability_unverified"", ""retrospective_loss_not_a_live_feature""]",in_scope,[],normalized_catalog_record,,,,,,,,,,,,,2020-12-15T00:00:00Z,True,"00:00 UTC on the calendar day after the assigned incident_date; an assumed retrospective alignment, not verified public availability.","Frozen catalog reported_loss_usd; retrospective reported amount, not verified gross theft or loss known at activation.",False
inc_a66126180de45258,Warp Finance,2020-12-18,day,7800000,7700000.0,7800000,defillama,retrospective_reported_amount; gross/net and valuation basis require source verification,Oracle Manipulation,Spot Price Manipulation; Flash loan attack,"[""Ethereum""]",DeFi Protocol,3,3,"[""defillama"", ""slowmist"", ""rekt""]","[""0f3878201e49daf3"", ""65e2e508d7ed9598"", ""5bf74e0829988302""]","[""2020-12-18""]","[{""source"": ""defillama"", ""claim_id"": ""0f3878201e49daf3"", ""loss_usd"": 7800000, ""loss_basis"": ""source_amount_definition_not_fully_verified"", ""valuation_date"": null}, {""source"": ""slowmist"", ""claim_id"": ""65e2e508d7ed9598"", ""loss_usd"": 7700000.0, ""loss_basis"": ""source_reported_loss_not_fully_verified"", ""valuation_date"": null}, {""source"": ""rekt"", ""claim_id"": ""5bf74e0829988302"", ""loss_usd"": 7800000, ""loss_basis"": ""leaderboard_amount_may_use_later_valuation"", ""valuation_date"": null}]","[""https://defillama.com/hacks"", ""https://hacked.slowmist.io/en/?c=&page=98"", ""https://rekt.news/leaderboard/""]","[""https://defillama.com/hacks"", ""https://warpfinance.medium.com/warp-finance-exploit-summary-recovery-of-funds-5b8fe4a11898"", ""https://rekt.news/warp-finance-rekt"", ""https://warpfinance.medium.com/warp-finance-exploit-summary-recovery-of-funds-5b8fe4a11898"", ""https://rekt.news/warp-finance-rekt""]",[],,,,,False,"[""exact_information_availability_unverified"", ""retrospective_loss_not_a_live_feature""]",in_scope,[],manually_adjudicated_fields,,,,,,,Warp Finance and Warp Protocol refer to the same flash-loan incident and issuer postmortem.,,,,,,2020-12-19T00:00:00Z,True,"00:00 UTC on the calendar day after the assigned incident_date; an assumed retrospective alignment, not verified public availability.","Frozen catalog reported_loss_usd; retrospective reported amount, not verified gross theft or loss known at activation.",False
inc_a8eb11e18aed15de,Exmo,2020-12-21,day,10500000,10500000,10500000,defillama,retrospective_reported_amount; gross/net and valuation basis require source verification,Key Compromise,Hot Wallet Key Compromised; Wallet Stolen,"[""Multiple""]",CEX,2,2,"[""defillama"", ""slowmist""]","[""69fbd3accc242f44"", ""9e2993ce504c41c2""]","[""2020-12-21""]","[{""source"": ""defillama"", ""claim_id"": ""69fbd3accc242f44"", ""loss_usd"": 10500000, ""loss_basis"": ""source_amount_definition_not_fully_verified"", ""valuation_date"": null}, {""source"": ""slowmist"", ""claim_id"": ""9e2993ce504c41c2"", ""loss_usd"": 10500000.0, ""loss_basis"": ""source_reported_loss_not_fully_verified"", ""valuation_date"": null}]","[""https://defillama.com/hacks"", ""https://hacked.slowmist.io/en/?c=&page=97""]","[""https://defillama.com/hacks"", ""https://www.coindesk.com/markets/2020/12/22/exmo-exchange-now-says-it-lost-6-of-total-crypto-assets-in-mondays-hack/""]",[],,,,,False,"[""exact_information_availability_unverified"", ""retrospective_loss_not_a_live_feature""]",in_scope,[],normalized_catalog_record,,,,,,,,,,,,,2020-12-22T00:00:00Z,True,"00:00 UTC on the calendar day after the assigned incident_date; an assumed retrospective alignment, not verified public availability.","Frozen catalog reported_loss_usd; retrospective reported amount, not verified gross theft or loss known at activation.",False
inc_763a77d9a208ea5c,Livecoin,2020-12-24,day,3300000,3300000,3300000,defillama,retrospective_reported_amount; gross/net and valuation basis require source verification,Frontend & Infrastructure,API Key Compromised; Server compromised,"[""Multiple""]",CEX,2,2,"[""defillama"", ""slowmist""]","[""2b252ccb081834c8"", ""563b12c29f2ee7ae""]","[""2020-12-24""]","[{""source"": ""defillama"", ""claim_id"": ""2b252ccb081834c8"", ""loss_usd"": 3300000, ""loss_basis"": ""source_amount_definition_not_fully_verified"", ""valuation_date"": null}, {""source"": ""slowmist"", ""claim_id"": ""563b12c29f2ee7ae"", ""loss_usd"": null, ""loss_basis"": ""source_reported_loss_not_fully_verified"", ""valuation_date"": null}]","[""https://defillama.com/hacks"", ""https://hacked.slowmist.io/en/?c=&page=97""]","[""https://defillama.com/hacks"", ""https://www.zdnet.com/article/russian-crypto-exchange-livecoin-hacked-after-it-lost-control-of-its-servers/""]",[],,,,,False,"[""exact_information_availability_unverified"", ""retrospective_loss_not_a_live_feature""]",in_scope,[],normalized_catalog_record,,,,,,,,,,,,,2020-12-25T00:00:00Z,False,"00:00 UTC on the calendar day after the assigned incident_date; an assumed retrospective alignment, not verified public availability.","Frozen catalog reported_loss_usd; retrospective reported amount, not verified gross theft or loss known at activation.",False
inc_6bf6450f4f35445a,LuBian,2020-12-28,day,3500000000,3500000000,14847374246,defillama,retrospective_reported_amount; gross/net and valuation basis require source verification,Key Compromise,Weak Key Generation,"[""Bitcoin""]",Other,2,2,"[""defillama"", ""rekt""]","[""5b8dd20281e09f2a"", ""1f9117faaba9ce7c""]","[""2020-12-20"", ""2020-12-28""]","[{""source"": ""defillama"", ""claim_id"": ""5b8dd20281e09f2a"", ""loss_usd"": 3500000000, ""loss_basis"": ""source_amount_definition_not_fully_verified"", ""valuation_date"": null}, {""source"": ""rekt"", ""claim_id"": ""1f9117faaba9ce7c"", ""loss_usd"": 14847374246, ""loss_basis"": ""leaderboard_amount_may_use_later_valuation"", ""valuation_date"": null}]","[""https://defillama.com/hacks"", ""https://rekt.news/leaderboard/""]","[""https://defillama.com/hacks"", ""https://rekt.news/the-one-that-got-away""]",[],,,,,False,"[""source_date_disagreement"", ""loss_estimates_differ_over_5pct"", ""exact_information_availability_unverified"", ""retrospective_loss_not_a_live_feature""]",in_scope,"[""LuBian theft was disclosed years later. Catalog dates conflict; no 2020 detection time is established."", ""Rekt headline value of $14.847bn uses later BTC valuation; excerpt estimates $3.5bn at the time. Do not use the headline as contemporaneous loss.""]",normalized_catalog_record,,,,,,,,,,,,,2020-12-29T00:00:00Z,True,"00:00 UTC on the calendar day after the assigned incident_date; an assumed retrospective alignment, not verified public availability.","Frozen catalog reported_loss_usd; retrospective reported amount, not verified gross theft or loss known at activation.",False
inc_1a871b3e0d93d2a9,Cover Protocol,2020-12-29,day,9400000,3000000.0,9400000,defillama,retrospective_reported_amount; gross/net and valuation basis require source verification,Token & Share Accounting,Arithmetic Error; Contract Vulnerability,"[""Ethereum""]",DeFi Protocol,3,3,"[""defillama"", ""slowmist"", ""rekt""]","[""d73921a66674bde3"", ""9cbbfa35d201b907"", ""4803bf8a40bc1988""]","[""2020-12-28"", ""2020-12-29""]","[{""source"": ""defillama"", ""claim_id"": ""d73921a66674bde3"", ""loss_usd"": 9400000, ""loss_basis"": ""source_amount_definition_not_fully_verified"", ""valuation_date"": null}, {""source"": ""slowmist"", ""claim_id"": ""9cbbfa35d201b907"", ""loss_usd"": 3000000.0, ""loss_basis"": ""source_reported_loss_not_fully_verified"", ""valuation_date"": null}, {""source"": ""rekt"", ""claim_id"": ""4803bf8a40bc1988"", ""loss_usd"": 9400000, ""loss_basis"": ""leaderboard_amount_may_use_later_valuation"", ""valuation_date"": null}]","[""https://defillama.com/hacks"", ""https://hacked.slowmist.io/en/?c=&page=97"", ""https://rekt.news/leaderboard/""]","[""https://defillama.com/hacks"", ""https://www.coindesk.com/markets/2020/12/28/cover-protocol-attack-perpetrated-by-white-hat-funds-returned-hacker-claims/"", ""https://rekt.news/cover-rekt""]",[],,,,,False,"[""source_date_disagreement"", ""loss_estimates_differ_over_5pct"", ""exact_information_availability_unverified"", ""retrospective_loss_not_a_live_feature""]",in_scope,[],normalized_catalog_record,,,,,,,,,,,,,2020-12-30T00:00:00Z,True,"00:00 UTC on the calendar day after the assigned incident_date; an assumed retrospective alignment, not verified public availability.","Frozen catalog reported_loss_usd; retrospective reported amount, not verified gross theft or loss known at activation.",False
inc_5e2b3788665fe25b,Yearn Finance,2021-02-05,day,11000000,11000000,11000000,defillama,retrospective_reported_amount; gross/net and valuation basis require source verification,Oracle Manipulation,Spot Price Manipulation; Flash loan attack,"[""Ethereum""]",DeFi Protocol,3,3,"[""defillama"", ""slowmist"", ""rekt""]","[""742ba3be607cda92"", ""534deea2d62d1193"", ""c40ff866188ca609""]","[""2021-02-05""]","[{""source"": ""defillama"", ""claim_id"": ""742ba3be607cda92"", ""loss_usd"": 11000000, ""loss_basis"": ""source_amount_definition_not_fully_verified"", ""valuation_date"": null}, {""source"": ""slowmist"", ""claim_id"": ""534deea2d62d1193"", ""loss_usd"": 11000000.0, ""loss_basis"": ""source_reported_loss_not_fully_verified"", ""valuation_date"": null}, {""source"": ""rekt"", ""claim_id"": ""c40ff866188ca609"", ""loss_usd"": 11000000, ""loss_basis"": ""leaderboard_amount_may_use_later_valuation"", ""valuation_date"": null}]","[""https://defillama.com/hacks"", ""https://hacked.slowmist.io/en/?c=&page=97"", ""https://rekt.news/leaderboard/""]","[""https://defillama.com/hacks"", ""https://twitter.com/iearnfinance/status/1357451290561937408"", ""https://rekt.news/yearn-rekt""]",[],,,,,False,"[""exact_information_availability_unverified"", ""retrospective_loss_not_a_live_feature""]",in_scope,"[""Merge reports of the same incident: YFI, Yearn Finance. Dates, victim/product identity, attack context and amounts support one event. Preserve all source loss claims; do not sum reports."", ""Merge reports of the same incident: YFI, Yearn Finance. Dates, victim/product identity, attack context and amounts support one event. Preserve all source loss claims; do not sum reports."", ""Merge reports of the same incident: YFI, Yearn Finance. Dates, victim/product identity, attack context and amounts support one event. Preserve all source loss claims; do not sum reports.""]",normalized_catalog_record,,,,,,,,,,,,,2021-02-06T00:00:00Z,True,"00:00 UTC on the calendar day after the assigned incident_date; an assumed retrospective alignment, not verified public availability.","Frozen catalog reported_loss_usd; retrospective reported amount, not verified gross theft or loss known at activation.",False
inc_c690aa23cba759d6,Growth DeFi,2021-02-09,day,1400000,1300000,1400000,defillama,retrospective_reported_amount; gross/net and valuation basis require source verification,Input Validation,Missing Input Validation,"[""Ethereum""]",DeFi Protocol,2,2,"[""defillama"", ""rekt""]","[""57d0d0df96254c7c"", ""dd997d1ff96d000a""]","[""2021-02-09""]","[{""source"": ""defillama"", ""claim_id"": ""57d0d0df96254c7c"", ""loss_usd"": 1400000, ""loss_basis"": ""source_amount_definition_not_fully_verified"", ""valuation_date"": null}, {""source"": ""rekt"", ""claim_id"": ""dd997d1ff96d000a"", ""loss_usd"": 1300000, ""loss_basis"": ""leaderboard_amount_may_use_later_valuation"", ""valuation_date"": null}]","[""https://defillama.com/hacks"", ""https://rekt.news/leaderboard/""]","[""https://defillama.com/hacks"", ""https://rekt.news/the-big-combo""]",[],,,,,False,"[""loss_estimates_differ_over_5pct"", ""exact_information_availability_unverified"", ""retrospective_loss_not_a_live_feature""]",in_scope,[],normalized_catalog_record,,,,,,,,,,,,,2021-02-10T00:00:00Z,False,"00:00 UTC on the calendar day after the assigned incident_date; an assumed retrospective alignment, not verified public availability.","Frozen catalog reported_loss_usd; retrospective reported amount, not verified gross theft or loss known at activation.",False
inc_8a29388c1710fa33,BT Finance,2021-02-12,day,1500000,1500000,1500000,defillama,retrospective_reported_amount; gross/net and valuation basis require source verification,Oracle Manipulation,Spot Price Manipulation; Flash loan attack,"[""Ethereum""]",DeFi Protocol,2,2,"[""defillama"", ""slowmist""]","[""a2f2eb3da0506fd5"", ""2cef6ba0ece07a2a""]","[""2021-02-09"", ""2021-02-12""]","[{""source"": ""defillama"", ""claim_id"": ""a2f2eb3da0506fd5"", ""loss_usd"": 1500000, ""loss_basis"": ""source_amount_definition_not_fully_verified"", ""valuation_date"": null}, {""source"": ""slowmist"", ""claim_id"": ""2cef6ba0ece07a2a"", ""loss_usd"": 1500000.0, ""loss_basis"": ""source_reported_loss_not_fully_verified"", ""valuation_date"": null}]","[""https://defillama.com/hacks"", ""https://hacked.slowmist.io/en/?c=&page=97""]","[""https://defillama.com/hacks"", ""https://twitter.com/btdotfinance/status/1358989066814033920""]",[],,,,,False,"[""source_date_disagreement"", ""exact_information_availability_unverified"", ""retrospective_loss_not_a_live_feature""]",in_scope,[],normalized_catalog_record,,,,,,,,,,,,,2021-02-13T00:00:00Z,False,"00:00 UTC on the calendar day after the assigned incident_date; an assumed retrospective alignment, not verified public availability.","Frozen catalog reported_loss_usd; retrospective reported amount, not verified gross theft or loss known at activation.",False
inc_c94368462dd6105b,Alpha Finance,2021-02-13,day,37500000,37500000,37500000,defillama,retrospective_reported_amount; gross/net and valuation basis require source verification,Protocol Logic,Borrow Logic Flaw; Flash loan attack,"[""Ethereum""]",DeFi Protocol,3,3,"[""defillama"", ""slowmist"", ""rekt""]","[""d46c593e231cb270"", ""eef437e5502956d1"", ""5b0b6125e77f5781""]","[""2021-02-13""]","[{""source"": ""defillama"", ""claim_id"": ""d46c593e231cb270"", ""loss_usd"": 37500000, ""loss_basis"": ""source_amount_definition_not_fully_verified"", ""valuation_date"": null}, {""source"": ""slowmist"", ""claim_id"": ""eef437e5502956d1"", ""loss_usd"": 37500000.0, ""loss_basis"": ""source_reported_loss_not_fully_verified"", ""valuation_date"": null}, {""source"": ""rekt"", ""claim_id"": ""5b0b6125e77f5781"", ""loss_usd"": 37500000, ""loss_basis"": ""leaderboard_amount_may_use_later_valuation"", ""valuation_date"": null}]","[""https://defillama.com/hacks"", ""https://hacked.slowmist.io/en/?c=&page=97"", ""https://rekt.news/leaderboard/""]","[""https://defillama.com/hacks"", ""https://medium.com/cream-finance/alpha-homora-v2-exploit-post-mortem-344d277bdea6"", ""https://rekt.news/alpha-finance-rekt""]",[],,,,,False,"[""exact_information_availability_unverified"", ""retrospective_loss_not_a_live_feature""]",in_scope,[],normalized_catalog_record,,,,,,,,,,,,,2021-02-14T00:00:00Z,True,"00:00 UTC on the calendar day after the assigned incident_date; an assumed retrospective alignment, not verified public availability.","Frozen catalog reported_loss_usd; retrospective reported amount, not verified gross theft or loss known at activation.",False
inc_90d9782d8780aa9f,Furucombo,2021-02-27,day,14000000,14000000,15000000.0,defillama,retrospective_reported_amount; gross/net and valuation basis require source verification,Access Control,Delegatecall Hijack; Contract Vulnerability,"[""Ethereum""]",DeFi Protocol,3,3,"[""defillama"", ""slowmist"", ""rekt""]","[""f2c84cf14665f9c9"", ""8324fb1e36493345"", ""ec5e281f41f82158""]","[""2021-02-27"", ""2021-02-28""]","[{""source"": ""defillama"", ""claim_id"": ""f2c84cf14665f9c9"", ""loss_usd"": 14000000, ""loss_basis"": ""source_amount_definition_not_fully_verified"", ""valuation_date"": null}, {""source"": ""slowmist"", ""claim_id"": ""8324fb1e36493345"", ""loss_usd"": 15000000.0, ""loss_basis"": ""source_reported_loss_not_fully_verified"", ""valuation_date"": null}, {""source"": ""rekt"", ""claim_id"": ""ec5e281f41f82158"", ""loss_usd"": 14000000, ""loss_basis"": ""leaderboard_amount_may_use_later_valuation"", ""valuation_date"": null}]","[""https://defillama.com/hacks"", ""https://hacked.slowmist.io/en/?c=&page=96"", ""https://rekt.news/leaderboard/""]","[""https://defillama.com/hacks"", ""https://cointelegraph.com/news/transaction-batching-protocol-furucombo-suffers-14-million-evil-contract-hack"", ""https://rekt.news/furucombo-rekt""]",[],,,,,False,"[""source_date_disagreement"", ""loss_estimates_differ_over_5pct"", ""exact_information_availability_unverified"", ""retrospective_loss_not_a_live_feature""]",in_scope,[],normalized_catalog_record,,,,,,,,,,,,,2021-02-28T00:00:00Z,True,"00:00 UTC on the calendar day after the assigned incident_date; an assumed retrospective alignment, not verified public availability.","Frozen catalog reported_loss_usd; retrospective reported amount, not verified gross theft or loss known at activation.",False
inc_a6c7ae148d642aa0,CNA,2021-03-05,day,40000000.0,40000000.0,40000000.0,slowmist,retrospective_reported_amount; gross/net and valuation basis require source verification,,Ransomware,[],,1,1,"[""slowmist""]","[""39c3678bdee4a4a1""]","[""2021-03-05""]","[{""source"": ""slowmist"", ""claim_id"": ""39c3678bdee4a4a1"", ""loss_usd"": 40000000.0, ""loss_basis"": ""source_reported_loss_not_fully_verified"", ""valuation_date"": null}]","[""https://hacked.slowmist.io/en/?c=&page=96""]","[""https://www.bloomberg.com/news/articles/2021-05-20/cna-financial-paid-40-million-in-ransom-after-march-cyberattack""]",[],,,,,False,"[""single_catalog_source"", ""exact_information_availability_unverified"", ""retrospective_loss_not_a_live_feature""]",in_scope,[],normalized_catalog_record,,,,,,,,,,,,,2021-03-06T00:00:00Z,True,"00:00 UTC on the calendar day after the assigned incident_date; an assumed retrospective alignment, not verified public availability.","Frozen catalog reported_loss_usd; retrospective reported amount, not verified gross theft or loss known at activation.",False
inc_40c422a401e51730,Paid Network,2021-03-05,day,27000000,27000000,27000000,defillama,retrospective_reported_amount; gross/net and valuation basis require source verification,Token & Share Accounting,Infinite Mint,"[""Ethereum""]",DeFi Protocol,2,2,"[""defillama"", ""rekt""]","[""de99b3877bf8c574"", ""e22aa492963e0eef""]","[""2021-03-05""]","[{""source"": ""defillama"", ""claim_id"": ""de99b3877bf8c574"", ""loss_usd"": 27000000, ""loss_basis"": ""source_amount_definition_not_fully_verified"", ""valuation_date"": null}, {""source"": ""rekt"", ""claim_id"": ""e22aa492963e0eef"", ""loss_usd"": 27000000, ""loss_basis"": ""leaderboard_amount_may_use_later_valuation"", ""valuation_date"": null}]","[""https://defillama.com/hacks"", ""https://rekt.news/leaderboard/""]","[""https://defillama.com/hacks"", ""https://rekt.news/paid-rekt""]",[],,,,,False,"[""exact_information_availability_unverified"", ""retrospective_loss_not_a_live_feature""]",in_scope,[],normalized_catalog_record,,,,,,,,,,,,,2021-03-06T00:00:00Z,True,"00:00 UTC on the calendar day after the assigned incident_date; an assumed retrospective alignment, not verified public availability.","Frozen catalog reported_loss_usd; retrospective reported amount, not verified gross theft or loss known at activation.",False
inc_81839de234df9ea5,Roll,2021-03-14,day,5700000,5700000,5700000,defillama,retrospective_reported_amount; gross/net and valuation basis require source verification,Key Compromise,Hot Wallet Key Compromised,"[""Ethereum""]",DeFi Protocol,2,2,"[""defillama"", ""rekt""]","[""3b5ff183af87cc69"", ""2c155ce5e2f36d69""]","[""2021-03-14""]","[{""source"": ""defillama"", ""claim_id"": ""3b5ff183af87cc69"", ""loss_usd"": 5700000, ""loss_basis"": ""source_amount_definition_not_fully_verified"", ""valuation_date"": null}, {""source"": ""rekt"", ""claim_id"": ""2c155ce5e2f36d69"", ""loss_usd"": 5700000, ""loss_basis"": ""leaderboard_amount_may_use_later_valuation"", ""valuation_date"": null}]","[""https://defillama.com/hacks"", ""https://rekt.news/leaderboard/""]","[""https://defillama.com/hacks"", ""https://rekt.news/roll-rekt""]",[],,,,,False,"[""exact_information_availability_unverified"", ""retrospective_loss_not_a_live_feature""]",in_scope,[],normalized_catalog_record,,,,,,,,,,,,,2021-03-15T00:00:00Z,True,"00:00 UTC on the calendar day after the assigned incident_date; an assumed retrospective alignment, not verified public availability.","Frozen catalog reported_loss_usd; retrospective reported amount, not verified gross theft or loss known at activation.",False
inc_9de2e5203eeb99d8,True Seigniorage Dollar (TSD),2021-03-15,day,7095000,7095000,7095340.0,defillama,retrospective_reported_amount; gross/net and valuation basis require source verification,Governance,Malicious Proposal; Contract Vulnerability,"[""BSC""]",DeFi Protocol,2,2,"[""defillama"", ""slowmist""]","[""05f4342104690e04"", ""50f475e7afe8dc51""]","[""2021-03-15""]","[{""source"": ""defillama"", ""claim_id"": ""05f4342104690e04"", ""loss_usd"": 7095000, ""loss_basis"": ""source_amount_definition_not_fully_verified"", ""valuation_date"": null}, {""source"": ""slowmist"", ""claim_id"": ""50f475e7afe8dc51"", ""loss_usd"": 7095340.0, ""loss_basis"": ""source_reported_loss_not_fully_verified"", ""valuation_date"": null}]","[""https://defillama.com/hacks"", ""https://hacked.slowmist.io/en/?c=&page=96""]","[""https://defillama.com/hacks"", ""https://tokenpost.com/Stablecoin-TSD-Comes-Under-Attack-With-118B-Coins-Minted-And-Sold-By-Hacker-7404"", ""https://tokenpost.com/Stablecoin-TSD-Comes-Under-Attack-With-118B-Coins-Minted-And-Sold-By-Hacker-7404""]",[],,,,,False,"[""exact_information_availability_unverified"", ""retrospective_loss_not_a_live_feature""]",in_scope,[],manually_adjudicated_fields,,,,,,,TSD and its expanded True Seigniorage Dollar name describe the same governance/mint exploit.,,,,,,2021-03-16T00:00:00Z,True,"00:00 UTC on the calendar day after the assigned incident_date; an assumed retrospective alignment, not verified public availability.","Frozen catalog reported_loss_usd; retrospective reported amount, not verified gross theft or loss known at activation.",False
inc_7f39bb222fc46ad4,Polkatrain,2021-04-05,day,3000000,3000000,3000000,defillama,retrospective_reported_amount; gross/net and valuation basis require source verification,Protocol Logic,Reward Logic Flaw; Arbitrage attack,"[""Polkadot""]",DeFi Protocol,2,2,"[""defillama"", ""slowmist""]","[""8b164df14f9edfa4"", ""5a0e285f1cb75771""]","[""2021-04-05""]","[{""source"": ""defillama"", ""claim_id"": ""8b164df14f9edfa4"", ""loss_usd"": 3000000, ""loss_basis"": ""source_amount_definition_not_fully_verified"", ""valuation_date"": null}, {""source"": ""slowmist"", ""claim_id"": ""5a0e285f1cb75771"", ""loss_usd"": 3000000.0, ""loss_basis"": ""source_reported_loss_not_fully_verified"", ""valuation_date"": null}]","[""https://defillama.com/hacks"", ""https://hacked.slowmist.io/en/?c=&page=95""]","[""https://defillama.com/hacks"", ""https://polkatrain-com.gitbook.io/polkatrian-en/the-response-for-hacker-attack-incident-from-polkatrain-team""]",[],,,,,False,"[""exact_information_availability_unverified"", ""retrospective_loss_not_a_live_feature""]",in_scope,[],normalized_catalog_record,,,,,,,,,,,,,2021-04-06T00:00:00Z,False,"00:00 UTC on the calendar day after the assigned incident_date; an assumed retrospective alignment, not verified public availability.","Frozen catalog reported_loss_usd; retrospective reported amount, not verified gross theft or loss known at activation.",False
inc_2ed9ca77622cfef7,PancakeSwap,2021-04-12,day,1800000,1800000,1800000,defillama,retrospective_reported_amount; gross/net and valuation basis require source verification,Access Control,Improper Access Control; Private Key Leakage,"[""BSC""]",DeFi Protocol,2,2,"[""defillama"", ""slowmist""]","[""67890507164a9863"", ""ecb955583da06a6f""]","[""2021-04-12""]","[{""source"": ""defillama"", ""claim_id"": ""67890507164a9863"", ""loss_usd"": 1800000, ""loss_basis"": ""source_amount_definition_not_fully_verified"", ""valuation_date"": null}, {""source"": ""slowmist"", ""claim_id"": ""ecb955583da06a6f"", ""loss_usd"": 1800000.0, ""loss_basis"": ""source_reported_loss_not_fully_verified"", ""valuation_date"": null}]","[""https://defillama.com/hacks"", ""https://hacked.slowmist.io/en/?c=&page=95""]","[""https://defillama.com/hacks"", ""https://cryptopwnage.medium.com/1-800-000-was-stolen-from-binance-smart-chain-pancakeswap-lottery-pool-ca2afb415f9""]",[],,,,,False,"[""exact_information_availability_unverified"", ""retrospective_loss_not_a_live_feature""]",in_scope,[],normalized_catalog_record,,,,,,,,,,,,,2021-04-13T00:00:00Z,False,"00:00 UTC on the calendar day after the assigned incident_date; an assumed retrospective alignment, not verified public availability.","Frozen catalog reported_loss_usd; retrospective reported amount, not verified gross theft or loss known at activation.",False
inc_62a0b0c737e4e1e1,EasyFi,2021-04-19,day,59000000,46900000.0,59000000,defillama,retrospective_reported_amount; gross/net and valuation basis require source verification,Social Engineering,Malware; Private Key Leakage,"[""Polygon""]",DeFi Protocol,3,3,"[""defillama"", ""slowmist"", ""rekt""]","[""9c17e500e7299025"", ""017081773f923cee"", ""e069ee6e5b8c9085""]","[""2021-04-19"", ""2021-04-20""]","[{""source"": ""defillama"", ""claim_id"": ""9c17e500e7299025"", ""loss_usd"": 59000000, ""loss_basis"": ""source_amount_definition_not_fully_verified"", ""valuation_date"": null}, {""source"": ""slowmist"", ""claim_id"": ""017081773f923cee"", ""loss_usd"": 46900000.0, ""loss_basis"": ""source_reported_loss_not_fully_verified"", ""valuation_date"": null}, {""source"": ""rekt"", ""claim_id"": ""e069ee6e5b8c9085"", ""loss_usd"": 59000000, ""loss_basis"": ""leaderboard_amount_may_use_later_valuation"", ""valuation_date"": null}]","[""https://defillama.com/hacks"", ""https://hacked.slowmist.io/en/?c=&page=95"", ""https://rekt.news/leaderboard/""]","[""https://defillama.com/hacks"", ""https://twitter.com/ChainNewscom/status/1384336818959704064"", ""https://rekt.news/easyfi-rekt""]",[],,,,,False,"[""source_date_disagreement"", ""loss_estimates_differ_over_5pct"", ""exact_information_availability_unverified"", ""retrospective_loss_not_a_live_feature""]",in_scope,[],normalized_catalog_record,,,,,,,,,,,,,2021-04-20T00:00:00Z,True,"00:00 UTC on the calendar day after the assigned incident_date; an assumed retrospective alignment, not verified public availability.","Frozen catalog reported_loss_usd; retrospective reported amount, not verified gross theft or loss known at activation.",False
inc_d49c208c9cb46d22,Uranium Finance,2021-04-28,day,57200000,50000000.0,57200000,defillama,retrospective_reported_amount; gross/net and valuation basis require source verification,Token & Share Accounting,Arithmetic Error; Contract Vulnerability,"[""BSC""]",DeFi Protocol,3,3,"[""defillama"", ""slowmist"", ""rekt""]","[""466e2a94a0b433b6"", ""4ed0017479c15363"", ""2e891c24a5854816""]","[""2021-04-28""]","[{""source"": ""defillama"", ""claim_id"": ""466e2a94a0b433b6"", ""loss_usd"": 57200000, ""loss_basis"": ""source_amount_definition_not_fully_verified"", ""valuation_date"": null}, {""source"": ""slowmist"", ""claim_id"": ""4ed0017479c15363"", ""loss_usd"": 50000000.0, ""loss_basis"": ""source_reported_loss_not_fully_verified"", ""valuation_date"": null}, {""source"": ""rekt"", ""claim_id"": ""2e891c24a5854816"", ""loss_usd"": 57200000, ""loss_basis"": ""leaderboard_amount_may_use_later_valuation"", ""valuation_date"": null}]","[""https://defillama.com/hacks"", ""https://hacked.slowmist.io/en/?c=&page=95"", ""https://rekt.news/leaderboard/""]","[""https://defillama.com/hacks"", ""https://c.foresightnews.pro/news/detail/66454"", ""https://rekt.news/uranium-rekt""]",[],,,,,False,"[""loss_estimates_differ_over_5pct"", ""exact_information_availability_unverified"", ""retrospective_loss_not_a_live_feature""]",in_scope,[],normalized_catalog_record,,,,,,,,,,,,,2021-04-29T00:00:00Z,True,"00:00 UTC on the calendar day after the assigned incident_date; an assumed retrospective alignment, not verified public availability.","Frozen catalog reported_loss_usd; retrospective reported amount, not verified gross theft or loss known at activation.",False
inc_67b40a794cbc85b2,Spartan,2021-05-02,day,30500000,30000000.0,30500000,defillama,retrospective_reported_amount; gross/net and valuation basis require source verification,Token & Share Accounting,Incorrect Share Accounting; Contract Vulnerability,"[""BSC""]",DeFi Protocol,3,3,"[""defillama"", ""slowmist"", ""rekt""]","[""b5d23c436096c238"", ""d3a747b2a5b2868c"", ""f6bf8a7f1fd869d4""]","[""2021-05-02""]","[{""source"": ""defillama"", ""claim_id"": ""b5d23c436096c238"", ""loss_usd"": 30500000, ""loss_basis"": ""source_amount_definition_not_fully_verified"", ""valuation_date"": null}, {""source"": ""slowmist"", ""claim_id"": ""d3a747b2a5b2868c"", ""loss_usd"": 30000000.0, ""loss_basis"": ""source_reported_loss_not_fully_verified"", ""valuation_date"": null}, {""source"": ""rekt"", ""claim_id"": ""f6bf8a7f1fd869d4"", ""loss_usd"": 30500000, ""loss_basis"": ""leaderboard_amount_may_use_later_valuation"", ""valuation_date"": null}]","[""https://defillama.com/hacks"", ""https://hacked.slowmist.io/en/?c=&page=95"", ""https://rekt.news/leaderboard/""]","[""https://defillama.com/hacks"", ""https://www.coindesk.com/markets/2021/05/02/binance-smart-chains-spartan-protocol-loses-30m-in-exploit/"", ""https://rekt.news/spartan-rekt""]",[],,,,,False,"[""exact_information_availability_unverified"", ""retrospective_loss_not_a_live_feature""]",in_scope,[],normalized_catalog_record,,,,,,,,,,,,,2021-05-03T00:00:00Z,True,"00:00 UTC on the calendar day after the assigned incident_date; an assumed retrospective alignment, not verified public availability.","Frozen catalog reported_loss_usd; retrospective reported amount, not verified gross theft or loss known at activation.",False
inc_9cf0648393b09aa0,ValueDefi,2021-05-05,day,10000000,5817780.0,10000000,defillama,retrospective_reported_amount; gross/net and valuation basis require source verification,Access Control,Improper Access Control; Contract Vulnerability,"[""BSC""]",DeFi Protocol,3,3,"[""defillama"", ""slowmist"", ""rekt""]","[""454a6f704e91b3b8"", ""730694d8998ee181"", ""a19d37d849d6d6c4""]","[""2021-05-05""]","[{""source"": ""defillama"", ""claim_id"": ""454a6f704e91b3b8"", ""loss_usd"": 10000000, ""loss_basis"": ""source_amount_definition_not_fully_verified"", ""valuation_date"": null}, {""source"": ""slowmist"", ""claim_id"": ""730694d8998ee181"", ""loss_usd"": 5817780.0, ""loss_basis"": ""source_reported_loss_not_fully_verified"", ""valuation_date"": null}, {""source"": ""rekt"", ""claim_id"": ""a19d37d849d6d6c4"", ""loss_usd"": 10000000, ""loss_basis"": ""leaderboard_amount_may_use_later_valuation"", ""valuation_date"": null}]","[""https://defillama.com/hacks"", ""https://hacked.slowmist.io/en/?c=&page=95"", ""https://rekt.news/leaderboard/""]","[""https://defillama.com/hacks"", ""https://medium.com/valuedefi/vstake-pool-incident-post-mortem-4550407c9714"", ""https://rekt.news/value-rekt2""]",[],,,,,False,"[""loss_estimates_differ_over_5pct"", ""exact_information_availability_unverified"", ""retrospective_loss_not_a_live_feature""]",in_scope,[],normalized_catalog_record,,,,,,,,,,,,,2021-05-06T00:00:00Z,True,"00:00 UTC on the calendar day after the assigned incident_date; an assumed retrospective alignment, not verified public availability.","Frozen catalog reported_loss_usd; retrospective reported amount, not verified gross theft or loss known at activation.",False
inc_14bab51c42a84401,Colonial Pipeline,2021-05-07,day,2700000.0,2700000.0,2700000.0,slowmist,retrospective_reported_amount; gross/net and valuation basis require source verification,,Ransomware,[],,1,1,"[""slowmist""]","[""746dbc86c04b1b6b""]","[""2021-05-07""]","[{""source"": ""slowmist"", ""claim_id"": ""746dbc86c04b1b6b"", ""loss_usd"": 2700000.0, ""loss_basis"": ""source_reported_loss_not_fully_verified"", ""valuation_date"": null}]","[""https://hacked.slowmist.io/en/?c=&page=95""]","[""https://en.wikipedia.org/wiki/Colonial_Pipeline_ransomware_attack""]",[],,,,,False,"[""single_catalog_source"", ""exact_information_availability_unverified"", ""retrospective_loss_not_a_live_feature""]",in_scope,[],normalized_catalog_record,,,,,,,,,,,,,2021-05-08T00:00:00Z,False,"00:00 UTC on the calendar day after the assigned incident_date; an assumed retrospective alignment, not verified public availability.","Frozen catalog reported_loss_usd; retrospective reported amount, not verified gross theft or loss known at activation.",False
inc_1912bf25f9b2811c,ValueDefi,2021-05-07,day,11000000,10000000.0,11000000,defillama,retrospective_reported_amount; gross/net and valuation basis require source verification,Token & Share Accounting,Arithmetic Error; Contract Vulnerability,"[""BSC""]",DeFi Protocol,3,3,"[""defillama"", ""slowmist"", ""rekt""]","[""8d8c07b4d0545fbf"", ""f8f44b7be08ffb25"", ""4fcb403e382fa5be""]","[""2021-05-07""]","[{""source"": ""defillama"", ""claim_id"": ""8d8c07b4d0545fbf"", ""loss_usd"": 11000000, ""loss_basis"": ""source_amount_definition_not_fully_verified"", ""valuation_date"": null}, {""source"": ""slowmist"", ""claim_id"": ""f8f44b7be08ffb25"", ""loss_usd"": 10000000.0, ""loss_basis"": ""source_reported_loss_not_fully_verified"", ""valuation_date"": null}, {""source"": ""rekt"", ""claim_id"": ""4fcb403e382fa5be"", ""loss_usd"": 11000000, ""loss_basis"": ""leaderboard_amount_may_use_later_valuation"", ""valuation_date"": null}]","[""https://defillama.com/hacks"", ""https://hacked.slowmist.io/en/?c=&page=95"", ""https://rekt.news/leaderboard/""]","[""https://defillama.com/hacks"", ""http://www.togater.com/584.html"", ""https://rekt.news/value-rekt3""]",[],,,,,False,"[""loss_estimates_differ_over_5pct"", ""exact_information_availability_unverified"", ""retrospective_loss_not_a_live_feature""]",in_scope,[],normalized_catalog_record,,,,,,,,,,,,,2021-05-08T00:00:00Z,True,"00:00 UTC on the calendar day after the assigned incident_date; an assumed retrospective alignment, not verified public availability.","Frozen catalog reported_loss_usd; retrospective reported amount, not verified gross theft or loss known at activation.",False
inc_749d0205f4a64b8c,Rari Capital,2021-05-08,day,10000000,10000000,14000000.0,defillama,retrospective_reported_amount; gross/net and valuation basis require source verification,Access Control,Arbitrary External Call; Contract Vulnerability,"[""Ethereum""]",DeFi Protocol,3,3,"[""defillama"", ""slowmist"", ""rekt""]","[""cd8b48a1e3b31491"", ""de95036fa39348f3"", ""bb52c2322caaa890""]","[""2021-05-08""]","[{""source"": ""defillama"", ""claim_id"": ""cd8b48a1e3b31491"", ""loss_usd"": 10000000, ""loss_basis"": ""source_amount_definition_not_fully_verified"", ""valuation_date"": null}, {""source"": ""slowmist"", ""claim_id"": ""de95036fa39348f3"", ""loss_usd"": 14000000.0, ""loss_basis"": ""source_reported_loss_not_fully_verified"", ""valuation_date"": null}, {""source"": ""rekt"", ""claim_id"": ""bb52c2322caaa890"", ""loss_usd"": 10000000, ""loss_basis"": ""leaderboard_amount_may_use_later_valuation"", ""valuation_date"": null}]","[""https://defillama.com/hacks"", ""https://hacked.slowmist.io/en/?c=&page=95"", ""https://rekt.news/leaderboard/""]","[""https://defillama.com/hacks"", ""https://medium.com/rari-capital/5-8-2021-rari-ethereum-pool-post-mortem-60aab6a6f8f9"", ""https://rekt.news/rari-capital-rekt""]",[],,,,,False,"[""loss_estimates_differ_over_5pct"", ""exact_information_availability_unverified"", ""retrospective_loss_not_a_live_feature""]",in_scope,[],normalized_catalog_record,,,,,,,,,,,,,2021-05-09T00:00:00Z,True,"00:00 UTC on the calendar day after the assigned incident_date; an assumed retrospective alignment, not verified public availability.","Frozen catalog reported_loss_usd; retrospective reported amount, not verified gross theft or loss known at activation.",False
inc_703f2e01054e960c,xToken,2021-05-12,day,24000000,24000000,25000000.0,defillama,retrospective_reported_amount; gross/net and valuation basis require source verification,Oracle Manipulation,Spot Price Manipulation; Oracle Attack,"[""Ethereum""]",DeFi Protocol,3,3,"[""defillama"", ""slowmist"", ""rekt""]","[""790f28ab4d8658f9"", ""6b25bd083ec101f4"", ""bb937668e9a0e089""]","[""2021-05-12"", ""2021-05-13""]","[{""source"": ""defillama"", ""claim_id"": ""790f28ab4d8658f9"", ""loss_usd"": 24000000, ""loss_basis"": ""source_amount_definition_not_fully_verified"", ""valuation_date"": null}, {""source"": ""slowmist"", ""claim_id"": ""6b25bd083ec101f4"", ""loss_usd"": 25000000.0, ""loss_basis"": ""source_reported_loss_not_fully_verified"", ""valuation_date"": null}, {""source"": ""rekt"", ""claim_id"": ""bb937668e9a0e089"", ""loss_usd"": 24000000, ""loss_basis"": ""leaderboard_amount_may_use_later_valuation"", ""valuation_date"": null}]","[""https://defillama.com/hacks"", ""https://hacked.slowmist.io/en/?c=&page=95"", ""https://rekt.news/leaderboard/""]","[""https://defillama.com/hacks"", ""https://twitter.com/FrankResearcher/status/1392515198674681863"", ""https://rekt.news/xtoken-rekt""]",[],,,,,False,"[""source_date_disagreement"", ""exact_information_availability_unverified"", ""retrospective_loss_not_a_live_feature""]",in_scope,[],normalized_catalog_record,,,,,,,,,,,,,2021-05-13T00:00:00Z,True,"00:00 UTC on the calendar day after the assigned incident_date; an assumed retrospective alignment, not verified public availability.","Frozen catalog reported_loss_usd; retrospective reported amount, not verified gross theft or loss known at activation.",False
inc_0b1c634e16316fb0,flash.sx / vaults.sx,2021-05-14,day,13000000,11742000.0,13000000,defillama,retrospective_reported_amount; gross/net and valuation basis require source verification,Reentrancy,Reentrancy; Reentrancy Attack,"[""EOS""]",DeFi Protocol,2,2,"[""defillama"", ""slowmist""]","[""f4a9256bf955a092"", ""8cf9870f932043d1""]","[""2021-05-14""]","[{""source"": ""defillama"", ""claim_id"": ""f4a9256bf955a092"", ""loss_usd"": 13000000, ""loss_basis"": ""source_amount_definition_not_fully_verified"", ""valuation_date"": null}, {""source"": ""slowmist"", ""claim_id"": ""8cf9870f932043d1"", ""loss_usd"": 11742000.0, ""loss_basis"": ""source_reported_loss_not_fully_verified"", ""valuation_date"": null}]","[""https://defillama.com/hacks"", ""https://hacked.slowmist.io/en/?c=&page=94""]","[""https://defillama.com/hacks"", ""https://cmichel.io/eos-vault-sx-hack/""]",[],,,,,False,"[""loss_estimates_differ_over_5pct"", ""exact_information_availability_unverified"", ""retrospective_loss_not_a_live_feature""]",in_scope,[],normalized_catalog_record,,,,,,,,,,,,,2021-05-15T00:00:00Z,True,"00:00 UTC on the calendar day after the assigned incident_date; an assumed retrospective alignment, not verified public availability.","Frozen catalog reported_loss_usd; retrospective reported amount, not verified gross theft or loss known at activation.",False
inc_90dd88ad4692e8bc,BearnFi,2021-05-17,day,18000000,11000000.0,18000000,defillama,retrospective_reported_amount; gross/net and valuation basis require source verification,Protocol Logic,Withdrawal Logic Flaw; Contract Vulnerability,"[""BSC""]",DeFi Protocol,3,3,"[""defillama"", ""slowmist"", ""rekt""]","[""c9bd84f940b631cf"", ""1698e14810025e9a"", ""a80a2035a5391099""]","[""2021-05-16"", ""2021-05-17""]","[{""source"": ""defillama"", ""claim_id"": ""c9bd84f940b631cf"", ""loss_usd"": 18000000, ""loss_basis"": ""source_amount_definition_not_fully_verified"", ""valuation_date"": null}, {""source"": ""slowmist"", ""claim_id"": ""1698e14810025e9a"", ""loss_usd"": 11000000.0, ""loss_basis"": ""source_reported_loss_not_fully_verified"", ""valuation_date"": null}, {""source"": ""rekt"", ""claim_id"": ""a80a2035a5391099"", ""loss_usd"": 18000000, ""loss_basis"": ""leaderboard_amount_may_use_later_valuation"", ""valuation_date"": null}]","[""https://defillama.com/hacks"", ""https://hacked.slowmist.io/en/?c=&page=94"", ""https://rekt.news/leaderboard/""]","[""https://defillama.com/hacks"", ""https://bearndao.medium.com/bvaults-busd-alpaca-strategy-exploit-post-mortem-and-bearn-s-compensation-plan-b0b38c3b5540"", ""https://rekt.news/bearn-rekt""]",[],,,,,False,"[""source_date_disagreement"", ""loss_estimates_differ_over_5pct"", ""exact_information_availability_unverified"", ""retrospective_loss_not_a_live_feature""]",in_scope,[],normalized_catalog_record,,,,,,,,,,,,,2021-05-18T00:00:00Z,True,"00:00 UTC on the calendar day after the assigned incident_date; an assumed retrospective alignment, not verified public availability.","Frozen catalog reported_loss_usd; retrospective reported amount, not verified gross theft or loss known at activation.",False
inc_2492c6197ddb8490,FinNexus,2021-05-17,day,7000000,7000000,7000000,defillama,retrospective_reported_amount; gross/net and valuation basis require source verification,Key Compromise,Private Key Compromised; Private Key Leakage,"[""BSC"", ""Ethereum""]",DeFi Protocol,2,2,"[""defillama"", ""slowmist""]","[""0b5674d64cfbc573"", ""4333f40b47e7dc22""]","[""2021-05-17""]","[{""source"": ""defillama"", ""claim_id"": ""0b5674d64cfbc573"", ""loss_usd"": 7000000, ""loss_basis"": ""source_amount_definition_not_fully_verified"", ""valuation_date"": null}, {""source"": ""slowmist"", ""claim_id"": ""4333f40b47e7dc22"", ""loss_usd"": 7000000.0, ""loss_basis"": ""source_reported_loss_not_fully_verified"", ""valuation_date"": null}]","[""https://defillama.com/hacks"", ""https://hacked.slowmist.io/en/?c=&page=94""]","[""https://defillama.com/hacks"", ""https://medium.com/phoenix-finance/finnexus-statement-regarding-the-may-2021-hack-d69e1b7617dc""]",[],,,,,False,"[""exact_information_availability_unverified"", ""retrospective_loss_not_a_live_feature""]",in_scope,[],normalized_catalog_record,,,,,,,,,,,,,2021-05-18T00:00:00Z,True,"00:00 UTC on the calendar day after the assigned incident_date; an assumed retrospective alignment, not verified public availability.","Frozen catalog reported_loss_usd; retrospective reported amount, not verified gross theft or loss known at activation.",False
inc_96fc63d5191a4442,Venus Protocol,2021-05-18,day,100000000,100000000,145000000.0,defillama,retrospective_reported_amount; gross/net and valuation basis require source verification,Oracle Manipulation,Spot Price Manipulation; Lack of Liquidity,"[""BSC""]",DeFi Protocol,2,2,"[""defillama"", ""slowmist""]","[""5f03727cec2ba004"", ""9c480ce7ef64ed0c""]","[""2021-05-18""]","[{""source"": ""defillama"", ""claim_id"": ""5f03727cec2ba004"", ""loss_usd"": 100000000, ""loss_basis"": ""source_amount_definition_not_fully_verified"", ""valuation_date"": null}, {""source"": ""slowmist"", ""claim_id"": ""9c480ce7ef64ed0c"", ""loss_usd"": 145000000.0, ""loss_basis"": ""source_reported_loss_not_fully_verified"", ""valuation_date"": null}]","[""https://defillama.com/hacks"", ""https://hacked.slowmist.io/en/?c=&page=94""]","[""https://defillama.com/hacks"", ""https://quillhashteam.medium.com/200-m-venus-protocol-hack-analysis-b044af76a1ae""]",[],,,,,False,"[""loss_estimates_differ_over_5pct"", ""exact_information_availability_unverified"", ""retrospective_loss_not_a_live_feature""]",in_scope,[],normalized_catalog_record,,,,,,,,,,,,,2021-05-19T00:00:00Z,True,"00:00 UTC on the calendar day after the assigned incident_date; an assumed retrospective alignment, not verified public availability.","Frozen catalog reported_loss_usd; retrospective reported amount, not verified gross theft or loss known at activation.",False
inc_164f8054bb2c6f7a,Bunny,2021-05-19,day,45000000,45000000,45000000,defillama,retrospective_reported_amount; gross/net and valuation basis require source verification,Oracle Manipulation,Spot Price Manipulation; Flash loan attack,"[""BSC""]",DeFi Protocol,3,3,"[""defillama"", ""slowmist"", ""rekt""]","[""3cfc0f57470b965b"", ""3ce9339b0c7655f9"", ""075d7c9f037b66e9""]","[""2021-05-19"", ""2021-05-20""]","[{""source"": ""defillama"", ""claim_id"": ""3cfc0f57470b965b"", ""loss_usd"": 45000000, ""loss_basis"": ""source_amount_definition_not_fully_verified"", ""valuation_date"": null}, {""source"": ""slowmist"", ""claim_id"": ""3ce9339b0c7655f9"", ""loss_usd"": 45000000.0, ""loss_basis"": ""source_reported_loss_not_fully_verified"", ""valuation_date"": null}, {""source"": ""rekt"", ""claim_id"": ""075d7c9f037b66e9"", ""loss_usd"": 45000000, ""loss_basis"": ""leaderboard_amount_may_use_later_valuation"", ""valuation_date"": null}]","[""https://defillama.com/hacks"", ""https://hacked.slowmist.io/en/?c=&page=94"", ""https://rekt.news/leaderboard/""]","[""https://defillama.com/hacks"", ""https://pancakebunny.medium.com/hello-bunny-fam-a7bf0c7a07ba"", ""https://rekt.news/pancakebunny-rekt""]",[],,,,,False,"[""source_date_disagreement"", ""exact_information_availability_unverified"", ""retrospective_loss_not_a_live_feature""]",in_scope,[],normalized_catalog_record,,,,,,,,,,,,,2021-05-20T00:00:00Z,True,"00:00 UTC on the calendar day after the assigned incident_date; an assumed retrospective alignment, not verified public availability.","Frozen catalog reported_loss_usd; retrospective reported amount, not verified gross theft or loss known at activation.",False
inc_e01659e425efed51,Bogged Finance,2021-05-23,day,3000000,3000000,3000000,defillama,retrospective_reported_amount; gross/net and valuation basis require source verification,Token & Share Accounting,Arithmetic Error; Flash loan attack,"[""BSC""]",DeFi Protocol,2,2,"[""defillama"", ""slowmist""]","[""7c2c99f62159a2ce"", ""82c782a47a4b7cf5""]","[""2021-05-23""]","[{""source"": ""defillama"", ""claim_id"": ""7c2c99f62159a2ce"", ""loss_usd"": 3000000, ""loss_basis"": ""source_amount_definition_not_fully_verified"", ""valuation_date"": null}, {""source"": ""slowmist"", ""claim_id"": ""82c782a47a4b7cf5"", ""loss_usd"": 3000000.0, ""loss_basis"": ""source_reported_loss_not_fully_verified"", ""valuation_date"": null}]","[""https://defillama.com/hacks"", ""https://hacked.slowmist.io/en/?c=&page=94""]","[""https://defillama.com/hacks"", ""https://boggedfinance.medium.com/bog-flash-loan-attack-what-happened-and-whats-next-token-migration-192a9d96b9b7""]",[],,,,,False,"[""exact_information_availability_unverified"", ""retrospective_loss_not_a_live_feature""]",in_scope,[],normalized_catalog_record,,,,,,,,,,,,,2021-05-24T00:00:00Z,False,"00:00 UTC on the calendar day after the assigned incident_date; an assumed retrospective alignment, not verified public availability.","Frozen catalog reported_loss_usd; retrospective reported amount, not verified gross theft or loss known at activation.",False
inc_47ef1c50f9bd4c5f,BurgerSwap,2021-05-28,day,7200000,7000000.0,7200000,defillama,retrospective_reported_amount; gross/net and valuation basis require source verification,Reentrancy,Reentrancy; Flash loan attack,"[""BSC""]",DeFi Protocol,3,3,"[""defillama"", ""slowmist"", ""rekt""]","[""9a67cb23e75d9c28"", ""e360eb09431e7554"", ""7a92578716870fb1""]","[""2021-05-28""]","[{""source"": ""defillama"", ""claim_id"": ""9a67cb23e75d9c28"", ""loss_usd"": 7200000, ""loss_basis"": ""source_amount_definition_not_fully_verified"", ""valuation_date"": null}, {""source"": ""slowmist"", ""claim_id"": ""e360eb09431e7554"", ""loss_usd"": 7000000.0, ""loss_basis"": ""source_reported_loss_not_fully_verified"", ""valuation_date"": null}, {""source"": ""rekt"", ""claim_id"": ""7a92578716870fb1"", ""loss_usd"": 7200000, ""loss_basis"": ""leaderboard_amount_may_use_later_valuation"", ""valuation_date"": null}]","[""https://defillama.com/hacks"", ""https://hacked.slowmist.io/en/?c=&page=94"", ""https://rekt.news/leaderboard/""]","[""https://defillama.com/hacks"", ""https://twitter.com/burger_swap/status/1398161871778115586"", ""https://rekt.news/burgerswap-rekt""]",[],,,,,False,"[""exact_information_availability_unverified"", ""retrospective_loss_not_a_live_feature""]",in_scope,[],normalized_catalog_record,,,,,,,,,,,,,2021-05-29T00:00:00Z,True,"00:00 UTC on the calendar day after the assigned incident_date; an assumed retrospective alignment, not verified public availability.","Frozen catalog reported_loss_usd; retrospective reported amount, not verified gross theft or loss known at activation.",False
inc_513ba7a819b6712f,Belt Finance,2021-05-29,day,6300000,6200000.0,6300000,defillama,retrospective_reported_amount; gross/net and valuation basis require source verification,Token & Share Accounting,Incorrect Share Accounting; Flash loan attack,"[""BSC""]",DeFi Protocol,2,2,"[""defillama"", ""slowmist""]","[""c8f49cf43549d276"", ""f3f7731fcd95686c""]","[""2021-05-29""]","[{""source"": ""defillama"", ""claim_id"": ""c8f49cf43549d276"", ""loss_usd"": 6300000, ""loss_basis"": ""source_amount_definition_not_fully_verified"", ""valuation_date"": null}, {""source"": ""slowmist"", ""claim_id"": ""f3f7731fcd95686c"", ""loss_usd"": 6200000.0, ""loss_basis"": ""source_reported_loss_not_fully_verified"", ""valuation_date"": null}]","[""https://defillama.com/hacks"", ""https://hacked.slowmist.io/en/?c=&page=94""]","[""https://defillama.com/hacks"", ""https://twitter.com/Mudit__Gupta/status/1398885049987043329""]",[],,,,,False,"[""exact_information_availability_unverified"", ""retrospective_loss_not_a_live_feature""]",in_scope,[],normalized_catalog_record,,,,,,,,,,,,,2021-05-30T00:00:00Z,True,"00:00 UTC on the calendar day after the assigned incident_date; an assumed retrospective alignment, not verified public availability.","Frozen catalog reported_loss_usd; retrospective reported amount, not verified gross theft or loss known at activation.",False
inc_3c1edf25bc9b3247,Fetch.ai,2021-06-06,day,2600000,2600000,2600000,defillama,retrospective_reported_amount; gross/net and valuation basis require source verification,Key Compromise,Private Key Compromised; Hacked account,"[""Multiple""]",CEX,2,2,"[""defillama"", ""slowmist""]","[""bf1628aa31b0ac1d"", ""ff2d6fcb7c8bc3cf""]","[""2021-06-06"", ""2021-08-14""]","[{""source"": ""defillama"", ""claim_id"": ""bf1628aa31b0ac1d"", ""loss_usd"": 2600000, ""loss_basis"": ""source_amount_definition_not_fully_verified"", ""valuation_date"": null}, {""source"": ""slowmist"", ""claim_id"": ""ff2d6fcb7c8bc3cf"", ""loss_usd"": 2600000.0, ""loss_basis"": ""source_reported_loss_not_fully_verified"", ""valuation_date"": null}]","[""https://defillama.com/hacks"", ""https://hacked.slowmist.io/en/?c=&page=91""]","[""https://defillama.com/hacks"", ""https://www.reuters.com/technology/london-court-orders-binance-trace-cryptocurrency-hackers-2021-08-13/"", ""https://www.reuters.com/technology/london-court-orders-binance-trace-cryptocurrency-hackers-2021-08-13/""]",[],,,,,False,"[""source_date_disagreement"", ""exact_information_availability_unverified"", ""retrospective_loss_not_a_live_feature""]",in_scope,[],manually_adjudicated_fields,,,,,,,"August court coverage explicitly dates the Fetch.ai Binance-account compromise to June 6; August is a later report, not a second attack.",,,,,,2021-06-07T00:00:00Z,False,"00:00 UTC on the calendar day after the assigned incident_date; an assumed retrospective alignment, not verified public availability.","Frozen catalog reported_loss_usd; retrospective reported amount, not verified gross theft or loss known at activation.",False
inc_bd495a63a48fbc78,JBS,2021-06-10,day,11000000.0,11000000.0,11000000.0,slowmist,retrospective_reported_amount; gross/net and valuation basis require source verification,,Ransomware,[],,1,1,"[""slowmist""]","[""fb598c93b48fc39b""]","[""2021-06-10""]","[{""source"": ""slowmist"", ""claim_id"": ""fb598c93b48fc39b"", ""loss_usd"": 11000000.0, ""loss_basis"": ""source_reported_loss_not_fully_verified"", ""valuation_date"": null}]","[""https://hacked.slowmist.io/en/?c=&page=94""]","[""https://www.wsj.com/articles/jbs-paid-11-million-to-resolve-ransomware-attack-11623280781""]",[],,,,,False,"[""single_catalog_source"", ""exact_information_availability_unverified"", ""retrospective_loss_not_a_live_feature""]",in_scope,[],normalized_catalog_record,,,,,,,,,,,,,2021-06-11T00:00:00Z,True,"00:00 UTC on the calendar day after the assigned incident_date; an assumed retrospective alignment, not verified public availability.","Frozen catalog reported_loss_usd; retrospective reported amount, not verified gross theft or loss known at activation.",False
inc_affbc91ec610ce05,Alchemix V2,2021-06-16,day,6500000,6500000,6530000.0,defillama,retrospective_reported_amount; gross/net and valuation basis require source verification,Protocol Logic,Borrow Logic Flaw; Contract Vulnerability,"[""Ethereum""]",DeFi Protocol,3,3,"[""defillama"", ""slowmist"", ""rekt""]","[""cdd5cd2ead46eecf"", ""94e0bfb81fe01a01"", ""9765fc4924d59001""]","[""2021-06-16""]","[{""source"": ""defillama"", ""claim_id"": ""cdd5cd2ead46eecf"", ""loss_usd"": 6500000, ""loss_basis"": ""source_amount_definition_not_fully_verified"", ""valuation_date"": null}, {""source"": ""slowmist"", ""claim_id"": ""94e0bfb81fe01a01"", ""loss_usd"": 6530000.0, ""loss_basis"": ""source_reported_loss_not_fully_verified"", ""valuation_date"": null}, {""source"": ""rekt"", ""claim_id"": ""9765fc4924d59001"", ""loss_usd"": 6500000, ""loss_basis"": ""leaderboard_amount_may_use_later_valuation"", ""valuation_date"": null}]","[""https://defillama.com/hacks"", ""https://hacked.slowmist.io/en/?c=&page=93"", ""https://rekt.news/leaderboard/""]","[""https://defillama.com/hacks"", ""https://twitter.com/DefiantNews/status/1405152562110599171"", ""https://rekt.news/alchemix-rekt""]",[],,,,,False,"[""exact_information_availability_unverified"", ""retrospective_loss_not_a_live_feature""]",in_scope,[],normalized_catalog_record,,,,,,,,,,,,,2021-06-17T00:00:00Z,True,"00:00 UTC on the calendar day after the assigned incident_date; an assumed retrospective alignment, not verified public availability.","Frozen catalog reported_loss_usd; retrospective reported amount, not verified gross theft or loss known at activation.",False
inc_60d0cd4b6aa13e1d,Haven Protocol,2021-07-03,day,8187000,8186549.0,8187000,defillama,retrospective_reported_amount; gross/net and valuation basis require source verification,Token & Share Accounting,Infinite Mint; Minting Attack,"[""Haven""]",DeFi Protocol,2,2,"[""defillama"", ""slowmist""]","[""ec173fcea4ac5757"", ""70e7ff9f41731cb4""]","[""2021-07-03""]","[{""source"": ""defillama"", ""claim_id"": ""ec173fcea4ac5757"", ""loss_usd"": 8187000, ""loss_basis"": ""source_amount_definition_not_fully_verified"", ""valuation_date"": null}, {""source"": ""slowmist"", ""claim_id"": ""70e7ff9f41731cb4"", ""loss_usd"": 8186549.0, ""loss_basis"": ""source_reported_loss_not_fully_verified"", ""valuation_date"": null}]","[""https://defillama.com/hacks"", ""https://hacked.slowmist.io/en/?c=&page=93""]","[""https://defillama.com/hacks"", ""https://havenprotocol.medium.com/haven-protocol-technical-overview-of-june-2021-exploits-6f4573fbf216""]",[],,,,,False,"[""exact_information_availability_unverified"", ""retrospective_loss_not_a_live_feature""]",in_scope,[],normalized_catalog_record,,,,,,,,,,,,,2021-07-04T00:00:00Z,True,"00:00 UTC on the calendar day after the assigned incident_date; an assumed retrospective alignment, not verified public availability.","Frozen catalog reported_loss_usd; retrospective reported amount, not verified gross theft or loss known at activation.",False
inc_0bb3da1899f9e2d7,Multichain,2021-07-10,day,7900000,7870000.0,7900000,defillama,retrospective_reported_amount; gross/net and valuation basis require source verification,Key Compromise,Weak Key Generation; Contract Vulnerability,"[""BSC"", ""Ethereum"", ""Fantom""]",CEX,2,2,"[""defillama"", ""slowmist""]","[""04c1fc0f944f2a45"", ""1774ee8ab2379c05""]","[""2021-07-10"", ""2021-07-11""]","[{""source"": ""defillama"", ""claim_id"": ""04c1fc0f944f2a45"", ""loss_usd"": 7900000, ""loss_basis"": ""source_amount_definition_not_fully_verified"", ""valuation_date"": null}, {""source"": ""slowmist"", ""claim_id"": ""1774ee8ab2379c05"", ""loss_usd"": 7870000.0, ""loss_basis"": ""source_reported_loss_not_fully_verified"", ""valuation_date"": null}]","[""https://defillama.com/hacks"", ""https://hacked.slowmist.io/en/?c=&page=92""]","[""https://defillama.com/hacks"", ""https://medium.com/multichainorg/anyswap-multichain-router-v3-exploit-statement-6833f1b7e6fb""]",[],,,,,False,"[""source_date_disagreement"", ""exact_information_availability_unverified"", ""retrospective_loss_not_a_live_feature""]",in_scope,[],normalized_catalog_record,,,,,,,,,,,,,2021-07-11T00:00:00Z,True,"00:00 UTC on the calendar day after the assigned incident_date; an assumed retrospective alignment, not verified public availability.","Frozen catalog reported_loss_usd; retrospective reported amount, not verified gross theft or loss known at activation.",False
inc_7cd975f11301375b,ChainSwap Bridge,2021-07-11,day,4400000,4000000.0,4400000,defillama,retrospective_reported_amount; gross/net and valuation basis require source verification,Bridge & Cross-Chain,Bridge Logic Flaw; Contract Vulnerability,"[""BSC"", ""Ethereum""]",DeFi Protocol,3,3,"[""defillama"", ""slowmist"", ""rekt""]","[""6584eabc27599b3e"", ""82ea1f24c6a6b7bf"", ""7d136fc0caafcc8a""]","[""2021-07-11""]","[{""source"": ""defillama"", ""claim_id"": ""6584eabc27599b3e"", ""loss_usd"": 4400000, ""loss_basis"": ""source_amount_definition_not_fully_verified"", ""valuation_date"": null}, {""source"": ""slowmist"", ""claim_id"": ""82ea1f24c6a6b7bf"", ""loss_usd"": 4000000.0, ""loss_basis"": ""source_reported_loss_not_fully_verified"", ""valuation_date"": null}, {""source"": ""rekt"", ""claim_id"": ""7d136fc0caafcc8a"", ""loss_usd"": 4400000, ""loss_basis"": ""leaderboard_amount_may_use_later_valuation"", ""valuation_date"": null}]","[""https://defillama.com/hacks"", ""https://hacked.slowmist.io/en/?c=&page=92"", ""https://rekt.news/leaderboard/""]","[""https://defillama.com/hacks"", ""https://chain-swap.medium.com/chainswap-exploit-11-july-2021-post-mortem-6e4e346e5a32"", ""https://rekt.news/chainswap-rekt""]",[],,,,,False,"[""loss_estimates_differ_over_5pct"", ""exact_information_availability_unverified"", ""retrospective_loss_not_a_live_feature""]",in_scope,[],normalized_catalog_record,,,,,,,,,,,,,2021-07-12T00:00:00Z,False,"00:00 UTC on the calendar day after the assigned incident_date; an assumed retrospective alignment, not verified public availability.","Frozen catalog reported_loss_usd; retrospective reported amount, not verified gross theft or loss known at activation.",False
inc_3043caec6209096b,ApeRocket,2021-07-14,day,1260000,1260000,1260000,defillama,retrospective_reported_amount; gross/net and valuation basis require source verification,Protocol Logic,Reward Logic Flaw; flash loan attack,"[""BSC""]",DeFi Protocol,2,2,"[""defillama"", ""slowmist""]","[""b78c7ee70d66cf21"", ""0c70a0974d3a2d2b""]","[""2021-07-14""]","[{""source"": ""defillama"", ""claim_id"": ""b78c7ee70d66cf21"", ""loss_usd"": 1260000, ""loss_basis"": ""source_amount_definition_not_fully_verified"", ""valuation_date"": null}, {""source"": ""slowmist"", ""claim_id"": ""0c70a0974d3a2d2b"", ""loss_usd"": 1260000.0, ""loss_basis"": ""source_reported_loss_not_fully_verified"", ""valuation_date"": null}]","[""https://defillama.com/hacks"", ""https://hacked.slowmist.io/en/?c=&page=92""]","[""https://defillama.com/hacks"", ""https://aperocket.medium.com/moving-forward-24b9ae22c428""]",[],,,,,False,"[""exact_information_availability_unverified"", ""retrospective_loss_not_a_live_feature""]",in_scope,[],normalized_catalog_record,,,,,,,,,,,,,2021-07-15T00:00:00Z,False,"00:00 UTC on the calendar day after the assigned incident_date; an assumed retrospective alignment, not verified public availability.","Frozen catalog reported_loss_usd; retrospective reported amount, not verified gross theft or loss known at activation.",False
inc_3e0b7a6ebee99ec8,Bondly,2021-07-15,day,5900000,5900000,5900000,defillama,retrospective_reported_amount; gross/net and valuation basis require source verification,Social Engineering,Phishing,"[""Ethereum""]",DeFi Protocol,2,2,"[""defillama"", ""rekt""]","[""a4a1149a75db384a"", ""ae426a6cb5403f72""]","[""2021-07-15""]","[{""source"": ""defillama"", ""claim_id"": ""a4a1149a75db384a"", ""loss_usd"": 5900000, ""loss_basis"": ""source_amount_definition_not_fully_verified"", ""valuation_date"": null}, {""source"": ""rekt"", ""claim_id"": ""ae426a6cb5403f72"", ""loss_usd"": 5900000, ""loss_basis"": ""leaderboard_amount_may_use_later_valuation"", ""valuation_date"": null}]","[""https://defillama.com/hacks"", ""https://rekt.news/leaderboard/""]","[""https://defillama.com/hacks"", ""https://rekt.news/bondly-rekt""]",[],,,,,False,"[""exact_information_availability_unverified"", ""retrospective_loss_not_a_live_feature""]",in_scope,[],normalized_catalog_record,,,,,,,,,,,,,2021-07-16T00:00:00Z,True,"00:00 UTC on the calendar day after the assigned incident_date; an assumed retrospective alignment, not verified public availability.","Frozen catalog reported_loss_usd; retrospective reported amount, not verified gross theft or loss known at activation.",False
inc_9e64f0c131b2213f,THORChain DEX,2021-07-15,day,5000000,5000000,7600000.0,defillama,retrospective_reported_amount; gross/net and valuation basis require source verification,Bridge & Cross-Chain,Bridge Logic Flaw; False top-up,"[""Ethereum""]",DeFi Protocol,3,3,"[""defillama"", ""slowmist"", ""rekt""]","[""deb1b32f620d7f5d"", ""e7ea1873ef8d120d"", ""93ccd1b7c6d3c035""]","[""2021-07-15"", ""2021-07-16""]","[{""source"": ""defillama"", ""claim_id"": ""deb1b32f620d7f5d"", ""loss_usd"": 5000000, ""loss_basis"": ""source_amount_definition_not_fully_verified"", ""valuation_date"": null}, {""source"": ""slowmist"", ""claim_id"": ""e7ea1873ef8d120d"", ""loss_usd"": 7600000.0, ""loss_basis"": ""source_reported_loss_not_fully_verified"", ""valuation_date"": null}, {""source"": ""rekt"", ""claim_id"": ""93ccd1b7c6d3c035"", ""loss_usd"": 5000000, ""loss_basis"": ""leaderboard_amount_may_use_later_valuation"", ""valuation_date"": null}]","[""https://defillama.com/hacks"", ""https://hacked.slowmist.io/en/?c=&page=92"", ""https://rekt.news/leaderboard/""]","[""https://defillama.com/hacks"", ""https://twitter.com/THORChain/status/1415813696857591813"", ""https://rekt.news/thorchain-rekt""]",[],,,,,False,"[""source_date_disagreement"", ""loss_estimates_differ_over_5pct"", ""exact_information_availability_unverified"", ""retrospective_loss_not_a_live_feature""]",in_scope,[],normalized_catalog_record,,,,,,,,,,,,,2021-07-16T00:00:00Z,False,"00:00 UTC on the calendar day after the assigned incident_date; an assumed retrospective alignment, not verified public availability.","Frozen catalog reported_loss_usd; retrospective reported amount, not verified gross theft or loss known at activation.",False
inc_de5c91fd39192015,Bunny,2021-07-16,day,2400000,2400000,2402462.0,defillama,retrospective_reported_amount; gross/net and valuation basis require source verification,Token & Share Accounting,Unbacked Mint; Flash loan attack,"[""BSC""]",DeFi Protocol,3,3,"[""defillama"", ""slowmist"", ""rekt""]","[""de585010a28f5631"", ""3dd31573775df88b"", ""ae233dca913f7b2e""]","[""2021-07-16""]","[{""source"": ""defillama"", ""claim_id"": ""de585010a28f5631"", ""loss_usd"": 2400000, ""loss_basis"": ""source_amount_definition_not_fully_verified"", ""valuation_date"": null}, {""source"": ""slowmist"", ""claim_id"": ""3dd31573775df88b"", ""loss_usd"": 2402462.0, ""loss_basis"": ""source_reported_loss_not_fully_verified"", ""valuation_date"": null}, {""source"": ""rekt"", ""claim_id"": ""ae233dca913f7b2e"", ""loss_usd"": 2400000, ""loss_basis"": ""leaderboard_amount_may_use_later_valuation"", ""valuation_date"": null}]","[""https://defillama.com/hacks"", ""https://hacked.slowmist.io/en/?c=&page=92"", ""https://rekt.news/leaderboard/""]","[""https://defillama.com/hacks"", ""https://pancakebunny.medium.com/polybunny-post-mortem-compensation-42b5c35ce957"", ""https://rekt.news/pancakebunny2-rekt""]",[],,,,,False,"[""exact_information_availability_unverified"", ""retrospective_loss_not_a_live_feature""]",in_scope,[],normalized_catalog_record,,,,,,,,,,,,,2021-07-17T00:00:00Z,False,"00:00 UTC on the calendar day after the assigned incident_date; an assumed retrospective alignment, not verified public availability.","Frozen catalog reported_loss_usd; retrospective reported amount, not verified gross theft or loss known at activation.",False
inc_19de2ffb68cf1943,THORChain DEX,2021-07-22,day,8000000,8000000,8000000,defillama,retrospective_reported_amount; gross/net and valuation basis require source verification,Protocol Logic,Withdrawal Logic Flaw; Logic Vulnerability,"[""Ethereum""]",DeFi Protocol,3,3,"[""defillama"", ""slowmist"", ""rekt""]","[""71e384723ad41e30"", ""7dd4b6b992e5b0d8"", ""b35eb4c60e3c9572""]","[""2021-07-22"", ""2021-07-23""]","[{""source"": ""defillama"", ""claim_id"": ""71e384723ad41e30"", ""loss_usd"": 8000000, ""loss_basis"": ""source_amount_definition_not_fully_verified"", ""valuation_date"": null}, {""source"": ""slowmist"", ""claim_id"": ""7dd4b6b992e5b0d8"", ""loss_usd"": 8000000.0, ""loss_basis"": ""source_reported_loss_not_fully_verified"", ""valuation_date"": null}, {""source"": ""rekt"", ""claim_id"": ""b35eb4c60e3c9572"", ""loss_usd"": 8000000, ""loss_basis"": ""leaderboard_amount_may_use_later_valuation"", ""valuation_date"": null}]","[""https://defillama.com/hacks"", ""https://hacked.slowmist.io/en/?c=&page=91"", ""https://rekt.news/leaderboard/""]","[""https://defillama.com/hacks"", ""https://twitter.com/THORChain/status/1418360743523618825"", ""https://rekt.news/thorchain-rekt2""]",[],,,,,False,"[""source_date_disagreement"", ""exact_information_availability_unverified"", ""retrospective_loss_not_a_live_feature""]",in_scope,[],normalized_catalog_record,,,,,,,,,,,,,2021-07-23T00:00:00Z,True,"00:00 UTC on the calendar day after the assigned incident_date; an assumed retrospective alignment, not verified public availability.","Frozen catalog reported_loss_usd; retrospective reported amount, not verified gross theft or loss known at activation.",False
inc_f3f54d7bf3bb4f19,Levyathan,2021-07-30,day,1500000,1500000,1500000,defillama,retrospective_reported_amount; gross/net and valuation basis require source verification,Frontend & Infrastructure,Key Stored Publicly; Private Key Leakage,"[""BSC""]",DeFi Protocol,3,3,"[""defillama"", ""slowmist"", ""rekt""]","[""e7f9c468439d2357"", ""1abaf5b5a46153ea"", ""4ecc1bc6184cd501""]","[""2021-07-30""]","[{""source"": ""defillama"", ""claim_id"": ""e7f9c468439d2357"", ""loss_usd"": 1500000, ""loss_basis"": ""source_amount_definition_not_fully_verified"", ""valuation_date"": null}, {""source"": ""slowmist"", ""claim_id"": ""1abaf5b5a46153ea"", ""loss_usd"": 1500000.0, ""loss_basis"": ""source_reported_loss_not_fully_verified"", ""valuation_date"": null}, {""source"": ""rekt"", ""claim_id"": ""4ecc1bc6184cd501"", ""loss_usd"": 1500000, ""loss_basis"": ""leaderboard_amount_may_use_later_valuation"", ""valuation_date"": null}]","[""https://defillama.com/hacks"", ""https://hacked.slowmist.io/en/?c=&page=91"", ""https://rekt.news/leaderboard/""]","[""https://defillama.com/hacks"", ""https://www.bsc.news/post/levyathan-falls-casualty-to-unlimited-mint-exploit-despite-certik-audit"", ""https://rekt.news/levyathan-rekt""]",[],,,,,False,"[""exact_information_availability_unverified"", ""retrospective_loss_not_a_live_feature""]",in_scope,[],normalized_catalog_record,,,,,,,,,,,,,2021-07-31T00:00:00Z,False,"00:00 UTC on the calendar day after the assigned incident_date; an assumed retrospective alignment, not verified public availability.","Frozen catalog reported_loss_usd; retrospective reported amount, not verified gross theft or loss known at activation.",False
inc_d574d6fb78f495a5,Popsicle Finance,2021-08-03,day,20700000,20000000.0,20700000,defillama,retrospective_reported_amount; gross/net and valuation basis require source verification,Protocol Logic,Reward Logic Flaw; Reward Mechanism Flaw,"[""Ethereum""]",DeFi Protocol,3,3,"[""defillama"", ""slowmist"", ""rekt""]","[""2d83185421ee4a60"", ""4ca23650c7b4fc24"", ""b35f3849231208b7""]","[""2021-08-03"", ""2021-08-04""]","[{""source"": ""defillama"", ""claim_id"": ""2d83185421ee4a60"", ""loss_usd"": 20700000, ""loss_basis"": ""source_amount_definition_not_fully_verified"", ""valuation_date"": null}, {""source"": ""slowmist"", ""claim_id"": ""4ca23650c7b4fc24"", ""loss_usd"": 20000000.0, ""loss_basis"": ""source_reported_loss_not_fully_verified"", ""valuation_date"": null}, {""source"": ""rekt"", ""claim_id"": ""b35f3849231208b7"", ""loss_usd"": 20000000, ""loss_basis"": ""leaderboard_amount_may_use_later_valuation"", ""valuation_date"": null}]","[""https://defillama.com/hacks"", ""https://hacked.slowmist.io/en/?c=&page=91"", ""https://rekt.news/leaderboard/""]","[""https://defillama.com/hacks"", ""https://popsiclefinance.medium.com/popsicle-finance-post-mortem-after-fragola-hack-f45b302362e0"", ""https://rekt.news/popsicle-rekt""]",[],,,,,False,"[""source_date_disagreement"", ""exact_information_availability_unverified"", ""retrospective_loss_not_a_live_feature""]",in_scope,[],normalized_catalog_record,,,,,,,,,,,,,2021-08-04T00:00:00Z,True,"00:00 UTC on the calendar day after the assigned incident_date; an assumed retrospective alignment, not verified public availability.","Frozen catalog reported_loss_usd; retrospective reported amount, not verified gross theft or loss known at activation.",False
inc_94f1c45541c22ac0,Poly Network,2021-08-10,day,611000000,611000000,613062100.7,defillama,retrospective_reported_amount; gross/net and valuation basis require source verification,Access Control,Improper Access Control; Permission Stolen,"[""BSC"", ""Ethereum"", ""Polygon""]",DeFi Protocol,3,3,"[""defillama"", ""slowmist"", ""rekt""]","[""cd79fe6ac9adff50"", ""6d3c6c9889ce1338"", ""5c1c857bfd18ba8e""]","[""2021-08-10""]","[{""source"": ""defillama"", ""claim_id"": ""cd79fe6ac9adff50"", ""loss_usd"": 611000000, ""loss_basis"": ""source_amount_definition_not_fully_verified"", ""valuation_date"": null}, {""source"": ""slowmist"", ""claim_id"": ""6d3c6c9889ce1338"", ""loss_usd"": 613062100.7, ""loss_basis"": ""source_reported_loss_not_fully_verified"", ""valuation_date"": null}, {""source"": ""rekt"", ""claim_id"": ""5c1c857bfd18ba8e"", ""loss_usd"": 611000000, ""loss_basis"": ""leaderboard_amount_may_use_later_valuation"", ""valuation_date"": null}]","[""https://defillama.com/hacks"", ""https://hacked.slowmist.io/en/?c=&page=91"", ""https://rekt.news/leaderboard/""]","[""https://defillama.com/hacks"", ""https://en.wikipedia.org/wiki/Poly_Network_exploit"", ""https://rekt.news/polynetwork-rekt""]",[],,,,,False,"[""exact_information_availability_unverified"", ""retrospective_loss_not_a_live_feature""]",in_scope,[],normalized_catalog_record,,,,,,,,,,,,,2021-08-11T00:00:00Z,True,"00:00 UTC on the calendar day after the assigned incident_date; an assumed retrospective alignment, not verified public availability.","Frozen catalog reported_loss_usd; retrospective reported amount, not verified gross theft or loss known at activation.",False
inc_29e7141298db81c4,Punk Protocol,2021-08-10,day,8950000,3950000.0,8950000,defillama,retrospective_reported_amount; gross/net and valuation basis require source verification,Access Control,Delegatecall Hijack; Contract Vulnerability,"[""Ethereum""]",DeFi Protocol,3,3,"[""defillama"", ""slowmist"", ""rekt""]","[""572df78e32e69ab7"", ""6b74324c3e92f600"", ""2af56a91af94a66d""]","[""2021-08-10"", ""2021-08-11""]","[{""source"": ""defillama"", ""claim_id"": ""572df78e32e69ab7"", ""loss_usd"": 8950000, ""loss_basis"": ""source_amount_definition_not_fully_verified"", ""valuation_date"": null}, {""source"": ""slowmist"", ""claim_id"": ""6b74324c3e92f600"", ""loss_usd"": 3950000.0, ""loss_basis"": ""source_reported_loss_not_fully_verified"", ""valuation_date"": null}, {""source"": ""rekt"", ""claim_id"": ""2af56a91af94a66d"", ""loss_usd"": 8950000, ""loss_basis"": ""leaderboard_amount_may_use_later_valuation"", ""valuation_date"": null}]","[""https://defillama.com/hacks"", ""https://hacked.slowmist.io/en/?c=&page=91"", ""https://rekt.news/leaderboard/""]","[""https://defillama.com/hacks"", ""https://medium.com/punkprotocol/punk-finance-fair-launch-incident-report-984d9e340eb"", ""https://rekt.news/punkprotocol-rekt""]",[],,,,,False,"[""source_date_disagreement"", ""loss_estimates_differ_over_5pct"", ""exact_information_availability_unverified"", ""retrospective_loss_not_a_live_feature""]",in_scope,[],normalized_catalog_record,,,,,,,,,,,,,2021-08-11T00:00:00Z,True,"00:00 UTC on the calendar day after the assigned incident_date; an assumed retrospective alignment, not verified public availability.","Frozen catalog reported_loss_usd; retrospective reported amount, not verified gross theft or loss known at activation.",False
inc_d551a1ab497867ac,DAO Maker Vesting,2021-08-12,day,7000000,7000000,7000000,defillama,retrospective_reported_amount; gross/net and valuation basis require source verification,Access Control,Improper Access Control; Private Key Leaked,"[""Ethereum""]",DeFi Protocol,2,2,"[""defillama"", ""slowmist""]","[""82349c5b711b8027"", ""3eec8bd2fb465be4""]","[""2021-08-12""]","[{""source"": ""defillama"", ""claim_id"": ""82349c5b711b8027"", ""loss_usd"": 7000000, ""loss_basis"": ""source_amount_definition_not_fully_verified"", ""valuation_date"": null}, {""source"": ""slowmist"", ""claim_id"": ""3eec8bd2fb465be4"", ""loss_usd"": 7000000.0, ""loss_basis"": ""source_reported_loss_not_fully_verified"", ""valuation_date"": null}]","[""https://defillama.com/hacks"", ""https://hacked.slowmist.io/en/?c=&page=91""]","[""https://defillama.com/hacks"", ""https://www.newsweek.com/dao-maker-hack-7m-stolen-defi-heist-1618785""]",[],,,,,False,"[""exact_information_availability_unverified"", ""retrospective_loss_not_a_live_feature""]",in_scope,[],normalized_catalog_record,,,,,,,,,,,,,2021-08-13T00:00:00Z,True,"00:00 UTC on the calendar day after the assigned incident_date; an assumed retrospective alignment, not verified public availability.","Frozen catalog reported_loss_usd; retrospective reported amount, not verified gross theft or loss known at activation.",False
inc_00bdce0a68c0ce98,NEKO,2021-08-13,day,2200000,2200000,2200000,defillama,retrospective_reported_amount; gross/net and valuation basis require source verification,Access Control,Improper Access Control; Contract Vulnerability,"[""Binance Smart Chain""]",DeFi Protocol,2,2,"[""defillama"", ""slowmist""]","[""a08f4f2194b39cc5"", ""d062ce81017d2345""]","[""2021-08-13""]","[{""source"": ""defillama"", ""claim_id"": ""a08f4f2194b39cc5"", ""loss_usd"": 2200000, ""loss_basis"": ""source_amount_definition_not_fully_verified"", ""valuation_date"": null}, {""source"": ""slowmist"", ""claim_id"": ""d062ce81017d2345"", ""loss_usd"": 2200000.0, ""loss_basis"": ""source_reported_loss_not_fully_verified"", ""valuation_date"": null}]","[""https://defillama.com/hacks"", ""https://hacked.slowmist.io/en/?c=&page=91""]","[""https://defillama.com/hacks"", ""https://blog.mazeprotocol.com/neko-hacking-incident-report-e46cdf179fd9""]",[],,,,,False,"[""exact_information_availability_unverified"", ""retrospective_loss_not_a_live_feature""]",in_scope,"[""Merge reports of the same incident: NEKO, Neko Network. Dates, victim/product identity, attack context and amounts support one event. Preserve all source loss claims; do not sum reports."", ""Merge reports of the same incident: NEKO, Neko Network. Dates, victim/product identity, attack context and amounts support one event. Preserve all source loss claims; do not sum reports.""]",normalized_catalog_record,,,,,,,,,,,,,2021-08-14T00:00:00Z,False,"00:00 UTC on the calendar day after the assigned incident_date; an assumed retrospective alignment, not verified public availability.","Frozen catalog reported_loss_usd; retrospective reported amount, not verified gross theft or loss known at activation.",False
inc_bd2a0c23dfdcc369,Ref Finance,2021-08-15,day,3203000,3202539.0,3203000,defillama,retrospective_reported_amount; gross/net and valuation basis require source verification,Input Validation,Missing Input Validation; Fix bug,"[""NEAR""]",DeFi Protocol,2,2,"[""defillama"", ""slowmist""]","[""2d7d459ce1c64f1c"", ""5926ed0dd975166b""]","[""2021-08-15""]","[{""source"": ""defillama"", ""claim_id"": ""2d7d459ce1c64f1c"", ""loss_usd"": 3203000, ""loss_basis"": ""source_amount_definition_not_fully_verified"", ""valuation_date"": null}, {""source"": ""slowmist"", ""claim_id"": ""5926ed0dd975166b"", ""loss_usd"": 3202539.0, ""loss_basis"": ""source_reported_loss_not_fully_verified"", ""valuation_date"": null}]","[""https://defillama.com/hacks"", ""https://hacked.slowmist.io/en/?c=&page=91""]","[""https://defillama.com/hacks"", ""https://twitter.com/finance_ref/status/1426649258812448774""]",[],,,,,False,"[""exact_information_availability_unverified"", ""retrospective_loss_not_a_live_feature""]",in_scope,[],normalized_catalog_record,,,,,,,,,,,,,2021-08-16T00:00:00Z,False,"00:00 UTC on the calendar day after the assigned incident_date; an assumed retrospective alignment, not verified public availability.","Frozen catalog reported_loss_usd; retrospective reported amount, not verified gross theft or loss known at activation.",False
inc_1bbf66e226ae608f,SurgeBNB,2021-08-17,day,5000000,5000000,5000000,defillama,retrospective_reported_amount; gross/net and valuation basis require source verification,Reentrancy,Reentrancy; Flash loan attack,"[""BSC""]",DeFi Protocol,2,2,"[""defillama"", ""slowmist""]","[""1a347abe34cb560d"", ""c0c0a345f640e774""]","[""2021-08-17""]","[{""source"": ""defillama"", ""claim_id"": ""1a347abe34cb560d"", ""loss_usd"": 5000000, ""loss_basis"": ""source_amount_definition_not_fully_verified"", ""valuation_date"": null}, {""source"": ""slowmist"", ""claim_id"": ""c0c0a345f640e774"", ""loss_usd"": 5000000.0, ""loss_basis"": ""source_reported_loss_not_fully_verified"", ""valuation_date"": null}]","[""https://defillama.com/hacks"", ""https://hacked.slowmist.io/en/?c=&page=91""]","[""https://defillama.com/hacks"", ""https://twitter.com/XSURGEDEFI/status/1427359459102404609""]",[],,,,,False,"[""exact_information_availability_unverified"", ""retrospective_loss_not_a_live_feature""]",in_scope,[],normalized_catalog_record,,,,,,,,,,,,,2021-08-18T00:00:00Z,False,"00:00 UTC on the calendar day after the assigned incident_date; an assumed retrospective alignment, not verified public availability.","Frozen catalog reported_loss_usd; retrospective reported amount, not verified gross theft or loss known at activation.",False
inc_455d52f5416a4f2a,Liquid Global,2021-08-19,day,91350000,91350000,91350000,defillama,retrospective_reported_amount; gross/net and valuation basis require source verification,Key Compromise,Hot Wallet Key Compromised; Wallet Stolen,"[""Ethereum""]",CEX,2,2,"[""defillama"", ""slowmist""]","[""9254ae42f341ca25"", ""e7b981c49202340e""]","[""2021-08-19""]","[{""source"": ""defillama"", ""claim_id"": ""9254ae42f341ca25"", ""loss_usd"": 91350000, ""loss_basis"": ""source_amount_definition_not_fully_verified"", ""valuation_date"": null}, {""source"": ""slowmist"", ""claim_id"": ""e7b981c49202340e"", ""loss_usd"": 91350000.0, ""loss_basis"": ""source_reported_loss_not_fully_verified"", ""valuation_date"": null}]","[""https://defillama.com/hacks"", ""https://hacked.slowmist.io/en/?c=&page=90""]","[""https://defillama.com/hacks"", ""https://blog.liquid.com/warm-wallet-incident""]",[],,,,,False,"[""exact_information_availability_unverified"", ""retrospective_loss_not_a_live_feature""]",in_scope,[],normalized_catalog_record,,,,,,,,,,,,,2021-08-20T00:00:00Z,True,"00:00 UTC on the calendar day after the assigned incident_date; an assumed retrospective alignment, not verified public availability.","Frozen catalog reported_loss_usd; retrospective reported amount, not verified gross theft or loss known at activation.",False
inc_47f5d192f2ab7fbc,Sentinel,2021-08-21,day,40000000.0,40000000.0,40000000.0,slowmist,retrospective_reported_amount; gross/net and valuation basis require source verification,,Affected by the HitBTC event,[],,1,1,"[""slowmist""]","[""7e195fde21f65980""]","[""2021-08-21""]","[{""source"": ""slowmist"", ""claim_id"": ""7e195fde21f65980"", ""loss_usd"": 40000000.0, ""loss_basis"": ""source_reported_loss_not_fully_verified"", ""valuation_date"": null}]","[""https://hacked.slowmist.io/en/?c=&page=90""]",[],[],,,,,False,"[""single_catalog_source"", ""no_incident_specific_reference"", ""exact_information_availability_unverified"", ""retrospective_loss_not_a_live_feature""]",in_scope,[],normalized_catalog_record,,,,,,,,,,,,,2021-08-22T00:00:00Z,True,"00:00 UTC on the calendar day after the assigned incident_date; an assumed retrospective alignment, not verified public availability.","Frozen catalog reported_loss_usd; retrospective reported amount, not verified gross theft or loss known at activation.",False
inc_cf7669c4cd1c0296,Bilaxy,2021-08-29,day,21700000,21700000,21709378.0,defillama,retrospective_reported_amount; gross/net and valuation basis require source verification,Key Compromise,Hot Wallet Key Compromised; Wallet Stolen,"[""Ethereum""]",CEX,2,2,"[""defillama"", ""slowmist""]","[""9f11a17e286ef431"", ""54fa144b6aaf898f""]","[""2021-08-29""]","[{""source"": ""defillama"", ""claim_id"": ""9f11a17e286ef431"", ""loss_usd"": 21700000, ""loss_basis"": ""source_amount_definition_not_fully_verified"", ""valuation_date"": null}, {""source"": ""slowmist"", ""claim_id"": ""54fa144b6aaf898f"", ""loss_usd"": 21709378.0, ""loss_basis"": ""source_reported_loss_not_fully_verified"", ""valuation_date"": null}]","[""https://defillama.com/hacks"", ""https://hacked.slowmist.io/en/?c=&page=90""]","[""https://defillama.com/hacks"", ""https://twitter.com/Bilaxy_exchange/status/1432103507557974016""]",[],,,,,False,"[""exact_information_availability_unverified"", ""retrospective_loss_not_a_live_feature""]",in_scope,[],normalized_catalog_record,,,,,,,,,,,,,2021-08-30T00:00:00Z,True,"00:00 UTC on the calendar day after the assigned incident_date; an assumed retrospective alignment, not verified public availability.","Frozen catalog reported_loss_usd; retrospective reported amount, not verified gross theft or loss known at activation.",False
inc_67476d9809391e9c,xToken,2021-08-29,day,4500000,4500000,4500000,defillama,retrospective_reported_amount; gross/net and valuation basis require source verification,Oracle Manipulation,Spot Price Manipulation; Flash loan attack,"[""Ethereum""]",DeFi Protocol,3,3,"[""defillama"", ""slowmist"", ""rekt""]","[""69ae126c39ae4261"", ""2c29a65bcb6cc9a5"", ""770fd5bcdbde6cad""]","[""2021-08-29""]","[{""source"": ""defillama"", ""claim_id"": ""69ae126c39ae4261"", ""loss_usd"": 4500000, ""loss_basis"": ""source_amount_definition_not_fully_verified"", ""valuation_date"": null}, {""source"": ""slowmist"", ""claim_id"": ""2c29a65bcb6cc9a5"", ""loss_usd"": 4500000.0, ""loss_basis"": ""source_reported_loss_not_fully_verified"", ""valuation_date"": null}, {""source"": ""rekt"", ""claim_id"": ""770fd5bcdbde6cad"", ""loss_usd"": 4500000, ""loss_basis"": ""leaderboard_amount_may_use_later_valuation"", ""valuation_date"": null}]","[""https://defillama.com/hacks"", ""https://hacked.slowmist.io/en/?c=&page=90"", ""https://rekt.news/leaderboard/""]","[""https://defillama.com/hacks"", ""https://medium.com/xtoken/xsnx-post-mortem-666d35071f38"", ""https://rekt.news/xtoken-rekt-x2""]",[],,,,,False,"[""exact_information_availability_unverified"", ""retrospective_loss_not_a_live_feature""]",in_scope,[],normalized_catalog_record,,,,,,,,,,,,,2021-08-30T00:00:00Z,False,"00:00 UTC on the calendar day after the assigned incident_date; an assumed retrospective alignment, not verified public availability.","Frozen catalog reported_loss_usd; retrospective reported amount, not verified gross theft or loss known at activation.",False
inc_550573280d3682cd,CREAM Finance,2021-08-30,day,18800000,2300000.0,18800000,defillama,retrospective_reported_amount; gross/net and valuation basis require source verification,Reentrancy,Reentrancy; Flash loan attack,"[""Ethereum""]",DeFi Protocol,3,3,"[""defillama"", ""slowmist"", ""rekt""]","[""30a09d77c629e4ff"", ""e63708ecf6e0b5aa"", ""11d75cae90594c59""]","[""2021-08-30"", ""2021-08-31""]","[{""source"": ""defillama"", ""claim_id"": ""30a09d77c629e4ff"", ""loss_usd"": 18800000, ""loss_basis"": ""source_amount_definition_not_fully_verified"", ""valuation_date"": null}, {""source"": ""slowmist"", ""claim_id"": ""e63708ecf6e0b5aa"", ""loss_usd"": 2300000.0, ""loss_basis"": ""source_reported_loss_not_fully_verified"", ""valuation_date"": null}, {""source"": ""rekt"", ""claim_id"": ""11d75cae90594c59"", ""loss_usd"": 18800000, ""loss_basis"": ""leaderboard_amount_may_use_later_valuation"", ""valuation_date"": null}]","[""https://defillama.com/hacks"", ""https://hacked.slowmist.io/en/?c=&page=90"", ""https://rekt.news/leaderboard/""]","[""https://defillama.com/hacks"", ""https://medium.com/cream-finance/c-r-e-a-m-finance-post-mortem-amp-exploit-6ceb20a630c5"", ""https://rekt.news/cream-rekt"", ""https://medium.com/cream-finance/c-r-e-a-m-finance-post-mortem-amp-exploit-6ceb20a630c5"", ""https://rekt.news/cream-rekt""]",[],,,,,False,"[""source_date_disagreement"", ""loss_estimates_differ_over_5pct"", ""exact_information_availability_unverified"", ""retrospective_loss_not_a_live_feature""]",in_scope,[],manually_adjudicated_fields,,,,,,,"The August 31 Cream report and August 30 CREAM Lending row describe the AMP reentrancy attack and the same issuer postmortem. Recovery and conflicting estimates are preserved, not summed.",,,,,,2021-08-31T00:00:00Z,True,"00:00 UTC on the calendar day after the assigned incident_date; an assumed retrospective alignment, not verified public availability.","Frozen catalog reported_loss_usd; retrospective reported amount, not verified gross theft or loss known at activation.",False
inc_f5a1b0d63c5180d6,Siren,2021-09-03,day,3500000,3500000,3500000,defillama,retrospective_reported_amount; gross/net and valuation basis require source verification,Reentrancy,Reentrancy,"[""Polygon""]",DeFi Protocol,1,1,"[""defillama""]","[""f0de6708290e633c""]","[""2021-09-03""]","[{""source"": ""defillama"", ""claim_id"": ""f0de6708290e633c"", ""loss_usd"": 3500000, ""loss_basis"": ""source_amount_definition_not_fully_verified"", ""valuation_date"": null}]","[""https://defillama.com/hacks""]","[""https://defillama.com/hacks""]",[],,,,,False,"[""single_catalog_source"", ""no_incident_specific_reference"", ""exact_information_availability_unverified"", ""retrospective_loss_not_a_live_feature""]",in_scope,[],normalized_catalog_record,,,,,,,,,,,,,2021-09-04T00:00:00Z,False,"00:00 UTC on the calendar day after the assigned incident_date; an assumed retrospective alignment, not verified public availability.","Frozen catalog reported_loss_usd; retrospective reported amount, not verified gross theft or loss known at activation.",False
inc_c789990915464288,DAO Maker Vesting,2021-09-04,day,4000000,4000000,4000000,defillama,retrospective_reported_amount; gross/net and valuation basis require source verification,Access Control,Improper Access Control; Contract Vulnerability,"[""Ethereum""]",DeFi Protocol,3,3,"[""defillama"", ""slowmist"", ""rekt""]","[""59cd0e3a1aa04c55"", ""40fe64a2bdc9ed16"", ""824fdfd61fac9c7d""]","[""2021-09-04""]","[{""source"": ""defillama"", ""claim_id"": ""59cd0e3a1aa04c55"", ""loss_usd"": 4000000, ""loss_basis"": ""source_amount_definition_not_fully_verified"", ""valuation_date"": null}, {""source"": ""slowmist"", ""claim_id"": ""40fe64a2bdc9ed16"", ""loss_usd"": 4000000.0, ""loss_basis"": ""source_reported_loss_not_fully_verified"", ""valuation_date"": null}, {""source"": ""rekt"", ""claim_id"": ""824fdfd61fac9c7d"", ""loss_usd"": 4000000, ""loss_basis"": ""leaderboard_amount_may_use_later_valuation"", ""valuation_date"": null}]","[""https://defillama.com/hacks"", ""https://hacked.slowmist.io/en/?c=&page=90"", ""https://rekt.news/leaderboard/""]","[""https://defillama.com/hacks"", ""https://www.coinfirm.com/blog/dao-maker-hack/"", ""https://rekt.news/daomaker-rekt""]",[],,,,,False,"[""exact_information_availability_unverified"", ""retrospective_loss_not_a_live_feature""]",in_scope,[],normalized_catalog_record,,,,,,,,,,,,,2021-09-05T00:00:00Z,False,"00:00 UTC on the calendar day after the assigned incident_date; an assumed retrospective alignment, not verified public availability.","Frozen catalog reported_loss_usd; retrospective reported amount, not verified gross theft or loss known at activation.",False
inc_b3c34a5546f70db9,Zabu Finance,2021-09-12,day,3200000,3200000,3200000,defillama,retrospective_reported_amount; gross/net and valuation basis require source verification,Protocol Logic,Deposit Logic Flaw; Contract Vulnerability,"[""Avalanche""]",DeFi Protocol,2,2,"[""defillama"", ""slowmist""]","[""395bc0bfa52bbf8f"", ""157f1ed04978b043""]","[""2021-09-12""]","[{""source"": ""defillama"", ""claim_id"": ""395bc0bfa52bbf8f"", ""loss_usd"": 3200000, ""loss_basis"": ""source_amount_definition_not_fully_verified"", ""valuation_date"": null}, {""source"": ""slowmist"", ""claim_id"": ""157f1ed04978b043"", ""loss_usd"": 3200000.0, ""loss_basis"": ""source_reported_loss_not_fully_verified"", ""valuation_date"": null}]","[""https://defillama.com/hacks"", ""https://hacked.slowmist.io/en/?c=&page=90""]","[""https://defillama.com/hacks"", ""https://www.coindesk.com/tech/2021/09/13/avalanche-based-zabu-finance-exploited-in-32m-hack/""]",[],,,,,False,"[""exact_information_availability_unverified"", ""retrospective_loss_not_a_live_feature""]",in_scope,[],normalized_catalog_record,,,,,,,,,,,,,2021-09-13T00:00:00Z,False,"00:00 UTC on the calendar day after the assigned incident_date; an assumed retrospective alignment, not verified public availability.","Frozen catalog reported_loss_usd; retrospective reported amount, not verified gross theft or loss known at activation.",False
inc_717e8fb3eda6f102,JayPegs Automart,2021-09-17,day,3100000,3100000,3100000,defillama,retrospective_reported_amount; gross/net and valuation basis require source verification,Frontend & Infrastructure,Frontend Compromise,"[""Ethereum""]",DeFi Protocol,2,2,"[""defillama"", ""rekt""]","[""fffc2ba37c10bda5"", ""8755d48194014030""]","[""2021-09-17""]","[{""source"": ""defillama"", ""claim_id"": ""fffc2ba37c10bda5"", ""loss_usd"": 3100000, ""loss_basis"": ""source_amount_definition_not_fully_verified"", ""valuation_date"": null}, {""source"": ""rekt"", ""claim_id"": ""8755d48194014030"", ""loss_usd"": 3100000, ""loss_basis"": ""leaderboard_amount_may_use_later_valuation"", ""valuation_date"": null}]","[""https://defillama.com/hacks"", ""https://rekt.news/leaderboard/""]","[""https://defillama.com/hacks"", ""https://rekt.news/jaypegs-automart-rekt""]",[],,,,,False,"[""exact_information_availability_unverified"", ""retrospective_loss_not_a_live_feature""]",in_scope,[],normalized_catalog_record,,,,,,,,,,,,,2021-09-18T00:00:00Z,False,"00:00 UTC on the calendar day after the assigned incident_date; an assumed retrospective alignment, not verified public availability.","Frozen catalog reported_loss_usd; retrospective reported amount, not verified gross theft or loss known at activation.",False
inc_20a963f8f58b1627,Vee Finance,2021-09-21,day,34000000,34000000,35000000.0,defillama,retrospective_reported_amount; gross/net and valuation basis require source verification,Oracle Manipulation,Spot Price Manipulation; Contract Vulnerability,"[""Avalanche""]",DeFi Protocol,3,3,"[""defillama"", ""slowmist"", ""rekt""]","[""3239c82148c25f12"", ""6b2af985080134a9"", ""05ea2be1c516041b""]","[""2021-09-20"", ""2021-09-21""]","[{""source"": ""defillama"", ""claim_id"": ""3239c82148c25f12"", ""loss_usd"": 34000000, ""loss_basis"": ""source_amount_definition_not_fully_verified"", ""valuation_date"": null}, {""source"": ""slowmist"", ""claim_id"": ""6b2af985080134a9"", ""loss_usd"": 35000000.0, ""loss_basis"": ""source_reported_loss_not_fully_verified"", ""valuation_date"": null}, {""source"": ""rekt"", ""claim_id"": ""05ea2be1c516041b"", ""loss_usd"": 34000000, ""loss_basis"": ""leaderboard_amount_may_use_later_valuation"", ""valuation_date"": null}]","[""https://defillama.com/hacks"", ""https://hacked.slowmist.io/en/?c=&page=89"", ""https://rekt.news/leaderboard/""]","[""https://defillama.com/hacks"", ""https://twitter.com/VeeFinance/status/1440102406499356675"", ""https://rekt.news/veefinance-rekt""]",[],,,,,False,"[""source_date_disagreement"", ""exact_information_availability_unverified"", ""retrospective_loss_not_a_live_feature""]",in_scope,[],normalized_catalog_record,,,,,,,,,,,,,2021-09-22T00:00:00Z,True,"00:00 UTC on the calendar day after the assigned incident_date; an assumed retrospective alignment, not verified public availability.","Frozen catalog reported_loss_usd; retrospective reported amount, not verified gross theft or loss known at activation.",False
inc_d538cade3ea20293,pNetwork,2021-10-04,day,13000000,13000000,13000000,defillama,retrospective_reported_amount; gross/net and valuation basis require source verification,Bridge & Cross-Chain,Spoofed Event Log,"[""BSC"", ""Bitcoin""]",DeFi Protocol,1,1,"[""defillama""]","[""127512874e9ab4f9""]","[""2021-10-04""]","[{""source"": ""defillama"", ""claim_id"": ""127512874e9ab4f9"", ""loss_usd"": 13000000, ""loss_basis"": ""source_amount_definition_not_fully_verified"", ""valuation_date"": null}]","[""https://defillama.com/hacks""]","[""https://defillama.com/hacks""]",[],,,,,False,"[""single_catalog_source"", ""no_incident_specific_reference"", ""exact_information_availability_unverified"", ""retrospective_loss_not_a_live_feature""]",in_scope,[],normalized_catalog_record,,,,,,,,,,,,,2021-10-05T00:00:00Z,True,"00:00 UTC on the calendar day after the assigned incident_date; an assumed retrospective alignment, not verified public availability.","Frozen catalog reported_loss_usd; retrospective reported amount, not verified gross theft or loss known at activation.",False
inc_d3c9d093ed562ead,Mirror,2021-10-08,day,90000000,90000000,92000000,defillama,retrospective_reported_amount; gross/net and valuation basis require source verification,Access Control,Improper Access Control; Contract Vulnerability,"[""Terra""]",DeFi Protocol,3,3,"[""defillama"", ""slowmist"", ""rekt""]","[""7d64ed1651123bb2"", ""2e906a5af3f375e2"", ""e48753de350bc313""]","[""2021-10-08"", ""2022-05-28""]","[{""source"": ""defillama"", ""claim_id"": ""7d64ed1651123bb2"", ""loss_usd"": 90000000, ""loss_basis"": ""source_amount_definition_not_fully_verified"", ""valuation_date"": null}, {""source"": ""slowmist"", ""claim_id"": ""2e906a5af3f375e2"", ""loss_usd"": 90000000.0, ""loss_basis"": ""source_reported_loss_not_fully_verified"", ""valuation_date"": null}, {""source"": ""rekt"", ""claim_id"": ""e48753de350bc313"", ""loss_usd"": 92000000, ""loss_basis"": ""leaderboard_amount_may_use_later_valuation"", ""valuation_date"": null}]","[""https://defillama.com/hacks"", ""https://hacked.slowmist.io/en/?c=&page=79"", ""https://rekt.news/leaderboard/""]","[""https://defillama.com/hacks"", ""https://twitter.com/FatManTerra/status/1529978941062139906"", ""https://rekt.news/mirror-rekt""]",[],,,,,False,"[""source_date_disagreement"", ""exact_information_availability_unverified"", ""retrospective_loss_not_a_live_feature""]",in_scope,"[""May 28 2022 report discloses the October 2021 onward hidden exploit; it is separate from May 30 oracle attack."", ""May 28 2022 report discloses the October 2021 onward hidden exploit; it is separate from May 30 oracle attack."", ""May 28 2022 report discloses the October 2021 onward hidden exploit; it is separate from May 30 oracle attack.""]",normalized_catalog_record,,,,,,,,,,,,,2021-10-09T00:00:00Z,True,"00:00 UTC on the calendar day after the assigned incident_date; an assumed retrospective alignment, not verified public availability.","Frozen catalog reported_loss_usd; retrospective reported amount, not verified gross theft or loss known at activation.",False
inc_b7c1f97d5f45dd62,Indexed Finance,2021-10-14,day,16000000,16000000,16000000,defillama,retrospective_reported_amount; gross/net and valuation basis require source verification,Oracle Manipulation,Spot Price Manipulation; Pricing mechanism issues,"[""Ethereum""]",DeFi Protocol,3,3,"[""defillama"", ""slowmist"", ""rekt""]","[""ff561eedb0c08718"", ""e27629ae426616b8"", ""b284a32a7a080cca""]","[""2021-10-14"", ""2021-10-15""]","[{""source"": ""defillama"", ""claim_id"": ""ff561eedb0c08718"", ""loss_usd"": 16000000, ""loss_basis"": ""source_amount_definition_not_fully_verified"", ""valuation_date"": null}, {""source"": ""slowmist"", ""claim_id"": ""e27629ae426616b8"", ""loss_usd"": 16000000.0, ""loss_basis"": ""source_reported_loss_not_fully_verified"", ""valuation_date"": null}, {""source"": ""rekt"", ""claim_id"": ""b284a32a7a080cca"", ""loss_usd"": 16000000, ""loss_basis"": ""leaderboard_amount_may_use_later_valuation"", ""valuation_date"": null}]","[""https://defillama.com/hacks"", ""https://hacked.slowmist.io/en/?c=&page=88"", ""https://rekt.news/leaderboard/""]","[""https://defillama.com/hacks"", ""https://ndxfi.medium.com/indexed-attack-post-mortem-b006094f0bdc"", ""https://rekt.news/indexed-finance-rekt""]",[],,,,,False,"[""source_date_disagreement"", ""exact_information_availability_unverified"", ""retrospective_loss_not_a_live_feature""]",in_scope,[],normalized_catalog_record,,,,,,,,,,,,,2021-10-15T00:00:00Z,True,"00:00 UTC on the calendar day after the assigned incident_date; an assumed retrospective alignment, not verified public availability.","Frozen catalog reported_loss_usd; retrospective reported amount, not verified gross theft or loss known at activation.",False
inc_f2127d5960e7238f,CREAM Lending,2021-10-27,day,130000000,130000000,130000000,defillama,retrospective_reported_amount; gross/net and valuation basis require source verification,Oracle Manipulation,Spot Price Manipulation; Flash loan attack,"[""Ethereum""]",DeFi Protocol,3,3,"[""defillama"", ""slowmist"", ""rekt""]","[""b3be91f350ac8bba"", ""adc9d63c26e9ff91"", ""c696925cd20538bb""]","[""2021-10-27""]","[{""source"": ""defillama"", ""claim_id"": ""b3be91f350ac8bba"", ""loss_usd"": 130000000, ""loss_basis"": ""source_amount_definition_not_fully_verified"", ""valuation_date"": null}, {""source"": ""slowmist"", ""claim_id"": ""adc9d63c26e9ff91"", ""loss_usd"": 130000000.0, ""loss_basis"": ""source_reported_loss_not_fully_verified"", ""valuation_date"": null}, {""source"": ""rekt"", ""claim_id"": ""c696925cd20538bb"", ""loss_usd"": 130000000, ""loss_basis"": ""leaderboard_amount_may_use_later_valuation"", ""valuation_date"": null}]","[""https://defillama.com/hacks"", ""https://hacked.slowmist.io/en/?c=&page=88"", ""https://rekt.news/leaderboard/""]","[""https://defillama.com/hacks"", ""https://medium.com/cream-finance/post-mortem-exploit-oct-27-507b12bb6f8e"", ""https://rekt.news/cream-rekt-2""]",[],,,,,False,"[""exact_information_availability_unverified"", ""retrospective_loss_not_a_live_feature""]",in_scope,"[""Merge reports of the same incident: CREAM Lending, Cream Finance. Dates, victim/product identity, attack context and amounts support one event. Preserve all source loss claims; do not sum reports."", ""Merge reports of the same incident: CREAM Lending, Cream Finance. Dates, victim/product identity, attack context and amounts support one event. Preserve all source loss claims; do not sum reports."", ""Merge reports of the same incident: CREAM Lending, Cream Finance. Dates, victim/product identity, attack context and amounts support one event. Preserve all source loss claims; do not sum reports.""]",normalized_catalog_record,,,,,,,,,,,,,2021-10-28T00:00:00Z,True,"00:00 UTC on the calendar day after the assigned incident_date; an assumed retrospective alignment, not verified public availability.","Frozen catalog reported_loss_usd; retrospective reported amount, not verified gross theft or loss known at activation.",False
inc_22ca97c6cee0eb84,AutoShark Finance,2021-10-29,day,2000000.0,2000000.0,2000000.0,slowmist,retrospective_reported_amount; gross/net and valuation basis require source verification,,Flash loan attack,[],,1,1,"[""slowmist""]","[""e00a5f47478c9b6c""]","[""2021-10-29""]","[{""source"": ""slowmist"", ""claim_id"": ""e00a5f47478c9b6c"", ""loss_usd"": 2000000.0, ""loss_basis"": ""source_reported_loss_not_fully_verified"", ""valuation_date"": null}]","[""https://hacked.slowmist.io/en/?c=&page=88""]","[""https://twitter.com/peckshield/status/1454026801869590529""]",[],,,,,False,"[""single_catalog_source"", ""exact_information_availability_unverified"", ""retrospective_loss_not_a_live_feature""]",in_scope,[],normalized_catalog_record,,,,,,,,,,,,,2021-10-30T00:00:00Z,False,"00:00 UTC on the calendar day after the assigned incident_date; an assumed retrospective alignment, not verified public availability.","Frozen catalog reported_loss_usd; retrospective reported amount, not verified gross theft or loss known at activation.",False
inc_1c24cce9419a572e,BXH,2021-10-30,day,139000000,139000000,139195315.0,defillama,retrospective_reported_amount; gross/net and valuation basis require source verification,Key Compromise,Private Key Compromised; Private Key Leakage,"[""BSC""]",DeFi Protocol,2,2,"[""defillama"", ""slowmist""]","[""e9bbb816976633b4"", ""cd44257d6f64efa4""]","[""2021-10-30""]","[{""source"": ""defillama"", ""claim_id"": ""e9bbb816976633b4"", ""loss_usd"": 139000000, ""loss_basis"": ""source_amount_definition_not_fully_verified"", ""valuation_date"": null}, {""source"": ""slowmist"", ""claim_id"": ""cd44257d6f64efa4"", ""loss_usd"": 139195315.0, ""loss_basis"": ""source_reported_loss_not_fully_verified"", ""valuation_date"": null}]","[""https://defillama.com/hacks"", ""https://hacked.slowmist.io/en/?c=&page=88""]","[""https://defillama.com/hacks"", ""https://twitter.com/BXH_Blockchain/status/1454366374353010695""]",[],,,,,False,"[""exact_information_availability_unverified"", ""retrospective_loss_not_a_live_feature""]",in_scope,[],normalized_catalog_record,,,,,,,,,,,,,2021-10-31T00:00:00Z,True,"00:00 UTC on the calendar day after the assigned incident_date; an assumed retrospective alignment, not verified public availability.","Frozen catalog reported_loss_usd; retrospective reported amount, not verified gross theft or loss known at activation.",False
inc_107bfc29e232e28d,Vesper Finance,2021-11-03,day,3370000,3000000.0,3370000,defillama,retrospective_reported_amount; gross/net and valuation basis require source verification,Oracle Manipulation,Spot Price Manipulation; Oracle Attack,"[""Ethereum""]",DeFi Protocol,2,2,"[""defillama"", ""slowmist""]","[""dd44568b75666eb7"", ""4c26264eea25304e""]","[""2021-11-03""]","[{""source"": ""defillama"", ""claim_id"": ""dd44568b75666eb7"", ""loss_usd"": 3370000, ""loss_basis"": ""source_amount_definition_not_fully_verified"", ""valuation_date"": null}, {""source"": ""slowmist"", ""claim_id"": ""4c26264eea25304e"", ""loss_usd"": 3000000.0, ""loss_basis"": ""source_reported_loss_not_fully_verified"", ""valuation_date"": null}]","[""https://defillama.com/hacks"", ""https://hacked.slowmist.io/en/?c=&page=88""]","[""https://defillama.com/hacks"", ""https://medium.com/vesperfinance/on-the-vesper-lend-beta-rari-fuse-pool-23-exploit-9043ccd40ac9""]",[],,,,,False,"[""loss_estimates_differ_over_5pct"", ""exact_information_availability_unverified"", ""retrospective_loss_not_a_live_feature""]",in_scope,[],normalized_catalog_record,,,,,,,,,,,,,2021-11-04T00:00:00Z,False,"00:00 UTC on the calendar day after the assigned incident_date; an assumed retrospective alignment, not verified public availability.","Frozen catalog reported_loss_usd; retrospective reported amount, not verified gross theft or loss known at activation.",False
inc_0751d90c48015b7b,bZx / Ooki,2021-11-05,day,55000000,55000000,55040167.0,defillama,retrospective_reported_amount; gross/net and valuation basis require source verification,Social Engineering,Phishing; Private Key Leakage,"[""BSC"", ""Polygon""]",DeFi Protocol,3,3,"[""defillama"", ""slowmist"", ""rekt""]","[""4c291141bc09657c"", ""ac3c05efa2ee3ea2"", ""4ceecae9a84cab93""]","[""2021-11-05""]","[{""source"": ""defillama"", ""claim_id"": ""4c291141bc09657c"", ""loss_usd"": 55000000, ""loss_basis"": ""source_amount_definition_not_fully_verified"", ""valuation_date"": null}, {""source"": ""slowmist"", ""claim_id"": ""ac3c05efa2ee3ea2"", ""loss_usd"": 55040167.0, ""loss_basis"": ""source_reported_loss_not_fully_verified"", ""valuation_date"": null}, {""source"": ""rekt"", ""claim_id"": ""4ceecae9a84cab93"", ""loss_usd"": 55000000, ""loss_basis"": ""leaderboard_amount_may_use_later_valuation"", ""valuation_date"": null}]","[""https://defillama.com/hacks"", ""https://hacked.slowmist.io/en/?c=&page=88"", ""https://rekt.news/leaderboard/""]","[""https://defillama.com/hacks"", ""https://bzx.network/blog/prelminary-post-mortem"", ""https://rekt.news/bzx-rekt"", ""https://bzx.network/blog/prelminary-post-mortem"", ""https://rekt.news/bzx-rekt""]",[],,,,,False,"[""exact_information_availability_unverified"", ""retrospective_loss_not_a_live_feature""]",in_scope,[],manually_adjudicated_fields,,,,,,,Ooki is the renamed bZx protocol; both rows describe the November 5 private-key compromise.,,,,,,2021-11-06T00:00:00Z,True,"00:00 UTC on the calendar day after the assigned incident_date; an assumed retrospective alignment, not verified public availability.","Frozen catalog reported_loss_usd; retrospective reported amount, not verified gross theft or loss known at activation.",False
inc_3b241069166c2dad,Farmers World,2021-11-07,day,15700000.0,15700000.0,15700000.0,slowmist,retrospective_reported_amount; gross/net and valuation basis require source verification,,Malicious Code Injection Attack,[],,1,1,"[""slowmist""]","[""c450dc156bc6e574""]","[""2021-11-07""]","[{""source"": ""slowmist"", ""claim_id"": ""c450dc156bc6e574"", ""loss_usd"": 15700000.0, ""loss_basis"": ""source_reported_loss_not_fully_verified"", ""valuation_date"": null}]","[""https://hacked.slowmist.io/en/?c=&page=87""]","[""https://www.wu-talk.com/html/kuaixun/2021_2241.html""]",[],,,,,False,"[""single_catalog_source"", ""exact_information_availability_unverified"", ""retrospective_loss_not_a_live_feature""]",in_scope,[],normalized_catalog_record,,,,,,,,,,,,,2021-11-08T00:00:00Z,True,"00:00 UTC on the calendar day after the assigned incident_date; an assumed retrospective alignment, not verified public availability.","Frozen catalog reported_loss_usd; retrospective reported amount, not verified gross theft or loss known at activation.",False
inc_096519ab11add806,Curve Finance,2021-11-11,day,30000000.0,30000000.0,30000000.0,slowmist,retrospective_reported_amount; gross/net and valuation basis require source verification,,Governance Attack,[],,1,1,"[""slowmist""]","[""1ba03507f4e035e4""]","[""2021-11-11""]","[{""source"": ""slowmist"", ""claim_id"": ""1ba03507f4e035e4"", ""loss_usd"": 30000000.0, ""loss_basis"": ""source_reported_loss_not_fully_verified"", ""valuation_date"": null}]","[""https://hacked.slowmist.io/en/?c=&page=87""]","[""https://twitter.com/AndreCronjeTech/status/1458588862998003713""]",[],,,,,False,"[""single_catalog_source"", ""exact_information_availability_unverified"", ""retrospective_loss_not_a_live_feature""]",in_scope,[],normalized_catalog_record,,,,,,,,,,,,,2021-11-12T00:00:00Z,True,"00:00 UTC on the calendar day after the assigned incident_date; an assumed retrospective alignment, not verified public availability.","Frozen catalog reported_loss_usd; retrospective reported amount, not verified gross theft or loss known at activation.",False
inc_2e97b3f9a936a139,Phantom Galaxies,2021-11-19,day,1100000,1100000,1100000,defillama,retrospective_reported_amount; gross/net and valuation basis require source verification,Social Engineering,Malware; Account Compromise,"[""Ethereum""]",NFTfi,2,2,"[""defillama"", ""slowmist""]","[""db2bdad6c166ac1b"", ""2fa03bd41cd09a5a""]","[""2021-11-19""]","[{""source"": ""defillama"", ""claim_id"": ""db2bdad6c166ac1b"", ""loss_usd"": 1100000, ""loss_basis"": ""source_amount_definition_not_fully_verified"", ""valuation_date"": null}, {""source"": ""slowmist"", ""claim_id"": ""2fa03bd41cd09a5a"", ""loss_usd"": null, ""loss_basis"": ""source_reported_loss_not_fully_verified"", ""valuation_date"": null}]","[""https://defillama.com/hacks"", ""https://hacked.slowmist.io/en/?c=&page=87""]","[""https://defillama.com/hacks"", ""https://twitter.com/animocabrands/status/1461381098261258242""]",[],,,,,False,"[""exact_information_availability_unverified"", ""retrospective_loss_not_a_live_feature""]",in_scope,[],normalized_catalog_record,,,,,,,,,,,,,2021-11-20T00:00:00Z,False,"00:00 UTC on the calendar day after the assigned incident_date; an assumed retrospective alignment, not verified public availability.","Frozen catalog reported_loss_usd; retrospective reported amount, not verified gross theft or loss known at activation.",False
inc_5f4e009384b805f5,MonoX,2021-11-30,day,31400000,31000000.0,31400000,defillama,retrospective_reported_amount; gross/net and valuation basis require source verification,Protocol Logic,Swap Logic Flaw; Price Update Issue,"[""Ethereum"", ""Polygon""]",DeFi Protocol,3,3,"[""defillama"", ""slowmist"", ""rekt""]","[""128fbe37313826b3"", ""1a55366f27805c18"", ""74e56872e291e733""]","[""2021-11-30""]","[{""source"": ""defillama"", ""claim_id"": ""128fbe37313826b3"", ""loss_usd"": 31400000, ""loss_basis"": ""source_amount_definition_not_fully_verified"", ""valuation_date"": null}, {""source"": ""slowmist"", ""claim_id"": ""1a55366f27805c18"", ""loss_usd"": 31000000.0, ""loss_basis"": ""source_reported_loss_not_fully_verified"", ""valuation_date"": null}, {""source"": ""rekt"", ""claim_id"": ""74e56872e291e733"", ""loss_usd"": 31400000, ""loss_basis"": ""leaderboard_amount_may_use_later_valuation"", ""valuation_date"": null}]","[""https://defillama.com/hacks"", ""https://hacked.slowmist.io/en/?c=&page=87"", ""https://rekt.news/leaderboard/""]","[""https://defillama.com/hacks"", ""https://medium.com/monoswap/exploit-post-mortem-33921a779b43"", ""https://rekt.news/monox-rekt""]",[],,,,,False,"[""exact_information_availability_unverified"", ""retrospective_loss_not_a_live_feature""]",in_scope,[],normalized_catalog_record,,,,,,,,,,,,,2021-12-01T00:00:00Z,True,"00:00 UTC on the calendar day after the assigned incident_date; an assumed retrospective alignment, not verified public availability.","Frozen catalog reported_loss_usd; retrospective reported amount, not verified gross theft or loss known at activation.",False
inc_3335032a7ec660bd,Badger DAO,2021-12-02,day,120000000,120000000,120000000,defillama,retrospective_reported_amount; gross/net and valuation basis require source verification,Frontend & Infrastructure,CDN Compromise; Malicious Code Injection Attack,"[""Ethereum""]",DeFi Protocol,3,3,"[""defillama"", ""slowmist"", ""rekt""]","[""e0af889658ae9d0f"", ""bd1e4f420a2fd5e8"", ""c6b8e5d07feace25""]","[""2021-12-02""]","[{""source"": ""defillama"", ""claim_id"": ""e0af889658ae9d0f"", ""loss_usd"": 120000000, ""loss_basis"": ""source_amount_definition_not_fully_verified"", ""valuation_date"": null}, {""source"": ""slowmist"", ""claim_id"": ""bd1e4f420a2fd5e8"", ""loss_usd"": 120000000.0, ""loss_basis"": ""source_reported_loss_not_fully_verified"", ""valuation_date"": null}, {""source"": ""rekt"", ""claim_id"": ""c6b8e5d07feace25"", ""loss_usd"": 120000000, ""loss_basis"": ""leaderboard_amount_may_use_later_valuation"", ""valuation_date"": null}]","[""https://defillama.com/hacks"", ""https://hacked.slowmist.io/en/?c=&page=87"", ""https://rekt.news/leaderboard/""]","[""https://defillama.com/hacks"", ""https://badger.com/technical-post-mortem"", ""https://rekt.news/badger-rekt""]",[],,,,,False,"[""exact_information_availability_unverified"", ""retrospective_loss_not_a_live_feature""]",in_scope,[],normalized_catalog_record,,,,,,,,,,,,,2021-12-03T00:00:00Z,True,"00:00 UTC on the calendar day after the assigned incident_date; an assumed retrospective alignment, not verified public availability.","Frozen catalog reported_loss_usd; retrospective reported amount, not verified gross theft or loss known at activation.",False
inc_58c22e38e64b2f23,Polygon,2021-12-03,day,2040000,2040000,2040000,defillama,retrospective_reported_amount; gross/net and valuation basis require source verification,Access Control,Improper Access Control; Contract Vulnerability,"[""Polygon""]",DeFi Protocol,2,2,"[""defillama"", ""slowmist""]","[""f5be895df380052e"", ""53c8bf16d0ffcae7""]","[""2021-12-03""]","[{""source"": ""defillama"", ""claim_id"": ""f5be895df380052e"", ""loss_usd"": 2040000, ""loss_basis"": ""source_amount_definition_not_fully_verified"", ""valuation_date"": null}, {""source"": ""slowmist"", ""claim_id"": ""53c8bf16d0ffcae7"", ""loss_usd"": null, ""loss_basis"": ""source_reported_loss_not_fully_verified"", ""valuation_date"": null}]","[""https://defillama.com/hacks"", ""https://hacked.slowmist.io/en/?c=&page=87""]","[""https://defillama.com/hacks"", ""https://blog.polygon.technology/all-you-need-to-know-about-the-recent-network-upgrade/""]",[],,,,,False,"[""exact_information_availability_unverified"", ""retrospective_loss_not_a_live_feature""]",in_scope,[],normalized_catalog_record,,,,,,,,,,,,,2021-12-04T00:00:00Z,False,"00:00 UTC on the calendar day after the assigned incident_date; an assumed retrospective alignment, not verified public availability.","Frozen catalog reported_loss_usd; retrospective reported amount, not verified gross theft or loss known at activation.",False
inc_33b137b108cf9693,Bitmart,2021-12-04,day,196000000,150000000.0,196000000,defillama,retrospective_reported_amount; gross/net and valuation basis require source verification,Key Compromise,Hot Wallet Key Compromised; Wallet Stolen,"[""BSC"", ""Ethereum""]",CEX,3,3,"[""defillama"", ""slowmist"", ""rekt""]","[""410ba4e1a5bf0f18"", ""81aae19599c47cf6"", ""420d00df7e37aaf3""]","[""2021-12-04"", ""2021-12-05""]","[{""source"": ""defillama"", ""claim_id"": ""410ba4e1a5bf0f18"", ""loss_usd"": 196000000, ""loss_basis"": ""source_amount_definition_not_fully_verified"", ""valuation_date"": null}, {""source"": ""slowmist"", ""claim_id"": ""81aae19599c47cf6"", ""loss_usd"": 150000000.0, ""loss_basis"": ""source_reported_loss_not_fully_verified"", ""valuation_date"": null}, {""source"": ""rekt"", ""claim_id"": ""420d00df7e37aaf3"", ""loss_usd"": 196000000, ""loss_basis"": ""leaderboard_amount_may_use_later_valuation"", ""valuation_date"": null}]","[""https://defillama.com/hacks"", ""https://hacked.slowmist.io/en/?c=&page=87"", ""https://rekt.news/leaderboard/""]","[""https://defillama.com/hacks"", ""https://twitter.com/sheldonbitmart/status/1467316252855226368"", ""https://rekt.news/bitmart-rekt""]",[],,,,,False,"[""source_date_disagreement"", ""loss_estimates_differ_over_5pct"", ""exact_information_availability_unverified"", ""retrospective_loss_not_a_live_feature""]",in_scope,[],normalized_catalog_record,,,,,,,,,,,,,2021-12-05T00:00:00Z,True,"00:00 UTC on the calendar day after the assigned incident_date; an assumed retrospective alignment, not verified public availability.","Frozen catalog reported_loss_usd; retrospective reported amount, not verified gross theft or loss known at activation.",False
inc_b1172d0224662c88,Pizza DeFi,2021-12-05,day,5000000,5000000,5000000,defillama,retrospective_reported_amount; gross/net and valuation basis require source verification,Token & Share Accounting,Arithmetic Error,"[""EOS""]",DeFi Protocol,1,1,"[""defillama""]","[""8725eac7ab8077c3""]","[""2021-12-05""]","[{""source"": ""defillama"", ""claim_id"": ""8725eac7ab8077c3"", ""loss_usd"": 5000000, ""loss_basis"": ""source_amount_definition_not_fully_verified"", ""valuation_date"": null}]","[""https://defillama.com/hacks""]","[""https://defillama.com/hacks""]",[],,,,,False,"[""single_catalog_source"", ""no_incident_specific_reference"", ""exact_information_availability_unverified"", ""retrospective_loss_not_a_live_feature""]",in_scope,[],normalized_catalog_record,,,,,,,,,,,,,2021-12-06T00:00:00Z,False,"00:00 UTC on the calendar day after the assigned incident_date; an assumed retrospective alignment, not verified public availability.","Frozen catalog reported_loss_usd; retrospective reported amount, not verified gross theft or loss known at activation.",False
inc_7a2aeba15e9e097d,8ight Finance,2021-12-08,day,1750000,1750000,1750000,defillama,retrospective_reported_amount; gross/net and valuation basis require source verification,Social Engineering,Phishing; Private Key Leakage,"[""Harmony""]",DeFi Protocol,3,3,"[""defillama"", ""slowmist"", ""rekt""]","[""e548c3515ea3b527"", ""3ee58a198bec5896"", ""70fa3d6964fe4913""]","[""2021-12-07"", ""2021-12-08""]","[{""source"": ""defillama"", ""claim_id"": ""e548c3515ea3b527"", ""loss_usd"": 1750000, ""loss_basis"": ""source_amount_definition_not_fully_verified"", ""valuation_date"": null}, {""source"": ""slowmist"", ""claim_id"": ""3ee58a198bec5896"", ""loss_usd"": 1750000.0, ""loss_basis"": ""source_reported_loss_not_fully_verified"", ""valuation_date"": null}, {""source"": ""rekt"", ""claim_id"": ""70fa3d6964fe4913"", ""loss_usd"": 1750000, ""loss_basis"": ""leaderboard_amount_may_use_later_valuation"", ""valuation_date"": null}]","[""https://defillama.com/hacks"", ""https://hacked.slowmist.io/en/?c=&page=87"", ""https://rekt.news/leaderboard/""]","[""https://defillama.com/hacks"", ""https://coincodecap.com/8ight-finance-hacked-all-funds-in-treasury-withdrawn-due-to-leak-of-the-private-key"", ""https://rekt.news/8ight-finance-rekt"", ""https://coincodecap.com/8ight-finance-hacked-all-funds-in-treasury-withdrawn-due-to-leak-of-the-private-key"", ""https://rekt.news/8ight-finance-rekt""]",[],,,,,False,"[""source_date_disagreement"", ""exact_information_availability_unverified"", ""retrospective_loss_not_a_live_feature""]",in_scope,[],manually_adjudicated_fields,,,,,,,8ight DAO and 8ight Finance describe the same leaked treasury key and $1.75m loss.,,,,,,2021-12-09T00:00:00Z,False,"00:00 UTC on the calendar day after the assigned incident_date; an assumed retrospective alignment, not verified public availability.","Frozen catalog reported_loss_usd; retrospective reported amount, not verified gross theft or loss known at activation.",False
inc_f02fcfbf74a8d777,AscenDEX,2021-12-11,day,77000000,77000000,77700000.0,defillama,retrospective_reported_amount; gross/net and valuation basis require source verification,Key Compromise,Hot Wallet Key Compromised; Wallet Stolen,"[""BSC"", ""Ethereum"", ""Polygon""]",CEX,3,3,"[""defillama"", ""slowmist"", ""rekt""]","[""863e6bcfb95dd9ee"", ""825e61f78766d6d8"", ""07f1b994cd580c81""]","[""2021-12-11"", ""2021-12-12""]","[{""source"": ""defillama"", ""claim_id"": ""863e6bcfb95dd9ee"", ""loss_usd"": 77000000, ""loss_basis"": ""source_amount_definition_not_fully_verified"", ""valuation_date"": null}, {""source"": ""slowmist"", ""claim_id"": ""825e61f78766d6d8"", ""loss_usd"": 77700000.0, ""loss_basis"": ""source_reported_loss_not_fully_verified"", ""valuation_date"": null}, {""source"": ""rekt"", ""claim_id"": ""07f1b994cd580c81"", ""loss_usd"": 77700000, ""loss_basis"": ""leaderboard_amount_may_use_later_valuation"", ""valuation_date"": null}]","[""https://defillama.com/hacks"", ""https://hacked.slowmist.io/en/?c=&page=86"", ""https://rekt.news/leaderboard/""]","[""https://defillama.com/hacks"", ""https://www.wu-talk.com/html/kuaixun/2021_2359.html"", ""https://rekt.news/ascendex-rekt""]",[],,,,,False,"[""source_date_disagreement"", ""exact_information_availability_unverified"", ""retrospective_loss_not_a_live_feature""]",in_scope,[],normalized_catalog_record,,,,,,,,,,,,,2021-12-12T00:00:00Z,True,"00:00 UTC on the calendar day after the assigned incident_date; an assumed retrospective alignment, not verified public availability.","Frozen catalog reported_loss_usd; retrospective reported amount, not verified gross theft or loss known at activation.",False
inc_233550183c18dbf5,Vulcan Forged,2021-12-13,day,140000000,102820974.0,140000000,defillama,retrospective_reported_amount; gross/net and valuation basis require source verification,Key Compromise,Hot Wallet Key Compromised; Private Key Leakage,"[""Ethereum"", ""Polygon""]",DeFi Protocol,3,3,"[""defillama"", ""slowmist"", ""rekt""]","[""912a4613f4a7407a"", ""1d541e093d1fcb0b"", ""0e301cb8f0fa25e5""]","[""2021-12-13""]","[{""source"": ""defillama"", ""claim_id"": ""912a4613f4a7407a"", ""loss_usd"": 140000000, ""loss_basis"": ""source_amount_definition_not_fully_verified"", ""valuation_date"": null}, {""source"": ""slowmist"", ""claim_id"": ""1d541e093d1fcb0b"", ""loss_usd"": 102820974.0, ""loss_basis"": ""source_reported_loss_not_fully_verified"", ""valuation_date"": null}, {""source"": ""rekt"", ""claim_id"": ""0e301cb8f0fa25e5"", ""loss_usd"": 140000000, ""loss_basis"": ""leaderboard_amount_may_use_later_valuation"", ""valuation_date"": null}]","[""https://defillama.com/hacks"", ""https://hacked.slowmist.io/en/?c=&page=86"", ""https://rekt.news/leaderboard/""]","[""https://defillama.com/hacks"", ""https://rekt.news/zh/vulcan-forged-rekt/"", ""https://rekt.news/vulcan-forged-rekt""]",[],,,,,False,"[""loss_estimates_differ_over_5pct"", ""exact_information_availability_unverified"", ""retrospective_loss_not_a_live_feature""]",in_scope,[],normalized_catalog_record,,,,,,,,,,,,,2021-12-14T00:00:00Z,True,"00:00 UTC on the calendar day after the assigned incident_date; an assumed retrospective alignment, not verified public availability.","Frozen catalog reported_loss_usd; retrospective reported amount, not verified gross theft or loss known at activation.",False
inc_f4dfc8b76396711d,Grim Finance,2021-12-18,day,30000000,30000000,30000000,defillama,retrospective_reported_amount; gross/net and valuation basis require source verification,Reentrancy,Reentrancy; Flash Loan Attack,"[""Fantom""]",DeFi Protocol,3,3,"[""defillama"", ""slowmist"", ""rekt""]","[""1ec41e825d4b5f6c"", ""3439baa9b485f5a3"", ""8deffac2d08ab4ae""]","[""2021-12-18"", ""2021-12-19""]","[{""source"": ""defillama"", ""claim_id"": ""1ec41e825d4b5f6c"", ""loss_usd"": 30000000, ""loss_basis"": ""source_amount_definition_not_fully_verified"", ""valuation_date"": null}, {""source"": ""slowmist"", ""claim_id"": ""3439baa9b485f5a3"", ""loss_usd"": 30000000.0, ""loss_basis"": ""source_reported_loss_not_fully_verified"", ""valuation_date"": null}, {""source"": ""rekt"", ""claim_id"": ""8deffac2d08ab4ae"", ""loss_usd"": 30000000, ""loss_basis"": ""leaderboard_amount_may_use_later_valuation"", ""valuation_date"": null}]","[""https://defillama.com/hacks"", ""https://hacked.slowmist.io/en/?c=&page=86"", ""https://rekt.news/leaderboard/""]","[""https://defillama.com/hacks"", ""https://twitter.com/financegrim/status/1472357770846519312"", ""https://rekt.news/grim-finance-rekt""]",[],,,,,False,"[""source_date_disagreement"", ""exact_information_availability_unverified"", ""retrospective_loss_not_a_live_feature""]",in_scope,[],normalized_catalog_record,,,,,,,,,,,,,2021-12-19T00:00:00Z,True,"00:00 UTC on the calendar day after the assigned incident_date; an assumed retrospective alignment, not verified public availability.","Frozen catalog reported_loss_usd; retrospective reported amount, not verified gross theft or loss known at activation.",False
inc_4b58fff363d25f10,Monkey Kingdom,2021-12-23,day,1300000,1300000,1300000,defillama,retrospective_reported_amount; gross/net and valuation basis require source verification,Social Engineering,Phishing; Account Compromise,"[""Solana""]",NFTfi,2,2,"[""defillama"", ""slowmist""]","[""7e800eca1ba6b769"", ""e151875e2e9ceb32""]","[""2021-12-23""]","[{""source"": ""defillama"", ""claim_id"": ""7e800eca1ba6b769"", ""loss_usd"": 1300000, ""loss_basis"": ""source_amount_definition_not_fully_verified"", ""valuation_date"": null}, {""source"": ""slowmist"", ""claim_id"": ""e151875e2e9ceb32"", ""loss_usd"": 1300000.0, ""loss_basis"": ""source_reported_loss_not_fully_verified"", ""valuation_date"": null}]","[""https://defillama.com/hacks"", ""https://hacked.slowmist.io/en/?c=&page=86""]","[""https://defillama.com/hacks"", ""https://twitter.com/MonkeyKingdom_/status/1473312369556213769""]",[],,,,,False,"[""exact_information_availability_unverified"", ""retrospective_loss_not_a_live_feature""]",in_scope,[],normalized_catalog_record,,,,,,,,,,,,,2021-12-24T00:00:00Z,False,"00:00 UTC on the calendar day after the assigned incident_date; an assumed retrospective alignment, not verified public availability.","Frozen catalog reported_loss_usd; retrospective reported amount, not verified gross theft or loss known at activation.",False
inc_da4ca832df5fcd84,Tinyman,2022-01-01,day,3000000,2000000.0,3000000,defillama,retrospective_reported_amount; gross/net and valuation basis require source verification,Token & Share Accounting,Incorrect Share Accounting; Contract Vulnerability,"[""Algorand""]",DeFi Protocol,2,2,"[""defillama"", ""slowmist""]","[""03bb492e91c920cd"", ""100d6325a160405e""]","[""2022-01-01""]","[{""source"": ""defillama"", ""claim_id"": ""03bb492e91c920cd"", ""loss_usd"": 3000000, ""loss_basis"": ""source_amount_definition_not_fully_verified"", ""valuation_date"": null}, {""source"": ""slowmist"", ""claim_id"": ""100d6325a160405e"", ""loss_usd"": 2000000.0, ""loss_basis"": ""source_reported_loss_not_fully_verified"", ""valuation_date"": null}]","[""https://defillama.com/hacks"", ""https://hacked.slowmist.io/en/?c=&page=85""]","[""https://defillama.com/hacks"", ""https://tinymanorg.medium.com/technical-report-1-first-insights-cbc12109ef08""]",[],,,,,False,"[""loss_estimates_differ_over_5pct"", ""exact_information_availability_unverified"", ""retrospective_loss_not_a_live_feature""]",in_scope,[],normalized_catalog_record,,,,,,,,,,,,,2022-01-02T00:00:00Z,False,"00:00 UTC on the calendar day after the assigned incident_date; an assumed retrospective alignment, not verified public availability.","Frozen catalog reported_loss_usd; retrospective reported amount, not verified gross theft or loss known at activation.",False
inc_94c2a0f03aa0cf4a,LCX,2022-01-08,day,7940000,7940000,8000000.0,defillama,retrospective_reported_amount; gross/net and valuation basis require source verification,Frontend & Infrastructure,Key Leaked via Infrastructure; Wallet Stolen,"[""Ethereum""]",DeFi Protocol,3,3,"[""defillama"", ""slowmist"", ""rekt""]","[""5dd64b046adaf4d9"", ""6042927eb93d8576"", ""3504c0d5cfaeefd9""]","[""2022-01-08"", ""2022-01-09""]","[{""source"": ""defillama"", ""claim_id"": ""5dd64b046adaf4d9"", ""loss_usd"": 7940000, ""loss_basis"": ""source_amount_definition_not_fully_verified"", ""valuation_date"": null}, {""source"": ""slowmist"", ""claim_id"": ""6042927eb93d8576"", ""loss_usd"": 8000000.0, ""loss_basis"": ""source_reported_loss_not_fully_verified"", ""valuation_date"": null}, {""source"": ""rekt"", ""claim_id"": ""3504c0d5cfaeefd9"", ""loss_usd"": 7940000, ""loss_basis"": ""leaderboard_amount_may_use_later_valuation"", ""valuation_date"": null}]","[""https://defillama.com/hacks"", ""https://hacked.slowmist.io/en/?c=&page=85"", ""https://rekt.news/leaderboard/""]","[""https://defillama.com/hacks"", ""https://www.lcx.com/hot-wallet-incident-report/"", ""https://rekt.news/lcx-rekt""]",[],,,,,False,"[""source_date_disagreement"", ""exact_information_availability_unverified"", ""retrospective_loss_not_a_live_feature""]",in_scope,[],normalized_catalog_record,,,,,,,,,,,,,2022-01-09T00:00:00Z,True,"00:00 UTC on the calendar day after the assigned incident_date; an assumed retrospective alignment, not verified public availability.","Frozen catalog reported_loss_usd; retrospective reported amount, not verified gross theft or loss known at activation.",False
inc_a6f23011c6762896,Lympo,2022-01-10,day,18700000,18700000,18700000,defillama,retrospective_reported_amount; gross/net and valuation basis require source verification,Key Compromise,Hot Wallet Key Compromised; Wallet Stolen,"[""Ethereum""]",NFTfi,2,2,"[""defillama"", ""slowmist""]","[""059a68af9df4f4cf"", ""72e7bdb49cd413cb""]","[""2022-01-10""]","[{""source"": ""defillama"", ""claim_id"": ""059a68af9df4f4cf"", ""loss_usd"": 18700000, ""loss_basis"": ""source_amount_definition_not_fully_verified"", ""valuation_date"": null}, {""source"": ""slowmist"", ""claim_id"": ""72e7bdb49cd413cb"", ""loss_usd"": 18700000.0, ""loss_basis"": ""source_reported_loss_not_fully_verified"", ""valuation_date"": null}]","[""https://defillama.com/hacks"", ""https://hacked.slowmist.io/en/?c=&page=85""]","[""https://defillama.com/hacks"", ""https://medium.com/lympo-official/lympo-statement-to-the-community-914d6b453b1f""]",[],,,,,False,"[""exact_information_availability_unverified"", ""retrospective_loss_not_a_live_feature""]",in_scope,[],normalized_catalog_record,,,,,,,,,,,,,2022-01-11T00:00:00Z,True,"00:00 UTC on the calendar day after the assigned incident_date; an assumed retrospective alignment, not verified public availability.","Frozen catalog reported_loss_usd; retrospective reported amount, not verified gross theft or loss known at activation.",False
inc_07b61f5026ddf55b,Float Protocol,2022-01-15,day,1160000,1160000,1160000,defillama,retrospective_reported_amount; gross/net and valuation basis require source verification,Oracle Manipulation,Spot Price Manipulation; Price Manipulation,"[""Ethereum""]",DeFi Protocol,2,2,"[""defillama"", ""slowmist""]","[""a04dc82b15f0b9e3"", ""edcff895cb6662af""]","[""2022-01-15""]","[{""source"": ""defillama"", ""claim_id"": ""a04dc82b15f0b9e3"", ""loss_usd"": 1160000, ""loss_basis"": ""source_amount_definition_not_fully_verified"", ""valuation_date"": null}, {""source"": ""slowmist"", ""claim_id"": ""edcff895cb6662af"", ""loss_usd"": null, ""loss_basis"": ""source_reported_loss_not_fully_verified"", ""valuation_date"": null}]","[""https://defillama.com/hacks"", ""https://hacked.slowmist.io/en/?c=&page=85""]","[""https://defillama.com/hacks"", ""https://twitter.com/FloatProtocol/status/1482184042850263042""]",[],,,,,False,"[""exact_information_availability_unverified"", ""retrospective_loss_not_a_live_feature""]",in_scope,[],normalized_catalog_record,,,,,,,,,,,,,2022-01-16T00:00:00Z,False,"00:00 UTC on the calendar day after the assigned incident_date; an assumed retrospective alignment, not verified public availability.","Frozen catalog reported_loss_usd; retrospective reported amount, not verified gross theft or loss known at activation.",False
inc_4cf5615d29552531,Crypto.com,2022-01-18,day,33700000,33700000,34000000.0,defillama,retrospective_reported_amount; gross/net and valuation basis require source verification,Frontend & Infrastructure,Session Key Compromised; Permission Stolen,"[""Bitcoin"", ""Ethereum""]",CEX,3,3,"[""defillama"", ""slowmist"", ""rekt""]","[""b887a38a65c6ae70"", ""85de0e02efac713a"", ""1d716264c853056b""]","[""2022-01-18""]","[{""source"": ""defillama"", ""claim_id"": ""b887a38a65c6ae70"", ""loss_usd"": 33700000, ""loss_basis"": ""source_amount_definition_not_fully_verified"", ""valuation_date"": null}, {""source"": ""slowmist"", ""claim_id"": ""85de0e02efac713a"", ""loss_usd"": 34000000.0, ""loss_basis"": ""source_reported_loss_not_fully_verified"", ""valuation_date"": null}, {""source"": ""rekt"", ""claim_id"": ""1d716264c853056b"", ""loss_usd"": 33700000, ""loss_basis"": ""leaderboard_amount_may_use_later_valuation"", ""valuation_date"": null}]","[""https://defillama.com/hacks"", ""https://hacked.slowmist.io/en/?c=&page=85"", ""https://rekt.news/leaderboard/""]","[""https://defillama.com/hacks"", ""https://www.cpomagazine.com/cyber-security/crypto-com-hack-originating-from-2fa-bypass-exceeds-30-million-forcing-refunds-and-new-security-measures/"", ""https://rekt.news/cryptocom-rekt""]",[],,,,,False,"[""exact_information_availability_unverified"", ""retrospective_loss_not_a_live_feature""]",in_scope,[],normalized_catalog_record,,,,,,,,,,,,,2022-01-19T00:00:00Z,True,"00:00 UTC on the calendar day after the assigned incident_date; an assumed retrospective alignment, not verified public availability.","Frozen catalog reported_loss_usd; retrospective reported amount, not verified gross theft or loss known at activation.",False
inc_b0cfd50d8ada99b3,Multichain,2022-01-18,day,1400000,1400000,1400000,defillama,retrospective_reported_amount; gross/net and valuation basis require source verification,Input Validation,Missing Input Validation; The validity of the parameter is not checked,"[""Ethereum""]",DeFi Protocol,2,2,"[""defillama"", ""slowmist""]","[""576299031473bc3d"", ""7c0f6b66f548da9d""]","[""2022-01-18""]","[{""source"": ""defillama"", ""claim_id"": ""576299031473bc3d"", ""loss_usd"": 1400000, ""loss_basis"": ""source_amount_definition_not_fully_verified"", ""valuation_date"": null}, {""source"": ""slowmist"", ""claim_id"": ""7c0f6b66f548da9d"", ""loss_usd"": null, ""loss_basis"": ""source_reported_loss_not_fully_verified"", ""valuation_date"": null}]","[""https://defillama.com/hacks"", ""https://hacked.slowmist.io/en/?c=&page=85""]","[""https://defillama.com/hacks"", ""https://twitter.com/MultichainOrg/status/1483110393543544832""]",[],,,,,False,"[""exact_information_availability_unverified"", ""retrospective_loss_not_a_live_feature""]",in_scope,[],normalized_catalog_record,,,,,,,,,,,,,2022-01-19T00:00:00Z,False,"00:00 UTC on the calendar day after the assigned incident_date; an assumed retrospective alignment, not verified public availability.","Frozen catalog reported_loss_usd; retrospective reported amount, not verified gross theft or loss known at activation.",False
inc_b2c56f08a98b71ef,Qubit,2022-01-28,day,80000000,80000000,80000000,defillama,retrospective_reported_amount; gross/net and valuation basis require source verification,Input Validation,Missing Input Validation; Contract Vulnerability,"[""BSC""]",DeFi Protocol,3,3,"[""defillama"", ""slowmist"", ""rekt""]","[""38a65062219983cc"", ""2579e5d920ec081d"", ""53694fbaa55390ea""]","[""2022-01-28""]","[{""source"": ""defillama"", ""claim_id"": ""38a65062219983cc"", ""loss_usd"": 80000000, ""loss_basis"": ""source_amount_definition_not_fully_verified"", ""valuation_date"": null}, {""source"": ""slowmist"", ""claim_id"": ""2579e5d920ec081d"", ""loss_usd"": 80000000.0, ""loss_basis"": ""source_reported_loss_not_fully_verified"", ""valuation_date"": null}, {""source"": ""rekt"", ""claim_id"": ""53694fbaa55390ea"", ""loss_usd"": 80000000, ""loss_basis"": ""leaderboard_amount_may_use_later_valuation"", ""valuation_date"": null}]","[""https://defillama.com/hacks"", ""https://hacked.slowmist.io/en/?c=&page=84"", ""https://rekt.news/leaderboard/""]","[""https://defillama.com/hacks"", ""https://medium.com/@QubitFin/protocol-exploit-report-305c34540fa3"", ""https://rekt.news/qubit-rekt""]",[],,,,,False,"[""exact_information_availability_unverified"", ""retrospective_loss_not_a_live_feature""]",in_scope,[],normalized_catalog_record,,,,,,,,,,,,,2022-01-29T00:00:00Z,True,"00:00 UTC on the calendar day after the assigned incident_date; an assumed retrospective alignment, not verified public availability.","Frozen catalog reported_loss_usd; retrospective reported amount, not verified gross theft or loss known at activation.",False
inc_b029e4b99dc88ba5,BNS,2022-02-01,day,7500000,7500000,7500000,defillama,retrospective_reported_amount; gross/net and valuation basis require source verification,Frontend & Infrastructure,Key Leaked via Infrastructure; Wallet Stolen,[],CEX,2,2,"[""defillama"", ""slowmist""]","[""35979dc9e20363a7"", ""52a8deecaebe9ade""]","[""2022-02-01""]","[{""source"": ""defillama"", ""claim_id"": ""35979dc9e20363a7"", ""loss_usd"": 7500000, ""loss_basis"": ""source_amount_definition_not_fully_verified"", ""valuation_date"": null}, {""source"": ""slowmist"", ""claim_id"": ""52a8deecaebe9ade"", ""loss_usd"": 7500000.0, ""loss_basis"": ""source_reported_loss_not_fully_verified"", ""valuation_date"": null}]","[""https://defillama.com/hacks"", ""https://hacked.slowmist.io/en/?c=&page=84""]","[""https://defillama.com/hacks"", ""https://cryptoslate.com/indian-exchange-bitbns-admits-it-was-hacked-for-7-5m-last-february/""]",[],,,,,False,"[""exact_information_availability_unverified"", ""retrospective_loss_not_a_live_feature""]",in_scope,[],normalized_catalog_record,,,,,,,,,,,,,2022-02-02T00:00:00Z,True,"00:00 UTC on the calendar day after the assigned incident_date; an assumed retrospective alignment, not verified public availability.","Frozen catalog reported_loss_usd; retrospective reported amount, not verified gross theft or loss known at activation.",False
inc_66e3c06a9b1237d3,Portal,2022-02-02,day,326000000,326000000,326000000,defillama,retrospective_reported_amount; gross/net and valuation basis require source verification,Input Validation,Signature Verification Flaw; Contract Vulnerability,"[""Solana""]",DeFi Protocol,3,3,"[""defillama"", ""slowmist"", ""rekt""]","[""f82468095ba0a154"", ""61aecfd73b236aee"", ""9888c37ceac5e8dc""]","[""2022-02-02""]","[{""source"": ""defillama"", ""claim_id"": ""f82468095ba0a154"", ""loss_usd"": 326000000, ""loss_basis"": ""source_amount_definition_not_fully_verified"", ""valuation_date"": null}, {""source"": ""slowmist"", ""claim_id"": ""61aecfd73b236aee"", ""loss_usd"": null, ""loss_basis"": ""source_reported_loss_not_fully_verified"", ""valuation_date"": null}, {""source"": ""rekt"", ""claim_id"": ""9888c37ceac5e8dc"", ""loss_usd"": 326000000, ""loss_basis"": ""leaderboard_amount_may_use_later_valuation"", ""valuation_date"": null}]","[""https://defillama.com/hacks"", ""https://hacked.slowmist.io/en/?c=&page=84"", ""https://rekt.news/leaderboard/""]","[""https://defillama.com/hacks"", ""https://wormholecrypto.medium.com/wormhole-incident-report-02-02-22-ad9b8f21eec6"", ""https://rekt.news/wormhole-rekt""]",[],,,,,False,"[""exact_information_availability_unverified"", ""retrospective_loss_not_a_live_feature""]",in_scope,[],normalized_catalog_record,,,,,,,,,,,,,2022-02-03T00:00:00Z,True,"00:00 UTC on the calendar day after the assigned incident_date; an assumed retrospective alignment, not verified public availability.","Frozen catalog reported_loss_usd; retrospective reported amount, not verified gross theft or loss known at activation.",False
inc_f2abfde0bd6ced3a,KlaySwap,2022-02-03,day,1900000,1830000.0,1900000,defillama,retrospective_reported_amount; gross/net and valuation basis require source verification,Frontend & Infrastructure,Frontend Compromise; Malicious Code Injection Attack,"[""Klaytn""]",DeFi Protocol,2,2,"[""defillama"", ""slowmist""]","[""6753d78f2ab90f53"", ""29b8931c0328d3f2""]","[""2022-02-03""]","[{""source"": ""defillama"", ""claim_id"": ""6753d78f2ab90f53"", ""loss_usd"": 1900000, ""loss_basis"": ""source_amount_definition_not_fully_verified"", ""valuation_date"": null}, {""source"": ""slowmist"", ""claim_id"": ""29b8931c0328d3f2"", ""loss_usd"": 1830000.0, ""loss_basis"": ""source_reported_loss_not_fully_verified"", ""valuation_date"": null}]","[""https://defillama.com/hacks"", ""https://hacked.slowmist.io/en/?c=&page=84""]","[""https://defillama.com/hacks"", ""https://medium.com/klayswap/klayswap-incident-report-feb-03-2022-f20ba2d8e4dd""]",[],,,,,False,"[""exact_information_availability_unverified"", ""retrospective_loss_not_a_live_feature""]",in_scope,[],normalized_catalog_record,,,,,,,,,,,,,2022-02-04T00:00:00Z,False,"00:00 UTC on the calendar day after the assigned incident_date; an assumed retrospective alignment, not verified public availability.","Frozen catalog reported_loss_usd; retrospective reported amount, not verified gross theft or loss known at activation.",False
inc_6ab5195f21f9cea6,Meter,2022-02-06,day,7700000,4300000.0,7700000,defillama,retrospective_reported_amount; gross/net and valuation basis require source verification,Input Validation,Missing Input Validation; Contract Vulnerability,"[""Ethereum""]",DeFi Protocol,3,3,"[""defillama"", ""slowmist"", ""rekt""]","[""400f08cfffcda7b3"", ""4abb0abdf6f2adad"", ""3c0e37124ff19317""]","[""2022-02-06""]","[{""source"": ""defillama"", ""claim_id"": ""400f08cfffcda7b3"", ""loss_usd"": 7700000, ""loss_basis"": ""source_amount_definition_not_fully_verified"", ""valuation_date"": null}, {""source"": ""slowmist"", ""claim_id"": ""4abb0abdf6f2adad"", ""loss_usd"": 4300000.0, ""loss_basis"": ""source_reported_loss_not_fully_verified"", ""valuation_date"": null}, {""source"": ""rekt"", ""claim_id"": ""3c0e37124ff19317"", ""loss_usd"": 7700000, ""loss_basis"": ""leaderboard_amount_may_use_later_valuation"", ""valuation_date"": null}]","[""https://defillama.com/hacks"", ""https://hacked.slowmist.io/en/?c=&page=84"", ""https://rekt.news/leaderboard/""]","[""https://defillama.com/hacks"", ""https://twitter.com/Meter_IO/status/1490103308421255168"", ""https://rekt.news/meter-rekt""]",[],,,,,False,"[""loss_estimates_differ_over_5pct"", ""exact_information_availability_unverified"", ""retrospective_loss_not_a_live_feature""]",in_scope,[],normalized_catalog_record,,,,,,,,,,,,,2022-02-07T00:00:00Z,True,"00:00 UTC on the calendar day after the assigned incident_date; an assumed retrospective alignment, not verified public availability.","Frozen catalog reported_loss_usd; retrospective reported amount, not verified gross theft or loss known at activation.",False
inc_d9e5b513abe5bd2e,Superfluid,2022-02-08,day,8700000,8700000,13000000.0,defillama,retrospective_reported_amount; gross/net and valuation basis require source verification,Input Validation,Missing Input Validation; Contract Vulnerability,"[""Polygon""]",DeFi Protocol,3,3,"[""defillama"", ""slowmist"", ""rekt""]","[""d61d514e64c1b717"", ""ce28d6b2afb09a54"", ""57a14d91354d8717""]","[""2022-02-08""]","[{""source"": ""defillama"", ""claim_id"": ""d61d514e64c1b717"", ""loss_usd"": 8700000, ""loss_basis"": ""source_amount_definition_not_fully_verified"", ""valuation_date"": null}, {""source"": ""slowmist"", ""claim_id"": ""ce28d6b2afb09a54"", ""loss_usd"": 13000000.0, ""loss_basis"": ""source_reported_loss_not_fully_verified"", ""valuation_date"": null}, {""source"": ""rekt"", ""claim_id"": ""57a14d91354d8717"", ""loss_usd"": 8700000, ""loss_basis"": ""leaderboard_amount_may_use_later_valuation"", ""valuation_date"": null}]","[""https://defillama.com/hacks"", ""https://hacked.slowmist.io/en/?c=&page=84"", ""https://rekt.news/leaderboard/""]","[""https://defillama.com/hacks"", ""https://medium.com/superfluid-blog/08-02-22-exploit-post-mortem-15ff9c97cdd"", ""https://rekt.news/superfluid-rekt""]",[],,,,,False,"[""loss_estimates_differ_over_5pct"", ""exact_information_availability_unverified"", ""retrospective_loss_not_a_live_feature""]",in_scope,[],normalized_catalog_record,,,,,,,,,,,,,2022-02-09T00:00:00Z,True,"00:00 UTC on the calendar day after the assigned incident_date; an assumed retrospective alignment, not verified public availability.","Frozen catalog reported_loss_usd; retrospective reported amount, not verified gross theft or loss known at activation.",False
inc_3862159a46b2da32,Dego Finance,2022-02-10,day,10000000,10000000,10000000,defillama,retrospective_reported_amount; gross/net and valuation basis require source verification,Key Compromise,Deployer Key Compromised; Private Key Leakage,"[""BSC"", ""Cronos"", ""Ethereum""]",DeFi Protocol,3,3,"[""defillama"", ""slowmist"", ""rekt""]","[""c6bf5d25edea3f2b"", ""6e24a9c303395806"", ""cf70df650534f507""]","[""2022-02-10""]","[{""source"": ""defillama"", ""claim_id"": ""c6bf5d25edea3f2b"", ""loss_usd"": 10000000, ""loss_basis"": ""source_amount_definition_not_fully_verified"", ""valuation_date"": null}, {""source"": ""slowmist"", ""claim_id"": ""6e24a9c303395806"", ""loss_usd"": 10000000.0, ""loss_basis"": ""source_reported_loss_not_fully_verified"", ""valuation_date"": null}, {""source"": ""rekt"", ""claim_id"": ""cf70df650534f507"", ""loss_usd"": 10000000, ""loss_basis"": ""leaderboard_amount_may_use_later_valuation"", ""valuation_date"": null}]","[""https://defillama.com/hacks"", ""https://hacked.slowmist.io/en/?c=&page=84"", ""https://rekt.news/leaderboard/""]","[""https://defillama.com/hacks"", ""https://degofinance.medium.com/to-dego-community-summary-of-the-event-after-a-thorough-investigation-and-efforts-5315a98d9984"", ""https://rekt.news/dego-finance-rekt""]",[],,,,,False,"[""exact_information_availability_unverified"", ""retrospective_loss_not_a_live_feature""]",in_scope,[],normalized_catalog_record,,,,,,,,,,,,,2022-02-11T00:00:00Z,True,"00:00 UTC on the calendar day after the assigned incident_date; an assumed retrospective alignment, not verified public availability.","Frozen catalog reported_loss_usd; retrospective reported amount, not verified gross theft or loss known at activation.",False
inc_4db1c295fd98d8d3,IRA Financial / Gemini,2022-02-12,day,36000000,36000000,36000000,defillama,retrospective_reported_amount; gross/net and valuation basis require source verification,Frontend & Infrastructure,API Key Compromised; Wallet Stolen,"[""Ethereum""]",CEX,2,2,"[""defillama"", ""slowmist""]","[""2809bcb09fe7776b"", ""0b2207fe3c8f236d""]","[""2022-02-12""]","[{""source"": ""defillama"", ""claim_id"": ""2809bcb09fe7776b"", ""loss_usd"": 36000000, ""loss_basis"": ""source_amount_definition_not_fully_verified"", ""valuation_date"": null}, {""source"": ""slowmist"", ""claim_id"": ""0b2207fe3c8f236d"", ""loss_usd"": 36000000.0, ""loss_basis"": ""source_reported_loss_not_fully_verified"", ""valuation_date"": null}]","[""https://defillama.com/hacks"", ""https://hacked.slowmist.io/en/?c=&page=84""]","[""https://defillama.com/hacks"", ""https://gostake.io/resource/news/9d5c0fa2e75934a56a782cf97b61778e.html""]",[],,,,,False,"[""exact_information_availability_unverified"", ""retrospective_loss_not_a_live_feature""]",in_scope,[],normalized_catalog_record,,,,,,,,,,,,,2022-02-13T00:00:00Z,True,"00:00 UTC on the calendar day after the assigned incident_date; an assumed retrospective alignment, not verified public availability.","Frozen catalog reported_loss_usd; retrospective reported amount, not verified gross theft or loss known at activation.",False
inc_74b62efc3c7b1ac1,TopGoal,2022-02-17,day,1100000,1100000,1100000,defillama,retrospective_reported_amount; gross/net and valuation basis require source verification,Key Compromise,Hot Wallet Key Compromised; Wallet Stolen,"[""BSC""]",Gaming,2,2,"[""defillama"", ""slowmist""]","[""6869b2bcde2fa71c"", ""38b2e904946c2e44""]","[""2022-02-17""]","[{""source"": ""defillama"", ""claim_id"": ""6869b2bcde2fa71c"", ""loss_usd"": 1100000, ""loss_basis"": ""source_amount_definition_not_fully_verified"", ""valuation_date"": null}, {""source"": ""slowmist"", ""claim_id"": ""38b2e904946c2e44"", ""loss_usd"": null, ""loss_basis"": ""source_reported_loss_not_fully_verified"", ""valuation_date"": null}]","[""https://defillama.com/hacks"", ""https://hacked.slowmist.io/en/?c=&page=83""]","[""https://defillama.com/hacks"", ""https://medium.com/@TopGoal_NFT/latest-update-and-solution-of-todays-hacking-event-e18774b6e69a""]",[],,,,,False,"[""exact_information_availability_unverified"", ""retrospective_loss_not_a_live_feature""]",in_scope,[],normalized_catalog_record,,,,,,,,,,,,,2022-02-18T00:00:00Z,False,"00:00 UTC on the calendar day after the assigned incident_date; an assumed retrospective alignment, not verified public availability.","Frozen catalog reported_loss_usd; retrospective reported amount, not verified gross theft or loss known at activation.",False
inc_a32e3d030173c0b6,OpenSea,2022-02-20,day,2000000,2000000,3400000.0,defillama,retrospective_reported_amount; gross/net and valuation basis require source verification,Social Engineering,Phishing; Phishing Attack,"[""Ethereum""]",NFTfi,2,2,"[""defillama"", ""slowmist""]","[""29ea5da905b1c553"", ""c011979264839403""]","[""2022-02-20""]","[{""source"": ""defillama"", ""claim_id"": ""29ea5da905b1c553"", ""loss_usd"": 2000000, ""loss_basis"": ""source_amount_definition_not_fully_verified"", ""valuation_date"": null}, {""source"": ""slowmist"", ""claim_id"": ""c011979264839403"", ""loss_usd"": 3400000.0, ""loss_basis"": ""source_reported_loss_not_fully_verified"", ""valuation_date"": null}]","[""https://defillama.com/hacks"", ""https://hacked.slowmist.io/en/?c=&page=83""]","[""https://defillama.com/hacks"", ""https://twitter.com/dfinzer/status/1495302784689704966""]",[],,,,,False,"[""loss_estimates_differ_over_5pct"", ""exact_information_availability_unverified"", ""retrospective_loss_not_a_live_feature""]",in_scope,[],normalized_catalog_record,,,,,,,,,,,,,2022-02-21T00:00:00Z,False,"00:00 UTC on the calendar day after the assigned incident_date; an assumed retrospective alignment, not verified public availability.","Frozen catalog reported_loss_usd; retrospective reported amount, not verified gross theft or loss known at activation.",False
inc_d3353524fa7843cd,Treasure,2022-03-03,day,1400000,1400000,1400000,defillama,retrospective_reported_amount; gross/net and valuation basis require source verification,Input Validation,Missing Input Validation; Unchecked Input Data,"[""Arbitrum""]",DeFi Protocol,3,3,"[""defillama"", ""slowmist"", ""rekt""]","[""0d6943b1f4b99cba"", ""8fd4362b1347ce4d"", ""b220fa482c4b98d4""]","[""2022-03-03""]","[{""source"": ""defillama"", ""claim_id"": ""0d6943b1f4b99cba"", ""loss_usd"": 1400000, ""loss_basis"": ""source_amount_definition_not_fully_verified"", ""valuation_date"": null}, {""source"": ""slowmist"", ""claim_id"": ""8fd4362b1347ce4d"", ""loss_usd"": null, ""loss_basis"": ""source_reported_loss_not_fully_verified"", ""valuation_date"": null}, {""source"": ""rekt"", ""claim_id"": ""b220fa482c4b98d4"", ""loss_usd"": 1400000, ""loss_basis"": ""leaderboard_amount_may_use_later_valuation"", ""valuation_date"": null}]","[""https://defillama.com/hacks"", ""https://hacked.slowmist.io/en/?c=&page=83"", ""https://rekt.news/leaderboard/""]","[""https://defillama.com/hacks"", ""https://www.coindesk.com/tech/2022/03/03/stolen-smol-brains-nfts-returned-to-users-hours-after-treasure-exploit/"", ""https://rekt.news/treasure-dao-rekt""]",[],,,,,False,"[""exact_information_availability_unverified"", ""retrospective_loss_not_a_live_feature""]",in_scope,[],normalized_catalog_record,,,,,,,,,,,,,2022-03-04T00:00:00Z,False,"00:00 UTC on the calendar day after the assigned incident_date; an assumed retrospective alignment, not verified public availability.","Frozen catalog reported_loss_usd; retrospective reported amount, not verified gross theft or loss known at activation.",False
inc_5420f1ef0f98b270,Fantasm Finance,2022-03-09,day,2622097,2622097,2622097,defillama,retrospective_reported_amount; gross/net and valuation basis require source verification,Input Validation,Missing Input Validation; Contract Vulnerability,"[""Fantom""]",DeFi Protocol,2,2,"[""defillama"", ""slowmist""]","[""8bab3361d470b5e6"", ""16b3702f7db51622""]","[""2022-03-09"", ""2022-03-10""]","[{""source"": ""defillama"", ""claim_id"": ""8bab3361d470b5e6"", ""loss_usd"": 2622097, ""loss_basis"": ""source_amount_definition_not_fully_verified"", ""valuation_date"": null}, {""source"": ""slowmist"", ""claim_id"": ""16b3702f7db51622"", ""loss_usd"": null, ""loss_basis"": ""source_reported_loss_not_fully_verified"", ""valuation_date"": null}]","[""https://defillama.com/hacks"", ""https://hacked.slowmist.io/en/?c=&page=83""]","[""https://defillama.com/hacks"", ""https://twitter.com/fantasm_finance/status/1501569232881995785""]",[],,,,,False,"[""source_date_disagreement"", ""exact_information_availability_unverified"", ""retrospective_loss_not_a_live_feature""]",in_scope,[],normalized_catalog_record,,,,,,,,,,,,,2022-03-10T00:00:00Z,False,"00:00 UTC on the calendar day after the assigned incident_date; an assumed retrospective alignment, not verified public availability.","Frozen catalog reported_loss_usd; retrospective reported amount, not verified gross theft or loss known at activation.",False
inc_db5e6d0a5651b008,Paraluni Masterchef,2022-03-13,day,1700000,1700000,1700000,defillama,retrospective_reported_amount; gross/net and valuation basis require source verification,Reentrancy,Reentrancy; Reentrancy Attack,"[""BSC""]",DeFi Protocol,2,2,"[""defillama"", ""slowmist""]","[""003153d1842ae7f8"", ""b4408d5d82ef4df3""]","[""2022-03-13""]","[{""source"": ""defillama"", ""claim_id"": ""003153d1842ae7f8"", ""loss_usd"": 1700000, ""loss_basis"": ""source_amount_definition_not_fully_verified"", ""valuation_date"": null}, {""source"": ""slowmist"", ""claim_id"": ""b4408d5d82ef4df3"", ""loss_usd"": 1700000.0, ""loss_basis"": ""source_reported_loss_not_fully_verified"", ""valuation_date"": null}]","[""https://defillama.com/hacks"", ""https://hacked.slowmist.io/en/?c=&page=83""]","[""https://defillama.com/hacks"", ""https://twitter.com/peckshield/status/1502815435498176514""]",[],,,,,False,"[""exact_information_availability_unverified"", ""retrospective_loss_not_a_live_feature""]",in_scope,[],normalized_catalog_record,,,,,,,,,,,,,2022-03-14T00:00:00Z,False,"00:00 UTC on the calendar day after the assigned incident_date; an assumed retrospective alignment, not verified public availability.","Frozen catalog reported_loss_usd; retrospective reported amount, not verified gross theft or loss known at activation.",False
inc_3061fcdb7d489f55,Agave,2022-03-15,day,5500000,5400000.0,5500000,defillama,retrospective_reported_amount; gross/net and valuation basis require source verification,Reentrancy,Reentrancy; Flash loan attack,"[""Gnosis Chain""]",DeFi Protocol,2,2,"[""defillama"", ""slowmist""]","[""53b584526081a6a7"", ""d663bafa5e9c6842""]","[""2022-03-15""]","[{""source"": ""defillama"", ""claim_id"": ""53b584526081a6a7"", ""loss_usd"": 5500000, ""loss_basis"": ""source_amount_definition_not_fully_verified"", ""valuation_date"": null}, {""source"": ""slowmist"", ""claim_id"": ""d663bafa5e9c6842"", ""loss_usd"": 5400000.0, ""loss_basis"": ""source_reported_loss_not_fully_verified"", ""valuation_date"": null}]","[""https://defillama.com/hacks"", ""https://hacked.slowmist.io/en/?c=&page=83""]","[""https://defillama.com/hacks"", ""https://twitter.com/Agave_lending/status/1503725275917565954""]",[],,,,,False,"[""exact_information_availability_unverified"", ""retrospective_loss_not_a_live_feature""]",in_scope,[],normalized_catalog_record,,,,,,,,,,,,,2022-03-16T00:00:00Z,True,"00:00 UTC on the calendar day after the assigned incident_date; an assumed retrospective alignment, not verified public availability.","Frozen catalog reported_loss_usd; retrospective reported amount, not verified gross theft or loss known at activation.",False
inc_fbc568fc0b9b550a,DEUS Finance,2022-03-15,day,3000000,3000000,3000000,defillama,retrospective_reported_amount; gross/net and valuation basis require source verification,Oracle Manipulation,Spot Price Manipulation; Flash loan attack,"[""Fantom""]",DeFi Protocol,2,3,"[""defillama"", ""slowmist""]","[""67b6cd02bd4e20f8"", ""d7ca7ba9ccdc6af4"", ""b2a17c2c083fa96f""]","[""2021-03-15"", ""2022-03-15""]","[{""source"": ""defillama"", ""claim_id"": ""67b6cd02bd4e20f8"", ""loss_usd"": 3000000, ""loss_basis"": ""source_amount_definition_not_fully_verified"", ""valuation_date"": null}, {""source"": ""defillama"", ""claim_id"": ""d7ca7ba9ccdc6af4"", ""loss_usd"": 3000000, ""loss_basis"": ""source_amount_definition_not_fully_verified"", ""valuation_date"": null}, {""source"": ""slowmist"", ""claim_id"": ""b2a17c2c083fa96f"", ""loss_usd"": 3000000.0, ""loss_basis"": ""source_reported_loss_not_fully_verified"", ""valuation_date"": null}]","[""https://defillama.com/hacks"", ""https://hacked.slowmist.io/en/?c=&page=83""]","[""https://defillama.com/hacks"", ""https://twitter.com/peckshield/status/1503632734299701250"", ""https://twitter.com/peckshield/status/1503632734299701250""]",[],,,,,False,"[""source_date_disagreement"", ""exact_information_availability_unverified"", ""retrospective_loss_not_a_live_feature""]",in_scope,[],manually_adjudicated_fields,,,,,,,"The 2021 March 15 row repeats the 2022 March 15 DEUS loss. PeckShield alert identifies the $3m exploit on March 15, 2022; retain original conflicting source dates.",,,,,,2022-03-16T00:00:00Z,False,"00:00 UTC on the calendar day after the assigned incident_date; an assumed retrospective alignment, not verified public availability.","Frozen catalog reported_loss_usd; retrospective reported amount, not verified gross theft or loss known at activation.",False
inc_6324fb0185dca0c5,Hundred Finance,2022-03-15,day,6200000,6000000.0,6200000,defillama,retrospective_reported_amount; gross/net and valuation basis require source verification,Reentrancy,Reentrancy; Flash loan attack,"[""Gnosis Chain""]",DeFi Protocol,2,2,"[""defillama"", ""slowmist""]","[""3364d38e457f625e"", ""6238a887d17bc82c""]","[""2022-03-15"", ""2022-03-16""]","[{""source"": ""defillama"", ""claim_id"": ""3364d38e457f625e"", ""loss_usd"": 6200000, ""loss_basis"": ""source_amount_definition_not_fully_verified"", ""valuation_date"": null}, {""source"": ""slowmist"", ""claim_id"": ""6238a887d17bc82c"", ""loss_usd"": 6000000.0, ""loss_basis"": ""source_reported_loss_not_fully_verified"", ""valuation_date"": null}]","[""https://defillama.com/hacks"", ""https://hacked.slowmist.io/en/?c=&page=83""]","[""https://defillama.com/hacks"", ""https://twitter.com/HundredFinance/status/1503754916300476420""]",[],,,,,False,"[""source_date_disagreement"", ""exact_information_availability_unverified"", ""retrospective_loss_not_a_live_feature""]",in_scope,[],normalized_catalog_record,,,,,,,,,,,,,2022-03-16T00:00:00Z,True,"00:00 UTC on the calendar day after the assigned incident_date; an assumed retrospective alignment, not verified public availability.","Frozen catalog reported_loss_usd; retrospective reported amount, not verified gross theft or loss known at activation.",False
inc_6fdf0c1eb3b57bb6,One Ring Finance,2022-03-21,day,1400000,1400000,1454672.24,defillama,retrospective_reported_amount; gross/net and valuation basis require source verification,Access Control,Improper Access Control; Flash loan attack,"[""Ethereum""]",DeFi Protocol,2,2,"[""defillama"", ""slowmist""]","[""2fb967f3c48deedc"", ""daf5f56f37dfe8f6""]","[""2022-03-21""]","[{""source"": ""defillama"", ""claim_id"": ""2fb967f3c48deedc"", ""loss_usd"": 1400000, ""loss_basis"": ""source_amount_definition_not_fully_verified"", ""valuation_date"": null}, {""source"": ""slowmist"", ""claim_id"": ""daf5f56f37dfe8f6"", ""loss_usd"": 1454672.24, ""loss_basis"": ""source_reported_loss_not_fully_verified"", ""valuation_date"": null}]","[""https://defillama.com/hacks"", ""https://hacked.slowmist.io/en/?c=&page=82""]","[""https://defillama.com/hacks"", ""https://medium.com/oneringfinance/onering-finance-exploit-post-mortem-after-oshare-hack-602a529db99b""]",[],,,,,False,"[""exact_information_availability_unverified"", ""retrospective_loss_not_a_live_feature""]",in_scope,[],normalized_catalog_record,,,,,,,,,,,,,2022-03-22T00:00:00Z,False,"00:00 UTC on the calendar day after the assigned incident_date; an assumed retrospective alignment, not verified public availability.","Frozen catalog reported_loss_usd; retrospective reported amount, not verified gross theft or loss known at activation.",False
inc_7b696fb917dd3b05,Cashio,2022-03-23,day,52800000,48000000,52800000,defillama,retrospective_reported_amount; gross/net and valuation basis require source verification,Input Validation,Missing Input Validation; Contract Vulnerability,"[""Solana""]",DeFi Protocol,3,3,"[""defillama"", ""slowmist"", ""rekt""]","[""62e9c81ce326f6c7"", ""f61bf3f6ef56d423"", ""6da67367204d838c""]","[""2022-03-23""]","[{""source"": ""defillama"", ""claim_id"": ""62e9c81ce326f6c7"", ""loss_usd"": 52800000, ""loss_basis"": ""source_amount_definition_not_fully_verified"", ""valuation_date"": null}, {""source"": ""slowmist"", ""claim_id"": ""f61bf3f6ef56d423"", ""loss_usd"": 52027994.22, ""loss_basis"": ""source_reported_loss_not_fully_verified"", ""valuation_date"": null}, {""source"": ""rekt"", ""claim_id"": ""6da67367204d838c"", ""loss_usd"": 48000000, ""loss_basis"": ""leaderboard_amount_may_use_later_valuation"", ""valuation_date"": null}]","[""https://defillama.com/hacks"", ""https://hacked.slowmist.io/en/?c=&page=82"", ""https://rekt.news/leaderboard/""]","[""https://defillama.com/hacks"", ""https://twitter.com/i/web/status/1506571243067224064"", ""https://rekt.news/cashio-rekt""]",[],,,,,False,"[""loss_estimates_differ_over_5pct"", ""exact_information_availability_unverified"", ""retrospective_loss_not_a_live_feature""]",in_scope,[],normalized_catalog_record,,,,,,,,,,,,,2022-03-24T00:00:00Z,True,"00:00 UTC on the calendar day after the assigned incident_date; an assumed retrospective alignment, not verified public availability.","Frozen catalog reported_loss_usd; retrospective reported amount, not verified gross theft or loss known at activation.",False
inc_fb76f0554308b8b5,Ronin Bridge,2022-03-23,day,624000000,610000000.0,624000000,defillama,retrospective_reported_amount; gross/net and valuation basis require source verification,Key Compromise,Validator Key Compromised; Private Key Leakage,"[""Ethereum""]",DeFi Protocol,3,3,"[""defillama"", ""slowmist"", ""rekt""]","[""e50fd3e80ae39341"", ""a2a10aa197415c64"", ""dd24e0ac1d9c705f""]","[""2022-03-23"", ""2022-03-29""]","[{""source"": ""defillama"", ""claim_id"": ""e50fd3e80ae39341"", ""loss_usd"": 624000000, ""loss_basis"": ""source_amount_definition_not_fully_verified"", ""valuation_date"": null}, {""source"": ""slowmist"", ""claim_id"": ""a2a10aa197415c64"", ""loss_usd"": 610000000.0, ""loss_basis"": ""source_reported_loss_not_fully_verified"", ""valuation_date"": null}, {""source"": ""rekt"", ""claim_id"": ""dd24e0ac1d9c705f"", ""loss_usd"": 624000000, ""loss_basis"": ""leaderboard_amount_may_use_later_valuation"", ""valuation_date"": null}]","[""https://defillama.com/hacks"", ""https://hacked.slowmist.io/en/?c=&page=82"", ""https://rekt.news/leaderboard/""]","[""https://defillama.com/hacks"", ""https://roninblockchain.substack.com/p/community-alert-ronin-validators?s=w"", ""https://rekt.news/ronin-rekt""]",[],,,,,False,"[""source_date_disagreement"", ""exact_information_availability_unverified"", ""retrospective_loss_not_a_live_feature""]",in_scope,"[""SlowMist date is public disclosure, March 29. Ronin theft transactions were March 23; do not treat March 23 as public recognition.""]",normalized_catalog_record,,,,,,,,,,,,,2022-03-24T00:00:00Z,True,"00:00 UTC on the calendar day after the assigned incident_date; an assumed retrospective alignment, not verified public availability.","Frozen catalog reported_loss_usd; retrospective reported amount, not verified gross theft or loss known at activation.",False
inc_d71752ee9a270796,BasketDAO,2022-03-30,day,1200000,1200000,1200000,defillama,retrospective_reported_amount; gross/net and valuation basis require source verification,Access Control,Arbitrary External Call; Contract Vulnerability,"[""Ethereum""]",DeFi Protocol,2,2,"[""defillama"", ""slowmist""]","[""dcd430f13b5e3159"", ""bd29c7e4ba6f4cb2""]","[""2022-03-30""]","[{""source"": ""defillama"", ""claim_id"": ""dcd430f13b5e3159"", ""loss_usd"": 1200000, ""loss_basis"": ""source_amount_definition_not_fully_verified"", ""valuation_date"": null}, {""source"": ""slowmist"", ""claim_id"": ""bd29c7e4ba6f4cb2"", ""loss_usd"": 1200000.0, ""loss_basis"": ""source_reported_loss_not_fully_verified"", ""valuation_date"": null}]","[""https://defillama.com/hacks"", ""https://hacked.slowmist.io/en/?c=&page=82""]","[""https://defillama.com/hacks"", ""https://twitter.com/BasketDAOOrg/status/1509009439315034115""]",[],,,,,False,"[""exact_information_availability_unverified"", ""retrospective_loss_not_a_live_feature""]",in_scope,[],normalized_catalog_record,,,,,,,,,,,,,2022-03-31T00:00:00Z,False,"00:00 UTC on the calendar day after the assigned incident_date; an assumed retrospective alignment, not verified public availability.","Frozen catalog reported_loss_usd; retrospective reported amount, not verified gross theft or loss known at activation.",False
inc_a959453ac76fb09f,Ola Finance,2022-03-31,day,4670000,4670000,4670000,defillama,retrospective_reported_amount; gross/net and valuation basis require source verification,Reentrancy,Reentrancy; Reentrancy Attack,"[""Fuse""]",DeFi Protocol,2,2,"[""defillama"", ""slowmist""]","[""997b40ea48a11485"", ""da527661e364baf5""]","[""2022-03-31""]","[{""source"": ""defillama"", ""claim_id"": ""997b40ea48a11485"", ""loss_usd"": 4670000, ""loss_basis"": ""source_amount_definition_not_fully_verified"", ""valuation_date"": null}, {""source"": ""slowmist"", ""claim_id"": ""da527661e364baf5"", ""loss_usd"": 4670000.0, ""loss_basis"": ""source_reported_loss_not_fully_verified"", ""valuation_date"": null}]","[""https://defillama.com/hacks"", ""https://hacked.slowmist.io/en/?c=&page=82""]","[""https://defillama.com/hacks"", ""https://ola-finance.medium.com/ola-and-voltage-lending-exploit-on-fuse-post-mortem-214c13d88443""]",[],,,,,False,"[""exact_information_availability_unverified"", ""retrospective_loss_not_a_live_feature""]",in_scope,[],normalized_catalog_record,,,,,,,,,,,,,2022-04-01T00:00:00Z,False,"00:00 UTC on the calendar day after the assigned incident_date; an assumed retrospective alignment, not verified public availability.","Frozen catalog reported_loss_usd; retrospective reported amount, not verified gross theft or loss known at activation.",False
inc_b6acd32c87a5e4c4,Inverse Finance Frontier,2022-04-02,day,15600000,15600000,15600000,defillama,retrospective_reported_amount; gross/net and valuation basis require source verification,Oracle Manipulation,Spot Price Manipulation,"[""Ethereum""]",DeFi Protocol,2,2,"[""defillama"", ""rekt""]","[""55236fd98873f8f7"", ""7c3f02d7cb2a49f3""]","[""2022-04-02""]","[{""source"": ""defillama"", ""claim_id"": ""55236fd98873f8f7"", ""loss_usd"": 15600000, ""loss_basis"": ""source_amount_definition_not_fully_verified"", ""valuation_date"": null}, {""source"": ""rekt"", ""claim_id"": ""7c3f02d7cb2a49f3"", ""loss_usd"": 15600000, ""loss_basis"": ""leaderboard_amount_may_use_later_valuation"", ""valuation_date"": null}]","[""https://defillama.com/hacks"", ""https://rekt.news/leaderboard/""]","[""https://defillama.com/hacks"", ""https://rekt.news/inverse-finance-rekt""]",[],,,,,False,"[""exact_information_availability_unverified"", ""retrospective_loss_not_a_live_feature""]",in_scope,[],normalized_catalog_record,,,,,,,,,,,,,2022-04-03T00:00:00Z,True,"00:00 UTC on the calendar day after the assigned incident_date; an assumed retrospective alignment, not verified public availability.","Frozen catalog reported_loss_usd; retrospective reported amount, not verified gross theft or loss known at activation.",False
inc_7632dcea504c5f3a,Vires Finance,2022-04-05,day,530000000.0,530000000.0,530000000.0,slowmist,retrospective_reported_amount; gross/net and valuation basis require source verification,,Unknown,[],,1,1,"[""slowmist""]","[""73e5a9d0d841a2a4""]","[""2022-04-05""]","[{""source"": ""slowmist"", ""claim_id"": ""73e5a9d0d841a2a4"", ""loss_usd"": 530000000.0, ""loss_basis"": ""source_reported_loss_not_fully_verified"", ""valuation_date"": null}]","[""https://hacked.slowmist.io/en/?c=&page=82""]","[""https://www.dlnews.com/articles/defi/waves-vires-finance-sasha-ivanov-role-in-crypto-530m/""]",[],,,,,False,"[""single_catalog_source"", ""exact_information_availability_unverified"", ""retrospective_loss_not_a_live_feature""]",in_scope,[],normalized_catalog_record,,,,,,,,,,,,,2022-04-06T00:00:00Z,True,"00:00 UTC on the calendar day after the assigned incident_date; an assumed retrospective alignment, not verified public availability.","Frozen catalog reported_loss_usd; retrospective reported amount, not verified gross theft or loss known at activation.",False
inc_cc8803372fcb5e04,Starstream Finance & Agora,2022-04-08,day,4000000.0,4000000.0,4000000.0,slowmist,retrospective_reported_amount; gross/net and valuation basis require source verification,,Contract Vulnerability,[],,1,1,"[""slowmist""]","[""eb40fcc7e69e52e0""]","[""2022-04-08""]","[{""source"": ""slowmist"", ""claim_id"": ""eb40fcc7e69e52e0"", ""loss_usd"": 4000000.0, ""loss_basis"": ""source_reported_loss_not_fully_verified"", ""valuation_date"": null}]","[""https://hacked.slowmist.io/en/?c=&page=81""]","[""https://mobile.twitter.com/SlowMist_Team/status/1512482819326492676""]",[],,,,,False,"[""single_catalog_source"", ""exact_information_availability_unverified"", ""retrospective_loss_not_a_live_feature""]",in_scope,[],normalized_catalog_record,,,,,,,,,,,,,2022-04-09T00:00:00Z,False,"00:00 UTC on the calendar day after the assigned incident_date; an assumed retrospective alignment, not verified public availability.","Frozen catalog reported_loss_usd; retrospective reported amount, not verified gross theft or loss known at activation.",False
inc_1719f4439fd3c492,CF Token,2022-04-11,day,1900000,1900000,1900000,defillama,retrospective_reported_amount; gross/net and valuation basis require source verification,Access Control,Improper Access Control; Contract Vulnerability,"[""BSC""]",Token,2,2,"[""defillama"", ""slowmist""]","[""14d30a517a3ab24a"", ""b9dcf854c757b6f0""]","[""2022-04-11""]","[{""source"": ""defillama"", ""claim_id"": ""14d30a517a3ab24a"", ""loss_usd"": 1900000, ""loss_basis"": ""source_amount_definition_not_fully_verified"", ""valuation_date"": null}, {""source"": ""slowmist"", ""claim_id"": ""b9dcf854c757b6f0"", ""loss_usd"": 1900000.0, ""loss_basis"": ""source_reported_loss_not_fully_verified"", ""valuation_date"": null}]","[""https://defillama.com/hacks"", ""https://hacked.slowmist.io/en/?c=&page=81""]","[""https://defillama.com/hacks"", ""https://twitter.com/peckshield/status/1513390068450308097""]",[],,,,,False,"[""exact_information_availability_unverified"", ""retrospective_loss_not_a_live_feature""]",in_scope,"[""Merge reports of the same incident: CF, CF Token. Dates, victim/product identity, attack context and amounts support one event. Preserve all source loss claims; do not sum reports."", ""Merge reports of the same incident: CF, CF Token. Dates, victim/product identity, attack context and amounts support one event. Preserve all source loss claims; do not sum reports.""]",normalized_catalog_record,,,,,,,,,,,,,2022-04-12T00:00:00Z,False,"00:00 UTC on the calendar day after the assigned incident_date; an assumed retrospective alignment, not verified public availability.","Frozen catalog reported_loss_usd; retrospective reported amount, not verified gross theft or loss known at activation.",False
inc_67d0ed9b421343bc,Elephant Money,2022-04-12,day,22200000,22200000,22200000,defillama,retrospective_reported_amount; gross/net and valuation basis require source verification,Oracle Manipulation,Spot Price Manipulation; Flash loan attack,"[""BSC""]",DeFi Protocol,2,2,"[""defillama"", ""slowmist""]","[""58488f75a8bac89b"", ""c35724cce4dad001""]","[""2022-04-12"", ""2022-04-13""]","[{""source"": ""defillama"", ""claim_id"": ""58488f75a8bac89b"", ""loss_usd"": 22200000, ""loss_basis"": ""source_amount_definition_not_fully_verified"", ""valuation_date"": null}, {""source"": ""slowmist"", ""claim_id"": ""c35724cce4dad001"", ""loss_usd"": null, ""loss_basis"": ""source_reported_loss_not_fully_verified"", ""valuation_date"": null}]","[""https://defillama.com/hacks"", ""https://hacked.slowmist.io/en/?c=&page=81""]","[""https://defillama.com/hacks"", ""https://twitter.com/BlockSecTeam/status/1512832398643265537""]",[],,,,,False,"[""source_date_disagreement"", ""exact_information_availability_unverified"", ""retrospective_loss_not_a_live_feature""]",in_scope,[],normalized_catalog_record,,,,,,,,,,,,,2022-04-13T00:00:00Z,True,"00:00 UTC on the calendar day after the assigned incident_date; an assumed retrospective alignment, not verified public availability.","Frozen catalog reported_loss_usd; retrospective reported amount, not verified gross theft or loss known at activation.",False
inc_d36b3d1313860c9e,Rikkei Finance,2022-04-15,day,1100000,1100000,1100000,defillama,retrospective_reported_amount; gross/net and valuation basis require source verification,Access Control,Improper Access Control; Contract Vulnerability,"[""BSC""]",DeFi Protocol,2,2,"[""defillama"", ""slowmist""]","[""531361c965b4913d"", ""472d8a315edb5c73""]","[""2022-04-15""]","[{""source"": ""defillama"", ""claim_id"": ""531361c965b4913d"", ""loss_usd"": 1100000, ""loss_basis"": ""source_amount_definition_not_fully_verified"", ""valuation_date"": null}, {""source"": ""slowmist"", ""claim_id"": ""472d8a315edb5c73"", ""loss_usd"": 1100000.0, ""loss_basis"": ""source_reported_loss_not_fully_verified"", ""valuation_date"": null}]","[""https://defillama.com/hacks"", ""https://hacked.slowmist.io/en/?c=&page=81""]","[""https://defillama.com/hacks"", ""https://twitter.com/RikkeiFinance/status/1514838355758161920""]",[],,,,,False,"[""exact_information_availability_unverified"", ""retrospective_loss_not_a_live_feature""]",in_scope,[],normalized_catalog_record,,,,,,,,,,,,,2022-04-16T00:00:00Z,False,"00:00 UTC on the calendar day after the assigned incident_date; an assumed retrospective alignment, not verified public availability.","Frozen catalog reported_loss_usd; retrospective reported amount, not verified gross theft or loss known at activation.",False
inc_c8fd4e85046a1b89,Beanstalk,2022-04-17,day,181000000,181000000,182000000.0,defillama,retrospective_reported_amount; gross/net and valuation basis require source verification,Governance,Flashloan Governance Attack; Flash loan attack,"[""Ethereum""]",DeFi Protocol,3,3,"[""defillama"", ""slowmist"", ""rekt""]","[""4107c08010fbb556"", ""20751c85a3cde85c"", ""c04b6ddffd0b6a2b""]","[""2022-04-17""]","[{""source"": ""defillama"", ""claim_id"": ""4107c08010fbb556"", ""loss_usd"": 181000000, ""loss_basis"": ""source_amount_definition_not_fully_verified"", ""valuation_date"": null}, {""source"": ""slowmist"", ""claim_id"": ""20751c85a3cde85c"", ""loss_usd"": 182000000.0, ""loss_basis"": ""source_reported_loss_not_fully_verified"", ""valuation_date"": null}, {""source"": ""rekt"", ""claim_id"": ""c04b6ddffd0b6a2b"", ""loss_usd"": 181000000, ""loss_basis"": ""leaderboard_amount_may_use_later_valuation"", ""valuation_date"": null}]","[""https://defillama.com/hacks"", ""https://hacked.slowmist.io/en/?c=&page=81"", ""https://rekt.news/leaderboard/""]","[""https://defillama.com/hacks"", ""https://twitter.com/BlockSecTeam/status/1515683983836979201"", ""https://rekt.news/beanstalk-rekt""]",[],,,,,False,"[""exact_information_availability_unverified"", ""retrospective_loss_not_a_live_feature""]",in_scope,[],normalized_catalog_record,,,,,,,,,,,,,2022-04-18T00:00:00Z,True,"00:00 UTC on the calendar day after the assigned incident_date; an assumed retrospective alignment, not verified public availability.","Frozen catalog reported_loss_usd; retrospective reported amount, not verified gross theft or loss known at activation.",False
inc_8a83030426e6f8b2,Terra (LUNA),2022-04-21,day,4310000,4310000,4310000,defillama,retrospective_reported_amount; gross/net and valuation basis require source verification,Social Engineering,Phishing; Phishing Attack,"[""Terra""]",Chain,2,2,"[""defillama"", ""slowmist""]","[""a8333f7ceff110e3"", ""3f0b22f00ebdb9bd""]","[""2022-04-21""]","[{""source"": ""defillama"", ""claim_id"": ""a8333f7ceff110e3"", ""loss_usd"": 4310000, ""loss_basis"": ""source_amount_definition_not_fully_verified"", ""valuation_date"": null}, {""source"": ""slowmist"", ""claim_id"": ""3f0b22f00ebdb9bd"", ""loss_usd"": 4310000.0, ""loss_basis"": ""source_reported_loss_not_fully_verified"", ""valuation_date"": null}]","[""https://defillama.com/hacks"", ""https://hacked.slowmist.io/en/?c=&page=81""]","[""https://defillama.com/hacks"", ""https://twitter.com/SlowMist_Team/status/1516961806509563904""]",[],,,,,False,"[""exact_information_availability_unverified"", ""retrospective_loss_not_a_live_feature""]",in_scope,[],normalized_catalog_record,,,,,,,,,,,,,2022-04-22T00:00:00Z,False,"00:00 UTC on the calendar day after the assigned incident_date; an assumed retrospective alignment, not verified public availability.","Frozen catalog reported_loss_usd; retrospective reported amount, not verified gross theft or loss known at activation.",False
inc_46f8b38d7abbbd43,DEUS Finance,2022-04-28,day,13400000,13400000,13400000,defillama,retrospective_reported_amount; gross/net and valuation basis require source verification,Oracle Manipulation,Spot Price Manipulation; Flash Loan Attack,"[""Fantom""]",DeFi Protocol,2,2,"[""defillama"", ""slowmist""]","[""2c0917cb8465caba"", ""1155c948b0a71137""]","[""2022-04-28""]","[{""source"": ""defillama"", ""claim_id"": ""2c0917cb8465caba"", ""loss_usd"": 13400000, ""loss_basis"": ""source_amount_definition_not_fully_verified"", ""valuation_date"": null}, {""source"": ""slowmist"", ""claim_id"": ""1155c948b0a71137"", ""loss_usd"": 13400000.0, ""loss_basis"": ""source_reported_loss_not_fully_verified"", ""valuation_date"": null}]","[""https://defillama.com/hacks"", ""https://hacked.slowmist.io/en/?c=&page=81""]","[""https://defillama.com/hacks"", ""https://twitter.com/peckshield/status/1519530463337250817""]",[],,,,,False,"[""exact_information_availability_unverified"", ""retrospective_loss_not_a_live_feature""]",in_scope,[],normalized_catalog_record,,,,,,,,,,,,,2022-04-29T00:00:00Z,True,"00:00 UTC on the calendar day after the assigned incident_date; an assumed retrospective alignment, not verified public availability.","Frozen catalog reported_loss_usd; retrospective reported amount, not verified gross theft or loss known at activation.",False
inc_4ceac39df24c4888,Saddle Finance,2022-04-30,day,11000000,10000000.0,11000000,defillama,retrospective_reported_amount; gross/net and valuation basis require source verification,Protocol Logic,Swap Logic Flaw; Flash Loan Attack,"[""Ethereum""]",DeFi Protocol,2,2,"[""defillama"", ""slowmist""]","[""5453a188c3e1ace4"", ""7f241ed2bbba8433""]","[""2022-04-30""]","[{""source"": ""defillama"", ""claim_id"": ""5453a188c3e1ace4"", ""loss_usd"": 11000000, ""loss_basis"": ""source_amount_definition_not_fully_verified"", ""valuation_date"": null}, {""source"": ""slowmist"", ""claim_id"": ""7f241ed2bbba8433"", ""loss_usd"": 10000000.0, ""loss_basis"": ""source_reported_loss_not_fully_verified"", ""valuation_date"": null}]","[""https://defillama.com/hacks"", ""https://hacked.slowmist.io/en/?c=&page=80""]","[""https://defillama.com/hacks"", ""https://twitter.com/saddlefinance/status/1520451021725741056""]",[],,,,,False,"[""loss_estimates_differ_over_5pct"", ""exact_information_availability_unverified"", ""retrospective_loss_not_a_live_feature""]",in_scope,[],normalized_catalog_record,,,,,,,,,,,,,2022-05-01T00:00:00Z,True,"00:00 UTC on the calendar day after the assigned incident_date; an assumed retrospective alignment, not verified public availability.","Frozen catalog reported_loss_usd; retrospective reported amount, not verified gross theft or loss known at activation.",False
inc_43225909d861a1da,Rari Capital,2022-05-01,day,80000000,80000000,80000000,defillama,retrospective_reported_amount; gross/net and valuation basis require source verification,Reentrancy,Reentrancy; Reentrancy Attack,"[""Arbitrum"", ""Ethereum""]",DeFi Protocol,2,2,"[""defillama"", ""slowmist""]","[""7521c0f11d576c99"", ""f72bcdbcf2cf2559""]","[""2022-04-30"", ""2022-05-01""]","[{""source"": ""defillama"", ""claim_id"": ""7521c0f11d576c99"", ""loss_usd"": 80000000, ""loss_basis"": ""source_amount_definition_not_fully_verified"", ""valuation_date"": null}, {""source"": ""slowmist"", ""claim_id"": ""f72bcdbcf2cf2559"", ""loss_usd"": 80000000.0, ""loss_basis"": ""source_reported_loss_not_fully_verified"", ""valuation_date"": null}]","[""https://defillama.com/hacks"", ""https://hacked.slowmist.io/en/?c=&page=80""]","[""https://defillama.com/hacks"", ""https://twitter.com/feiprotocol/status/1520344430242254849""]",[],,,,,False,"[""source_date_disagreement"", ""exact_information_availability_unverified"", ""retrospective_loss_not_a_live_feature""]",in_scope,[],normalized_catalog_record,,,,,,,,,,,,,2022-05-02T00:00:00Z,True,"00:00 UTC on the calendar day after the assigned incident_date; an assumed retrospective alignment, not verified public availability.","Frozen catalog reported_loss_usd; retrospective reported amount, not verified gross theft or loss known at activation.",False
inc_cf7f16c5a479df3e,MM Finance Cronos,2022-05-04,day,2000000,2000000,2000000,defillama,retrospective_reported_amount; gross/net and valuation basis require source verification,Frontend & Infrastructure,DNS Hijack; DNS Attack,"[""Cronos""]",DeFi Protocol,3,3,"[""defillama"", ""slowmist"", ""rekt""]","[""fc9f681f33cf4c73"", ""ccaad6329c0a2d4f"", ""63e2b3429a9237ac""]","[""2022-05-04""]","[{""source"": ""defillama"", ""claim_id"": ""fc9f681f33cf4c73"", ""loss_usd"": 2000000, ""loss_basis"": ""source_amount_definition_not_fully_verified"", ""valuation_date"": null}, {""source"": ""slowmist"", ""claim_id"": ""ccaad6329c0a2d4f"", ""loss_usd"": 2000000.0, ""loss_basis"": ""source_reported_loss_not_fully_verified"", ""valuation_date"": null}, {""source"": ""rekt"", ""claim_id"": ""63e2b3429a9237ac"", ""loss_usd"": 2000000, ""loss_basis"": ""leaderboard_amount_may_use_later_valuation"", ""valuation_date"": null}]","[""https://defillama.com/hacks"", ""https://hacked.slowmist.io/en/?c=&page=80"", ""https://rekt.news/leaderboard/""]","[""https://defillama.com/hacks"", ""https://medium.com/@MMFinance/dns-hi-jacking-post-mortem-compensation-3e2b5bb21183"", ""https://rekt.news/madmeerkat-finance-rekt""]",[],,,,,False,"[""exact_information_availability_unverified"", ""retrospective_loss_not_a_live_feature""]",in_scope,[],normalized_catalog_record,,,,,,,,,,,,,2022-05-05T00:00:00Z,False,"00:00 UTC on the calendar day after the assigned incident_date; an assumed retrospective alignment, not verified public availability.","Frozen catalog reported_loss_usd; retrospective reported amount, not verified gross theft or loss known at activation.",False
inc_2ef5e1cfa3409a56,Fortress Protocol,2022-05-08,day,2976004,2976004,3050000.0,defillama,retrospective_reported_amount; gross/net and valuation basis require source verification,Governance,Malicious Proposal; Flash Loan Attack,"[""BSC""]",DeFi Protocol,3,3,"[""defillama"", ""slowmist"", ""rekt""]","[""9287bf8e44dc2b97"", ""7315e80f55269289"", ""e96e7ca99623bb85""]","[""2022-05-08"", ""2022-05-09""]","[{""source"": ""defillama"", ""claim_id"": ""9287bf8e44dc2b97"", ""loss_usd"": 2976004, ""loss_basis"": ""source_amount_definition_not_fully_verified"", ""valuation_date"": null}, {""source"": ""slowmist"", ""claim_id"": ""7315e80f55269289"", ""loss_usd"": 3050000.0, ""loss_basis"": ""source_reported_loss_not_fully_verified"", ""valuation_date"": null}, {""source"": ""rekt"", ""claim_id"": ""e96e7ca99623bb85"", ""loss_usd"": 3000000, ""loss_basis"": ""leaderboard_amount_may_use_later_valuation"", ""valuation_date"": null}]","[""https://defillama.com/hacks"", ""https://hacked.slowmist.io/en/?c=&page=80"", ""https://rekt.news/leaderboard/""]","[""https://defillama.com/hacks"", ""https://twitter.com/Fortressloans/status/1523495202115051520"", ""https://rekt.news/fortress-rekt"", ""https://twitter.com/Fortressloans/status/1523495202115051520"", ""https://rekt.news/fortress-rekt""]",[],,,,,False,"[""source_date_disagreement"", ""exact_information_availability_unverified"", ""retrospective_loss_not_a_live_feature""]",in_scope,[],manually_adjudicated_fields,,,,,,,"Fortress Loans/Protocol report the same oracle/governance attack involving 1,048 ETH and 400,000 DAI.",,,,,,2022-05-09T00:00:00Z,False,"00:00 UTC on the calendar day after the assigned incident_date; an assumed retrospective alignment, not verified public availability.","Frozen catalog reported_loss_usd; retrospective reported amount, not verified gross theft or loss known at activation.",False
inc_debb0fc6c530cd74,Drift Trade,2022-05-11,day,14500000,14500000,14500000,defillama,retrospective_reported_amount; gross/net and valuation basis require source verification,Market Manipulation,Risk Parameter Abuse,"[""Solana""]",DeFi Protocol,1,1,"[""defillama""]","[""584c5345273e403f""]","[""2022-05-11""]","[{""source"": ""defillama"", ""claim_id"": ""584c5345273e403f"", ""loss_usd"": 14500000, ""loss_basis"": ""source_amount_definition_not_fully_verified"", ""valuation_date"": null}]","[""https://defillama.com/hacks""]","[""https://defillama.com/hacks""]",[],,,,,False,"[""single_catalog_source"", ""no_incident_specific_reference"", ""exact_information_availability_unverified"", ""retrospective_loss_not_a_live_feature""]",in_scope,[],normalized_catalog_record,,,,,,,,,,,,,2022-05-12T00:00:00Z,True,"00:00 UTC on the calendar day after the assigned incident_date; an assumed retrospective alignment, not verified public availability.","Frozen catalog reported_loss_usd; retrospective reported amount, not verified gross theft or loss known at activation.",False
inc_1994ddc0a3bd6108,Venus Protocol,2022-05-12,day,11200000,11200000,11200000,defillama,retrospective_reported_amount; gross/net and valuation basis require source verification,Oracle Manipulation,Stale Oracle Price; Oracle Attack,"[""Binance Smart Chain""]",DeFi Protocol,2,2,"[""defillama"", ""slowmist""]","[""821c0797c62afebc"", ""15ee442b18ae8445""]","[""2022-05-12""]","[{""source"": ""defillama"", ""claim_id"": ""821c0797c62afebc"", ""loss_usd"": 11200000, ""loss_basis"": ""source_amount_definition_not_fully_verified"", ""valuation_date"": null}, {""source"": ""slowmist"", ""claim_id"": ""15ee442b18ae8445"", ""loss_usd"": 11200000.0, ""loss_basis"": ""source_reported_loss_not_fully_verified"", ""valuation_date"": null}]","[""https://defillama.com/hacks"", ""https://hacked.slowmist.io/en/?c=&page=80""]","[""https://defillama.com/hacks"", ""https://blog.venus.io/venus-protocol-official-statement-regarding-luna-6eb45c3cb058""]",[],,,,,False,"[""exact_information_availability_unverified"", ""retrospective_loss_not_a_live_feature""]",in_scope,[],normalized_catalog_record,,,,,,,,,,,,,2022-05-13T00:00:00Z,True,"00:00 UTC on the calendar day after the assigned incident_date; an assumed retrospective alignment, not verified public availability.","Frozen catalog reported_loss_usd; retrospective reported amount, not verified gross theft or loss known at activation.",False
inc_ef7a16a47b179bdc,Blizz Finance,2022-05-13,day,8300000,8300000,8300000,defillama,retrospective_reported_amount; gross/net and valuation basis require source verification,Oracle Manipulation,Stale Oracle Price; Oracle Attack,"[""Avalanche""]",DeFi Protocol,2,2,"[""defillama"", ""slowmist""]","[""123fb8c01e8d0894"", ""f769e03000077c69""]","[""2022-05-12"", ""2022-05-13""]","[{""source"": ""defillama"", ""claim_id"": ""123fb8c01e8d0894"", ""loss_usd"": 8300000, ""loss_basis"": ""source_amount_definition_not_fully_verified"", ""valuation_date"": null}, {""source"": ""slowmist"", ""claim_id"": ""f769e03000077c69"", ""loss_usd"": 8300000.0, ""loss_basis"": ""source_reported_loss_not_fully_verified"", ""valuation_date"": null}]","[""https://defillama.com/hacks"", ""https://hacked.slowmist.io/en/?c=&page=80""]","[""https://defillama.com/hacks"", ""https://medium.com/@blizzfinance/blizz-finance-post-mortem-2425a33fe28b""]",[],,,,,False,"[""source_date_disagreement"", ""exact_information_availability_unverified"", ""retrospective_loss_not_a_live_feature""]",in_scope,[],normalized_catalog_record,,,,,,,,,,,,,2022-05-14T00:00:00Z,True,"00:00 UTC on the calendar day after the assigned incident_date; an assumed retrospective alignment, not verified public availability.","Frozen catalog reported_loss_usd; retrospective reported amount, not verified gross theft or loss known at activation.",False
inc_9e2f752f42d2728d,FEG,2022-05-16,day,1300000.0,1300000.0,1300000.0,slowmist,retrospective_reported_amount; gross/net and valuation basis require source verification,,Flash Loan Attack,[],,1,1,"[""slowmist""]","[""5034ec00299c9a36""]","[""2022-05-16""]","[{""source"": ""slowmist"", ""claim_id"": ""5034ec00299c9a36"", ""loss_usd"": 1300000.0, ""loss_basis"": ""source_reported_loss_not_fully_verified"", ""valuation_date"": null}]","[""https://hacked.slowmist.io/en/?c=&page=79""]","[""https://twitter.com/FEGtoken/status/1525965942517268480""]",[],,,,,False,"[""single_catalog_source"", ""exact_information_availability_unverified"", ""retrospective_loss_not_a_live_feature""]",in_scope,[],normalized_catalog_record,,,,,,,,,,,,,2022-05-17T00:00:00Z,False,"00:00 UTC on the calendar day after the assigned incident_date; an assumed retrospective alignment, not verified public availability.","Frozen catalog reported_loss_usd; retrospective reported amount, not verified gross theft or loss known at activation.",False
inc_4239edff9298ba19,Scream,2022-05-16,day,35000000.0,35000000.0,35000000.0,slowmist,retrospective_reported_amount; gross/net and valuation basis require source verification,,Stablecoin prices de-anchor,[],,1,1,"[""slowmist""]","[""279667a402088a83""]","[""2022-05-16""]","[{""source"": ""slowmist"", ""claim_id"": ""279667a402088a83"", ""loss_usd"": 35000000.0, ""loss_basis"": ""source_reported_loss_not_fully_verified"", ""valuation_date"": null}]","[""https://hacked.slowmist.io/en/?c=&page=79""]","[""https://www.theblockcrypto.com/post/147046/defi-lender-left-with-35-million-bad-debt-after-quoting-depegged-stablecoins-at-1?utm_source=cryptopanic&ut""]",[],,,,,False,"[""single_catalog_source"", ""exact_information_availability_unverified"", ""retrospective_loss_not_a_live_feature""]",in_scope,[],normalized_catalog_record,,,,,,,,,,,,,2022-05-17T00:00:00Z,True,"00:00 UTC on the calendar day after the assigned incident_date; an assumed retrospective alignment, not verified public availability.","Frozen catalog reported_loss_usd; retrospective reported amount, not verified gross theft or loss known at activation.",False
inc_cbd3feeb8b6f2778,FEG Token,2022-05-17,day,1900000,1900000,1900000,defillama,retrospective_reported_amount; gross/net and valuation basis require source verification,Access Control,Improper Access Control; Flash Loan Attack,"[""Binance Smart Chain"", ""Ethereum""]",Token,2,2,"[""defillama"", ""slowmist""]","[""f9ac7401c317538a"", ""fb9b9fe3f6e93311""]","[""2022-05-17""]","[{""source"": ""defillama"", ""claim_id"": ""f9ac7401c317538a"", ""loss_usd"": 1900000, ""loss_basis"": ""source_amount_definition_not_fully_verified"", ""valuation_date"": null}, {""source"": ""slowmist"", ""claim_id"": ""fb9b9fe3f6e93311"", ""loss_usd"": 1900000.0, ""loss_basis"": ""source_reported_loss_not_fully_verified"", ""valuation_date"": null}]","[""https://defillama.com/hacks"", ""https://hacked.slowmist.io/en/?c=&page=79""]","[""https://defillama.com/hacks"", ""https://twitter.com/CertiKAlert/status/1526357878503768070""]",[],,,,,False,"[""exact_information_availability_unverified"", ""retrospective_loss_not_a_live_feature""]",in_scope,"[""Merge reports of the same incident: FEG, FEG Token. Dates, victim/product identity, attack context and amounts support one event. Preserve all source loss claims; do not sum reports."", ""Merge reports of the same incident: FEG, FEG Token. Dates, victim/product identity, attack context and amounts support one event. Preserve all source loss claims; do not sum reports.""]",normalized_catalog_record,,,,,,,,,,,,,2022-05-18T00:00:00Z,False,"00:00 UTC on the calendar day after the assigned incident_date; an assumed retrospective alignment, not verified public availability.","Frozen catalog reported_loss_usd; retrospective reported amount, not verified gross theft or loss known at activation.",False
inc_01812569ac7b4215,Mirror,2022-05-30,day,2000000,2000000,2000000,defillama,retrospective_reported_amount; gross/net and valuation basis require source verification,Access Control,Improper Access Control; Oracle Price Vulnerability,"[""Terra""]",DeFi Protocol,2,2,"[""defillama"", ""slowmist""]","[""fa689cb4acf4182d"", ""e1759f94525c037b""]","[""2022-05-30"", ""2022-05-31""]","[{""source"": ""defillama"", ""claim_id"": ""fa689cb4acf4182d"", ""loss_usd"": 2000000, ""loss_basis"": ""source_amount_definition_not_fully_verified"", ""valuation_date"": null}, {""source"": ""slowmist"", ""claim_id"": ""e1759f94525c037b"", ""loss_usd"": 2000000.0, ""loss_basis"": ""source_reported_loss_not_fully_verified"", ""valuation_date"": null}]","[""https://defillama.com/hacks"", ""https://hacked.slowmist.io/en/?c=&page=78""]","[""https://defillama.com/hacks"", ""https://www.theblockcrypto.com/post/149361/mirror-protocol-suffers-new-exploit-and-could-be-drained-in-hours""]",[],,,,,False,"[""source_date_disagreement"", ""exact_information_availability_unverified"", ""retrospective_loss_not_a_live_feature""]",in_scope,"[""May 30/31 oracle exploit is distinct from the 2021 exploit disclosed May 28."", ""May 30/31 oracle exploit is distinct from the 2021 exploit disclosed May 28.""]",normalized_catalog_record,,,,,,,,,,,,,2022-05-31T00:00:00Z,False,"00:00 UTC on the calendar day after the assigned incident_date; an assumed retrospective alignment, not verified public availability.","Frozen catalog reported_loss_usd; retrospective reported amount, not verified gross theft or loss known at activation.",False
inc_ec720be97dc5890b,Elrond,2022-06-05,day,113000000,113000000,113000000,defillama,retrospective_reported_amount; gross/net and valuation basis require source verification,Token & Share Accounting,Infinite Mint; Virtual Machine Vulnerability,"[""Elrond""]",DeFi Protocol,2,2,"[""defillama"", ""slowmist""]","[""010d6b1609cc781e"", ""3d6407a9e0e17a5e""]","[""2022-06-05""]","[{""source"": ""defillama"", ""claim_id"": ""010d6b1609cc781e"", ""loss_usd"": 113000000, ""loss_basis"": ""source_amount_definition_not_fully_verified"", ""valuation_date"": null}, {""source"": ""slowmist"", ""claim_id"": ""3d6407a9e0e17a5e"", ""loss_usd"": 113000000.0, ""loss_basis"": ""source_reported_loss_not_fully_verified"", ""valuation_date"": null}]","[""https://defillama.com/hacks"", ""https://hacked.slowmist.io/en/?c=&page=78""]","[""https://defillama.com/hacks"", ""https://elrond.com/blog/incident-and-recovery-report/""]",[],,,,,False,"[""exact_information_availability_unverified"", ""retrospective_loss_not_a_live_feature""]",in_scope,[],normalized_catalog_record,,,,,,,,,,,,,2022-06-06T00:00:00Z,True,"00:00 UTC on the calendar day after the assigned incident_date; an assumed retrospective alignment, not verified public availability.","Frozen catalog reported_loss_usd; retrospective reported amount, not verified gross theft or loss known at activation.",False
inc_2ca8e57e289f1667,Wintermute,2022-06-05,day,17600000,17600000,27600000,defillama,retrospective_reported_amount; gross/net and valuation basis require source verification,Access Control,Improper Access Control,"[""Optimism""]",DeFi Protocol,2,2,"[""defillama"", ""rekt""]","[""305a37c17f97303e"", ""df1d58573f8dbb1d""]","[""2022-06-05""]","[{""source"": ""defillama"", ""claim_id"": ""305a37c17f97303e"", ""loss_usd"": 17600000, ""loss_basis"": ""source_amount_definition_not_fully_verified"", ""valuation_date"": null}, {""source"": ""rekt"", ""claim_id"": ""df1d58573f8dbb1d"", ""loss_usd"": 27600000, ""loss_basis"": ""leaderboard_amount_may_use_later_valuation"", ""valuation_date"": null}]","[""https://defillama.com/hacks"", ""https://rekt.news/leaderboard/""]","[""https://defillama.com/hacks"", ""https://rekt.news/wintermute-rekt""]",[],,,,,False,"[""loss_estimates_differ_over_5pct"", ""exact_information_availability_unverified"", ""retrospective_loss_not_a_live_feature""]",in_scope,[],normalized_catalog_record,,,,,,,,,,,,,2022-06-06T00:00:00Z,True,"00:00 UTC on the calendar day after the assigned incident_date; an assumed retrospective alignment, not verified public availability.","Frozen catalog reported_loss_usd; retrospective reported amount, not verified gross theft or loss known at activation.",False
inc_d3a0fa7afea329a2,ApolloX,2022-06-08,day,2150000,1600000.0,2150000,defillama,retrospective_reported_amount; gross/net and valuation basis require source verification,Input Validation,Signature Verification Flaw; Signature system flaws,"[""BSC""]",DeFi Protocol,2,2,"[""defillama"", ""slowmist""]","[""c8a778e9f65c9fa0"", ""d4d050478c0f5f1e""]","[""2022-06-08""]","[{""source"": ""defillama"", ""claim_id"": ""c8a778e9f65c9fa0"", ""loss_usd"": 2150000, ""loss_basis"": ""source_amount_definition_not_fully_verified"", ""valuation_date"": null}, {""source"": ""slowmist"", ""claim_id"": ""d4d050478c0f5f1e"", ""loss_usd"": 1600000.0, ""loss_basis"": ""source_reported_loss_not_fully_verified"", ""valuation_date"": null}]","[""https://defillama.com/hacks"", ""https://hacked.slowmist.io/en/?c=&page=78""]","[""https://defillama.com/hacks"", ""https://twitter.com/ApolloX_com/status/1534810576198979586""]",[],,,,,False,"[""loss_estimates_differ_over_5pct"", ""exact_information_availability_unverified"", ""retrospective_loss_not_a_live_feature""]",in_scope,[],normalized_catalog_record,,,,,,,,,,,,,2022-06-09T00:00:00Z,False,"00:00 UTC on the calendar day after the assigned incident_date; an assumed retrospective alignment, not verified public availability.","Frozen catalog reported_loss_usd; retrospective reported amount, not verified gross theft or loss known at activation.",False
inc_152a0ce8baa9f6c5,Gym Network,2022-06-08,day,2100000,2100000,2100000,defillama,retrospective_reported_amount; gross/net and valuation basis require source verification,Access Control,Improper Access Control; Contract Vulnerability,"[""BSC""]",DeFi Protocol,3,3,"[""defillama"", ""slowmist"", ""rekt""]","[""1e649c5a0b39e348"", ""6b73c96846f6ff86"", ""294f840d31da96f6""]","[""2022-06-08""]","[{""source"": ""defillama"", ""claim_id"": ""1e649c5a0b39e348"", ""loss_usd"": 2100000, ""loss_basis"": ""source_amount_definition_not_fully_verified"", ""valuation_date"": null}, {""source"": ""slowmist"", ""claim_id"": ""6b73c96846f6ff86"", ""loss_usd"": 2100000.0, ""loss_basis"": ""source_reported_loss_not_fully_verified"", ""valuation_date"": null}, {""source"": ""rekt"", ""claim_id"": ""294f840d31da96f6"", ""loss_usd"": 2100000, ""loss_basis"": ""leaderboard_amount_may_use_later_valuation"", ""valuation_date"": null}]","[""https://defillama.com/hacks"", ""https://hacked.slowmist.io/en/?c=&page=78"", ""https://rekt.news/leaderboard/""]","[""https://defillama.com/hacks"", ""https://twitter.com/GymNet_Official/status/1534452473754157056"", ""https://rekt.news/gymnet-rekt""]",[],,,,,False,"[""exact_information_availability_unverified"", ""retrospective_loss_not_a_live_feature""]",in_scope,[],normalized_catalog_record,,,,,,,,,,,,,2022-06-09T00:00:00Z,False,"00:00 UTC on the calendar day after the assigned incident_date; an assumed retrospective alignment, not verified public availability.","Frozen catalog reported_loss_usd; retrospective reported amount, not verified gross theft or loss known at activation.",False
inc_9c02c2cae9776d49,Osmosis,2022-06-08,day,5000000,3000000.0,5000000,defillama,retrospective_reported_amount; gross/net and valuation basis require source verification,Protocol Logic,Withdrawal Logic Flaw; Funds Pool Vulnerability; LP vulnerability,"[""Osmosis""]",DeFi Protocol,2,3,"[""defillama"", ""slowmist""]","[""2e07534b2d52b4d7"", ""3f115027a1d957bd"", ""eb464ff935c8e675""]","[""2022-06-08"", ""2022-06-09""]","[{""source"": ""defillama"", ""claim_id"": ""2e07534b2d52b4d7"", ""loss_usd"": 5000000, ""loss_basis"": ""source_amount_definition_not_fully_verified"", ""valuation_date"": null}, {""source"": ""slowmist"", ""claim_id"": ""3f115027a1d957bd"", ""loss_usd"": 5000000.0, ""loss_basis"": ""source_reported_loss_not_fully_verified"", ""valuation_date"": null}, {""source"": ""slowmist"", ""claim_id"": ""eb464ff935c8e675"", ""loss_usd"": 3000000.0, ""loss_basis"": ""source_reported_loss_not_fully_verified"", ""valuation_date"": null}]","[""https://defillama.com/hacks"", ""https://hacked.slowmist.io/en/?c=&page=78""]","[""https://defillama.com/hacks"", ""https://twitter.com/osmosiszone/status/1534432704246292480"", ""https://cointelegraphcn.com/news/attackers-loot-5m-from-osmosis-in-lp-exploit-2m-returned-soon-after""]",[],,,,,False,"[""source_date_disagreement"", ""loss_estimates_differ_over_5pct"", ""exact_information_availability_unverified"", ""retrospective_loss_not_a_live_feature""]",in_scope,"[""June 9 report describes June 8 theft and expected $2m return. $3m is a net-loss update to the same approximately $5m gross event, not a second theft."", ""June 9 report describes June 8 theft and expected $2m return. $3m is a net-loss update to the same approximately $5m gross event, not a second theft."", ""June 9 report describes June 8 theft and expected $2m return. $3m is a net-loss update to the same approximately $5m gross event, not a second theft.""]",normalized_catalog_record,,,,,,,,,,,,,2022-06-09T00:00:00Z,False,"00:00 UTC on the calendar day after the assigned incident_date; an assumed retrospective alignment, not verified public availability.","Frozen catalog reported_loss_usd; retrospective reported amount, not verified gross theft or loss known at activation.",False
inc_daea0aedd9b277e4,Inverse Finance Frontier,2022-06-16,day,5800000,1260000.0,5800000,defillama,retrospective_reported_amount; gross/net and valuation basis require source verification,Oracle Manipulation,Spot Price Manipulation; Flash Loan Attack,"[""Ethereum""]",DeFi Protocol,3,3,"[""defillama"", ""slowmist"", ""rekt""]","[""60369ef1ea56074f"", ""1dca4221de83ee74"", ""9f6f15222ec1f4ab""]","[""2022-06-16""]","[{""source"": ""defillama"", ""claim_id"": ""60369ef1ea56074f"", ""loss_usd"": 5800000, ""loss_basis"": ""source_amount_definition_not_fully_verified"", ""valuation_date"": null}, {""source"": ""slowmist"", ""claim_id"": ""1dca4221de83ee74"", ""loss_usd"": 1260000.0, ""loss_basis"": ""source_reported_loss_not_fully_verified"", ""valuation_date"": null}, {""source"": ""rekt"", ""claim_id"": ""9f6f15222ec1f4ab"", ""loss_usd"": 5800000, ""loss_basis"": ""leaderboard_amount_may_use_later_valuation"", ""valuation_date"": null}]","[""https://defillama.com/hacks"", ""https://hacked.slowmist.io/en/?c=&page=77"", ""https://rekt.news/leaderboard/""]","[""https://defillama.com/hacks"", ""https://www.panewslab.com/zh/articledetails/m20ffpy4.html"", ""https://rekt.news/inverse-rekt2""]",[],,,,,False,"[""loss_estimates_differ_over_5pct"", ""exact_information_availability_unverified"", ""retrospective_loss_not_a_live_feature""]",in_scope,[],normalized_catalog_record,,,,,,,,,,,,,2022-06-17T00:00:00Z,True,"00:00 UTC on the calendar day after the assigned incident_date; an assumed retrospective alignment, not verified public availability.","Frozen catalog reported_loss_usd; retrospective reported amount, not verified gross theft or loss known at activation.",False
inc_6870d75dd4a5bde8,Harmony Bridge,2022-06-23,day,100000000,100000000,100000000,defillama,retrospective_reported_amount; gross/net and valuation basis require source verification,Key Compromise,Validator Key Compromised; Private Key Leakage,"[""BSC"", ""Ethereum""]",DeFi Protocol,3,3,"[""defillama"", ""slowmist"", ""rekt""]","[""bc97d8470ad8a28b"", ""084fce6df69d3562"", ""2cde22d82b9f48e9""]","[""2022-06-23"", ""2022-06-24""]","[{""source"": ""defillama"", ""claim_id"": ""bc97d8470ad8a28b"", ""loss_usd"": 100000000, ""loss_basis"": ""source_amount_definition_not_fully_verified"", ""valuation_date"": null}, {""source"": ""slowmist"", ""claim_id"": ""084fce6df69d3562"", ""loss_usd"": 100000000.0, ""loss_basis"": ""source_reported_loss_not_fully_verified"", ""valuation_date"": null}, {""source"": ""rekt"", ""claim_id"": ""2cde22d82b9f48e9"", ""loss_usd"": 100000000, ""loss_basis"": ""leaderboard_amount_may_use_later_valuation"", ""valuation_date"": null}]","[""https://defillama.com/hacks"", ""https://hacked.slowmist.io/en/?c=&page=77"", ""https://rekt.news/leaderboard/""]","[""https://defillama.com/hacks"", ""https://twitter.com/harmonyprotocol/status/1540110924400324608"", ""https://rekt.news/harmony-rekt""]",[],,,,,False,"[""source_date_disagreement"", ""exact_information_availability_unverified"", ""retrospective_loss_not_a_live_feature""]",in_scope,[],normalized_catalog_record,,,,,,,,,,,,,2022-06-24T00:00:00Z,True,"00:00 UTC on the calendar day after the assigned incident_date; an assumed retrospective alignment, not verified public availability.","Frozen catalog reported_loss_usd; retrospective reported amount, not verified gross theft or loss known at activation.",False
inc_4df3dfb21ed3fed9,XCarnival,2022-06-26,day,3800000,3800000,3800000,defillama,retrospective_reported_amount; gross/net and valuation basis require source verification,Protocol Logic,Deposit Logic Flaw; Contract Vulnerability,"[""Ethereum""]",DeFi Protocol,2,2,"[""defillama"", ""slowmist""]","[""a9351bc1c4483298"", ""70cab0e3c41f9cf2""]","[""2022-06-26""]","[{""source"": ""defillama"", ""claim_id"": ""a9351bc1c4483298"", ""loss_usd"": 3800000, ""loss_basis"": ""source_amount_definition_not_fully_verified"", ""valuation_date"": null}, {""source"": ""slowmist"", ""claim_id"": ""70cab0e3c41f9cf2"", ""loss_usd"": null, ""loss_basis"": ""source_reported_loss_not_fully_verified"", ""valuation_date"": null}]","[""https://defillama.com/hacks"", ""https://hacked.slowmist.io/en/?c=&page=77""]","[""https://defillama.com/hacks"", ""https://twitter.com/XCarnival_Lab/status/1541060630748479488""]",[],,,,,False,"[""exact_information_availability_unverified"", ""retrospective_loss_not_a_live_feature""]",in_scope,[],normalized_catalog_record,,,,,,,,,,,,,2022-06-27T00:00:00Z,False,"00:00 UTC on the calendar day after the assigned incident_date; an assumed retrospective alignment, not verified public availability.","Frozen catalog reported_loss_usd; retrospective reported amount, not verified gross theft or loss known at activation.",False
inc_16fc8141016104a6,Crema Finance,2022-07-02,day,8800000,1682000.0,8800000,defillama,retrospective_reported_amount; gross/net and valuation basis require source verification,Access Control,Improper Access Control; Flash Loan Attack,"[""Solana""]",DeFi Protocol,3,3,"[""defillama"", ""slowmist"", ""rekt""]","[""350caba92efb929c"", ""f6fdaab6b14ab3e7"", ""64c6d442bc1e6806""]","[""2022-07-02"", ""2022-07-03""]","[{""source"": ""defillama"", ""claim_id"": ""350caba92efb929c"", ""loss_usd"": 8800000, ""loss_basis"": ""source_amount_definition_not_fully_verified"", ""valuation_date"": null}, {""source"": ""slowmist"", ""claim_id"": ""f6fdaab6b14ab3e7"", ""loss_usd"": 1682000.0, ""loss_basis"": ""source_reported_loss_not_fully_verified"", ""valuation_date"": null}, {""source"": ""rekt"", ""claim_id"": ""64c6d442bc1e6806"", ""loss_usd"": 8800000, ""loss_basis"": ""leaderboard_amount_may_use_later_valuation"", ""valuation_date"": null}]","[""https://defillama.com/hacks"", ""https://hacked.slowmist.io/en/?c=&page=76"", ""https://rekt.news/leaderboard/""]","[""https://defillama.com/hacks"", ""https://twitter.com/Crema_Finance/status/1543416225622941696"", ""https://rekt.news/crema-finance-rekt""]",[],,,,,False,"[""source_date_disagreement"", ""loss_estimates_differ_over_5pct"", ""exact_information_availability_unverified"", ""retrospective_loss_not_a_live_feature""]",in_scope,[],normalized_catalog_record,,,,,,,,,,,,,2022-07-03T00:00:00Z,True,"00:00 UTC on the calendar day after the assigned incident_date; an assumed retrospective alignment, not verified public availability.","Frozen catalog reported_loss_usd; retrospective reported amount, not verified gross theft or loss known at activation.",False
inc_e7e8e9ed13ae5bac,Omni,2022-07-10,day,1400000,1400000,1400000,defillama,retrospective_reported_amount; gross/net and valuation basis require source verification,Reentrancy,Reentrancy,"[""Ethereum""]",DeFi Protocol,1,1,"[""defillama""]","[""249ad3864cfd0476""]","[""2022-07-10""]","[{""source"": ""defillama"", ""claim_id"": ""249ad3864cfd0476"", ""loss_usd"": 1400000, ""loss_basis"": ""source_amount_definition_not_fully_verified"", ""valuation_date"": null}]","[""https://defillama.com/hacks""]","[""https://defillama.com/hacks""]",[],,,,,False,"[""single_catalog_source"", ""no_incident_specific_reference"", ""exact_information_availability_unverified"", ""retrospective_loss_not_a_live_feature""]",in_scope,[],normalized_catalog_record,,,,,,,,,,,,,2022-07-11T00:00:00Z,False,"00:00 UTC on the calendar day after the assigned incident_date; an assumed retrospective alignment, not verified public availability.","Frozen catalog reported_loss_usd; retrospective reported amount, not verified gross theft or loss known at activation.",False
inc_1c9cfcd32893a90e,Uniswap (Phishing Attack),2022-07-11,day,8000000,8000000,12900000.0,defillama,retrospective_reported_amount; gross/net and valuation basis require source verification,Social Engineering,Phishing; Phishing attack,"[""Ethereum""]",DeFi Protocol,2,2,"[""defillama"", ""slowmist""]","[""08e81949963e1f55"", ""d60481743d8f4161""]","[""2022-07-11""]","[{""source"": ""defillama"", ""claim_id"": ""08e81949963e1f55"", ""loss_usd"": 8000000, ""loss_basis"": ""source_amount_definition_not_fully_verified"", ""valuation_date"": null}, {""source"": ""slowmist"", ""claim_id"": ""d60481743d8f4161"", ""loss_usd"": 12900000.0, ""loss_basis"": ""source_reported_loss_not_fully_verified"", ""valuation_date"": null}]","[""https://defillama.com/hacks"", ""https://hacked.slowmist.io/en/?c=&page=76""]","[""https://defillama.com/hacks"", ""https://twitter.com/sniko_/status/1546535668247060481""]",[],,,,,False,"[""loss_estimates_differ_over_5pct"", ""exact_information_availability_unverified"", ""retrospective_loss_not_a_live_feature""]",in_scope,[],normalized_catalog_record,,,,,,,,,,,,,2022-07-12T00:00:00Z,True,"00:00 UTC on the calendar day after the assigned incident_date; an assumed retrospective alignment, not verified public availability.","Frozen catalog reported_loss_usd; retrospective reported amount, not verified gross theft or loss known at activation.",False
inc_d91a151c805f9753,Impermax,2022-07-16,day,9000000,9000000,9000000,defillama,retrospective_reported_amount; gross/net and valuation basis require source verification,Key Compromise,Private Key Compromised,"[""Ethereum"", ""Polygon""]",DeFi Protocol,1,1,"[""defillama""]","[""4ca52aa79a7c3476""]","[""2022-07-16""]","[{""source"": ""defillama"", ""claim_id"": ""4ca52aa79a7c3476"", ""loss_usd"": 9000000, ""loss_basis"": ""source_amount_definition_not_fully_verified"", ""valuation_date"": null}]","[""https://defillama.com/hacks""]","[""https://defillama.com/hacks""]",[],,,,,False,"[""single_catalog_source"", ""no_incident_specific_reference"", ""exact_information_availability_unverified"", ""retrospective_loss_not_a_live_feature""]",in_scope,[],normalized_catalog_record,,,,,,,,,,,,,2022-07-17T00:00:00Z,True,"00:00 UTC on the calendar day after the assigned incident_date; an assumed retrospective alignment, not verified public availability.","Frozen catalog reported_loss_usd; retrospective reported amount, not verified gross theft or loss known at activation.",False
inc_3aa7a178c080290b,Audius,2022-07-25,day,6000000,1100000.0,6000000,defillama,retrospective_reported_amount; gross/net and valuation basis require source verification,Governance,Malicious Proposal; Contract Vulnerability,"[""Ethereum""]",DeFi Protocol,3,3,"[""defillama"", ""slowmist"", ""rekt""]","[""3ee4396c8d93ac6c"", ""71c411345bede04f"", ""0634ce3913895c20""]","[""2022-07-23"", ""2022-07-24"", ""2022-07-25""]","[{""source"": ""defillama"", ""claim_id"": ""3ee4396c8d93ac6c"", ""loss_usd"": 6000000, ""loss_basis"": ""source_amount_definition_not_fully_verified"", ""valuation_date"": null}, {""source"": ""slowmist"", ""claim_id"": ""71c411345bede04f"", ""loss_usd"": 1100000.0, ""loss_basis"": ""source_reported_loss_not_fully_verified"", ""valuation_date"": null}, {""source"": ""rekt"", ""claim_id"": ""0634ce3913895c20"", ""loss_usd"": 6000000, ""loss_basis"": ""leaderboard_amount_may_use_later_valuation"", ""valuation_date"": null}]","[""https://defillama.com/hacks"", ""https://hacked.slowmist.io/en/?c=&page=76"", ""https://rekt.news/leaderboard/""]","[""https://defillama.com/hacks"", ""https://twitter.com/AudiusProject/status/1551377708722008065"", ""https://rekt.news/audius-rekt""]",[],,,,,False,"[""source_date_disagreement"", ""loss_estimates_differ_over_5pct"", ""exact_information_availability_unverified"", ""retrospective_loss_not_a_live_feature""]",in_scope,[],normalized_catalog_record,,,,,,,,,,,,,2022-07-26T00:00:00Z,True,"00:00 UTC on the calendar day after the assigned incident_date; an assumed retrospective alignment, not verified public availability.","Frozen catalog reported_loss_usd; retrospective reported amount, not verified gross theft or loss known at activation.",False
inc_77263e922f1698af,Nirvana V1,2022-07-28,day,3500000,3500000,3500000,defillama,retrospective_reported_amount; gross/net and valuation basis require source verification,Oracle Manipulation,Spot Price Manipulation; Flash Loan Attack,"[""Solana""]",DeFi Protocol,3,3,"[""defillama"", ""slowmist"", ""rekt""]","[""da484edd742f7639"", ""fa09aaba97a77eec"", ""cd63e42115f7e2fd""]","[""2022-07-28""]","[{""source"": ""defillama"", ""claim_id"": ""da484edd742f7639"", ""loss_usd"": 3500000, ""loss_basis"": ""source_amount_definition_not_fully_verified"", ""valuation_date"": null}, {""source"": ""slowmist"", ""claim_id"": ""fa09aaba97a77eec"", ""loss_usd"": 3500000.0, ""loss_basis"": ""source_reported_loss_not_fully_verified"", ""valuation_date"": null}, {""source"": ""rekt"", ""claim_id"": ""cd63e42115f7e2fd"", ""loss_usd"": 3500000, ""loss_basis"": ""leaderboard_amount_may_use_later_valuation"", ""valuation_date"": null}]","[""https://defillama.com/hacks"", ""https://hacked.slowmist.io/en/?c=&page=75"", ""https://rekt.news/leaderboard/""]","[""https://defillama.com/hacks"", ""https://twitter.com/nirvana_fi/status/1552635546626818058"", ""https://rekt.news/nirvana-rekt""]",[],,,,,False,"[""exact_information_availability_unverified"", ""retrospective_loss_not_a_live_feature""]",in_scope,[],normalized_catalog_record,,,,,,,,,,,,,2022-07-29T00:00:00Z,False,"00:00 UTC on the calendar day after the assigned incident_date; an assumed retrospective alignment, not verified public availability.","Frozen catalog reported_loss_usd; retrospective reported amount, not verified gross theft or loss known at activation.",False
inc_5a78d3dd9cc988f6,Nomad,2022-08-01,day,190000000,154000000.0,190000000,defillama,retrospective_reported_amount; gross/net and valuation basis require source verification,Bridge & Cross-Chain,Forged Proof; Contract Vulnerability,"[""Ethereum""]",DeFi Protocol,3,3,"[""defillama"", ""slowmist"", ""rekt""]","[""3bca2ab13b43cd0f"", ""c64b6977c5eb2c2c"", ""59f7dc34e156f3ef""]","[""2022-08-01"", ""2022-08-02""]","[{""source"": ""defillama"", ""claim_id"": ""3bca2ab13b43cd0f"", ""loss_usd"": 190000000, ""loss_basis"": ""source_amount_definition_not_fully_verified"", ""valuation_date"": null}, {""source"": ""slowmist"", ""claim_id"": ""c64b6977c5eb2c2c"", ""loss_usd"": 154000000.0, ""loss_basis"": ""source_reported_loss_not_fully_verified"", ""valuation_date"": null}, {""source"": ""rekt"", ""claim_id"": ""59f7dc34e156f3ef"", ""loss_usd"": 190000000, ""loss_basis"": ""leaderboard_amount_may_use_later_valuation"", ""valuation_date"": null}]","[""https://defillama.com/hacks"", ""https://hacked.slowmist.io/en/?c=&page=75"", ""https://rekt.news/leaderboard/""]","[""https://defillama.com/hacks"", ""https://zerion.io/blog/nomad-bridge-hack/"", ""https://rekt.news/nomad-rekt""]",[],,,,,False,"[""source_date_disagreement"", ""loss_estimates_differ_over_5pct"", ""exact_information_availability_unverified"", ""retrospective_loss_not_a_live_feature""]",in_scope,[],normalized_catalog_record,,,,,,,,,,,,,2022-08-02T00:00:00Z,True,"00:00 UTC on the calendar day after the assigned incident_date; an assumed retrospective alignment, not verified public availability.","Frozen catalog reported_loss_usd; retrospective reported amount, not verified gross theft or loss known at activation.",False
inc_5845ea97c4bcd6b6,Reaper Farm,2022-08-01,day,1700000,1698423.0,1700000,defillama,retrospective_reported_amount; gross/net and valuation basis require source verification,Access Control,Improper Access Control; Contract Vulnerability,"[""Fantom""]",DeFi Protocol,2,2,"[""defillama"", ""slowmist""]","[""491e7a60ae7a8011"", ""c32b81ff144f9940""]","[""2022-08-01"", ""2022-08-02""]","[{""source"": ""defillama"", ""claim_id"": ""491e7a60ae7a8011"", ""loss_usd"": 1700000, ""loss_basis"": ""source_amount_definition_not_fully_verified"", ""valuation_date"": null}, {""source"": ""slowmist"", ""claim_id"": ""c32b81ff144f9940"", ""loss_usd"": 1698423.0, ""loss_basis"": ""source_reported_loss_not_fully_verified"", ""valuation_date"": null}]","[""https://defillama.com/hacks"", ""https://hacked.slowmist.io/en/?c=&page=75""]","[""https://defillama.com/hacks"", ""https://twitter.com/PeckShieldAlert/status/1554423041232629761""]",[],,,,,False,"[""source_date_disagreement"", ""exact_information_availability_unverified"", ""retrospective_loss_not_a_live_feature""]",in_scope,[],normalized_catalog_record,,,,,,,,,,,,,2022-08-02T00:00:00Z,False,"00:00 UTC on the calendar day after the assigned incident_date; an assumed retrospective alignment, not verified public availability.","Frozen catalog reported_loss_usd; retrospective reported amount, not verified gross theft or loss known at activation.",False
inc_98283d124fdff333,ZB Exchange,2022-08-01,day,4800000,4300000.0,4800000,defillama,retrospective_reported_amount; gross/net and valuation basis require source verification,Key Compromise,Hot Wallet Key Compromised; Wallet Stolen,"[""Multi-Chain""]",CEX,2,2,"[""defillama"", ""slowmist""]","[""015def9ee1cd8ab3"", ""2812d16a90bf71ed""]","[""2022-08-01""]","[{""source"": ""defillama"", ""claim_id"": ""015def9ee1cd8ab3"", ""loss_usd"": 4800000, ""loss_basis"": ""source_amount_definition_not_fully_verified"", ""valuation_date"": null}, {""source"": ""slowmist"", ""claim_id"": ""2812d16a90bf71ed"", ""loss_usd"": 4300000.0, ""loss_basis"": ""source_reported_loss_not_fully_verified"", ""valuation_date"": null}]","[""https://defillama.com/hacks"", ""https://hacked.slowmist.io/en/?c=&page=75""]","[""https://defillama.com/hacks"", ""https://news.cnyes.com/news/id/4925357"", ""https://news.cnyes.com/news/id/4925357""]",[],,,,,False,"[""loss_estimates_differ_over_5pct"", ""exact_information_availability_unverified"", ""retrospective_loss_not_a_live_feature""]",in_scope,[],manually_adjudicated_fields,,,,,,,ZB and ZB Exchange identify the same exchange hot-wallet drain; estimates differ.,,,,,,2022-08-02T00:00:00Z,False,"00:00 UTC on the calendar day after the assigned incident_date; an assumed retrospective alignment, not verified public availability.","Frozen catalog reported_loss_usd; retrospective reported amount, not verified gross theft or loss known at activation.",False
inc_da62e71abfab2c41,Slope wallet compromise,2022-08-02,day,4100000,4000000.0,8000000.0,defillama,retrospective_reported_amount; gross/net and valuation basis require source verification,Frontend & Infrastructure,Key Stored Publicly; Unknown,"[""Solana""]",Wallet,2,3,"[""defillama"", ""slowmist""]","[""793c8701c43f585d"", ""c92a3216e12f4986"", ""43df7a2651806f12""]","[""2022-08-02"", ""2022-08-03""]","[{""source"": ""defillama"", ""claim_id"": ""793c8701c43f585d"", ""loss_usd"": 4100000, ""loss_basis"": ""source_amount_definition_not_fully_verified"", ""valuation_date"": null}, {""source"": ""slowmist"", ""claim_id"": ""c92a3216e12f4986"", ""loss_usd"": 4000000.0, ""loss_basis"": ""source_reported_loss_not_fully_verified"", ""valuation_date"": null}, {""source"": ""slowmist"", ""claim_id"": ""43df7a2651806f12"", ""loss_usd"": 8000000.0, ""loss_basis"": ""source_reported_loss_not_fully_verified"", ""valuation_date"": null}]","[""https://defillama.com/hacks"", ""https://hacked.slowmist.io/en/?c=&page=75""]","[""https://defillama.com/hacks"", ""https://twitter.com/zachxbt/status/1711748033954590900"", ""https://foresightnews.pro/news/h5Detail/8076"", ""https://twitter.com/zachxbt/status/1711748033954590900"", ""https://foresightnews.pro/news/h5Detail/8076""]",[],,,,,False,"[""source_date_disagreement"", ""loss_estimates_differ_over_5pct"", ""exact_information_availability_unverified"", ""retrospective_loss_not_a_live_feature""]",in_scope,[],manually_adjudicated_fields,,,,,,,"Slope Wallet, Slope Finance and the generically labeled Solana wallet theft refer to the same mass wallet compromise. The Solana network was not an additional hacked victim.",,,,,,2022-08-03T00:00:00Z,False,"00:00 UTC on the calendar day after the assigned incident_date; an assumed retrospective alignment, not verified public availability.","Frozen catalog reported_loss_usd; retrospective reported amount, not verified gross theft or loss known at activation.",False
inc_1a4656bfd2e6efc1,Acala Network,2022-08-14,day,1600000,1600000,1600000,defillama,retrospective_reported_amount; gross/net and valuation basis require source verification,Token & Share Accounting,Infinite Mint,"[""Acala""]",DeFi Protocol,2,2,"[""defillama"", ""rekt""]","[""53ffe48dfc7d716b"", ""e3328e28ad883688""]","[""2021-08-13""]","[{""source"": ""defillama"", ""claim_id"": ""53ffe48dfc7d716b"", ""loss_usd"": 1600000, ""loss_basis"": ""source_amount_definition_not_fully_verified"", ""valuation_date"": null}, {""source"": ""rekt"", ""claim_id"": ""e3328e28ad883688"", ""loss_usd"": 1600000, ""loss_basis"": ""leaderboard_amount_may_use_later_valuation"", ""valuation_date"": null}]","[""https://defillama.com/hacks"", ""https://rekt.news/leaderboard/""]","[""https://defillama.com/hacks"", ""https://rekt.news/acala-network-rekt"", ""https://medium.com/acalanetwork/acala-incident-report-14-08-2022-392089588642""]",[],,,,,False,"[""exact_information_availability_unverified"", ""retrospective_loss_not_a_live_feature""]",in_scope,[],manually_adjudicated_fields,"Acala issuer incident report dates pool misconfiguration to August 14, 2022",,,,,,Two catalogs copied a 2021 date; issuer report establishes 2022. USD 1.6m remains a catalog estimate with unverified gross valuation.,,,,,,2022-08-15T00:00:00Z,False,"00:00 UTC on the calendar day after the assigned incident_date; an assumed retrospective alignment, not verified public availability.","Frozen catalog reported_loss_usd; retrospective reported amount, not verified gross theft or loss known at activation.",False
inc_52ef2939508c54dc,GERA,2022-09-07,day,1480000,1480000,1480000,defillama,retrospective_reported_amount; gross/net and valuation basis require source verification,Key Compromise,Deployer Key Compromised; Private Key Leakage,"[""Ethereum""]",DeFi Protocol,2,2,"[""defillama"", ""slowmist""]","[""92e1afafc5ae6b70"", ""10a1dd9f6fe6f9cf""]","[""2022-09-07""]","[{""source"": ""defillama"", ""claim_id"": ""92e1afafc5ae6b70"", ""loss_usd"": 1480000, ""loss_basis"": ""source_amount_definition_not_fully_verified"", ""valuation_date"": null}, {""source"": ""slowmist"", ""claim_id"": ""10a1dd9f6fe6f9cf"", ""loss_usd"": 1480000.0, ""loss_basis"": ""source_reported_loss_not_fully_verified"", ""valuation_date"": null}]","[""https://defillama.com/hacks"", ""https://hacked.slowmist.io/en/?c=&page=74""]","[""https://defillama.com/hacks"", ""https://twitter.com/GeraCoin/status/1567538962410995713""]",[],,,,,False,"[""exact_information_availability_unverified"", ""retrospective_loss_not_a_live_feature""]",in_scope,[],normalized_catalog_record,,,,,,,,,,,,,2022-09-08T00:00:00Z,False,"00:00 UTC on the calendar day after the assigned incident_date; an assumed retrospective alignment, not verified public availability.","Frozen catalog reported_loss_usd; retrospective reported amount, not verified gross theft or loss known at activation.",False
inc_a4034daeac3fb48c,New Free DAO,2022-09-08,day,1250000,1250000,1250000,defillama,retrospective_reported_amount; gross/net and valuation basis require source verification,Protocol Logic,Reward Logic Flaw; Contract Vulnerability,"[""BSC""]",DeFi Protocol,2,2,"[""defillama"", ""slowmist""]","[""4585672fec703200"", ""1d05dd60f5b4c245""]","[""2022-09-08""]","[{""source"": ""defillama"", ""claim_id"": ""4585672fec703200"", ""loss_usd"": 1250000, ""loss_basis"": ""source_amount_definition_not_fully_verified"", ""valuation_date"": null}, {""source"": ""slowmist"", ""claim_id"": ""1d05dd60f5b4c245"", ""loss_usd"": null, ""loss_basis"": ""source_reported_loss_not_fully_verified"", ""valuation_date"": null}]","[""https://defillama.com/hacks"", ""https://hacked.slowmist.io/en/?c=&page=74""]","[""https://defillama.com/hacks"", ""https://mobile.twitter.com/SlowMist_Team/status/1567854876633309186""]",[],,,,,False,"[""exact_information_availability_unverified"", ""retrospective_loss_not_a_live_feature""]",in_scope,[],normalized_catalog_record,,,,,,,,,,,,,2022-09-09T00:00:00Z,False,"00:00 UTC on the calendar day after the assigned incident_date; an assumed retrospective alignment, not verified public availability.","Frozen catalog reported_loss_usd; retrospective reported amount, not verified gross theft or loss known at activation.",False
inc_127bbc2e46df423b,Wintermute,2022-09-20,day,160000000,160000000,162300000,defillama,retrospective_reported_amount; gross/net and valuation basis require source verification,Social Engineering,Phishing; Operational Mistake,"[""Ethereum""]",Other,3,3,"[""defillama"", ""slowmist"", ""rekt""]","[""3817757d642e57ef"", ""01f7849a3c8e5c9d"", ""6df462137bc43ad5""]","[""2022-09-20""]","[{""source"": ""defillama"", ""claim_id"": ""3817757d642e57ef"", ""loss_usd"": 160000000, ""loss_basis"": ""source_amount_definition_not_fully_verified"", ""valuation_date"": null}, {""source"": ""slowmist"", ""claim_id"": ""01f7849a3c8e5c9d"", ""loss_usd"": 160000000.0, ""loss_basis"": ""source_reported_loss_not_fully_verified"", ""valuation_date"": null}, {""source"": ""rekt"", ""claim_id"": ""6df462137bc43ad5"", ""loss_usd"": 162300000, ""loss_basis"": ""leaderboard_amount_may_use_later_valuation"", ""valuation_date"": null}]","[""https://defillama.com/hacks"", ""https://hacked.slowmist.io/en/?c=&page=74"", ""https://rekt.news/leaderboard/""]","[""https://defillama.com/hacks"", ""https://twitter.com/EvgenyGaevoy/status/1572329148411936770"", ""https://rekt.news/wintermute-rekt-2""]",[],,,,,False,"[""exact_information_availability_unverified"", ""retrospective_loss_not_a_live_feature""]",in_scope,[],normalized_catalog_record,,,,,,,,,,,,,2022-09-21T00:00:00Z,True,"00:00 UTC on the calendar day after the assigned incident_date; an assumed retrospective alignment, not verified public availability.","Frozen catalog reported_loss_usd; retrospective reported amount, not verified gross theft or loss known at activation.",False
inc_d132a9f2b51af985,BXH,2022-09-21,day,2500000.0,2500000.0,2500000.0,slowmist,retrospective_reported_amount; gross/net and valuation basis require source verification,,Private Key Leakage,[],,1,1,"[""slowmist""]","[""447890cc8c80834e""]","[""2022-09-21""]","[{""source"": ""slowmist"", ""claim_id"": ""447890cc8c80834e"", ""loss_usd"": 2500000.0, ""loss_basis"": ""source_reported_loss_not_fully_verified"", ""valuation_date"": null}]","[""https://hacked.slowmist.io/en/?c=&page=74""]","[""https://news.cnyes.com/news/id/4962622""]",[],,,,,False,"[""single_catalog_source"", ""exact_information_availability_unverified"", ""retrospective_loss_not_a_live_feature""]",in_scope,[],normalized_catalog_record,,,,,,,,,,,,,2022-09-22T00:00:00Z,False,"00:00 UTC on the calendar day after the assigned incident_date; an assumed retrospective alignment, not verified public availability.","Frozen catalog reported_loss_usd; retrospective reported amount, not verified gross theft or loss known at activation.",False
inc_4d12631ff7e32c18,MEV Bots,2022-09-28,day,1500000.0,1500000.0,1500000.0,slowmist,retrospective_reported_amount; gross/net and valuation basis require source verification,,Contract Vulnerability,[],,1,1,"[""slowmist""]","[""6797b0a7c4af8f5e""]","[""2022-09-28""]","[{""source"": ""slowmist"", ""claim_id"": ""6797b0a7c4af8f5e"", ""loss_usd"": 1500000.0, ""loss_basis"": ""source_reported_loss_not_fully_verified"", ""valuation_date"": null}]","[""https://hacked.slowmist.io/en/?c=&page=74""]","[""https://rekt.news/ripmevbot/""]",[],,,,,False,"[""single_catalog_source"", ""exact_information_availability_unverified"", ""retrospective_loss_not_a_live_feature""]",in_scope,[],normalized_catalog_record,,,,,,,,,,,,,2022-09-29T00:00:00Z,False,"00:00 UTC on the calendar day after the assigned incident_date; an assumed retrospective alignment, not verified public availability.","Frozen catalog reported_loss_usd; retrospective reported amount, not verified gross theft or loss known at activation.",False
inc_d12c641b158c0b58,Transit Swap,2022-10-02,day,28900000,21200000,28900000,defillama,retrospective_reported_amount; gross/net and valuation basis require source verification,Input Validation,Missing Input Validation; Unchecked Input Data,"[""BSC"", ""Ethereum""]",DeFi Protocol,3,3,"[""defillama"", ""slowmist"", ""rekt""]","[""f14ca23ed2a16889"", ""e89383496ac91f2b"", ""2e60f64f59cbae18""]","[""2022-10-02""]","[{""source"": ""defillama"", ""claim_id"": ""f14ca23ed2a16889"", ""loss_usd"": 28900000, ""loss_basis"": ""source_amount_definition_not_fully_verified"", ""valuation_date"": null}, {""source"": ""slowmist"", ""claim_id"": ""e89383496ac91f2b"", ""loss_usd"": 28900000.0, ""loss_basis"": ""source_reported_loss_not_fully_verified"", ""valuation_date"": null}, {""source"": ""rekt"", ""claim_id"": ""2e60f64f59cbae18"", ""loss_usd"": 21200000, ""loss_basis"": ""leaderboard_amount_may_use_later_valuation"", ""valuation_date"": null}]","[""https://defillama.com/hacks"", ""https://hacked.slowmist.io/en/?c=&page=74"", ""https://rekt.news/leaderboard/""]","[""https://defillama.com/hacks"", ""https://slowmist.medium.com/cross-chain-dex-aggregator-transit-swap-hacked-analysis-74ba39c22020"", ""https://rekt.news/transit-swap-rekt""]",[],,,,,False,"[""loss_estimates_differ_over_5pct"", ""exact_information_availability_unverified"", ""retrospective_loss_not_a_live_feature""]",in_scope,[],normalized_catalog_record,,,,,,,,,,,,,2022-10-03T00:00:00Z,True,"00:00 UTC on the calendar day after the assigned incident_date; an assumed retrospective alignment, not verified public availability.","Frozen catalog reported_loss_usd; retrospective reported amount, not verified gross theft or loss known at activation.",False
inc_6872f95633820cd3,Sovryn,2022-10-04,day,1100000,1100000,1111000,defillama,retrospective_reported_amount; gross/net and valuation basis require source verification,Reentrancy,Reentrancy; Price Manipulation,"[""RSK""]",DeFi Protocol,3,3,"[""defillama"", ""slowmist"", ""rekt""]","[""6a78ede5ca313d03"", ""69da38b5eec82609"", ""e3aa0dcafdea0684""]","[""2022-10-04"", ""2022-10-05""]","[{""source"": ""defillama"", ""claim_id"": ""6a78ede5ca313d03"", ""loss_usd"": 1100000, ""loss_basis"": ""source_amount_definition_not_fully_verified"", ""valuation_date"": null}, {""source"": ""slowmist"", ""claim_id"": ""69da38b5eec82609"", ""loss_usd"": null, ""loss_basis"": ""source_reported_loss_not_fully_verified"", ""valuation_date"": null}, {""source"": ""rekt"", ""claim_id"": ""e3aa0dcafdea0684"", ""loss_usd"": 1111000, ""loss_basis"": ""leaderboard_amount_may_use_later_valuation"", ""valuation_date"": null}]","[""https://defillama.com/hacks"", ""https://hacked.slowmist.io/en/?c=&page=74"", ""https://rekt.news/leaderboard/""]","[""https://defillama.com/hacks"", ""https://www.sovryn.app/blog/interim-exploit-update"", ""https://rekt.news/sovryn-rekt""]",[],,,,,False,"[""source_date_disagreement"", ""exact_information_availability_unverified"", ""retrospective_loss_not_a_live_feature""]",in_scope,[],normalized_catalog_record,,,,,,,,,,,,,2022-10-05T00:00:00Z,False,"00:00 UTC on the calendar day after the assigned incident_date; an assumed retrospective alignment, not verified public availability.","Frozen catalog reported_loss_usd; retrospective reported amount, not verified gross theft or loss known at activation.",False
inc_edc88c6900112586,Binance Bridge,2022-10-06,day,570000000,570000000,586000000,defillama,retrospective_reported_amount; gross/net and valuation basis require source verification,Bridge & Cross-Chain,Proof Verifier Bug,"[""BSC""]",DeFi Protocol,2,2,"[""defillama"", ""rekt""]","[""6ee1ed626affe9c2"", ""47ec33ba908087f9""]","[""2022-10-06""]","[{""source"": ""defillama"", ""claim_id"": ""6ee1ed626affe9c2"", ""loss_usd"": 570000000, ""loss_basis"": ""source_amount_definition_not_fully_verified"", ""valuation_date"": null}, {""source"": ""rekt"", ""claim_id"": ""47ec33ba908087f9"", ""loss_usd"": 586000000, ""loss_basis"": ""leaderboard_amount_may_use_later_valuation"", ""valuation_date"": null}]","[""https://defillama.com/hacks"", ""https://rekt.news/leaderboard/""]","[""https://defillama.com/hacks"", ""https://rekt.news/bnb-bridge-rekt""]",[],,,,,False,"[""exact_information_availability_unverified"", ""retrospective_loss_not_a_live_feature""]",in_scope,[],normalized_catalog_record,,,,,,,,,,,,,2022-10-07T00:00:00Z,True,"00:00 UTC on the calendar day after the assigned incident_date; an assumed retrospective alignment, not verified public availability.","Frozen catalog reported_loss_usd; retrospective reported amount, not verified gross theft or loss known at activation.",False
inc_68dbe67d50fab838,Mango Markets V3,2022-10-11,day,115000000,100000000.0,115000000,defillama,retrospective_reported_amount; gross/net and valuation basis require source verification,Oracle Manipulation,Spot Price Manipulation; Flash Loan Attack,"[""Solana""]",DeFi Protocol,3,3,"[""defillama"", ""slowmist"", ""rekt""]","[""4f42bbcc16a0bb9e"", ""86ebf16d3850da70"", ""6c4618a3ac520e0b""]","[""2022-10-11"", ""2022-10-12""]","[{""source"": ""defillama"", ""claim_id"": ""4f42bbcc16a0bb9e"", ""loss_usd"": 115000000, ""loss_basis"": ""source_amount_definition_not_fully_verified"", ""valuation_date"": null}, {""source"": ""slowmist"", ""claim_id"": ""86ebf16d3850da70"", ""loss_usd"": 100000000.0, ""loss_basis"": ""source_reported_loss_not_fully_verified"", ""valuation_date"": null}, {""source"": ""rekt"", ""claim_id"": ""6c4618a3ac520e0b"", ""loss_usd"": 115000000, ""loss_basis"": ""leaderboard_amount_may_use_later_valuation"", ""valuation_date"": null}]","[""https://defillama.com/hacks"", ""https://hacked.slowmist.io/en/?c=&page=73"", ""https://rekt.news/leaderboard/""]","[""https://defillama.com/hacks"", ""https://twitter.com/mangomarkets/status/1580053208130801664"", ""https://rekt.news/mango-markets-rekt""]",[],,,,,False,"[""source_date_disagreement"", ""loss_estimates_differ_over_5pct"", ""exact_information_availability_unverified"", ""retrospective_loss_not_a_live_feature""]",in_scope,[],normalized_catalog_record,,,,,,,,,,,,,2022-10-12T00:00:00Z,True,"00:00 UTC on the calendar day after the assigned incident_date; an assumed retrospective alignment, not verified public availability.","Frozen catalog reported_loss_usd; retrospective reported amount, not verified gross theft or loss known at activation.",False
inc_b823f3bc0c388662,QANplatform,2022-10-11,day,2000000,2000000,2000000,defillama,retrospective_reported_amount; gross/net and valuation basis require source verification,Key Compromise,Weak Key Generation; Profanity Vulnerability,"[""Ethereum""]",DeFi Protocol,2,2,"[""defillama"", ""slowmist""]","[""004b07f27c46cceb"", ""6f8337a0701367a5""]","[""2022-10-11""]","[{""source"": ""defillama"", ""claim_id"": ""004b07f27c46cceb"", ""loss_usd"": 2000000, ""loss_basis"": ""source_amount_definition_not_fully_verified"", ""valuation_date"": null}, {""source"": ""slowmist"", ""claim_id"": ""6f8337a0701367a5"", ""loss_usd"": 2000000.0, ""loss_basis"": ""source_reported_loss_not_fully_verified"", ""valuation_date"": null}]","[""https://defillama.com/hacks"", ""https://hacked.slowmist.io/en/?c=&page=73""]","[""https://defillama.com/hacks"", ""https://medium.com/qanplatform/qanx-bridge-wallet-disclosure-analysis-continuously-updated-724121bbbf9a""]",[],,,,,False,"[""exact_information_availability_unverified"", ""retrospective_loss_not_a_live_feature""]",in_scope,[],normalized_catalog_record,,,,,,,,,,,,,2022-10-12T00:00:00Z,False,"00:00 UTC on the calendar day after the assigned incident_date; an assumed retrospective alignment, not verified public availability.","Frozen catalog reported_loss_usd; retrospective reported amount, not verified gross theft or loss known at activation.",False
inc_ab78d8936842a753,TempleDAO,2022-10-11,day,2300000,2300000,2360000.0,defillama,retrospective_reported_amount; gross/net and valuation basis require source verification,Access Control,Improper Access Control; Contract Vulnerability,"[""Ethereum""]",DeFi Protocol,3,3,"[""defillama"", ""slowmist"", ""rekt""]","[""b6467a28ef5facfa"", ""47b35fef6f66b72f"", ""c58ccd526e41acd6""]","[""2022-10-11""]","[{""source"": ""defillama"", ""claim_id"": ""b6467a28ef5facfa"", ""loss_usd"": 2300000, ""loss_basis"": ""source_amount_definition_not_fully_verified"", ""valuation_date"": null}, {""source"": ""slowmist"", ""claim_id"": ""47b35fef6f66b72f"", ""loss_usd"": 2360000.0, ""loss_basis"": ""source_reported_loss_not_fully_verified"", ""valuation_date"": null}, {""source"": ""rekt"", ""claim_id"": ""c58ccd526e41acd6"", ""loss_usd"": 2300000, ""loss_basis"": ""leaderboard_amount_may_use_later_valuation"", ""valuation_date"": null}]","[""https://defillama.com/hacks"", ""https://hacked.slowmist.io/en/?c=&page=73"", ""https://rekt.news/leaderboard/""]","[""https://defillama.com/hacks"", ""https://twitter.com/SlowMist_Team/status/1579848760766926848"", ""https://rekt.news/templedao-rekt""]",[],,,,,False,"[""exact_information_availability_unverified"", ""retrospective_loss_not_a_live_feature""]",in_scope,[],normalized_catalog_record,,,,,,,,,,,,,2022-10-12T00:00:00Z,False,"00:00 UTC on the calendar day after the assigned incident_date; an assumed retrospective alignment, not verified public availability.","Frozen catalog reported_loss_usd; retrospective reported amount, not verified gross theft or loss known at activation.",False
inc_4515c4ee66845cc6,Earning.Farm,2022-10-15,day,1200000,1200000,1200000,defillama,retrospective_reported_amount; gross/net and valuation basis require source verification,Protocol Logic,Withdrawal Logic Flaw; Flash Loan Attack,"[""Ethereum""]",DeFi Protocol,2,2,"[""defillama"", ""slowmist""]","[""8a396767208a6d21"", ""f0ec0297df4a7538""]","[""2022-10-15""]","[{""source"": ""defillama"", ""claim_id"": ""8a396767208a6d21"", ""loss_usd"": 1200000, ""loss_basis"": ""source_amount_definition_not_fully_verified"", ""valuation_date"": null}, {""source"": ""slowmist"", ""claim_id"": ""f0ec0297df4a7538"", ""loss_usd"": null, ""loss_basis"": ""source_reported_loss_not_fully_verified"", ""valuation_date"": null}]","[""https://defillama.com/hacks"", ""https://hacked.slowmist.io/en/?c=&page=73""]","[""https://defillama.com/hacks"", ""https://twitter.com/SupremacyHQ/status/1581012823701786624""]",[],,,,,False,"[""exact_information_availability_unverified"", ""retrospective_loss_not_a_live_feature""]",in_scope,[],normalized_catalog_record,,,,,,,,,,,,,2022-10-16T00:00:00Z,False,"00:00 UTC on the calendar day after the assigned incident_date; an assumed retrospective alignment, not verified public availability.","Frozen catalog reported_loss_usd; retrospective reported amount, not verified gross theft or loss known at activation.",False
inc_357d802268dd7ca0,Bitkeep Swap,2022-10-18,day,1180000.0,1180000.0,1180000.0,slowmist,retrospective_reported_amount; gross/net and valuation basis require source verification,,Contract Vulnerability,[],,1,1,"[""slowmist""]","[""fdc8b0cff4710f20""]","[""2022-10-18""]","[{""source"": ""slowmist"", ""claim_id"": ""fdc8b0cff4710f20"", ""loss_usd"": 1180000.0, ""loss_basis"": ""source_reported_loss_not_fully_verified"", ""valuation_date"": null}]","[""https://hacked.slowmist.io/en/?c=&page=73""]","[""https://twitter.com/BitKeepOS/status/1582157619032395776""]",[],,,,,False,"[""single_catalog_source"", ""exact_information_availability_unverified"", ""retrospective_loss_not_a_live_feature""]",in_scope,[],normalized_catalog_record,,,,,,,,,,,,,2022-10-19T00:00:00Z,False,"00:00 UTC on the calendar day after the assigned incident_date; an assumed retrospective alignment, not verified public availability.","Frozen catalog reported_loss_usd; retrospective reported amount, not verified gross theft or loss known at activation.",False
inc_292d1102a8387a5f,Moola Market,2022-10-18,day,8400000,8400000,9000000.0,defillama,retrospective_reported_amount; gross/net and valuation basis require source verification,Oracle Manipulation,Spot Price Manipulation; Price Manipulation,"[""Celo""]",DeFi Protocol,3,3,"[""defillama"", ""slowmist"", ""rekt""]","[""51c185fd3b694c77"", ""ac2fca7007b71a99"", ""97fd20bca612193f""]","[""2022-10-18"", ""2022-10-19""]","[{""source"": ""defillama"", ""claim_id"": ""51c185fd3b694c77"", ""loss_usd"": 8400000, ""loss_basis"": ""source_amount_definition_not_fully_verified"", ""valuation_date"": null}, {""source"": ""slowmist"", ""claim_id"": ""ac2fca7007b71a99"", ""loss_usd"": 9000000.0, ""loss_basis"": ""source_reported_loss_not_fully_verified"", ""valuation_date"": null}, {""source"": ""rekt"", ""claim_id"": ""97fd20bca612193f"", ""loss_usd"": 8400000, ""loss_basis"": ""leaderboard_amount_may_use_later_valuation"", ""valuation_date"": null}]","[""https://defillama.com/hacks"", ""https://hacked.slowmist.io/en/?c=&page=72"", ""https://rekt.news/leaderboard/""]","[""https://defillama.com/hacks"", ""https://twitter.com/Moola_Market/status/1582588102790434816"", ""https://rekt.news/moola-markets-rekt""]",[],,,,,False,"[""source_date_disagreement"", ""loss_estimates_differ_over_5pct"", ""exact_information_availability_unverified"", ""retrospective_loss_not_a_live_feature""]",in_scope,[],normalized_catalog_record,,,,,,,,,,,,,2022-10-19T00:00:00Z,True,"00:00 UTC on the calendar day after the assigned incident_date; an assumed retrospective alignment, not verified public availability.","Frozen catalog reported_loss_usd; retrospective reported amount, not verified gross theft or loss known at activation.",False
inc_41a904c900357c12,FTX & 3Commas,2022-10-23,day,6000000.0,6000000.0,6000000.0,slowmist,retrospective_reported_amount; gross/net and valuation basis require source verification,,Phishing attack,[],,1,1,"[""slowmist""]","[""b5b37d23acdda54b""]","[""2022-10-23""]","[{""source"": ""slowmist"", ""claim_id"": ""b5b37d23acdda54b"", ""loss_usd"": 6000000.0, ""loss_basis"": ""source_reported_loss_not_fully_verified"", ""valuation_date"": null}]","[""https://hacked.slowmist.io/en/?c=&page=72""]","[""https://3commas.io/blog/3commas-security-update-october-20""]",[],,,,,False,"[""single_catalog_source"", ""exact_information_availability_unverified"", ""retrospective_loss_not_a_live_feature""]",in_scope,[],normalized_catalog_record,,,,,,,,,,,,,2022-10-24T00:00:00Z,True,"00:00 UTC on the calendar day after the assigned incident_date; an assumed retrospective alignment, not verified public availability.","Frozen catalog reported_loss_usd; retrospective reported amount, not verified gross theft or loss known at activation.",False
inc_95bcf403f8ecb114,Team Finance,2022-10-27,day,15800000,14500000.0,15800000,defillama,retrospective_reported_amount; gross/net and valuation basis require source verification,Input Validation,Missing Input Validation; Contract Vulnerability,"[""Ethereum""]",DeFi Protocol,3,3,"[""defillama"", ""slowmist"", ""rekt""]","[""923ab6dcda89f34f"", ""eb1679bd3b2ac8dc"", ""f501f79c31a59a6c""]","[""2022-10-27""]","[{""source"": ""defillama"", ""claim_id"": ""923ab6dcda89f34f"", ""loss_usd"": 15800000, ""loss_basis"": ""source_amount_definition_not_fully_verified"", ""valuation_date"": null}, {""source"": ""slowmist"", ""claim_id"": ""eb1679bd3b2ac8dc"", ""loss_usd"": 14500000.0, ""loss_basis"": ""source_reported_loss_not_fully_verified"", ""valuation_date"": null}, {""source"": ""rekt"", ""claim_id"": ""f501f79c31a59a6c"", ""loss_usd"": 15800000, ""loss_basis"": ""leaderboard_amount_may_use_later_valuation"", ""valuation_date"": null}]","[""https://defillama.com/hacks"", ""https://hacked.slowmist.io/en/?c=&page=72"", ""https://rekt.news/leaderboard/""]","[""https://defillama.com/hacks"", ""https://twitter.com/TeamFinance_/status/1585562380591063043"", ""https://rekt.news/teamfinance-rekt""]",[],,,,,False,"[""loss_estimates_differ_over_5pct"", ""exact_information_availability_unverified"", ""retrospective_loss_not_a_live_feature""]",in_scope,[],normalized_catalog_record,,,,,,,,,,,,,2022-10-28T00:00:00Z,True,"00:00 UTC on the calendar day after the assigned incident_date; an assumed retrospective alignment, not verified public availability.","Frozen catalog reported_loss_usd; retrospective reported amount, not verified gross theft or loss known at activation.",False
inc_c53710b0d2082dfa,UvToken,2022-10-27,day,1500000,1500000,1500000,defillama,retrospective_reported_amount; gross/net and valuation basis require source verification,Access Control,Improper Access Control; Contract Vulnerability,"[""BSC""]",DeFi Protocol,2,2,"[""defillama"", ""slowmist""]","[""cd85aed39ba5b146"", ""67005d769aed1fa7""]","[""2022-10-27""]","[{""source"": ""defillama"", ""claim_id"": ""cd85aed39ba5b146"", ""loss_usd"": 1500000, ""loss_basis"": ""source_amount_definition_not_fully_verified"", ""valuation_date"": null}, {""source"": ""slowmist"", ""claim_id"": ""67005d769aed1fa7"", ""loss_usd"": null, ""loss_basis"": ""source_reported_loss_not_fully_verified"", ""valuation_date"": null}]","[""https://defillama.com/hacks"", ""https://hacked.slowmist.io/en/?c=&page=72""]","[""https://defillama.com/hacks"", ""https://www.odaily.news/newsflash/303069""]",[],,,,,False,"[""exact_information_availability_unverified"", ""retrospective_loss_not_a_live_feature""]",in_scope,[],normalized_catalog_record,,,,,,,,,,,,,2022-10-28T00:00:00Z,False,"00:00 UTC on the calendar day after the assigned incident_date; an assumed retrospective alignment, not verified public availability.","Frozen catalog reported_loss_usd; retrospective reported amount, not verified gross theft or loss known at activation.",False
inc_e8f472394d19f82b,FriesDAO,2022-10-28,day,2300000,2300000,2300000,defillama,retrospective_reported_amount; gross/net and valuation basis require source verification,Key Compromise,Weak Key Generation; Profanity Vulnerability,"[""Ethereum""]",DeFi Protocol,2,2,"[""defillama"", ""slowmist""]","[""284d78eec4fee57e"", ""1f5e0bdca14f299e""]","[""2022-10-28""]","[{""source"": ""defillama"", ""claim_id"": ""284d78eec4fee57e"", ""loss_usd"": 2300000, ""loss_basis"": ""source_amount_definition_not_fully_verified"", ""valuation_date"": null}, {""source"": ""slowmist"", ""claim_id"": ""1f5e0bdca14f299e"", ""loss_usd"": 2300000.0, ""loss_basis"": ""source_reported_loss_not_fully_verified"", ""valuation_date"": null}]","[""https://defillama.com/hacks"", ""https://hacked.slowmist.io/en/?c=&page=72""]","[""https://defillama.com/hacks"", ""https://twitter.com/friesdao/status/1585712229067915264""]",[],,,,,False,"[""exact_information_availability_unverified"", ""retrospective_loss_not_a_live_feature""]",in_scope,[],normalized_catalog_record,,,,,,,,,,,,,2022-10-29T00:00:00Z,False,"00:00 UTC on the calendar day after the assigned incident_date; an assumed retrospective alignment, not verified public availability.","Frozen catalog reported_loss_usd; retrospective reported amount, not verified gross theft or loss known at activation.",False
inc_e43007c49a823e99,Deribit,2022-11-01,day,28000000,28000000,28000000,defillama,retrospective_reported_amount; gross/net and valuation basis require source verification,Key Compromise,Hot Wallet Key Compromised; Wallet Stolen,[],CEX,3,3,"[""defillama"", ""slowmist"", ""rekt""]","[""59cb5a3d665d2cee"", ""ff772bdea8d8de1f"", ""27cc889c1522bdfe""]","[""2022-11-01"", ""2022-11-02""]","[{""source"": ""defillama"", ""claim_id"": ""59cb5a3d665d2cee"", ""loss_usd"": 28000000, ""loss_basis"": ""source_amount_definition_not_fully_verified"", ""valuation_date"": null}, {""source"": ""slowmist"", ""claim_id"": ""ff772bdea8d8de1f"", ""loss_usd"": 28000000.0, ""loss_basis"": ""source_reported_loss_not_fully_verified"", ""valuation_date"": null}, {""source"": ""rekt"", ""claim_id"": ""27cc889c1522bdfe"", ""loss_usd"": 28000000, ""loss_basis"": ""leaderboard_amount_may_use_later_valuation"", ""valuation_date"": null}]","[""https://defillama.com/hacks"", ""https://hacked.slowmist.io/en/?c=&page=71"", ""https://rekt.news/leaderboard/""]","[""https://defillama.com/hacks"", ""https://twitter.com/DeribitExchange/status/1587701883778523136"", ""https://rekt.news/deribit-rekt""]",[],,,,,False,"[""source_date_disagreement"", ""exact_information_availability_unverified"", ""retrospective_loss_not_a_live_feature""]",in_scope,[],normalized_catalog_record,,,,,,,,,,,,,2022-11-02T00:00:00Z,True,"00:00 UTC on the calendar day after the assigned incident_date; an assumed retrospective alignment, not verified public availability.","Frozen catalog reported_loss_usd; retrospective reported amount, not verified gross theft or loss known at activation.",False
inc_8ee82034c783aefd,Rubic,2022-11-02,day,1200000,1200000,1200000,defillama,retrospective_reported_amount; gross/net and valuation basis require source verification,Key Compromise,Private Key Compromised; Private Key Leakage,"[""Ethereum""]",DeFi Protocol,2,2,"[""defillama"", ""slowmist""]","[""4be65ef1d355b852"", ""87273edcc46f9f22""]","[""2022-11-02""]","[{""source"": ""defillama"", ""claim_id"": ""4be65ef1d355b852"", ""loss_usd"": 1200000, ""loss_basis"": ""source_amount_definition_not_fully_verified"", ""valuation_date"": null}, {""source"": ""slowmist"", ""claim_id"": ""87273edcc46f9f22"", ""loss_usd"": 1200000.0, ""loss_basis"": ""source_reported_loss_not_fully_verified"", ""valuation_date"": null}]","[""https://defillama.com/hacks"", ""https://hacked.slowmist.io/en/?c=&page=72""]","[""https://defillama.com/hacks"", ""https://twitter.com/CryptoRubic/status/1587704890800889858""]",[],,,,,False,"[""exact_information_availability_unverified"", ""retrospective_loss_not_a_live_feature""]",in_scope,[],normalized_catalog_record,,,,,,,,,,,,,2022-11-03T00:00:00Z,False,"00:00 UTC on the calendar day after the assigned incident_date; an assumed retrospective alignment, not verified public availability.","Frozen catalog reported_loss_usd; retrospective reported amount, not verified gross theft or loss known at activation.",False
inc_01d2e82557d728f4,Skyward Finance,2022-11-02,day,3000000,3000000,3200000,defillama,retrospective_reported_amount; gross/net and valuation basis require source verification,Input Validation,Missing Input Validation; Contract Vulnerability,"[""Near""]",DeFi Protocol,3,3,"[""defillama"", ""slowmist"", ""rekt""]","[""9609ac37a4c452de"", ""25d5e6dee1330af7"", ""e9cd41a67a574f1b""]","[""2022-11-02""]","[{""source"": ""defillama"", ""claim_id"": ""9609ac37a4c452de"", ""loss_usd"": 3000000, ""loss_basis"": ""source_amount_definition_not_fully_verified"", ""valuation_date"": null}, {""source"": ""slowmist"", ""claim_id"": ""25d5e6dee1330af7"", ""loss_usd"": 3000000.0, ""loss_basis"": ""source_reported_loss_not_fully_verified"", ""valuation_date"": null}, {""source"": ""rekt"", ""claim_id"": ""e9cd41a67a574f1b"", ""loss_usd"": 3200000, ""loss_basis"": ""leaderboard_amount_may_use_later_valuation"", ""valuation_date"": null}]","[""https://defillama.com/hacks"", ""https://hacked.slowmist.io/en/?c=&page=72"", ""https://rekt.news/leaderboard/""]","[""https://defillama.com/hacks"", ""https://cointelegraph.com/news/skyward-finance-exploit-allegedly-results-in-3-million-loss"", ""https://rekt.news/skyward-rekt""]",[],,,,,False,"[""loss_estimates_differ_over_5pct"", ""exact_information_availability_unverified"", ""retrospective_loss_not_a_live_feature""]",in_scope,[],normalized_catalog_record,,,,,,,,,,,,,2022-11-03T00:00:00Z,False,"00:00 UTC on the calendar day after the assigned incident_date; an assumed retrospective alignment, not verified public availability.","Frozen catalog reported_loss_usd; retrospective reported amount, not verified gross theft or loss known at activation.",False
inc_f9dd2bf91b6cc61d,Solend (now Save),2022-11-02,day,1260000,1026000,1260000,defillama,retrospective_reported_amount; gross/net and valuation basis require source verification,Market Manipulation; Oracle Manipulation,Risk Parameter Abuse; Spot Price Manipulation; Oracle attack,"[""Solana""]",DeFi Protocol,2,3,"[""defillama"", ""slowmist""]","[""6ab83d5e7c727db8"", ""0bb04bdc9a9400c6"", ""d95e9cda82b372ca""]","[""2022-11-01"", ""2022-11-02""]","[{""source"": ""defillama"", ""claim_id"": ""6ab83d5e7c727db8"", ""loss_usd"": 1026000, ""loss_basis"": ""source_amount_definition_not_fully_verified"", ""valuation_date"": null}, {""source"": ""defillama"", ""claim_id"": ""0bb04bdc9a9400c6"", ""loss_usd"": 1260000, ""loss_basis"": ""source_amount_definition_not_fully_verified"", ""valuation_date"": null}, {""source"": ""slowmist"", ""claim_id"": ""d95e9cda82b372ca"", ""loss_usd"": 1260000.0, ""loss_basis"": ""source_reported_loss_not_fully_verified"", ""valuation_date"": null}]","[""https://defillama.com/hacks"", ""https://hacked.slowmist.io/en/?c=&page=71""]","[""https://defillama.com/hacks"", ""https://twitter.com/solendprotocol/status/1587671511137398784"", ""https://defillama.com/hacks""]",[],,,,,False,"[""source_date_disagreement"", ""loss_estimates_differ_over_5pct"", ""exact_information_availability_unverified"", ""retrospective_loss_not_a_live_feature""]",in_scope,"[""Merge reports of the same incident: Solend, Solend (now Save). Dates, victim/product identity, attack context and amounts support one event. Preserve all source loss claims; do not sum reports."", ""Merge reports of the same incident: Solend, Solend (now Save). Dates, victim/product identity, attack context and amounts support one event. Preserve all source loss claims; do not sum reports."", ""Merge reports of the same incident: Solend, Solend (now Save). Dates, victim/product identity, attack context and amounts support one event. Preserve all source loss claims; do not sum reports.""]",manually_adjudicated_fields,,,,,,,Combined adjacent-day duplicate entries in DefiLlama. Catalog differs on date and loss ($1.026m versus $1.26m); exact timing and loss still require primary review.,,,,,,2022-11-03T00:00:00Z,False,"00:00 UTC on the calendar day after the assigned incident_date; an assumed retrospective alignment, not verified public availability.","Frozen catalog reported_loss_usd; retrospective reported amount, not verified gross theft or loss known at activation.",False
inc_e7d096c0655f12df,pNetwork,2022-11-03,day,4300000,4300000,10800000.0,defillama,retrospective_reported_amount; gross/net and valuation basis require source verification,Frontend & Infrastructure,Key Leaked via Infrastructure; Configuration Error,"[""BSC""]",DeFi Protocol,2,2,"[""defillama"", ""slowmist""]","[""541ee8e8f40b9a9c"", ""62bfb67446ef2a4b""]","[""2022-11-03"", ""2022-11-04""]","[{""source"": ""defillama"", ""claim_id"": ""541ee8e8f40b9a9c"", ""loss_usd"": 4300000, ""loss_basis"": ""source_amount_definition_not_fully_verified"", ""valuation_date"": null}, {""source"": ""slowmist"", ""claim_id"": ""62bfb67446ef2a4b"", ""loss_usd"": 10800000.0, ""loss_basis"": ""source_reported_loss_not_fully_verified"", ""valuation_date"": null}]","[""https://defillama.com/hacks"", ""https://hacked.slowmist.io/en/?c=&page=71""]","[""https://defillama.com/hacks"", ""https://twitter.com/pNetworkDeFi/status/1588266897061031936""]",[],,,,,False,"[""source_date_disagreement"", ""loss_estimates_differ_over_5pct"", ""exact_information_availability_unverified"", ""retrospective_loss_not_a_live_feature""]",in_scope,[],normalized_catalog_record,,,,,,,,,,,,,2022-11-04T00:00:00Z,False,"00:00 UTC on the calendar day after the assigned incident_date; an assumed retrospective alignment, not verified public availability.","Frozen catalog reported_loss_usd; retrospective reported amount, not verified gross theft or loss known at activation.",False
inc_2eededbd38c00ef8,Pando Rings,2022-11-06,day,22000000,22000000,22000000,defillama,retrospective_reported_amount; gross/net and valuation basis require source verification,Oracle Manipulation,Spot Price Manipulation,"[""Mixin""]",DeFi Protocol,1,1,"[""defillama""]","[""7b4b31f2c41756ad""]","[""2022-11-06""]","[{""source"": ""defillama"", ""claim_id"": ""7b4b31f2c41756ad"", ""loss_usd"": 22000000, ""loss_basis"": ""source_amount_definition_not_fully_verified"", ""valuation_date"": null}]","[""https://defillama.com/hacks""]","[""https://defillama.com/hacks""]",[],,,,,False,"[""single_catalog_source"", ""no_incident_specific_reference"", ""exact_information_availability_unverified"", ""retrospective_loss_not_a_live_feature""]",in_scope,[],normalized_catalog_record,,,,,,,,,,,,,2022-11-07T00:00:00Z,True,"00:00 UTC on the calendar day after the assigned incident_date; an assumed retrospective alignment, not verified public availability.","Frozen catalog reported_loss_usd; retrospective reported amount, not verified gross theft or loss known at activation.",False
inc_201da6ed0e05c588,DFX V2,2022-11-10,day,4000000,4000000,4000000,defillama,retrospective_reported_amount; gross/net and valuation basis require source verification,Reentrancy,Reentrancy,"[""Ethereum""]",DeFi Protocol,1,1,"[""defillama""]","[""9a12b96259f10e3a""]","[""2022-11-10""]","[{""source"": ""defillama"", ""claim_id"": ""9a12b96259f10e3a"", ""loss_usd"": 4000000, ""loss_basis"": ""source_amount_definition_not_fully_verified"", ""valuation_date"": null}]","[""https://defillama.com/hacks""]","[""https://defillama.com/hacks""]",[],,,,,False,"[""single_catalog_source"", ""no_incident_specific_reference"", ""exact_information_availability_unverified"", ""retrospective_loss_not_a_live_feature""]",in_scope,[],normalized_catalog_record,,,,,,,,,,,,,2022-11-11T00:00:00Z,False,"00:00 UTC on the calendar day after the assigned incident_date; an assumed retrospective alignment, not verified public availability.","Frozen catalog reported_loss_usd; retrospective reported amount, not verified gross theft or loss known at activation.",False
inc_8351d3a39a6ee4a1,FTX,2022-11-12,day,450000000,450000000,600000000.0,defillama,retrospective_reported_amount; gross/net and valuation basis require source verification,Social Engineering,Phishing; Telegram was hacked,"[""Ethereum"", ""Solana""]",CEX,3,3,"[""defillama"", ""slowmist"", ""rekt""]","[""f9f279fca6a815eb"", ""23d291a5cdc1fcf5"", ""3c6e20927ee3377e""]","[""2022-11-11"", ""2022-11-12""]","[{""source"": ""defillama"", ""claim_id"": ""f9f279fca6a815eb"", ""loss_usd"": 450000000, ""loss_basis"": ""source_amount_definition_not_fully_verified"", ""valuation_date"": null}, {""source"": ""slowmist"", ""claim_id"": ""23d291a5cdc1fcf5"", ""loss_usd"": 600000000.0, ""loss_basis"": ""source_reported_loss_not_fully_verified"", ""valuation_date"": null}, {""source"": ""rekt"", ""claim_id"": ""3c6e20927ee3377e"", ""loss_usd"": 477000000, ""loss_basis"": ""leaderboard_amount_may_use_later_valuation"", ""valuation_date"": null}]","[""https://defillama.com/hacks"", ""https://hacked.slowmist.io/en/?c=&page=71"", ""https://rekt.news/leaderboard/""]","[""https://defillama.com/hacks"", ""https://www.coindesk.com/business/2022/11/12/ftx-crypto-wallets-see-mysterious-late-night-outflows-totalling-more-than-380m/"", ""https://rekt.news/sbf-mask-off""]",[],,,,,False,"[""source_date_disagreement"", ""loss_estimates_differ_over_5pct"", ""exact_information_availability_unverified"", ""retrospective_loss_not_a_live_feature""]",in_scope,[],normalized_catalog_record,,,,,,,,,,,,,2022-11-13T00:00:00Z,True,"00:00 UTC on the calendar day after the assigned incident_date; an assumed retrospective alignment, not verified public availability.","Frozen catalog reported_loss_usd; retrospective reported amount, not verified gross theft or loss known at activation.",False
inc_4f379ea561f17795,Ahad Shams,2022-11-26,day,4000000.0,4000000.0,4000050.0,slowmist,retrospective_reported_amount; gross/net and valuation basis require source verification,,Social engineering scam; Scam,[],,1,2,"[""slowmist""]","[""652f4b1a7f211372"", ""7d3409b7b24f491a""]","[""2022-11-26""]","[{""source"": ""slowmist"", ""claim_id"": ""652f4b1a7f211372"", ""loss_usd"": 4000000.0, ""loss_basis"": ""source_reported_loss_not_fully_verified"", ""valuation_date"": null}, {""source"": ""slowmist"", ""claim_id"": ""7d3409b7b24f491a"", ""loss_usd"": 4000050.0, ""loss_basis"": ""source_reported_loss_not_fully_verified"", ""valuation_date"": null}]","[""https://hacked.slowmist.io/en/?c=&page=71""]","[""https://twitter.com/TrustWallet/status/1623355786557632512"", ""https://twitter.com/0xngmi/status/1622614930519212032""]",[],,,,,False,"[""single_catalog_source"", ""exact_information_availability_unverified"", ""retrospective_loss_not_a_live_feature""]",in_scope,"[""Webaverse and co-founder Ahad Shams describe the same November 2022 Rome investor-impersonation theft. Social engineering theft is in scope despite one catalog using generic Scam label."", ""Webaverse and co-founder Ahad Shams describe the same November 2022 Rome investor-impersonation theft. Social engineering theft is in scope despite one catalog using generic Scam label.""]",normalized_catalog_record,,,,,,,,,,,,,2022-11-27T00:00:00Z,False,"00:00 UTC on the calendar day after the assigned incident_date; an assumed retrospective alignment, not verified public availability.","Frozen catalog reported_loss_usd; retrospective reported amount, not verified gross theft or loss known at activation.",False
inc_5171dcd09eb16aeb,Ankr,2022-12-02,day,5000000,5000000,5000000,defillama,retrospective_reported_amount; gross/net and valuation basis require source verification,Access Control,Improper Access Control; Private Key Leakage,"[""BSC""]",DeFi Protocol,2,2,"[""defillama"", ""slowmist""]","[""37082101499927be"", ""87aac566632d0fd9""]","[""2022-12-02""]","[{""source"": ""defillama"", ""claim_id"": ""37082101499927be"", ""loss_usd"": 5000000, ""loss_basis"": ""source_amount_definition_not_fully_verified"", ""valuation_date"": null}, {""source"": ""slowmist"", ""claim_id"": ""87aac566632d0fd9"", ""loss_usd"": 5000000.0, ""loss_basis"": ""source_reported_loss_not_fully_verified"", ""valuation_date"": null}]","[""https://defillama.com/hacks"", ""https://hacked.slowmist.io/en/?c=&page=71""]","[""https://defillama.com/hacks"", ""https://twitter.com/ankr/status/1598624443642703872""]",[],,,,,False,"[""exact_information_availability_unverified"", ""retrospective_loss_not_a_live_feature""]",in_scope,[],normalized_catalog_record,,,,,,,,,,,,,2022-12-03T00:00:00Z,False,"00:00 UTC on the calendar day after the assigned incident_date; an assumed retrospective alignment, not verified public availability.","Frozen catalog reported_loss_usd; retrospective reported amount, not verified gross theft or loss known at activation.",False
inc_81ee158952b6544b,Helio,2022-12-02,day,19000000.0,19000000.0,19000000.0,slowmist,retrospective_reported_amount; gross/net and valuation basis require source verification,,The impact of the Ankr vulnerability,[],,1,1,"[""slowmist""]","[""29ec12a3aaf09a96""]","[""2022-12-02""]","[{""source"": ""slowmist"", ""claim_id"": ""29ec12a3aaf09a96"", ""loss_usd"": 19000000.0, ""loss_basis"": ""source_reported_loss_not_fully_verified"", ""valuation_date"": null}]","[""https://hacked.slowmist.io/en/?c=&page=71""]","[""https://rekt.news/ankr-helio-rekt/""]",[],,,,,False,"[""single_catalog_source"", ""exact_information_availability_unverified"", ""retrospective_loss_not_a_live_feature""]",in_scope,[],normalized_catalog_record,,,,,,,,,,,,,2022-12-03T00:00:00Z,True,"00:00 UTC on the calendar day after the assigned incident_date; an assumed retrospective alignment, not verified public availability.","Frozen catalog reported_loss_usd; retrospective reported amount, not verified gross theft or loss known at activation.",False
inc_284724e96f892dc6,BTC.com,2022-12-03,day,3000000,3000000,3000000,defillama,retrospective_reported_amount; gross/net and valuation basis require source verification,Frontend & Infrastructure,Key Leaked via Infrastructure; Cyber attack,"[""Bitcoin"", ""Ethereum""]",Wallet,2,2,"[""defillama"", ""slowmist""]","[""c5b61a3d39305eeb"", ""ea2f773ffd712537""]","[""2022-12-03""]","[{""source"": ""defillama"", ""claim_id"": ""c5b61a3d39305eeb"", ""loss_usd"": 3000000, ""loss_basis"": ""source_amount_definition_not_fully_verified"", ""valuation_date"": null}, {""source"": ""slowmist"", ""claim_id"": ""ea2f773ffd712537"", ""loss_usd"": 3000000.0, ""loss_basis"": ""source_reported_loss_not_fully_verified"", ""valuation_date"": null}]","[""https://defillama.com/hacks"", ""https://hacked.slowmist.io/en/?c=&page=71""]","[""https://defillama.com/hacks"", ""https://www.prnewswire.com/news-releases/bit-mining-limited-subsidiary-experiences-cyberattack-301709947.html""]",[],,,,,False,"[""exact_information_availability_unverified"", ""retrospective_loss_not_a_live_feature""]",in_scope,[],normalized_catalog_record,,,,,,,,,,,,,2022-12-04T00:00:00Z,False,"00:00 UTC on the calendar day after the assigned incident_date; an assumed retrospective alignment, not verified public availability.","Frozen catalog reported_loss_usd; retrospective reported amount, not verified gross theft or loss known at activation.",False
inc_b50701f7fbd29e28,Lodestar V0,2022-12-10,day,6900000,6500000,7000000.0,defillama,retrospective_reported_amount; gross/net and valuation basis require source verification,Oracle Manipulation,Spot Price Manipulation; Price Manipulation,"[""Arbitrum""]",DeFi Protocol,3,3,"[""defillama"", ""slowmist"", ""rekt""]","[""6592be631cfdb850"", ""df4b0a2e4496ba53"", ""d46b23d262f68895""]","[""2022-12-10"", ""2022-12-11""]","[{""source"": ""defillama"", ""claim_id"": ""6592be631cfdb850"", ""loss_usd"": 6900000, ""loss_basis"": ""source_amount_definition_not_fully_verified"", ""valuation_date"": null}, {""source"": ""slowmist"", ""claim_id"": ""df4b0a2e4496ba53"", ""loss_usd"": 7000000.0, ""loss_basis"": ""source_reported_loss_not_fully_verified"", ""valuation_date"": null}, {""source"": ""rekt"", ""claim_id"": ""d46b23d262f68895"", ""loss_usd"": 6500000, ""loss_basis"": ""leaderboard_amount_may_use_later_valuation"", ""valuation_date"": null}]","[""https://defillama.com/hacks"", ""https://hacked.slowmist.io/en/?c=&page=70"", ""https://rekt.news/leaderboard/""]","[""https://defillama.com/hacks"", ""https://twitter.com/LodestarFinance/status/1601686921566375936"", ""https://rekt.news/lodestar-rekt""]",[],,,,,False,"[""source_date_disagreement"", ""loss_estimates_differ_over_5pct"", ""exact_information_availability_unverified"", ""retrospective_loss_not_a_live_feature""]",in_scope,[],normalized_catalog_record,,,,,,,,,,,,,2022-12-11T00:00:00Z,True,"00:00 UTC on the calendar day after the assigned incident_date; an assumed retrospective alignment, not verified public availability.","Frozen catalog reported_loss_usd; retrospective reported amount, not verified gross theft or loss known at activation.",False
inc_211a52f0d97641b8,Raydium AMM,2022-12-16,day,4400000,4395000.0,4400000,defillama,retrospective_reported_amount; gross/net and valuation basis require source verification,Social Engineering,Malware; Private Key Leakage,"[""Solana""]",DeFi Protocol,3,3,"[""defillama"", ""slowmist"", ""rekt""]","[""9332d16730c966da"", ""d61be867ac28376c"", ""5ab26b6094e14c78""]","[""2022-12-16""]","[{""source"": ""defillama"", ""claim_id"": ""9332d16730c966da"", ""loss_usd"": 4400000, ""loss_basis"": ""source_amount_definition_not_fully_verified"", ""valuation_date"": null}, {""source"": ""slowmist"", ""claim_id"": ""d61be867ac28376c"", ""loss_usd"": 4395000.0, ""loss_basis"": ""source_reported_loss_not_fully_verified"", ""valuation_date"": null}, {""source"": ""rekt"", ""claim_id"": ""5ab26b6094e14c78"", ""loss_usd"": 4400000, ""loss_basis"": ""leaderboard_amount_may_use_later_valuation"", ""valuation_date"": null}]","[""https://defillama.com/hacks"", ""https://hacked.slowmist.io/en/?c=&page=70"", ""https://rekt.news/leaderboard/""]","[""https://defillama.com/hacks"", ""https://twitter.com/RaydiumProtocol/status/1603860540153028625"", ""https://rekt.news/raydium-rekt""]",[],,,,,False,"[""exact_information_availability_unverified"", ""retrospective_loss_not_a_live_feature""]",in_scope,[],normalized_catalog_record,,,,,,,,,,,,,2022-12-17T00:00:00Z,False,"00:00 UTC on the calendar day after the assigned incident_date; an assumed retrospective alignment, not verified public availability.","Frozen catalog reported_loss_usd; retrospective reported amount, not verified gross theft or loss known at activation.",False
inc_b773cb208317f461,Defrost,2022-12-24,day,12000000,12000000,12173000.0,defillama,retrospective_reported_amount; gross/net and valuation basis require source verification,Key Compromise,Private Key Compromised; Private Key Leakage,"[""Avalanche""]",DeFi Protocol,2,2,"[""defillama"", ""slowmist""]","[""ce276fae91248cf8"", ""80f655e491b2ee5d""]","[""2022-12-24"", ""2022-12-25""]","[{""source"": ""defillama"", ""claim_id"": ""ce276fae91248cf8"", ""loss_usd"": 12000000, ""loss_basis"": ""source_amount_definition_not_fully_verified"", ""valuation_date"": null}, {""source"": ""slowmist"", ""claim_id"": ""80f655e491b2ee5d"", ""loss_usd"": 12173000.0, ""loss_basis"": ""source_reported_loss_not_fully_verified"", ""valuation_date"": null}]","[""https://defillama.com/hacks"", ""https://hacked.slowmist.io/en/?c=&page=70""]","[""https://defillama.com/hacks"", ""https://foresightnews.pro/article/detail/22019""]",[],,,,,False,"[""source_date_disagreement"", ""exact_information_availability_unverified"", ""retrospective_loss_not_a_live_feature""]",in_scope,[],normalized_catalog_record,,,,,,,,,,,,,2022-12-25T00:00:00Z,True,"00:00 UTC on the calendar day after the assigned incident_date; an assumed retrospective alignment, not verified public availability.","Frozen catalog reported_loss_usd; retrospective reported amount, not verified gross theft or loss known at activation.",False
inc_b2a4fb17e85f51d7,Rubic,2022-12-25,day,1410000,1400000.0,1410000,defillama,retrospective_reported_amount; gross/net and valuation basis require source verification,Access Control,Arbitrary External Call; Data incoming error,"[""Ethereum""]",DeFi Protocol,2,2,"[""defillama"", ""slowmist""]","[""2e167287a50b2b94"", ""6b12da6fdb049989""]","[""2022-12-25""]","[{""source"": ""defillama"", ""claim_id"": ""2e167287a50b2b94"", ""loss_usd"": 1410000, ""loss_basis"": ""source_amount_definition_not_fully_verified"", ""valuation_date"": null}, {""source"": ""slowmist"", ""claim_id"": ""6b12da6fdb049989"", ""loss_usd"": 1400000.0, ""loss_basis"": ""source_reported_loss_not_fully_verified"", ""valuation_date"": null}]","[""https://defillama.com/hacks"", ""https://hacked.slowmist.io/en/?c=&page=70""]","[""https://defillama.com/hacks"", ""https://foresightnews.pro/news/h5Detail/15051""]",[],,,,,False,"[""exact_information_availability_unverified"", ""retrospective_loss_not_a_live_feature""]",in_scope,[],normalized_catalog_record,,,,,,,,,,,,,2022-12-26T00:00:00Z,False,"00:00 UTC on the calendar day after the assigned incident_date; an assumed retrospective alignment, not verified public availability.","Frozen catalog reported_loss_usd; retrospective reported amount, not verified gross theft or loss known at activation.",False
inc_84026a0c2a12ac5b,BitKeep,2022-12-26,day,9000000.0,9000000.0,9000000.0,slowmist,retrospective_reported_amount; gross/net and valuation basis require source verification,,Unknown,[],,1,1,"[""slowmist""]","[""6dac13b429ecab7c""]","[""2022-12-26""]","[{""source"": ""slowmist"", ""claim_id"": ""6dac13b429ecab7c"", ""loss_usd"": 9000000.0, ""loss_basis"": ""source_reported_loss_not_fully_verified"", ""valuation_date"": null}]","[""https://hacked.slowmist.io/en/?c=&page=70""]","[""https://www.panewslab.com/zh/sqarticledetails/73b6rcf2.html""]",[],,,,,False,"[""single_catalog_source"", ""exact_information_availability_unverified"", ""retrospective_loss_not_a_live_feature""]",in_scope,[],normalized_catalog_record,,,,,,,,,,,,,2022-12-27T00:00:00Z,True,"00:00 UTC on the calendar day after the assigned incident_date; an assumed retrospective alignment, not verified public availability.","Frozen catalog reported_loss_usd; retrospective reported amount, not verified gross theft or loss known at activation.",False
inc_d77ccbbe51fefd66,LendHub,2023-01-16,day,6000000,6000000,6000000,defillama,retrospective_reported_amount; gross/net and valuation basis require source verification,Token & Share Accounting,Incorrect Share Accounting; Contract Vulnerability,"[""Heco""]",DeFi Protocol,2,2,"[""defillama"", ""slowmist""]","[""83783c46678a375a"", ""5df9cbf5be47bc1f""]","[""2023-01-13"", ""2023-01-16""]","[{""source"": ""defillama"", ""claim_id"": ""83783c46678a375a"", ""loss_usd"": 6000000, ""loss_basis"": ""source_amount_definition_not_fully_verified"", ""valuation_date"": null}, {""source"": ""slowmist"", ""claim_id"": ""5df9cbf5be47bc1f"", ""loss_usd"": 6000000.0, ""loss_basis"": ""source_reported_loss_not_fully_verified"", ""valuation_date"": null}]","[""https://defillama.com/hacks"", ""https://hacked.slowmist.io/en/?c=&page=69""]","[""https://defillama.com/hacks"", ""https://www.panewslab.com/zh/sqarticledetails/obl5l5ms.html""]",[],,,,,False,"[""source_date_disagreement"", ""exact_information_availability_unverified"", ""retrospective_loss_not_a_live_feature""]",in_scope,[],normalized_catalog_record,,,,,,,,,,,,,2023-01-17T00:00:00Z,True,"00:00 UTC on the calendar day after the assigned incident_date; an assumed retrospective alignment, not verified public availability.","Frozen catalog reported_loss_usd; retrospective reported amount, not verified gross theft or loss known at activation.",False
inc_0cd435977a53199b,FFF,2023-01-20,day,1030000.0,1030000.0,1030000.0,slowmist,retrospective_reported_amount; gross/net and valuation basis require source verification,,Insider Manipulation,[],,1,1,"[""slowmist""]","[""eab12bfe9cdbecf0""]","[""2023-01-20""]","[{""source"": ""slowmist"", ""claim_id"": ""eab12bfe9cdbecf0"", ""loss_usd"": 1030000.0, ""loss_basis"": ""source_reported_loss_not_fully_verified"", ""valuation_date"": null}]","[""https://hacked.slowmist.io/en/?c=&page=69""]","[""https://www.panewslab.com/zh/sqarticledetails/11pl2td6.html""]",[],,,,,False,"[""single_catalog_source"", ""exact_information_availability_unverified"", ""retrospective_loss_not_a_live_feature""]",in_scope,[],normalized_catalog_record,,,,,,,,,,,,,2023-01-21T00:00:00Z,False,"00:00 UTC on the calendar day after the assigned incident_date; an assumed retrospective alignment, not verified public availability.","Frozen catalog reported_loss_usd; retrospective reported amount, not verified gross theft or loss known at activation.",False
inc_ff0124271cf22974,Omm,2023-01-21,day,1891000,1891000,1891000,defillama,retrospective_reported_amount; gross/net and valuation basis require source verification,Protocol Logic,Redeem Logic Flaw,"[""Icon""]",DeFi Protocol,1,1,"[""defillama""]","[""ab6943eaec6ad415""]","[""2023-01-21""]","[{""source"": ""defillama"", ""claim_id"": ""ab6943eaec6ad415"", ""loss_usd"": 1891000, ""loss_basis"": ""source_amount_definition_not_fully_verified"", ""valuation_date"": null}]","[""https://defillama.com/hacks""]","[""https://defillama.com/hacks""]",[],,,,,False,"[""single_catalog_source"", ""no_incident_specific_reference"", ""exact_information_availability_unverified"", ""retrospective_loss_not_a_live_feature""]",in_scope,[],normalized_catalog_record,,,,,,,,,,,,,2023-01-22T00:00:00Z,False,"00:00 UTC on the calendar day after the assigned incident_date; an assumed retrospective alignment, not verified public availability.","Frozen catalog reported_loss_usd; retrospective reported amount, not verified gross theft or loss known at activation.",False
inc_da46b1709075b068,Orion Pools,2023-02-02,day,3000000,3000000,3000000,defillama,retrospective_reported_amount; gross/net and valuation basis require source verification,Reentrancy,Reentrancy; Reentrancy Attack,"[""BSC""]",DeFi Protocol,3,3,"[""defillama"", ""slowmist"", ""rekt""]","[""066988c0d901ae07"", ""ad982a7a9a75c7d6"", ""33109bd864345995""]","[""2023-02-02"", ""2023-02-03""]","[{""source"": ""defillama"", ""claim_id"": ""066988c0d901ae07"", ""loss_usd"": 3000000, ""loss_basis"": ""source_amount_definition_not_fully_verified"", ""valuation_date"": null}, {""source"": ""slowmist"", ""claim_id"": ""ad982a7a9a75c7d6"", ""loss_usd"": 3000000.0, ""loss_basis"": ""source_reported_loss_not_fully_verified"", ""valuation_date"": null}, {""source"": ""rekt"", ""claim_id"": ""33109bd864345995"", ""loss_usd"": 3000000, ""loss_basis"": ""leaderboard_amount_may_use_later_valuation"", ""valuation_date"": null}]","[""https://defillama.com/hacks"", ""https://hacked.slowmist.io/en/?c=&page=69"", ""https://rekt.news/leaderboard/""]","[""https://defillama.com/hacks"", ""https://www.coindesk.com/business/2023/02/02/orion-protocol-loses-3m-of-crypto-in-trading-pool-exploit/"", ""https://rekt.news/orion-protocol-rekt""]",[],,,,,False,"[""source_date_disagreement"", ""exact_information_availability_unverified"", ""retrospective_loss_not_a_live_feature""]",in_scope,[],normalized_catalog_record,,,,,,,,,,,,,2023-02-03T00:00:00Z,False,"00:00 UTC on the calendar day after the assigned incident_date; an assumed retrospective alignment, not verified public availability.","Frozen catalog reported_loss_usd; retrospective reported amount, not verified gross theft or loss known at activation.",False
inc_59bcdd156b94afda,dForce Lending,2023-02-10,day,3650000,3650000,3650000,defillama,retrospective_reported_amount; gross/net and valuation basis require source verification,Reentrancy,Read-Only Reentrancy; Price Manipulation,"[""Arbitrum"", ""Optimism""]",DeFi Protocol,3,3,"[""defillama"", ""slowmist"", ""rekt""]","[""69091915ca5afc9f"", ""c126224334ee3eaf"", ""8e156eec6b3c01f6""]","[""2023-02-09"", ""2023-02-10""]","[{""source"": ""defillama"", ""claim_id"": ""69091915ca5afc9f"", ""loss_usd"": 3650000, ""loss_basis"": ""source_amount_definition_not_fully_verified"", ""valuation_date"": null}, {""source"": ""slowmist"", ""claim_id"": ""c126224334ee3eaf"", ""loss_usd"": 3650000.0, ""loss_basis"": ""source_reported_loss_not_fully_verified"", ""valuation_date"": null}, {""source"": ""rekt"", ""claim_id"": ""8e156eec6b3c01f6"", ""loss_usd"": 3650000, ""loss_basis"": ""leaderboard_amount_may_use_later_valuation"", ""valuation_date"": null}]","[""https://defillama.com/hacks"", ""https://hacked.slowmist.io/en/?c=&page=68"", ""https://rekt.news/leaderboard/""]","[""https://defillama.com/hacks"", ""https://twitter.com/dForcenet/status/1623904209161830401"", ""https://rekt.news/dforce-network-rekt""]",[],,,,,False,"[""source_date_disagreement"", ""exact_information_availability_unverified"", ""retrospective_loss_not_a_live_feature""]",in_scope,[],normalized_catalog_record,,,,,,,,,,,,,2023-02-11T00:00:00Z,False,"00:00 UTC on the calendar day after the assigned incident_date; an assumed retrospective alignment, not verified public availability.","Frozen catalog reported_loss_usd; retrospective reported amount, not verified gross theft or loss known at activation.",False
inc_b000b36a45b8fa1b,Platypus Finance,2023-02-16,day,8500000,8500000,9000000.0,defillama,retrospective_reported_amount; gross/net and valuation basis require source verification,Protocol Logic,Unknown; Flash Loan Attack,"[""Avalanche""]",DeFi Protocol,3,3,"[""defillama"", ""slowmist"", ""rekt""]","[""fed4d4e4692c262d"", ""62aad88013f1ca40"", ""658160f43ec9375e""]","[""2023-02-16"", ""2023-02-17""]","[{""source"": ""defillama"", ""claim_id"": ""fed4d4e4692c262d"", ""loss_usd"": 8500000, ""loss_basis"": ""source_amount_definition_not_fully_verified"", ""valuation_date"": null}, {""source"": ""slowmist"", ""claim_id"": ""62aad88013f1ca40"", ""loss_usd"": 9000000.0, ""loss_basis"": ""source_reported_loss_not_fully_verified"", ""valuation_date"": null}, {""source"": ""rekt"", ""claim_id"": ""658160f43ec9375e"", ""loss_usd"": 8500000, ""loss_basis"": ""leaderboard_amount_may_use_later_valuation"", ""valuation_date"": null}]","[""https://defillama.com/hacks"", ""https://hacked.slowmist.io/en/?c=&page=68"", ""https://rekt.news/leaderboard/""]","[""https://defillama.com/hacks"", ""https://twitter.com/Platypusdefi/status/1626396538611310592"", ""https://rekt.news/platypus-finance-rekt""]",[],,,,,False,"[""source_date_disagreement"", ""loss_estimates_differ_over_5pct"", ""exact_information_availability_unverified"", ""retrospective_loss_not_a_live_feature""]",in_scope,[],normalized_catalog_record,,,,,,,,,,,,,2023-02-17T00:00:00Z,True,"00:00 UTC on the calendar day after the assigned incident_date; an assumed retrospective alignment, not verified public availability.","Frozen catalog reported_loss_usd; retrospective reported amount, not verified gross theft or loss known at activation.",False
inc_276f3f4cca9274d9,Block Tower Capital,2023-02-18,day,1500000.0,1500000.0,1500000.0,slowmist,retrospective_reported_amount; gross/net and valuation basis require source verification,,Affected by Dexible events,[],,1,1,"[""slowmist""]","[""de2f0f3ab6f8b489""]","[""2023-02-18""]","[{""source"": ""slowmist"", ""claim_id"": ""de2f0f3ab6f8b489"", ""loss_usd"": 1500000.0, ""loss_basis"": ""source_reported_loss_not_fully_verified"", ""valuation_date"": null}]","[""https://hacked.slowmist.io/en/?c=&page=68""]","[""https://www.coindesk.com/tech/2023/02/17/blocktower-capital-loses-15m-in-defi-market-aggregator-dexible-exploit-blockchain-data""]",[],,,,,False,"[""single_catalog_source"", ""exact_information_availability_unverified"", ""retrospective_loss_not_a_live_feature""]",in_scope,[],normalized_catalog_record,,,,,,,,,,,,,2023-02-19T00:00:00Z,False,"00:00 UTC on the calendar day after the assigned incident_date; an assumed retrospective alignment, not verified public availability.","Frozen catalog reported_loss_usd; retrospective reported amount, not verified gross theft or loss known at activation.",False
inc_3daa19b38efa9d6e,Dexible V2,2023-02-20,day,2047635,2000000.0,2047635,defillama,retrospective_reported_amount; gross/net and valuation basis require source verification,Access Control,Arbitrary External Call; Contract Vulnerability,"[""Arbitrum"", ""Ethereum""]",DeFi Protocol,3,3,"[""defillama"", ""slowmist"", ""rekt""]","[""a0572f6b7784069b"", ""13fef7c4e624ef29"", ""78212db452d72115""]","[""2023-02-17"", ""2023-02-20""]","[{""source"": ""defillama"", ""claim_id"": ""a0572f6b7784069b"", ""loss_usd"": 2047635, ""loss_basis"": ""source_amount_definition_not_fully_verified"", ""valuation_date"": null}, {""source"": ""slowmist"", ""claim_id"": ""13fef7c4e624ef29"", ""loss_usd"": 2000000.0, ""loss_basis"": ""source_reported_loss_not_fully_verified"", ""valuation_date"": null}, {""source"": ""rekt"", ""claim_id"": ""78212db452d72115"", ""loss_usd"": 2000000, ""loss_basis"": ""leaderboard_amount_may_use_later_valuation"", ""valuation_date"": null}]","[""https://defillama.com/hacks"", ""https://hacked.slowmist.io/en/?c=&page=68"", ""https://rekt.news/leaderboard/""]","[""https://defillama.com/hacks"", ""https://www.panewslab.com/zh/sqarticledetails/y4jol3pw.html"", ""https://rekt.news/dexible-rekt""]",[],,,,,False,"[""source_date_disagreement"", ""exact_information_availability_unverified"", ""retrospective_loss_not_a_live_feature""]",in_scope,[],normalized_catalog_record,,,,,,,,,,,,,2023-02-21T00:00:00Z,False,"00:00 UTC on the calendar day after the assigned incident_date; an assumed retrospective alignment, not verified public availability.","Frozen catalog reported_loss_usd; retrospective reported amount, not verified gross theft or loss known at activation.",False
inc_9765233e30cc6568,Hope Finance,2023-02-20,day,2000000,1860000,2000000,defillama,retrospective_reported_amount; gross/net and valuation basis require source verification,Access Control,Arbitrary External Call,"[""Arbitrum""]",DeFi Protocol,2,2,"[""defillama"", ""rekt""]","[""f2f243751af0c97e"", ""7467e3993017388f""]","[""2023-02-20""]","[{""source"": ""defillama"", ""claim_id"": ""f2f243751af0c97e"", ""loss_usd"": 2000000, ""loss_basis"": ""source_amount_definition_not_fully_verified"", ""valuation_date"": null}, {""source"": ""rekt"", ""claim_id"": ""7467e3993017388f"", ""loss_usd"": 1860000, ""loss_basis"": ""leaderboard_amount_may_use_later_valuation"", ""valuation_date"": null}]","[""https://defillama.com/hacks"", ""https://rekt.news/leaderboard/""]","[""https://defillama.com/hacks"", ""https://rekt.news/hope-finance-rekt""]",[],,,,,False,"[""loss_estimates_differ_over_5pct"", ""exact_information_availability_unverified"", ""retrospective_loss_not_a_live_feature""]",in_scope,[],normalized_catalog_record,,,,,,,,,,,,,2023-02-21T00:00:00Z,False,"00:00 UTC on the calendar day after the assigned incident_date; an assumed retrospective alignment, not verified public availability.","Frozen catalog reported_loss_usd; retrospective reported amount, not verified gross theft or loss known at activation.",False
inc_28d5a6638270ad24,Earning.farm,2023-02-24,day,5150000.0,5150000.0,5150000.0,slowmist,retrospective_reported_amount; gross/net and valuation basis require source verification,,Flash Loan Attack,[],,1,1,"[""slowmist""]","[""38a7d788829da129""]","[""2023-02-24""]","[{""source"": ""slowmist"", ""claim_id"": ""38a7d788829da129"", ""loss_usd"": 5150000.0, ""loss_basis"": ""source_reported_loss_not_fully_verified"", ""valuation_date"": null}]","[""https://hacked.slowmist.io/en/?c=&page=68""]","[""https://etherscan.io/tx/0x1fe5a53405d00ce2f3e15b214c7486c69cbc5bf165cf9596e86f797f62e81914""]",[],,,,,False,"[""single_catalog_source"", ""exact_information_availability_unverified"", ""retrospective_loss_not_a_live_feature""]",in_scope,[],normalized_catalog_record,,,,,,,,,,,,,2023-02-25T00:00:00Z,True,"00:00 UTC on the calendar day after the assigned incident_date; an assumed retrospective alignment, not verified public availability.","Frozen catalog reported_loss_usd; retrospective reported amount, not verified gross theft or loss known at activation.",False
inc_c9a38cde5926be5d,MyAlgo,2023-02-27,day,9200000,9200000,9200000,defillama,retrospective_reported_amount; gross/net and valuation basis require source verification,Frontend & Infrastructure,CDN Compromise; Mnemonic Vulnerability,"[""Algorand""]",Wallet,2,2,"[""defillama"", ""slowmist""]","[""800f5fff6df67638"", ""37bd9b1112462a53""]","[""2023-02-27"", ""2023-02-28""]","[{""source"": ""defillama"", ""claim_id"": ""800f5fff6df67638"", ""loss_usd"": 9200000, ""loss_basis"": ""source_amount_definition_not_fully_verified"", ""valuation_date"": null}, {""source"": ""slowmist"", ""claim_id"": ""37bd9b1112462a53"", ""loss_usd"": 9200000.0, ""loss_basis"": ""source_reported_loss_not_fully_verified"", ""valuation_date"": null}]","[""https://defillama.com/hacks"", ""https://hacked.slowmist.io/en/?c=&page=68""]","[""https://defillama.com/hacks"", ""https://twitter.com/myalgo_/status/1630218075411828739""]",[],,,,,False,"[""source_date_disagreement"", ""exact_information_availability_unverified"", ""retrospective_loss_not_a_live_feature""]",in_scope,[],normalized_catalog_record,,,,,,,,,,,,,2023-02-28T00:00:00Z,True,"00:00 UTC on the calendar day after the assigned incident_date; an assumed retrospective alignment, not verified public availability.","Frozen catalog reported_loss_usd; retrospective reported amount, not verified gross theft or loss known at activation.",False
inc_c8379127afa7add4,Tender Finance,2023-03-07,day,1590000,1590000,1590000,defillama,retrospective_reported_amount; gross/net and valuation basis require source verification,Oracle Manipulation,Stale Oracle Price; Oracle Attack,"[""Arbitrum""]",DeFi Protocol,2,2,"[""defillama"", ""slowmist""]","[""a20bbe3580c9dacf"", ""f366151f6639dde5""]","[""2023-03-07""]","[{""source"": ""defillama"", ""claim_id"": ""a20bbe3580c9dacf"", ""loss_usd"": 1590000, ""loss_basis"": ""source_amount_definition_not_fully_verified"", ""valuation_date"": null}, {""source"": ""slowmist"", ""claim_id"": ""f366151f6639dde5"", ""loss_usd"": 1590000.0, ""loss_basis"": ""source_reported_loss_not_fully_verified"", ""valuation_date"": null}]","[""https://defillama.com/hacks"", ""https://hacked.slowmist.io/en/?c=&page=67""]","[""https://defillama.com/hacks"", ""https://www.theblock.co/post/217823/tender-fi-hacker-returns-stolen-funds-gets-bounty-reward""]",[],,,,,False,"[""exact_information_availability_unverified"", ""retrospective_loss_not_a_live_feature""]",in_scope,[],normalized_catalog_record,,,,,,,,,,,,,2023-03-08T00:00:00Z,False,"00:00 UTC on the calendar day after the assigned incident_date; an assumed retrospective alignment, not verified public availability.","Frozen catalog reported_loss_usd; retrospective reported amount, not verified gross theft or loss known at activation.",False
inc_315f7f56173d5201,Euler V1,2023-03-13,day,197000000,197000000,197000000,defillama,retrospective_reported_amount; gross/net and valuation basis require source verification,Token & Share Accounting,Donation Attack; Flash Loan Attack,"[""Ethereum""]",DeFi Protocol,3,3,"[""defillama"", ""slowmist"", ""rekt""]","[""9d6081fad6f9f8ce"", ""752a264bf4081ed7"", ""b9ef7a841ff035dc""]","[""2023-03-13""]","[{""source"": ""defillama"", ""claim_id"": ""9d6081fad6f9f8ce"", ""loss_usd"": 197000000, ""loss_basis"": ""source_amount_definition_not_fully_verified"", ""valuation_date"": null}, {""source"": ""slowmist"", ""claim_id"": ""752a264bf4081ed7"", ""loss_usd"": 197000000.0, ""loss_basis"": ""source_reported_loss_not_fully_verified"", ""valuation_date"": null}, {""source"": ""rekt"", ""claim_id"": ""b9ef7a841ff035dc"", ""loss_usd"": 197000000, ""loss_basis"": ""leaderboard_amount_may_use_later_valuation"", ""valuation_date"": null}]","[""https://defillama.com/hacks"", ""https://hacked.slowmist.io/en/?c=&page=67"", ""https://rekt.news/leaderboard/""]","[""https://defillama.com/hacks"", ""https://twitter.com/SlowMist_Team/status/1635288963580825606"", ""https://rekt.news/euler-rekt""]",[],,,,,False,"[""exact_information_availability_unverified"", ""retrospective_loss_not_a_live_feature""]",in_scope,"[""Merge reports of the same incident: Euler Finance, Euler V1. Dates, victim/product identity, attack context and amounts support one event. Preserve all source loss claims; do not sum reports."", ""Merge reports of the same incident: Euler Finance, Euler V1. Dates, victim/product identity, attack context and amounts support one event. Preserve all source loss claims; do not sum reports."", ""Merge reports of the same incident: Euler Finance, Euler V1. Dates, victim/product identity, attack context and amounts support one event. Preserve all source loss claims; do not sum reports.""]",normalized_catalog_record,,,,,,,,,,,,,2023-03-14T00:00:00Z,True,"00:00 UTC on the calendar day after the assigned incident_date; an assumed retrospective alignment, not verified public availability.","Frozen catalog reported_loss_usd; retrospective reported amount, not verified gross theft or loss known at activation.",False
inc_97b628dc6980b8e8,General Bytes,2023-03-17,day,1500000,1500000,1800000.0,defillama,retrospective_reported_amount; gross/net and valuation basis require source verification,Frontend & Infrastructure,Key Leaked via Infrastructure; Malicious software,"[""Ethereum""]",Other,2,2,"[""defillama"", ""slowmist""]","[""448897a944c36876"", ""f5596f75d4ec34e5""]","[""2023-03-17""]","[{""source"": ""defillama"", ""claim_id"": ""448897a944c36876"", ""loss_usd"": 1500000, ""loss_basis"": ""source_amount_definition_not_fully_verified"", ""valuation_date"": null}, {""source"": ""slowmist"", ""claim_id"": ""f5596f75d4ec34e5"", ""loss_usd"": 1800000.0, ""loss_basis"": ""source_reported_loss_not_fully_verified"", ""valuation_date"": null}]","[""https://defillama.com/hacks"", ""https://hacked.slowmist.io/en/?c=&page=67""]","[""https://defillama.com/hacks"", ""https://generalbytes.atlassian.net/wiki/spaces/ESD/pages/2885222430/Security+Incident+March+17-18th+2023""]",[],,,,,False,"[""loss_estimates_differ_over_5pct"", ""exact_information_availability_unverified"", ""retrospective_loss_not_a_live_feature""]",in_scope,[],normalized_catalog_record,,,,,,,,,,,,,2023-03-18T00:00:00Z,False,"00:00 UTC on the calendar day after the assigned incident_date; an assumed retrospective alignment, not verified public availability.","Frozen catalog reported_loss_usd; retrospective reported amount, not verified gross theft or loss known at activation.",False
inc_8c814251bffec801,ParaSpace Lending V1,2023-03-17,day,5000000,5000000,5000000,defillama,retrospective_reported_amount; gross/net and valuation basis require source verification,Oracle Manipulation,Spot Price Manipulation,"[""Ethereum""]",NFTfi,1,1,"[""defillama""]","[""01dc52d037342a52""]","[""2023-03-17""]","[{""source"": ""defillama"", ""claim_id"": ""01dc52d037342a52"", ""loss_usd"": 5000000, ""loss_basis"": ""source_amount_definition_not_fully_verified"", ""valuation_date"": null}]","[""https://defillama.com/hacks""]","[""https://defillama.com/hacks""]",[],,,,,False,"[""single_catalog_source"", ""no_incident_specific_reference"", ""exact_information_availability_unverified"", ""retrospective_loss_not_a_live_feature""]",in_scope,[],normalized_catalog_record,,,,,,,,,,,,,2023-03-18T00:00:00Z,False,"00:00 UTC on the calendar day after the assigned incident_date; an assumed retrospective alignment, not verified public availability.","Frozen catalog reported_loss_usd; retrospective reported amount, not verified gross theft or loss known at activation.",False
inc_0ac7b417e8524e78,Safemoon,2023-03-28,day,8900000,8900000,8900000,defillama,retrospective_reported_amount; gross/net and valuation basis require source verification,Access Control,Improper Access Control; Contract Vulnerability,"[""BSC""]",DeFi Protocol,3,3,"[""defillama"", ""slowmist"", ""rekt""]","[""3505810d0efa2f01"", ""cb1b913fbd506159"", ""e052a2b94692aef9""]","[""2023-03-28"", ""2023-03-29""]","[{""source"": ""defillama"", ""claim_id"": ""3505810d0efa2f01"", ""loss_usd"": 8900000, ""loss_basis"": ""source_amount_definition_not_fully_verified"", ""valuation_date"": null}, {""source"": ""slowmist"", ""claim_id"": ""cb1b913fbd506159"", ""loss_usd"": 8900000.0, ""loss_basis"": ""source_reported_loss_not_fully_verified"", ""valuation_date"": null}, {""source"": ""rekt"", ""claim_id"": ""e052a2b94692aef9"", ""loss_usd"": 8900000, ""loss_basis"": ""leaderboard_amount_may_use_later_valuation"", ""valuation_date"": null}]","[""https://defillama.com/hacks"", ""https://hacked.slowmist.io/en/?c=&page=66"", ""https://rekt.news/leaderboard/""]","[""https://defillama.com/hacks"", ""ttps://twitter.com/CptHodl/status/1640914110350016512"", ""https://rekt.news/safemoon-rekt""]",[],,,,,False,"[""source_date_disagreement"", ""exact_information_availability_unverified"", ""retrospective_loss_not_a_live_feature""]",in_scope,[],normalized_catalog_record,,,,,,,,,,,,,2023-03-29T00:00:00Z,True,"00:00 UTC on the calendar day after the assigned incident_date; an assumed retrospective alignment, not verified public availability.","Frozen catalog reported_loss_usd; retrospective reported amount, not verified gross theft or loss known at activation.",False
inc_e92f6c5ece4ce126,Patricio Worthalter,2023-03-30,day,3800000,3800000,3830000.0,defillama,retrospective_reported_amount; gross/net and valuation basis require source verification,Social Engineering,Phishing; Phishing Attack,"[""Ethereum""]",Token,2,2,"[""defillama"", ""slowmist""]","[""20e6c9ccd6087c38"", ""5ed23bafd3164084""]","[""2023-03-30""]","[{""source"": ""defillama"", ""claim_id"": ""20e6c9ccd6087c38"", ""loss_usd"": 3800000, ""loss_basis"": ""source_amount_definition_not_fully_verified"", ""valuation_date"": null}, {""source"": ""slowmist"", ""claim_id"": ""5ed23bafd3164084"", ""loss_usd"": 3830000.0, ""loss_basis"": ""source_reported_loss_not_fully_verified"", ""valuation_date"": null}]","[""https://defillama.com/hacks"", ""https://hacked.slowmist.io/en/?c=&page=66""]","[""https://defillama.com/hacks"", ""https://twitter.com/lookonchain/status/1641397055171211265"", ""https://twitter.com/lookonchain/status/1641397055171211265""]",[],,,,,False,"[""exact_information_availability_unverified"", ""retrospective_loss_not_a_live_feature""]",in_scope,[],manually_adjudicated_fields,,,,,,,"Rocket Pool names the stolen RPL asset. Lookonchain identifies 85,898 RPL stolen from Worthalter; there is no separate Rocket Pool protocol exploit established by this row.",,,,,,2023-03-31T00:00:00Z,False,"00:00 UTC on the calendar day after the assigned incident_date; an assumed retrospective alignment, not verified public availability.","Frozen catalog reported_loss_usd; retrospective reported amount, not verified gross theft or loss known at activation.",False
inc_27b8afc125bb3cd8,MEV-Boost relay attack,2023-04-03,day,20000000,20000000,25000000.0,defillama,retrospective_reported_amount; gross/net and valuation basis require source verification,Frontend & Infrastructure,Key Leaked via Infrastructure; Sandwich Attack,"[""Ethereum""]",Other,2,2,"[""defillama"", ""slowmist""]","[""40a15d7c9dfc95db"", ""8e158cfc1cd4f024""]","[""2023-04-03""]","[{""source"": ""defillama"", ""claim_id"": ""40a15d7c9dfc95db"", ""loss_usd"": 20000000, ""loss_basis"": ""source_amount_definition_not_fully_verified"", ""valuation_date"": null}, {""source"": ""slowmist"", ""claim_id"": ""8e158cfc1cd4f024"", ""loss_usd"": 25000000.0, ""loss_basis"": ""source_reported_loss_not_fully_verified"", ""valuation_date"": null}]","[""https://defillama.com/hacks"", ""https://hacked.slowmist.io/en/?c=&page=66""]","[""https://defillama.com/hacks"", ""https://www.panewslab.com/zh/sqarticledetails/yov8heci.html"", ""https://www.panewslab.com/zh/sqarticledetails/yov8heci.html""]",[],,,,,False,"[""loss_estimates_differ_over_5pct"", ""exact_information_availability_unverified"", ""retrospective_loss_not_a_live_feature""]",in_scope,[],manually_adjudicated_fields,,,,,,,MEV Bots and MEV-Boost Relay refer to the same malicious-validator relay/bundle incident.,,,,,,2023-04-04T00:00:00Z,True,"00:00 UTC on the calendar day after the assigned incident_date; an assumed retrospective alignment, not verified public availability.","Frozen catalog reported_loss_usd; retrospective reported amount, not verified gross theft or loss known at activation.",False
inc_28f4e5e0d0431728,GDAC,2023-04-08,day,13900000,13000000.0,13900000,defillama,retrospective_reported_amount; gross/net and valuation basis require source verification,Key Compromise,Hot Wallet Key Compromised; Wallet Stolen,[],CEX,2,2,"[""defillama"", ""slowmist""]","[""9292eccf3549a786"", ""1fb590dff1903cf9""]","[""2023-04-08"", ""2023-04-09""]","[{""source"": ""defillama"", ""claim_id"": ""9292eccf3549a786"", ""loss_usd"": 13900000, ""loss_basis"": ""source_amount_definition_not_fully_verified"", ""valuation_date"": null}, {""source"": ""slowmist"", ""claim_id"": ""1fb590dff1903cf9"", ""loss_usd"": 13000000.0, ""loss_basis"": ""source_reported_loss_not_fully_verified"", ""valuation_date"": null}]","[""https://defillama.com/hacks"", ""https://hacked.slowmist.io/en/?c=&page=66""]","[""https://defillama.com/hacks"", ""https://support.gdac.com/hc/ko/articles/17389345782041--%EA%B8%B4%EA%B8%89%EA%B3%B5%EC%A7%80-%EC%9E%85%EC%B6%9C%EA%B8%88-%EC%84%9C%EB%B9%84%EC%8A%A4-%""]",[],,,,,False,"[""source_date_disagreement"", ""loss_estimates_differ_over_5pct"", ""exact_information_availability_unverified"", ""retrospective_loss_not_a_live_feature""]",in_scope,[],normalized_catalog_record,,,,,,,,,,,,,2023-04-09T00:00:00Z,True,"00:00 UTC on the calendar day after the assigned incident_date; an assumed retrospective alignment, not verified public availability.","Frozen catalog reported_loss_usd; retrospective reported amount, not verified gross theft or loss known at activation.",False
inc_0130eca1cbb4fa96,SushiSwap,2023-04-10,day,3300000,3300000,3340000.0,defillama,retrospective_reported_amount; gross/net and valuation basis require source verification,Input Validation,Missing Input Validation; Unchecked Input Data,"[""Arbitrum"", ""BSC"", ""Ethereum"", ""Optimism""]",DeFi Protocol,3,3,"[""defillama"", ""slowmist"", ""rekt""]","[""6bd86ab5168a8731"", ""b70b220083a24ad0"", ""3146fae9a3d456b4""]","[""2023-04-09"", ""2023-04-10""]","[{""source"": ""defillama"", ""claim_id"": ""6bd86ab5168a8731"", ""loss_usd"": 3300000, ""loss_basis"": ""source_amount_definition_not_fully_verified"", ""valuation_date"": null}, {""source"": ""slowmist"", ""claim_id"": ""b70b220083a24ad0"", ""loss_usd"": 3340000.0, ""loss_basis"": ""source_reported_loss_not_fully_verified"", ""valuation_date"": null}, {""source"": ""rekt"", ""claim_id"": ""3146fae9a3d456b4"", ""loss_usd"": 3300000, ""loss_basis"": ""leaderboard_amount_may_use_later_valuation"", ""valuation_date"": null}]","[""https://defillama.com/hacks"", ""https://hacked.slowmist.io/en/?c=&page=66"", ""https://rekt.news/leaderboard/""]","[""https://defillama.com/hacks"", ""https://twitter.com/SlowMist_Team/status/1644936375924584449"", ""https://rekt.news/sushi-yoink-rekt""]",[],,,,,False,"[""source_date_disagreement"", ""exact_information_availability_unverified"", ""retrospective_loss_not_a_live_feature""]",in_scope,[],normalized_catalog_record,,,,,,,,,,,,,2023-04-11T00:00:00Z,False,"00:00 UTC on the calendar day after the assigned incident_date; an assumed retrospective alignment, not verified public availability.","Frozen catalog reported_loss_usd; retrospective reported amount, not verified gross theft or loss known at activation.",False
inc_2dc7619fe44ac3fd,Terraport,2023-04-10,day,4000000,4000000,4000000,defillama,retrospective_reported_amount; gross/net and valuation basis require source verification,Access Control,Improper Access Control; Contract Vulnerability,"[""Terra Classic""]",DeFi Protocol,2,2,"[""defillama"", ""slowmist""]","[""5354146fc754c1e6"", ""36ea28cbcd4632ce""]","[""2023-04-10""]","[{""source"": ""defillama"", ""claim_id"": ""5354146fc754c1e6"", ""loss_usd"": 4000000, ""loss_basis"": ""source_amount_definition_not_fully_verified"", ""valuation_date"": null}, {""source"": ""slowmist"", ""claim_id"": ""36ea28cbcd4632ce"", ""loss_usd"": 4000000.0, ""loss_basis"": ""source_reported_loss_not_fully_verified"", ""valuation_date"": null}]","[""https://defillama.com/hacks"", ""https://hacked.slowmist.io/en/?c=&page=66""]","[""https://defillama.com/hacks"", ""https://twitter.com/_Terraport_/status/1645330062378508289""]",[],,,,,False,"[""exact_information_availability_unverified"", ""retrospective_loss_not_a_live_feature""]",in_scope,[],normalized_catalog_record,,,,,,,,,,,,,2023-04-11T00:00:00Z,False,"00:00 UTC on the calendar day after the assigned incident_date; an assumed retrospective alignment, not verified public availability.","Frozen catalog reported_loss_usd; retrospective reported amount, not verified gross theft or loss known at activation.",False
inc_a3ccd45a524e860a,Yearn Finance,2023-04-13,day,11539000,10000000.0,11539000,defillama,retrospective_reported_amount; gross/net and valuation basis require source verification,Oracle Manipulation,Oracle Misconfiguration; Contract Vulnerability,"[""Ethereum""]",DeFi Protocol,3,3,"[""defillama"", ""slowmist"", ""rekt""]","[""dea5ded85da3220a"", ""9dd2d3de1f6222ff"", ""a72822b7833deca6""]","[""2023-04-13""]","[{""source"": ""defillama"", ""claim_id"": ""dea5ded85da3220a"", ""loss_usd"": 11539000, ""loss_basis"": ""source_amount_definition_not_fully_verified"", ""valuation_date"": null}, {""source"": ""slowmist"", ""claim_id"": ""9dd2d3de1f6222ff"", ""loss_usd"": 10000000.0, ""loss_basis"": ""source_reported_loss_not_fully_verified"", ""valuation_date"": null}, {""source"": ""rekt"", ""claim_id"": ""a72822b7833deca6"", ""loss_usd"": 11400000, ""loss_basis"": ""leaderboard_amount_may_use_later_valuation"", ""valuation_date"": null}]","[""https://defillama.com/hacks"", ""https://hacked.slowmist.io/en/?c=&page=65"", ""https://rekt.news/leaderboard/""]","[""https://defillama.com/hacks"", ""https://twitter.com/yearnfi/status/1646436798086672385"", ""https://rekt.news/yearn2-rekt""]",[],,,,,False,"[""loss_estimates_differ_over_5pct"", ""exact_information_availability_unverified"", ""retrospective_loss_not_a_live_feature""]",in_scope,[],normalized_catalog_record,,,,,,,,,,,,,2023-04-14T00:00:00Z,True,"00:00 UTC on the calendar day after the assigned incident_date; an assumed retrospective alignment, not verified public availability.","Frozen catalog reported_loss_usd; retrospective reported amount, not verified gross theft or loss known at activation.",False
inc_e66d444dd79768b2,Bitrue,2023-04-14,day,23000000,23000000,23000000,defillama,retrospective_reported_amount; gross/net and valuation basis require source verification,Key Compromise,Hot Wallet Key Compromised; Wallet Stolen,[],CEX,2,2,"[""defillama"", ""slowmist""]","[""26730b1fe610b5c6"", ""d1c6a7bbad2535a8""]","[""2023-04-14""]","[{""source"": ""defillama"", ""claim_id"": ""26730b1fe610b5c6"", ""loss_usd"": 23000000, ""loss_basis"": ""source_amount_definition_not_fully_verified"", ""valuation_date"": null}, {""source"": ""slowmist"", ""claim_id"": ""d1c6a7bbad2535a8"", ""loss_usd"": 23000000.0, ""loss_basis"": ""source_reported_loss_not_fully_verified"", ""valuation_date"": null}]","[""https://defillama.com/hacks"", ""https://hacked.slowmist.io/en/?c=&page=65""]","[""https://defillama.com/hacks"", ""https://twitter.com/BitrueOfficial/status/1646811220543168512""]",[],,,,,False,"[""exact_information_availability_unverified"", ""retrospective_loss_not_a_live_feature""]",in_scope,[],normalized_catalog_record,,,,,,,,,,,,,2023-04-15T00:00:00Z,True,"00:00 UTC on the calendar day after the assigned incident_date; an assumed retrospective alignment, not verified public availability.","Frozen catalog reported_loss_usd; retrospective reported amount, not verified gross theft or loss known at activation.",False
inc_0f686c4bc1dc1d8f,Hundred Finance,2023-04-15,day,7400000,7000000.0,7400000,defillama,retrospective_reported_amount; gross/net and valuation basis require source verification,Token & Share Accounting,Donation Attack; Contract Vulnerability,"[""Optimism""]",DeFi Protocol,3,3,"[""defillama"", ""slowmist"", ""rekt""]","[""068fbcb335794b72"", ""e375c181e80b4eca"", ""46b74731da64c45d""]","[""2023-04-15"", ""2023-04-16""]","[{""source"": ""defillama"", ""claim_id"": ""068fbcb335794b72"", ""loss_usd"": 7400000, ""loss_basis"": ""source_amount_definition_not_fully_verified"", ""valuation_date"": null}, {""source"": ""slowmist"", ""claim_id"": ""e375c181e80b4eca"", ""loss_usd"": 7000000.0, ""loss_basis"": ""source_reported_loss_not_fully_verified"", ""valuation_date"": null}, {""source"": ""rekt"", ""claim_id"": ""46b74731da64c45d"", ""loss_usd"": 7400000, ""loss_basis"": ""leaderboard_amount_may_use_later_valuation"", ""valuation_date"": null}]","[""https://defillama.com/hacks"", ""https://hacked.slowmist.io/en/?c=&page=65"", ""https://rekt.news/leaderboard/""]","[""https://defillama.com/hacks"", ""https://twitter.com/peckshield/status/1647307128267476992"", ""https://rekt.news/hundred-rekt2""]",[],,,,,False,"[""source_date_disagreement"", ""loss_estimates_differ_over_5pct"", ""exact_information_availability_unverified"", ""retrospective_loss_not_a_live_feature""]",in_scope,[],normalized_catalog_record,,,,,,,,,,,,,2023-04-16T00:00:00Z,True,"00:00 UTC on the calendar day after the assigned incident_date; an assumed retrospective alignment, not verified public availability.","Frozen catalog reported_loss_usd; retrospective reported amount, not verified gross theft or loss known at activation.",False
inc_97976b9f70b2110c,0vix,2023-04-28,day,2000000,2000000,2000000,defillama,retrospective_reported_amount; gross/net and valuation basis require source verification,Oracle Manipulation,Spot Price Manipulation; Oracle Attack,"[""Polygon""]",DeFi Protocol,2,2,"[""defillama"", ""slowmist""]","[""8335e8066e345ba7"", ""8559b36aa5f532d0""]","[""2023-04-28"", ""2023-04-30""]","[{""source"": ""defillama"", ""claim_id"": ""8335e8066e345ba7"", ""loss_usd"": 2000000, ""loss_basis"": ""source_amount_definition_not_fully_verified"", ""valuation_date"": null}, {""source"": ""slowmist"", ""claim_id"": ""8559b36aa5f532d0"", ""loss_usd"": 2000000.0, ""loss_basis"": ""source_reported_loss_not_fully_verified"", ""valuation_date"": null}]","[""https://defillama.com/hacks"", ""https://hacked.slowmist.io/en/?c=&page=65""]","[""https://defillama.com/hacks"", ""https://www.coindesk.com/business/2023/04/28/defi-protocol-0vix-loses-nearly-2m-in-flash-loan-exploit/""]",[],,,,,False,"[""source_date_disagreement"", ""exact_information_availability_unverified"", ""retrospective_loss_not_a_live_feature""]",in_scope,[],normalized_catalog_record,,,,,,,,,,,,,2023-04-29T00:00:00Z,False,"00:00 UTC on the calendar day after the assigned incident_date; an assumed retrospective alignment, not verified public availability.","Frozen catalog reported_loss_usd; retrospective reported amount, not verified gross theft or loss known at activation.",False
inc_7cf9c1be2000dab2,Level Perps,2023-05-01,day,1100000,1100000,1100000,defillama,retrospective_reported_amount; gross/net and valuation basis require source verification,Protocol Logic,Reward Logic Flaw,"[""BSC""]",DeFi Protocol,1,1,"[""defillama""]","[""48854c47a05bfdf2""]","[""2023-05-01""]","[{""source"": ""defillama"", ""claim_id"": ""48854c47a05bfdf2"", ""loss_usd"": 1100000, ""loss_basis"": ""source_amount_definition_not_fully_verified"", ""valuation_date"": null}]","[""https://defillama.com/hacks""]","[""https://defillama.com/hacks""]",[],,,,,False,"[""single_catalog_source"", ""no_incident_specific_reference"", ""exact_information_availability_unverified"", ""retrospective_loss_not_a_live_feature""]",in_scope,[],normalized_catalog_record,,,,,,,,,,,,,2023-05-02T00:00:00Z,False,"00:00 UTC on the calendar day after the assigned incident_date; an assumed retrospective alignment, not verified public availability.","Frozen catalog reported_loss_usd; retrospective reported amount, not verified gross theft or loss known at activation.",False
inc_bc0adc55cc6acce7,pcash,2023-05-01,day,2000000,2000000,2000000,defillama,retrospective_reported_amount; gross/net and valuation basis require source verification,Protocol Logic,Unknown,"[""EOS""]",DeFi Protocol,2,2,"[""defillama"", ""slowmist""]","[""27b8fe43b49f33eb"", ""927bc9f8d5f1284d""]","[""2023-05-01""]","[{""source"": ""defillama"", ""claim_id"": ""27b8fe43b49f33eb"", ""loss_usd"": 2000000, ""loss_basis"": ""source_amount_definition_not_fully_verified"", ""valuation_date"": null}, {""source"": ""slowmist"", ""claim_id"": ""927bc9f8d5f1284d"", ""loss_usd"": 2000000.0, ""loss_basis"": ""source_reported_loss_not_fully_verified"", ""valuation_date"": null}]","[""https://defillama.com/hacks"", ""https://hacked.slowmist.io/en/?c=&page=65""]","[""https://defillama.com/hacks"", ""https://bloks.io/account/nrwgthbeupex""]",[],,,,,False,"[""exact_information_availability_unverified"", ""retrospective_loss_not_a_live_feature""]",in_scope,[],normalized_catalog_record,,,,,,,,,,,,,2023-05-02T00:00:00Z,False,"00:00 UTC on the calendar day after the assigned incident_date; an assumed retrospective alignment, not verified public availability.","Frozen catalog reported_loss_usd; retrospective reported amount, not verified gross theft or loss known at activation.",False
inc_cade57b6570a9590,DEUS / DEI,2023-05-05,day,6500000,6300000.0,6500000,defillama,retrospective_reported_amount; gross/net and valuation basis require source verification,Token & Share Accounting,Arithmetic Error; Contract Vulnerability,"[""Arbitrum"", ""BSC"", ""Ethereum""]",DeFi Protocol,2,2,"[""defillama"", ""slowmist""]","[""70cd37c012a48922"", ""22800f2ffe6356fe""]","[""2023-05-05"", ""2023-05-06""]","[{""source"": ""defillama"", ""claim_id"": ""70cd37c012a48922"", ""loss_usd"": 6500000, ""loss_basis"": ""source_amount_definition_not_fully_verified"", ""valuation_date"": null}, {""source"": ""slowmist"", ""claim_id"": ""22800f2ffe6356fe"", ""loss_usd"": 6300000.0, ""loss_basis"": ""source_reported_loss_not_fully_verified"", ""valuation_date"": null}]","[""https://defillama.com/hacks"", ""https://hacked.slowmist.io/en/?c=&page=64""]","[""https://defillama.com/hacks"", ""https://twitter.com/DeusDao/status/1654614967084101633"", ""https://twitter.com/DeusDao/status/1654614967084101633""]",[],,,,,False,"[""source_date_disagreement"", ""exact_information_availability_unverified"", ""retrospective_loss_not_a_live_feature""]",in_scope,[],manually_adjudicated_fields,,,,,,,DEI is DEUS Finance’s stablecoin; these reports describe the same public-burn exploit.,,,,,,2023-05-06T00:00:00Z,True,"00:00 UTC on the calendar day after the assigned incident_date; an assumed retrospective alignment, not verified public availability.","Frozen catalog reported_loss_usd; retrospective reported amount, not verified gross theft or loss known at activation.",False
inc_228b0ddf0935e533,Swap-LP,2023-05-20,day,1100000,1100000,1100000,defillama,retrospective_reported_amount; gross/net and valuation basis require source verification,Protocol Logic,Swap Logic Flaw; Contract Vulnerability,"[""BSC""]",DeFi Protocol,2,2,"[""defillama"", ""slowmist""]","[""bc28692d0a688d64"", ""e04c94f593f32d7a""]","[""2023-05-20""]","[{""source"": ""defillama"", ""claim_id"": ""bc28692d0a688d64"", ""loss_usd"": 1100000, ""loss_basis"": ""source_amount_definition_not_fully_verified"", ""valuation_date"": null}, {""source"": ""slowmist"", ""claim_id"": ""e04c94f593f32d7a"", ""loss_usd"": 1100000.0, ""loss_basis"": ""source_reported_loss_not_fully_verified"", ""valuation_date"": null}]","[""https://defillama.com/hacks"", ""https://hacked.slowmist.io/en/?c=&page=63""]","[""https://defillama.com/hacks"", ""https://bscscan.com/address/0xdEAd40082286F7e57a56D6e5EFE242b9AC83B137""]",[],,,,,False,"[""exact_information_availability_unverified"", ""retrospective_loss_not_a_live_feature""]",in_scope,[],normalized_catalog_record,,,,,,,,,,,,,2023-05-21T00:00:00Z,False,"00:00 UTC on the calendar day after the assigned incident_date; an assumed retrospective alignment, not verified public availability.","Frozen catalog reported_loss_usd; retrospective reported amount, not verified gross theft or loss known at activation.",False
inc_223ffe5305e62a70,Tornado Cash,2023-05-20,day,2173500,2173500,2173500,defillama,retrospective_reported_amount; gross/net and valuation basis require source verification,Governance,Malicious Proposal; Governance Attack,"[""Ethereum""]",DAO,2,2,"[""defillama"", ""slowmist""]","[""a5ebc633129ff6de"", ""cbe98b4e0b721a52""]","[""2023-05-20""]","[{""source"": ""defillama"", ""claim_id"": ""a5ebc633129ff6de"", ""loss_usd"": 2173500, ""loss_basis"": ""source_amount_definition_not_fully_verified"", ""valuation_date"": null}, {""source"": ""slowmist"", ""claim_id"": ""cbe98b4e0b721a52"", ""loss_usd"": 2173500.0, ""loss_basis"": ""source_reported_loss_not_fully_verified"", ""valuation_date"": null}]","[""https://defillama.com/hacks"", ""https://hacked.slowmist.io/en/?c=&page=63""]","[""https://defillama.com/hacks"", ""https://twitter.com/SlowMist_Team/status/1660252800406659073""]",[],,,,,False,"[""exact_information_availability_unverified"", ""retrospective_loss_not_a_live_feature""]",in_scope,[],normalized_catalog_record,,,,,,,,,,,,,2023-05-21T00:00:00Z,False,"00:00 UTC on the calendar day after the assigned incident_date; an assumed retrospective alignment, not verified public availability.","Frozen catalog reported_loss_usd; retrospective reported amount, not verified gross theft or loss known at activation.",False
inc_daff4a66f0153fba,Patricia,2023-05-26,day,2000000,2000000,2000000,defillama,retrospective_reported_amount; gross/net and valuation basis require source verification,Frontend & Infrastructure,Database Breach; Retail transaction app is compromised,[],CEX,2,2,"[""defillama"", ""slowmist""]","[""bcb9db6022145b2d"", ""5759b01a31e13ab5""]","[""2023-05-26""]","[{""source"": ""defillama"", ""claim_id"": ""bcb9db6022145b2d"", ""loss_usd"": 2000000, ""loss_basis"": ""source_amount_definition_not_fully_verified"", ""valuation_date"": null}, {""source"": ""slowmist"", ""claim_id"": ""5759b01a31e13ab5"", ""loss_usd"": 2000000.0, ""loss_basis"": ""source_reported_loss_not_fully_verified"", ""valuation_date"": null}]","[""https://defillama.com/hacks"", ""https://hacked.slowmist.io/en/?c=&page=63""]","[""https://defillama.com/hacks"", ""https://news.bitcoin.com/hackers-breach-nigerian-crypto-trading-platform-btc-and-naira-assets-compromised/""]",[],,,,,False,"[""exact_information_availability_unverified"", ""retrospective_loss_not_a_live_feature""]",in_scope,[],normalized_catalog_record,,,,,,,,,,,,,2023-05-27T00:00:00Z,False,"00:00 UTC on the calendar day after the assigned incident_date; an assumed retrospective alignment, not verified public availability.","Frozen catalog reported_loss_usd; retrospective reported amount, not verified gross theft or loss known at activation.",False
inc_1a29e177c2ca1881,Jimbos Protocol,2023-05-28,day,7500000,7500000,7500000,defillama,retrospective_reported_amount; gross/net and valuation basis require source verification,Oracle Manipulation,Spot Price Manipulation; Contract Vulnerability,"[""Arbitrum""]",DeFi Protocol,3,3,"[""defillama"", ""slowmist"", ""rekt""]","[""279c2aa3d4b8f37f"", ""7e5730c31927aac1"", ""0955d220730dc928""]","[""2023-05-28""]","[{""source"": ""defillama"", ""claim_id"": ""279c2aa3d4b8f37f"", ""loss_usd"": 7500000, ""loss_basis"": ""source_amount_definition_not_fully_verified"", ""valuation_date"": null}, {""source"": ""slowmist"", ""claim_id"": ""7e5730c31927aac1"", ""loss_usd"": 7500000.0, ""loss_basis"": ""source_reported_loss_not_fully_verified"", ""valuation_date"": null}, {""source"": ""rekt"", ""claim_id"": ""0955d220730dc928"", ""loss_usd"": 7500000, ""loss_basis"": ""leaderboard_amount_may_use_later_valuation"", ""valuation_date"": null}]","[""https://defillama.com/hacks"", ""https://hacked.slowmist.io/en/?c=&page=63"", ""https://rekt.news/leaderboard/""]","[""https://defillama.com/hacks"", ""https://www.odaily.news/newsflash/324820?source=share"", ""https://rekt.news/jimbo-rekt""]",[],,,,,False,"[""exact_information_availability_unverified"", ""retrospective_loss_not_a_live_feature""]",in_scope,[],normalized_catalog_record,,,,,,,,,,,,,2023-05-29T00:00:00Z,True,"00:00 UTC on the calendar day after the assigned incident_date; an assumed retrospective alignment, not verified public availability.","Frozen catalog reported_loss_usd; retrospective reported amount, not verified gross theft or loss known at activation.",False
inc_b551a3b0da46a78b,Atomic Wallet,2023-06-03,day,100000000,100000000,100000000,defillama,retrospective_reported_amount; gross/net and valuation basis require source verification,Frontend & Infrastructure,Supply Chain Attack; Unknown,"[""Avalanche"", ""BSC"", ""Bitcoin"", ""Ethereum"", ""Polkadot"", ""Tron""]",Wallet,3,3,"[""defillama"", ""slowmist"", ""rekt""]","[""d04a12f78f56b2ae"", ""82064965e47e6fb0"", ""ba94e0cb1947d3ff""]","[""2023-06-02"", ""2023-06-03""]","[{""source"": ""defillama"", ""claim_id"": ""d04a12f78f56b2ae"", ""loss_usd"": 100000000, ""loss_basis"": ""source_amount_definition_not_fully_verified"", ""valuation_date"": null}, {""source"": ""slowmist"", ""claim_id"": ""82064965e47e6fb0"", ""loss_usd"": 100000000.0, ""loss_basis"": ""source_reported_loss_not_fully_verified"", ""valuation_date"": null}, {""source"": ""rekt"", ""claim_id"": ""ba94e0cb1947d3ff"", ""loss_usd"": 100000000, ""loss_basis"": ""leaderboard_amount_may_use_later_valuation"", ""valuation_date"": null}]","[""https://defillama.com/hacks"", ""https://hacked.slowmist.io/en/?c=&page=62"", ""https://rekt.news/leaderboard/""]","[""https://defillama.com/hacks"", ""https://twitter.com/AtomicWallet/status/1664946301815910400"", ""https://rekt.news/atomic-wallet-rekt""]",[],,,,,False,"[""source_date_disagreement"", ""exact_information_availability_unverified"", ""retrospective_loss_not_a_live_feature""]",in_scope,[],normalized_catalog_record,,,,,,,,,,,,,2023-06-04T00:00:00Z,True,"00:00 UTC on the calendar day after the assigned incident_date; an assumed retrospective alignment, not verified public availability.","Frozen catalog reported_loss_usd; retrospective reported amount, not verified gross theft or loss known at activation.",False
inc_2db942dd8bd7b673,Floating Point Group,2023-06-11,day,15000000,15000000,20000000.0,defillama,retrospective_reported_amount; gross/net and valuation basis require source verification,Frontend & Infrastructure,Key Leaked via Infrastructure; Security Vulnerability,[],CEX,2,2,"[""defillama"", ""slowmist""]","[""fcf23aad0941305e"", ""e5c0fdc69fe477a7""]","[""2023-06-11""]","[{""source"": ""defillama"", ""claim_id"": ""fcf23aad0941305e"", ""loss_usd"": 15000000, ""loss_basis"": ""source_amount_definition_not_fully_verified"", ""valuation_date"": null}, {""source"": ""slowmist"", ""claim_id"": ""e5c0fdc69fe477a7"", ""loss_usd"": 20000000.0, ""loss_basis"": ""source_reported_loss_not_fully_verified"", ""valuation_date"": null}]","[""https://defillama.com/hacks"", ""https://hacked.slowmist.io/en/?c=&page=62""]","[""https://defillama.com/hacks"", ""https://www.coindesk.com/business/2023/06/14/crypto-prime-broker-fpg-loses-up-to-20m-in-cyber-attack/"", ""https://www.coindesk.com/business/2023/06/14/crypto-prime-broker-fpg-loses-up-to-20m-in-cyber-attack/""]",[],,,,,False,"[""loss_estimates_differ_over_5pct"", ""exact_information_availability_unverified"", ""retrospective_loss_not_a_live_feature""]",in_scope,[],manually_adjudicated_fields,,,,,,,"FPG expands to Floating Point Group; same date, victim and $20m compromise.",,,,,,2023-06-12T00:00:00Z,True,"00:00 UTC on the calendar day after the assigned incident_date; an assumed retrospective alignment, not verified public availability.","Frozen catalog reported_loss_usd; retrospective reported amount, not verified gross theft or loss known at activation.",False
inc_ee994671d2e5b895,Poly Network,2023-07-02,day,5000000,4400000,10000000.0,defillama,retrospective_reported_amount; gross/net and valuation basis require source verification,Bridge & Cross-Chain,Forged Proof; Trojan horse virus,"[""BSC"", ""Ethereum"", ""Polygon""]",DeFi Protocol,3,3,"[""defillama"", ""slowmist"", ""rekt""]","[""fa76ee41370cb74e"", ""3b4c9b608419d3cb"", ""dc6280fe458fbce5""]","[""2023-07-01"", ""2023-07-02""]","[{""source"": ""defillama"", ""claim_id"": ""fa76ee41370cb74e"", ""loss_usd"": 5000000, ""loss_basis"": ""source_amount_definition_not_fully_verified"", ""valuation_date"": null}, {""source"": ""slowmist"", ""claim_id"": ""3b4c9b608419d3cb"", ""loss_usd"": 10000000.0, ""loss_basis"": ""source_reported_loss_not_fully_verified"", ""valuation_date"": null}, {""source"": ""rekt"", ""claim_id"": ""dc6280fe458fbce5"", ""loss_usd"": 4400000, ""loss_basis"": ""leaderboard_amount_may_use_later_valuation"", ""valuation_date"": null}]","[""https://defillama.com/hacks"", ""https://hacked.slowmist.io/en/?c=&page=60"", ""https://rekt.news/leaderboard/""]","[""https://defillama.com/hacks"", ""https://polynetwork.medium.com/the-poly-network-exploit-analysis-b0a77aff6078"", ""https://rekt.news/poly-network-rekt2""]",[],,,,,False,"[""source_date_disagreement"", ""loss_estimates_differ_over_5pct"", ""exact_information_availability_unverified"", ""retrospective_loss_not_a_live_feature""]",in_scope,[],normalized_catalog_record,,,,,,,,,,,,,2023-07-03T00:00:00Z,False,"00:00 UTC on the calendar day after the assigned incident_date; an assumed retrospective alignment, not verified public availability.","Frozen catalog reported_loss_usd; retrospective reported amount, not verified gross theft or loss known at activation.",False
inc_415ad6fe793dbbf7,Multichain,2023-07-07,day,126000000,126000000,126300000,defillama,retrospective_reported_amount; gross/net and valuation basis require source verification,Key Compromise,Validator Key Compromised; Unknown,"[""BSC"", ""Fantom"", ""Moonriver""]",DeFi Protocol,3,3,"[""defillama"", ""slowmist"", ""rekt""]","[""be87261d3432b2d4"", ""d63ddaa926b7fc7c"", ""6e2eabae726b0b74""]","[""2023-07-06"", ""2023-07-07""]","[{""source"": ""defillama"", ""claim_id"": ""be87261d3432b2d4"", ""loss_usd"": 126000000, ""loss_basis"": ""source_amount_definition_not_fully_verified"", ""valuation_date"": null}, {""source"": ""slowmist"", ""claim_id"": ""d63ddaa926b7fc7c"", ""loss_usd"": 126000000.0, ""loss_basis"": ""source_reported_loss_not_fully_verified"", ""valuation_date"": null}, {""source"": ""rekt"", ""claim_id"": ""6e2eabae726b0b74"", ""loss_usd"": 126300000, ""loss_basis"": ""leaderboard_amount_may_use_later_valuation"", ""valuation_date"": null}]","[""https://defillama.com/hacks"", ""https://hacked.slowmist.io/en/?c=&page=60"", ""https://rekt.news/leaderboard/""]","[""https://defillama.com/hacks"", ""https://www.theblock.co/post/238206/tens-of-millions-of-dollars-withdrawn-from-multichain-on-fantom-in-possible-exploit"", ""https://rekt.news/multichain-rekt2""]",[],,,,,False,"[""source_date_disagreement"", ""exact_information_availability_unverified"", ""retrospective_loss_not_a_live_feature""]",in_scope,[],normalized_catalog_record,,,,,,,,,,,,,2023-07-08T00:00:00Z,True,"00:00 UTC on the calendar day after the assigned incident_date; an assumed retrospective alignment, not verified public availability.","Frozen catalog reported_loss_usd; retrospective reported amount, not verified gross theft or loss known at activation.",False
inc_f931f6e7898fbe3b,Rodeo Finance,2023-07-11,day,1700000.0,1700000.0,1700000.0,slowmist,retrospective_reported_amount; gross/net and valuation basis require source verification,,Price Manipulation,[],,1,1,"[""slowmist""]","[""a9a72ada5e6a9d5b""]","[""2023-07-11""]","[{""source"": ""slowmist"", ""claim_id"": ""a9a72ada5e6a9d5b"", ""loss_usd"": 1700000.0, ""loss_basis"": ""source_reported_loss_not_fully_verified"", ""valuation_date"": null}]","[""https://hacked.slowmist.io/en/?c=&page=60""]","[""https://medium.com/@Rodeo_Finance/rodeo-post-mortem-overview-f35635c14101""]",[],,,,,False,"[""single_catalog_source"", ""exact_information_availability_unverified"", ""retrospective_loss_not_a_live_feature""]",in_scope,[],normalized_catalog_record,,,,,,,,,,,,,2023-07-12T00:00:00Z,False,"00:00 UTC on the calendar day after the assigned incident_date; an assumed retrospective alignment, not verified public availability.","Frozen catalog reported_loss_usd; retrospective reported amount, not verified gross theft or loss known at activation.",False
inc_a88e92730e4f2cbe,Conic Finance,2023-07-21,day,3300000,3200000.0,4200000,defillama,retrospective_reported_amount; gross/net and valuation basis require source verification,Reentrancy,Read-Only Reentrancy; Reentrancy Attack,"[""Ethereum""]",DeFi Protocol,3,3,"[""defillama"", ""slowmist"", ""rekt""]","[""ad488518fce2f045"", ""7ef6c5cac226ed2a"", ""6f9777c49c4a12de""]","[""2023-07-21""]","[{""source"": ""defillama"", ""claim_id"": ""ad488518fce2f045"", ""loss_usd"": 3300000, ""loss_basis"": ""source_amount_definition_not_fully_verified"", ""valuation_date"": null}, {""source"": ""slowmist"", ""claim_id"": ""7ef6c5cac226ed2a"", ""loss_usd"": 3200000.0, ""loss_basis"": ""source_reported_loss_not_fully_verified"", ""valuation_date"": null}, {""source"": ""rekt"", ""claim_id"": ""6f9777c49c4a12de"", ""loss_usd"": 4200000, ""loss_basis"": ""leaderboard_amount_may_use_later_valuation"", ""valuation_date"": null}]","[""https://defillama.com/hacks"", ""https://hacked.slowmist.io/en/?c=&page=59"", ""https://rekt.news/leaderboard/""]","[""https://defillama.com/hacks"", ""https://twitter.com/ConicFinance/status/1682385596700844032"", ""https://rekt.news/conic-finance-rekt""]",[],,,,,False,"[""loss_estimates_differ_over_5pct"", ""exact_information_availability_unverified"", ""retrospective_loss_not_a_live_feature""]",in_scope,[],normalized_catalog_record,,,,,,,,,,,,,2023-07-22T00:00:00Z,False,"00:00 UTC on the calendar day after the assigned incident_date; an assumed retrospective alignment, not verified public availability.","Frozen catalog reported_loss_usd; retrospective reported amount, not verified gross theft or loss known at activation.",False
inc_923eecc18892ca07,CoinsPaid,2023-07-22,day,37300000,37300000,37300000,defillama,retrospective_reported_amount; gross/net and valuation basis require source verification,Social Engineering,Impersonation Scam; Unknown,[],Other,2,2,"[""defillama"", ""slowmist""]","[""a782aea2c909b2d3"", ""d2cec3fdea237d37""]","[""2023-07-22""]","[{""source"": ""defillama"", ""claim_id"": ""a782aea2c909b2d3"", ""loss_usd"": 37300000, ""loss_basis"": ""source_amount_definition_not_fully_verified"", ""valuation_date"": null}, {""source"": ""slowmist"", ""claim_id"": ""d2cec3fdea237d37"", ""loss_usd"": 37300000.0, ""loss_basis"": ""source_reported_loss_not_fully_verified"", ""valuation_date"": null}]","[""https://defillama.com/hacks"", ""https://hacked.slowmist.io/en/?c=&page=59""]","[""https://defillama.com/hacks"", ""https://coinspaid.com/tpost/0zx28tmj51-coinspaid-is-back-to-processing-after-be""]",[],,,,,False,"[""exact_information_availability_unverified"", ""retrospective_loss_not_a_live_feature""]",in_scope,[],normalized_catalog_record,,,,,,,,,,,,,2023-07-23T00:00:00Z,True,"00:00 UTC on the calendar day after the assigned incident_date; an assumed retrospective alignment, not verified public availability.","Frozen catalog reported_loss_usd; retrospective reported amount, not verified gross theft or loss known at activation.",False
inc_af700eb3ad7a090e,EraLend,2023-07-25,day,3400000,2760000.0,3400000,defillama,retrospective_reported_amount; gross/net and valuation basis require source verification,Reentrancy,Read-Only Reentrancy; Flash Loan Attack,"[""zkSync Era""]",DeFi Protocol,3,3,"[""defillama"", ""slowmist"", ""rekt""]","[""2ee04e0711b297fe"", ""b711008cb8b663f0"", ""e31d169a5f8769a1""]","[""2023-07-25""]","[{""source"": ""defillama"", ""claim_id"": ""2ee04e0711b297fe"", ""loss_usd"": 3400000, ""loss_basis"": ""source_amount_definition_not_fully_verified"", ""valuation_date"": null}, {""source"": ""slowmist"", ""claim_id"": ""b711008cb8b663f0"", ""loss_usd"": 2760000.0, ""loss_basis"": ""source_reported_loss_not_fully_verified"", ""valuation_date"": null}, {""source"": ""rekt"", ""claim_id"": ""e31d169a5f8769a1"", ""loss_usd"": 3400000, ""loss_basis"": ""leaderboard_amount_may_use_later_valuation"", ""valuation_date"": null}]","[""https://defillama.com/hacks"", ""https://hacked.slowmist.io/en/?c=&page=59"", ""https://rekt.news/leaderboard/""]","[""https://defillama.com/hacks"", ""https://twitter.com/Era_Lend/status/1683897328938389505"", ""https://rekt.news/eralend-rekt""]",[],,,,,False,"[""loss_estimates_differ_over_5pct"", ""exact_information_availability_unverified"", ""retrospective_loss_not_a_live_feature""]",in_scope,[],normalized_catalog_record,,,,,,,,,,,,,2023-07-26T00:00:00Z,False,"00:00 UTC on the calendar day after the assigned incident_date; an assumed retrospective alignment, not verified public availability.","Frozen catalog reported_loss_usd; retrospective reported amount, not verified gross theft or loss known at activation.",False
inc_8014ea1d8898b991,AlphaPo,2023-07-26,day,60000000,60000000,60000000,defillama,retrospective_reported_amount; gross/net and valuation basis require source verification,Key Compromise,Hot Wallet Key Compromised; Wallet Stolen,"[""Ethereum"", ""Tron""]",CEX,3,3,"[""defillama"", ""slowmist"", ""rekt""]","[""0a92ba8dc96581c0"", ""078664f081ac972a"", ""213f8f323d48179e""]","[""2023-07-22"", ""2023-07-23"", ""2023-07-26""]","[{""source"": ""defillama"", ""claim_id"": ""0a92ba8dc96581c0"", ""loss_usd"": 60000000, ""loss_basis"": ""source_amount_definition_not_fully_verified"", ""valuation_date"": null}, {""source"": ""slowmist"", ""claim_id"": ""078664f081ac972a"", ""loss_usd"": 60000000.0, ""loss_basis"": ""source_reported_loss_not_fully_verified"", ""valuation_date"": null}, {""source"": ""rekt"", ""claim_id"": ""213f8f323d48179e"", ""loss_usd"": 60000000, ""loss_basis"": ""leaderboard_amount_may_use_later_valuation"", ""valuation_date"": null}]","[""https://defillama.com/hacks"", ""https://hacked.slowmist.io/en/?c=&page=59"", ""https://rekt.news/leaderboard/""]","[""https://defillama.com/hacks"", ""https://twitter.com/zachxbt/status/1682941291825627137"", ""https://rekt.news/alphapo-rekt""]",[],,,,,False,"[""source_date_disagreement"", ""exact_information_availability_unverified"", ""retrospective_loss_not_a_live_feature""]",in_scope,[],normalized_catalog_record,,,,,,,,,,,,,2023-07-27T00:00:00Z,True,"00:00 UTC on the calendar day after the assigned incident_date; an assumed retrospective alignment, not verified public availability.","Frozen catalog reported_loss_usd; retrospective reported amount, not verified gross theft or loss known at activation.",False
inc_186729646604d37c,Pond0x,2023-07-28,day,2200000,2200000,2200000,defillama,retrospective_reported_amount; gross/net and valuation basis require source verification,Access Control,Arbitrary External Call; Contract Vulnerability,"[""Ethereum""]",Token,2,2,"[""defillama"", ""slowmist""]","[""edecb1cdd13956ac"", ""5178dd03ea0fec19""]","[""2023-07-28""]","[{""source"": ""defillama"", ""claim_id"": ""edecb1cdd13956ac"", ""loss_usd"": 2200000, ""loss_basis"": ""source_amount_definition_not_fully_verified"", ""valuation_date"": null}, {""source"": ""slowmist"", ""claim_id"": ""5178dd03ea0fec19"", ""loss_usd"": 2200000.0, ""loss_basis"": ""source_reported_loss_not_fully_verified"", ""valuation_date"": null}]","[""https://defillama.com/hacks"", ""https://hacked.slowmist.io/en/?c=&page=59""]","[""https://defillama.com/hacks"", ""https://twitter.com/YazanXBT/status/1684971383590199325""]",[],,,,,False,"[""exact_information_availability_unverified"", ""retrospective_loss_not_a_live_feature""]",in_scope,[],normalized_catalog_record,,,,,,,,,,,,,2023-07-29T00:00:00Z,False,"00:00 UTC on the calendar day after the assigned incident_date; an assumed retrospective alignment, not verified public availability.","Frozen catalog reported_loss_usd; retrospective reported amount, not verified gross theft or loss known at activation.",False
inc_62529a6e25be507a,Curve Vyper pool incident,2023-07-30,day,61700000,25123594.0,69300000,defillama,retrospective_reported_amount; gross/net and valuation basis require source verification,Reentrancy,Vyper Compiler Bug; Affected by Vyper Vulnerability,"[""Ethereum""]",DeFi Protocol,3,3,"[""defillama"", ""slowmist"", ""rekt""]","[""c806d363c51f7724"", ""38c10b6c1cfd5310"", ""161fba1113f49d08""]","[""2023-07-30""]","[{""source"": ""defillama"", ""claim_id"": ""c806d363c51f7724"", ""loss_usd"": 61700000, ""loss_basis"": ""source_amount_definition_not_fully_verified"", ""valuation_date"": null}, {""source"": ""slowmist"", ""claim_id"": ""38c10b6c1cfd5310"", ""loss_usd"": 25123594.0, ""loss_basis"": ""source_reported_loss_not_fully_verified"", ""valuation_date"": null}, {""source"": ""rekt"", ""claim_id"": ""161fba1113f49d08"", ""loss_usd"": 69300000, ""loss_basis"": ""leaderboard_amount_may_use_later_valuation"", ""valuation_date"": null}]","[""https://defillama.com/hacks"", ""https://hacked.slowmist.io/en/?c=&page=59"", ""https://rekt.news/leaderboard/""]","[""https://defillama.com/hacks"", ""https://www.panewslab.com/zh/sqarticledetails/wu339f1f.html"", ""https://rekt.news/curve-vyper-rekt"", ""https://rekt.news/curve-vyper-rekt"", ""https://www.panewslab.com/zh/sqarticledetails/wu339f1f.html""]",[],,,,,False,"[""loss_estimates_differ_over_5pct"", ""exact_information_availability_unverified"", ""retrospective_loss_not_a_live_feature""]",in_scope,[],manually_adjudicated_fields,,,,,,,Both Curve reports cover the July 30 vulnerable-Vyper pool drain. Their amounts have different pool/aggregate coverage. LP exposure entries are linked and quarantined separately; do not sum the amounts.,,,,,,2023-07-31T00:00:00Z,True,"00:00 UTC on the calendar day after the assigned incident_date; an assumed retrospective alignment, not verified public availability.","Frozen catalog reported_loss_usd; retrospective reported amount, not verified gross theft or loss known at activation.",False
inc_ac6cbe2a1c14fcf2,Steadefi,2023-08-08,day,1157000,1140000,1158000.0,defillama,retrospective_reported_amount; gross/net and valuation basis require source verification,Key Compromise,Deployer Key Compromised; Private Key Leakage,"[""Ethereum""]",DeFi Protocol,3,3,"[""defillama"", ""slowmist"", ""rekt""]","[""329f1043c1098955"", ""e0352ea7b6ed9d8e"", ""619ed9594e247cf8""]","[""2023-08-07"", ""2023-08-08""]","[{""source"": ""defillama"", ""claim_id"": ""329f1043c1098955"", ""loss_usd"": 1157000, ""loss_basis"": ""source_amount_definition_not_fully_verified"", ""valuation_date"": null}, {""source"": ""slowmist"", ""claim_id"": ""e0352ea7b6ed9d8e"", ""loss_usd"": 1158000.0, ""loss_basis"": ""source_reported_loss_not_fully_verified"", ""valuation_date"": null}, {""source"": ""rekt"", ""claim_id"": ""619ed9594e247cf8"", ""loss_usd"": 1140000, ""loss_basis"": ""leaderboard_amount_may_use_later_valuation"", ""valuation_date"": null}]","[""https://defillama.com/hacks"", ""https://hacked.slowmist.io/en/?c=&page=58"", ""https://rekt.news/leaderboard/""]","[""https://defillama.com/hacks"", ""https://twitter.com/steadefi/status/1688619454178144264"", ""https://rekt.news/steadefi-rekt""]",[],,,,,False,"[""source_date_disagreement"", ""exact_information_availability_unverified"", ""retrospective_loss_not_a_live_feature""]",in_scope,[],normalized_catalog_record,,,,,,,,,,,,,2023-08-09T00:00:00Z,False,"00:00 UTC on the calendar day after the assigned incident_date; an assumed retrospective alignment, not verified public availability.","Frozen catalog reported_loss_usd; retrospective reported amount, not verified gross theft or loss known at activation.",False
inc_39ae245da9706433,Zunami Protocol,2023-08-13,day,2100000,2100000,2200000.0,defillama,retrospective_reported_amount; gross/net and valuation basis require source verification,Oracle Manipulation,Spot Price Manipulation; Price Manipulation,"[""Ethereum""]",DeFi Protocol,3,3,"[""defillama"", ""slowmist"", ""rekt""]","[""7df715e6e3d942c7"", ""3155241208790dd5"", ""9c645b5935239e87""]","[""2023-08-13"", ""2023-08-14""]","[{""source"": ""defillama"", ""claim_id"": ""7df715e6e3d942c7"", ""loss_usd"": 2100000, ""loss_basis"": ""source_amount_definition_not_fully_verified"", ""valuation_date"": null}, {""source"": ""slowmist"", ""claim_id"": ""3155241208790dd5"", ""loss_usd"": 2200000.0, ""loss_basis"": ""source_reported_loss_not_fully_verified"", ""valuation_date"": null}, {""source"": ""rekt"", ""claim_id"": ""9c645b5935239e87"", ""loss_usd"": 2100000, ""loss_basis"": ""leaderboard_amount_may_use_later_valuation"", ""valuation_date"": null}]","[""https://defillama.com/hacks"", ""https://hacked.slowmist.io/en/?c=&page=58"", ""https://rekt.news/leaderboard/""]","[""https://defillama.com/hacks"", ""https://www.odaily.news/newsflash/332604?source=share"", ""https://rekt.news/zunami-protocol-rekt""]",[],,,,,False,"[""source_date_disagreement"", ""exact_information_availability_unverified"", ""retrospective_loss_not_a_live_feature""]",in_scope,[],normalized_catalog_record,,,,,,,,,,,,,2023-08-14T00:00:00Z,False,"00:00 UTC on the calendar day after the assigned incident_date; an assumed retrospective alignment, not verified public availability.","Frozen catalog reported_loss_usd; retrospective reported amount, not verified gross theft or loss known at activation.",False
inc_442982469acb2f48,Exactly,2023-08-18,day,7600000,7200000,7600000,defillama,retrospective_reported_amount; gross/net and valuation basis require source verification,Access Control,Improper Access Control; Unchecked Input Data,"[""Optimism""]",DeFi Protocol,3,3,"[""defillama"", ""slowmist"", ""rekt""]","[""82ddbb534adc3fcb"", ""cd284fd27cb57d5f"", ""6b8fc5f3b015f2de""]","[""2023-08-18""]","[{""source"": ""defillama"", ""claim_id"": ""82ddbb534adc3fcb"", ""loss_usd"": 7600000, ""loss_basis"": ""source_amount_definition_not_fully_verified"", ""valuation_date"": null}, {""source"": ""slowmist"", ""claim_id"": ""cd284fd27cb57d5f"", ""loss_usd"": 7300000.0, ""loss_basis"": ""source_reported_loss_not_fully_verified"", ""valuation_date"": null}, {""source"": ""rekt"", ""claim_id"": ""6b8fc5f3b015f2de"", ""loss_usd"": 7200000, ""loss_basis"": ""leaderboard_amount_may_use_later_valuation"", ""valuation_date"": null}]","[""https://defillama.com/hacks"", ""https://hacked.slowmist.io/en/?c=&page=57"", ""https://rekt.news/leaderboard/""]","[""https://defillama.com/hacks"", ""https://www.wu-talk.com/index.php?m=content&c=index&a=show&catid=46&id=17283"", ""https://rekt.news/exactly-protocol-rekt""]",[],,,,,False,"[""loss_estimates_differ_over_5pct"", ""exact_information_availability_unverified"", ""retrospective_loss_not_a_live_feature""]",in_scope,[],normalized_catalog_record,,,,,,,,,,,,,2023-08-19T00:00:00Z,True,"00:00 UTC on the calendar day after the assigned incident_date; an assumed retrospective alignment, not verified public availability.","Frozen catalog reported_loss_usd; retrospective reported amount, not verified gross theft or loss known at activation.",False
inc_2aa03454acae0140,Balancer,2023-08-22,day,2100000.0,2100000.0,2100000.0,slowmist,retrospective_reported_amount; gross/net and valuation basis require source verification,,Flash Loan Attack,[],,1,1,"[""slowmist""]","[""2ee74bf49b10c793""]","[""2023-08-22""]","[{""source"": ""slowmist"", ""claim_id"": ""2ee74bf49b10c793"", ""loss_usd"": 2100000.0, ""loss_basis"": ""source_reported_loss_not_fully_verified"", ""valuation_date"": null}]","[""https://hacked.slowmist.io/en/?c=&page=57""]","[""https://twitter.com/balancer/status/1694014645378724280""]",[],,,,,False,"[""single_catalog_source"", ""exact_information_availability_unverified"", ""retrospective_loss_not_a_live_feature""]",in_scope,[],normalized_catalog_record,,,,,,,,,,,,,2023-08-23T00:00:00Z,False,"00:00 UTC on the calendar day after the assigned incident_date; an assumed retrospective alignment, not verified public availability.","Frozen catalog reported_loss_usd; retrospective reported amount, not verified gross theft or loss known at activation.",False
inc_155b4c5f8fb7e7a2,SOL Big Brain,2023-08-26,day,1500000.0,1500000.0,1500000.0,slowmist,retrospective_reported_amount; gross/net and valuation basis require source verification,,Phishing Attack,[],,1,1,"[""slowmist""]","[""bc3fd6bbd85be33b""]","[""2023-08-26""]","[{""source"": ""slowmist"", ""claim_id"": ""bc3fd6bbd85be33b"", ""loss_usd"": 1500000.0, ""loss_basis"": ""source_reported_loss_not_fully_verified"", ""valuation_date"": null}]","[""https://hacked.slowmist.io/en/?c=&page=57""]","[""https://twitter.com/0xQuit/status/1695153575087727057""]",[],,,,,False,"[""single_catalog_source"", ""exact_information_availability_unverified"", ""retrospective_loss_not_a_live_feature""]",in_scope,[],normalized_catalog_record,,,,,,,,,,,,,2023-08-27T00:00:00Z,False,"00:00 UTC on the calendar day after the assigned incident_date; an assumed retrospective alignment, not verified public availability.","Frozen catalog reported_loss_usd; retrospective reported amount, not verified gross theft or loss known at activation.",False
inc_12d028a4334c5195,Stake.com,2023-09-04,day,41300000,41000000.0,41600000,defillama,retrospective_reported_amount; gross/net and valuation basis require source verification,Key Compromise,Hot Wallet Key Compromised; Wallet Stolen,"[""BSC"", ""Ethereum"", ""Polygon""]",Other,3,3,"[""defillama"", ""slowmist"", ""rekt""]","[""f173ccced2b1eebb"", ""a944ea89cd5d18f1"", ""ef96a0bea0fce694""]","[""2023-09-04""]","[{""source"": ""defillama"", ""claim_id"": ""f173ccced2b1eebb"", ""loss_usd"": 41300000, ""loss_basis"": ""source_amount_definition_not_fully_verified"", ""valuation_date"": null}, {""source"": ""slowmist"", ""claim_id"": ""a944ea89cd5d18f1"", ""loss_usd"": 41000000.0, ""loss_basis"": ""source_reported_loss_not_fully_verified"", ""valuation_date"": null}, {""source"": ""rekt"", ""claim_id"": ""ef96a0bea0fce694"", ""loss_usd"": 41600000, ""loss_basis"": ""leaderboard_amount_may_use_later_valuation"", ""valuation_date"": null}]","[""https://defillama.com/hacks"", ""https://hacked.slowmist.io/en/?c=&page=56"", ""https://rekt.news/leaderboard/""]","[""https://defillama.com/hacks"", ""https://twitter.com/Stake/status/1698746766076588057"", ""https://rekt.news/stake-rekt""]",[],,,,,False,"[""exact_information_availability_unverified"", ""retrospective_loss_not_a_live_feature""]",in_scope,[],normalized_catalog_record,,,,,,,,,,,,,2023-09-05T00:00:00Z,True,"00:00 UTC on the calendar day after the assigned incident_date; an assumed retrospective alignment, not verified public availability.","Frozen catalog reported_loss_usd; retrospective reported amount, not verified gross theft or loss known at activation.",False
inc_78e2461df904857e,Fortress Trust,2023-09-07,day,12000000,12000000,15000000.0,defillama,retrospective_reported_amount; gross/net and valuation basis require source verification,Frontend & Infrastructure,Key Leaked via Infrastructure; Third-party Vulnerability,"[""Bitcoin"", ""Ethereum""]",CEX,2,2,"[""defillama"", ""slowmist""]","[""03201682f9d819b7"", ""92b50e9fc19bec1e""]","[""2023-09-07""]","[{""source"": ""defillama"", ""claim_id"": ""03201682f9d819b7"", ""loss_usd"": 12000000, ""loss_basis"": ""source_amount_definition_not_fully_verified"", ""valuation_date"": null}, {""source"": ""slowmist"", ""claim_id"": ""92b50e9fc19bec1e"", ""loss_usd"": 15000000.0, ""loss_basis"": ""source_reported_loss_not_fully_verified"", ""valuation_date"": null}]","[""https://defillama.com/hacks"", ""https://hacked.slowmist.io/en/?c=&page=56""]","[""https://defillama.com/hacks"", ""https://fortune.com/crypto/2023/09/12/fortress-trust-12-to-15-million-hack-bitcoin-usdc-usdt-ripple/""]",[],,,,,False,"[""loss_estimates_differ_over_5pct"", ""exact_information_availability_unverified"", ""retrospective_loss_not_a_live_feature""]",in_scope,[],normalized_catalog_record,,,,,,,,,,,,,2023-09-08T00:00:00Z,True,"00:00 UTC on the calendar day after the assigned incident_date; an assumed retrospective alignment, not verified public availability.","Frozen catalog reported_loss_usd; retrospective reported amount, not verified gross theft or loss known at activation.",False
inc_b6226f89bc7a1575,CoinEx,2023-09-12,day,55000000,54300000,70000000.0,defillama,retrospective_reported_amount; gross/net and valuation basis require source verification,Key Compromise,Hot Wallet Key Compromised; Private Key Leakage,"[""Arbitrum"", ""BSC"", ""Bitcoin"", ""BitcoinCash"", ""Dagger"", ""Ethereum"", ""Kadena"", ""Polygon"", ""Solana"", ""Stellar"", ""Tron"", ""XRP""]",CEX,3,3,"[""defillama"", ""slowmist"", ""rekt""]","[""df20b24bd527244d"", ""6fa7694d657cc42d"", ""0441575df4996688""]","[""2023-09-12""]","[{""source"": ""defillama"", ""claim_id"": ""df20b24bd527244d"", ""loss_usd"": 55000000, ""loss_basis"": ""source_amount_definition_not_fully_verified"", ""valuation_date"": null}, {""source"": ""slowmist"", ""claim_id"": ""6fa7694d657cc42d"", ""loss_usd"": 70000000.0, ""loss_basis"": ""source_reported_loss_not_fully_verified"", ""valuation_date"": null}, {""source"": ""rekt"", ""claim_id"": ""0441575df4996688"", ""loss_usd"": 54300000, ""loss_basis"": ""leaderboard_amount_may_use_later_valuation"", ""valuation_date"": null}]","[""https://defillama.com/hacks"", ""https://hacked.slowmist.io/en/?c=&page=55"", ""https://rekt.news/leaderboard/""]","[""https://defillama.com/hacks"", ""https://twitter.com/coinexcom/status/1701662057496731975"", ""https://rekt.news/coinex-rekt""]",[],,,,,False,"[""loss_estimates_differ_over_5pct"", ""exact_information_availability_unverified"", ""retrospective_loss_not_a_live_feature""]",in_scope,[],normalized_catalog_record,,,,,,,,,,,,,2023-09-13T00:00:00Z,True,"00:00 UTC on the calendar day after the assigned incident_date; an assumed retrospective alignment, not verified public availability.","Frozen catalog reported_loss_usd; retrospective reported amount, not verified gross theft or loss known at activation.",False
inc_672e6b9bec0fa932,Remitano,2023-09-15,day,2700000,2700000,2700000,defillama,retrospective_reported_amount; gross/net and valuation basis require source verification,Frontend & Infrastructure,Key Leaked via Infrastructure; Wallet Stolen,"[""BitcoinCash"", ""Ethereum"", ""Tron""]",CEX,3,3,"[""defillama"", ""slowmist"", ""rekt""]","[""2c1f66e5c3f6b1f1"", ""dcc9a9b60ae2ced6"", ""014ab75075f335c8""]","[""2023-09-14"", ""2023-09-15""]","[{""source"": ""defillama"", ""claim_id"": ""2c1f66e5c3f6b1f1"", ""loss_usd"": 2700000, ""loss_basis"": ""source_amount_definition_not_fully_verified"", ""valuation_date"": null}, {""source"": ""slowmist"", ""claim_id"": ""dcc9a9b60ae2ced6"", ""loss_usd"": 2700000.0, ""loss_basis"": ""source_reported_loss_not_fully_verified"", ""valuation_date"": null}, {""source"": ""rekt"", ""claim_id"": ""014ab75075f335c8"", ""loss_usd"": 2700000, ""loss_basis"": ""leaderboard_amount_may_use_later_valuation"", ""valuation_date"": null}]","[""https://defillama.com/hacks"", ""https://hacked.slowmist.io/en/?c=&page=55"", ""https://rekt.news/leaderboard/""]","[""https://defillama.com/hacks"", ""https://cointelegraph.com/news/remitano-exchange-allegedly-hacked-september-14"", ""https://rekt.news/remitano-rekt""]",[],,,,,False,"[""source_date_disagreement"", ""exact_information_availability_unverified"", ""retrospective_loss_not_a_live_feature""]",in_scope,[],normalized_catalog_record,,,,,,,,,,,,,2023-09-16T00:00:00Z,False,"00:00 UTC on the calendar day after the assigned incident_date; an assumed retrospective alignment, not verified public availability.","Frozen catalog reported_loss_usd; retrospective reported amount, not verified gross theft or loss known at activation.",False
inc_e3acd33f9451111c,Mixin Network,2023-09-23,day,200000000,200000000,200000000,defillama,retrospective_reported_amount; gross/net and valuation basis require source verification,Frontend & Infrastructure,Database Breach; Unknown,"[""Mixin""]",Other,3,3,"[""defillama"", ""slowmist"", ""rekt""]","[""af47488d8f8d88d4"", ""597f4f9df23862e2"", ""e7044535d2213d2f""]","[""2023-09-23""]","[{""source"": ""defillama"", ""claim_id"": ""af47488d8f8d88d4"", ""loss_usd"": 200000000, ""loss_basis"": ""source_amount_definition_not_fully_verified"", ""valuation_date"": null}, {""source"": ""slowmist"", ""claim_id"": ""597f4f9df23862e2"", ""loss_usd"": 200000000.0, ""loss_basis"": ""source_reported_loss_not_fully_verified"", ""valuation_date"": null}, {""source"": ""rekt"", ""claim_id"": ""e7044535d2213d2f"", ""loss_usd"": 200000000, ""loss_basis"": ""leaderboard_amount_may_use_later_valuation"", ""valuation_date"": null}]","[""https://defillama.com/hacks"", ""https://hacked.slowmist.io/en/?c=&page=54"", ""https://rekt.news/leaderboard/""]","[""https://defillama.com/hacks"", ""https://twitter.com/SlowMist_Team/status/1706133260869468503"", ""https://rekt.news/mixin-rekt""]",[],,,,,False,"[""exact_information_availability_unverified"", ""retrospective_loss_not_a_live_feature""]",in_scope,[],normalized_catalog_record,,,,,,,,,,,,,2023-09-24T00:00:00Z,True,"00:00 UTC on the calendar day after the assigned incident_date; an assumed retrospective alignment, not verified public availability.","Frozen catalog reported_loss_usd; retrospective reported amount, not verified gross theft or loss known at activation.",False
inc_b1a3f807095334f8,HTX,2023-09-25,day,8000000,8000000,8200000.0,defillama,retrospective_reported_amount; gross/net and valuation basis require source verification,Key Compromise,Hot Wallet Key Compromised; Unknown,"[""Ethereum""]",CEX,2,2,"[""defillama"", ""slowmist""]","[""53641d1770b78cce"", ""038b7cb742d4b2a1""]","[""2023-09-24"", ""2023-09-25""]","[{""source"": ""defillama"", ""claim_id"": ""53641d1770b78cce"", ""loss_usd"": 8000000, ""loss_basis"": ""source_amount_definition_not_fully_verified"", ""valuation_date"": null}, {""source"": ""slowmist"", ""claim_id"": ""038b7cb742d4b2a1"", ""loss_usd"": 8200000.0, ""loss_basis"": ""source_reported_loss_not_fully_verified"", ""valuation_date"": null}]","[""https://defillama.com/hacks"", ""https://hacked.slowmist.io/en/?c=&page=54""]","[""https://defillama.com/hacks"", ""https://twitter.com/justinsuntron/status/1706311251024822748""]",[],,,,,False,"[""source_date_disagreement"", ""exact_information_availability_unverified"", ""retrospective_loss_not_a_live_feature""]",in_scope,[],normalized_catalog_record,,,,,,,,,,,,,2023-09-26T00:00:00Z,True,"00:00 UTC on the calendar day after the assigned incident_date; an assumed retrospective alignment, not verified public availability.","Frozen catalog reported_loss_usd; retrospective reported amount, not verified gross theft or loss known at activation.",False
inc_eb0d048db2bdf622,Stars Arena,2023-10-07,day,2974530,2900000.0,2974530,defillama,retrospective_reported_amount; gross/net and valuation basis require source verification,Reentrancy,Reentrancy; Reentrancy Attack,"[""Avalanche""]",Other,3,3,"[""defillama"", ""slowmist"", ""rekt""]","[""c2140bfe1b674ab8"", ""a43e69fe9e64aa08"", ""de3090bd36906e69""]","[""2023-10-05"", ""2023-10-07""]","[{""source"": ""defillama"", ""claim_id"": ""c2140bfe1b674ab8"", ""loss_usd"": 2974530, ""loss_basis"": ""source_amount_definition_not_fully_verified"", ""valuation_date"": null}, {""source"": ""slowmist"", ""claim_id"": ""a43e69fe9e64aa08"", ""loss_usd"": 2900000.0, ""loss_basis"": ""source_reported_loss_not_fully_verified"", ""valuation_date"": null}, {""source"": ""rekt"", ""claim_id"": ""de3090bd36906e69"", ""loss_usd"": 2900000, ""loss_basis"": ""leaderboard_amount_may_use_later_valuation"", ""valuation_date"": null}]","[""https://defillama.com/hacks"", ""https://hacked.slowmist.io/en/?c=&page=53"", ""https://rekt.news/leaderboard/""]","[""https://defillama.com/hacks"", ""https://twitter.com/SlowMist_Team/status/1710548085343207599"", ""https://rekt.news/stars-arena-rekt"", ""https://twitter.com/SlowMist_Team/status/1710548085343207599"", ""https://rekt.news/stars-arena-rekt""]",[],,,,,False,"[""source_date_disagreement"", ""exact_information_availability_unverified"", ""retrospective_loss_not_a_live_feature""]",in_scope,[],manually_adjudicated_fields,,,,,,,"The $2.9m Stars Arena row describes the October 7 major treasury drain (266,103 AVAX), not the earlier October 5 $2k exploit. Arena SocialFi is the same product.",,,,,,2023-10-08T00:00:00Z,False,"00:00 UTC on the calendar day after the assigned incident_date; an assumed retrospective alignment, not verified public availability.","Frozen catalog reported_loss_usd; retrospective reported amount, not verified gross theft or loss known at activation.",False
inc_21cf0b72bb61c857,BlackHole Token,2023-10-12,day,1275000,1200000.0,1275000,defillama,retrospective_reported_amount; gross/net and valuation basis require source verification,Oracle Manipulation,Spot Price Manipulation; Price Manipulation,"[""BSC""]",Token,2,2,"[""defillama"", ""slowmist""]","[""f560b09e672de425"", ""55f69175d213e400""]","[""2023-10-12""]","[{""source"": ""defillama"", ""claim_id"": ""f560b09e672de425"", ""loss_usd"": 1275000, ""loss_basis"": ""source_amount_definition_not_fully_verified"", ""valuation_date"": null}, {""source"": ""slowmist"", ""claim_id"": ""55f69175d213e400"", ""loss_usd"": 1200000.0, ""loss_basis"": ""source_reported_loss_not_fully_verified"", ""valuation_date"": null}]","[""https://defillama.com/hacks"", ""https://hacked.slowmist.io/en/?c=&page=52""]","[""https://defillama.com/hacks"", ""https://bscscan.com/address/0xCC61CC9F2632314c9d452acA79104DDf680952b5""]",[],,,,,False,"[""loss_estimates_differ_over_5pct"", ""exact_information_availability_unverified"", ""retrospective_loss_not_a_live_feature""]",in_scope,[],normalized_catalog_record,,,,,,,,,,,,,2023-10-13T00:00:00Z,False,"00:00 UTC on the calendar day after the assigned incident_date; an assumed retrospective alignment, not verified public availability.","Frozen catalog reported_loss_usd; retrospective reported amount, not verified gross theft or loss known at activation.",False
inc_795774abfa38074c,Platypus Finance,2023-10-13,day,2200000,2200000,2200000,defillama,retrospective_reported_amount; gross/net and valuation basis require source verification,Oracle Manipulation,Spot Price Manipulation; Unknown,"[""Avalanche""]",DeFi Protocol,3,3,"[""defillama"", ""slowmist"", ""rekt""]","[""835d28b5ee286c0c"", ""764edf58ae88fe6c"", ""ff7719c665ad1b93""]","[""2023-10-12"", ""2023-10-13""]","[{""source"": ""defillama"", ""claim_id"": ""835d28b5ee286c0c"", ""loss_usd"": 2200000, ""loss_basis"": ""source_amount_definition_not_fully_verified"", ""valuation_date"": null}, {""source"": ""slowmist"", ""claim_id"": ""764edf58ae88fe6c"", ""loss_usd"": 2200000.0, ""loss_basis"": ""source_reported_loss_not_fully_verified"", ""valuation_date"": null}, {""source"": ""rekt"", ""claim_id"": ""ff7719c665ad1b93"", ""loss_usd"": 2200000, ""loss_basis"": ""leaderboard_amount_may_use_later_valuation"", ""valuation_date"": null}]","[""https://defillama.com/hacks"", ""https://hacked.slowmist.io/en/?c=&page=52"", ""https://rekt.news/leaderboard/""]","[""https://defillama.com/hacks"", ""https://twitter.com/Platypusdefi/status/1712365385100689584"", ""https://rekt.news/platypus-rekt2""]",[],,,,,False,"[""source_date_disagreement"", ""exact_information_availability_unverified"", ""retrospective_loss_not_a_live_feature""]",in_scope,[],normalized_catalog_record,,,,,,,,,,,,,2023-10-14T00:00:00Z,False,"00:00 UTC on the calendar day after the assigned incident_date; an assumed retrospective alignment, not verified public availability.","Frozen catalog reported_loss_usd; retrospective reported amount, not verified gross theft or loss known at activation.",False
inc_6be15d473ee49597,Coins.ph,2023-10-20,day,6000000.0,6000000.0,6000000.0,slowmist,retrospective_reported_amount; gross/net and valuation basis require source verification,,Private Key Leakage,[],,1,1,"[""slowmist""]","[""1176363b206496a0""]","[""2023-10-20""]","[{""source"": ""slowmist"", ""claim_id"": ""1176363b206496a0"", ""loss_usd"": 6000000.0, ""loss_basis"": ""source_reported_loss_not_fully_verified"", ""valuation_date"": null}]","[""https://hacked.slowmist.io/en/?c=&page=52""]","[""https://www.theblock.co/post/258701/philippines-based-exchange-coins-ph-appears-to-have-lost-12-2-million-xrp-in-possible-exploit""]",[],,,,,False,"[""single_catalog_source"", ""exact_information_availability_unverified"", ""retrospective_loss_not_a_live_feature""]",in_scope,[],normalized_catalog_record,,,,,,,,,,,,,2023-10-21T00:00:00Z,True,"00:00 UTC on the calendar day after the assigned incident_date; an assumed retrospective alignment, not verified public availability.","Frozen catalog reported_loss_usd; retrospective reported amount, not verified gross theft or loss known at activation.",False
inc_9b5ec474456e095e,LastPass,2023-10-25,day,4400000.0,4400000.0,4400000.0,slowmist,retrospective_reported_amount; gross/net and valuation basis require source verification,,Information Leakage,[],,1,1,"[""slowmist""]","[""3bf0028e6e04bef0""]","[""2023-10-25""]","[{""source"": ""slowmist"", ""claim_id"": ""3bf0028e6e04bef0"", ""loss_usd"": 4400000.0, ""loss_basis"": ""source_reported_loss_not_fully_verified"", ""valuation_date"": null}]","[""https://hacked.slowmist.io/en/?c=&page=51""]","[""https://twitter.com/zachxbt/status/1717901088521687330""]",[],,,,,False,"[""single_catalog_source"", ""exact_information_availability_unverified"", ""retrospective_loss_not_a_live_feature""]",in_scope,[],normalized_catalog_record,,,,,,,,,,,,,2023-10-26T00:00:00Z,False,"00:00 UTC on the calendar day after the assigned incident_date; an assumed retrospective alignment, not verified public availability.","Frozen catalog reported_loss_usd; retrospective reported amount, not verified gross theft or loss known at activation.",False
inc_d10080c19d56dd77,Onyx Protocol,2023-11-01,day,2100000,2100000,2100000,defillama,retrospective_reported_amount; gross/net and valuation basis require source verification,Token & Share Accounting,Donation Attack; Contract Vulnerability,"[""Ethereum""]",DeFi Protocol,3,3,"[""defillama"", ""slowmist"", ""rekt""]","[""e74db50befd64e26"", ""ee6db72631b0342e"", ""43a1e2d3cdd7e1ed""]","[""2023-11-01""]","[{""source"": ""defillama"", ""claim_id"": ""e74db50befd64e26"", ""loss_usd"": 2100000, ""loss_basis"": ""source_amount_definition_not_fully_verified"", ""valuation_date"": null}, {""source"": ""slowmist"", ""claim_id"": ""ee6db72631b0342e"", ""loss_usd"": 2100000.0, ""loss_basis"": ""source_reported_loss_not_fully_verified"", ""valuation_date"": null}, {""source"": ""rekt"", ""claim_id"": ""43a1e2d3cdd7e1ed"", ""loss_usd"": 2100000, ""loss_basis"": ""leaderboard_amount_may_use_later_valuation"", ""valuation_date"": null}]","[""https://defillama.com/hacks"", ""https://hacked.slowmist.io/en/?c=&page=51"", ""https://rekt.news/leaderboard/""]","[""https://defillama.com/hacks"", ""https://twitter.com/SlowMist_Team/status/1719667931926413679"", ""https://rekt.news/onyx-protocol-rekt""]",[],,,,,False,"[""exact_information_availability_unverified"", ""retrospective_loss_not_a_live_feature""]",in_scope,[],normalized_catalog_record,,,,,,,,,,,,,2023-11-02T00:00:00Z,False,"00:00 UTC on the calendar day after the assigned incident_date; an assumed retrospective alignment, not verified public availability.","Frozen catalog reported_loss_usd; retrospective reported amount, not verified gross theft or loss known at activation.",False
inc_0fb3a5207fc20e1f,Curve Finance MEV Bot,2023-11-07,day,2000000,2000000,2152392.0,defillama,retrospective_reported_amount; gross/net and valuation basis require source verification,Access Control,Improper Access Control; Flash Loan Attack,"[""Ethereum""]",DeFi Protocol,2,2,"[""defillama"", ""slowmist""]","[""e8ab6bbd39d3d53a"", ""ac953c28a930efa4""]","[""2023-11-07""]","[{""source"": ""defillama"", ""claim_id"": ""e8ab6bbd39d3d53a"", ""loss_usd"": 2000000, ""loss_basis"": ""source_amount_definition_not_fully_verified"", ""valuation_date"": null}, {""source"": ""slowmist"", ""claim_id"": ""ac953c28a930efa4"", ""loss_usd"": 2152392.0, ""loss_basis"": ""source_reported_loss_not_fully_verified"", ""valuation_date"": null}]","[""https://defillama.com/hacks"", ""https://hacked.slowmist.io/en/?c=&page=50""]","[""https://defillama.com/hacks"", ""https://twitter.com/SlowMist_Team/status/1722081647028478029""]",[],,,,,False,"[""loss_estimates_differ_over_5pct"", ""exact_information_availability_unverified"", ""retrospective_loss_not_a_live_feature""]",in_scope,"[""Merge reports of the same incident: Curve Finance MEV Bot, MEV Bot. Dates, victim/product identity, attack context and amounts support one event. Preserve all source loss claims; do not sum reports."", ""Merge reports of the same incident: Curve Finance MEV Bot, MEV Bot. Dates, victim/product identity, attack context and amounts support one event. Preserve all source loss claims; do not sum reports.""]",normalized_catalog_record,,,,,,,,,,,,,2023-11-08T00:00:00Z,False,"00:00 UTC on the calendar day after the assigned incident_date; an assumed retrospective alignment, not verified public availability.","Frozen catalog reported_loss_usd; retrospective reported amount, not verified gross theft or loss known at activation.",False
inc_5aba062847324d81,CoinSpot,2023-11-09,day,2400000,2400000,2472000.0,defillama,retrospective_reported_amount; gross/net and valuation basis require source verification,Key Compromise,Hot Wallet Key Compromised; Private Key Leakage,"[""Ethereum""]",CEX,2,2,"[""defillama"", ""slowmist""]","[""fc333008c9fbe300"", ""9d020d4edd7c632a""]","[""2023-11-08"", ""2023-11-09""]","[{""source"": ""defillama"", ""claim_id"": ""fc333008c9fbe300"", ""loss_usd"": 2400000, ""loss_basis"": ""source_amount_definition_not_fully_verified"", ""valuation_date"": null}, {""source"": ""slowmist"", ""claim_id"": ""9d020d4edd7c632a"", ""loss_usd"": 2472000.0, ""loss_basis"": ""source_reported_loss_not_fully_verified"", ""valuation_date"": null}]","[""https://defillama.com/hacks"", ""https://hacked.slowmist.io/en/?c=&page=50""]","[""https://defillama.com/hacks"", ""https://medium.com/neptune-mutual/taking-a-closer-look-at-coinspot-exploit-ac8c08ed18ee""]",[],,,,,False,"[""source_date_disagreement"", ""exact_information_availability_unverified"", ""retrospective_loss_not_a_live_feature""]",in_scope,[],normalized_catalog_record,,,,,,,,,,,,,2023-11-10T00:00:00Z,False,"00:00 UTC on the calendar day after the assigned incident_date; an assumed retrospective alignment, not verified public availability.","Frozen catalog reported_loss_usd; retrospective reported amount, not verified gross theft or loss known at activation.",False
inc_0e285ddabfa896b1,Poloniex,2023-11-10,day,126000000,126000000,130000000.0,defillama,retrospective_reported_amount; gross/net and valuation basis require source verification,Social Engineering,Malware; Unknown,"[""Bitcoin"", ""Ethereum"", ""Tron""]",CEX,3,3,"[""defillama"", ""slowmist"", ""rekt""]","[""42df382ef3afcf0a"", ""97443aaa57c322b2"", ""fe099d348bac5e6d""]","[""2023-11-10""]","[{""source"": ""defillama"", ""claim_id"": ""42df382ef3afcf0a"", ""loss_usd"": 126000000, ""loss_basis"": ""source_amount_definition_not_fully_verified"", ""valuation_date"": null}, {""source"": ""slowmist"", ""claim_id"": ""97443aaa57c322b2"", ""loss_usd"": 130000000.0, ""loss_basis"": ""source_reported_loss_not_fully_verified"", ""valuation_date"": null}, {""source"": ""rekt"", ""claim_id"": ""fe099d348bac5e6d"", ""loss_usd"": 126000000, ""loss_basis"": ""leaderboard_amount_may_use_later_valuation"", ""valuation_date"": null}]","[""https://defillama.com/hacks"", ""https://hacked.slowmist.io/en/?c=&page=50"", ""https://rekt.news/leaderboard/""]","[""https://defillama.com/hacks"", ""https://twitter.com/SlowMist_Team/status/1722965423803580735"", ""https://rekt.news/poloniex-rekt""]",[],,,,,False,"[""exact_information_availability_unverified"", ""retrospective_loss_not_a_live_feature""]",in_scope,[],normalized_catalog_record,,,,,,,,,,,,,2023-11-11T00:00:00Z,True,"00:00 UTC on the calendar day after the assigned incident_date; an assumed retrospective alignment, not verified public availability.","Frozen catalog reported_loss_usd; retrospective reported amount, not verified gross theft or loss known at activation.",False
inc_9b4ffb03495bb472,Raft,2023-11-10,day,3300000,3300000,3300000,defillama,retrospective_reported_amount; gross/net and valuation basis require source verification,Token & Share Accounting,Infinite Mint; Flash Loan Attack,"[""Ethereum""]",DeFi Protocol,3,3,"[""defillama"", ""slowmist"", ""rekt""]","[""3e9704e80374c89c"", ""9241c8cb3a549b8a"", ""263cb63cf81cd5d3""]","[""2023-11-10"", ""2023-11-11""]","[{""source"": ""defillama"", ""claim_id"": ""3e9704e80374c89c"", ""loss_usd"": 3300000, ""loss_basis"": ""source_amount_definition_not_fully_verified"", ""valuation_date"": null}, {""source"": ""slowmist"", ""claim_id"": ""9241c8cb3a549b8a"", ""loss_usd"": 3300000.0, ""loss_basis"": ""source_reported_loss_not_fully_verified"", ""valuation_date"": null}, {""source"": ""rekt"", ""claim_id"": ""263cb63cf81cd5d3"", ""loss_usd"": 3300000, ""loss_basis"": ""leaderboard_amount_may_use_later_valuation"", ""valuation_date"": null}]","[""https://defillama.com/hacks"", ""https://hacked.slowmist.io/en/?c=&page=50"", ""https://rekt.news/leaderboard/""]","[""https://defillama.com/hacks"", ""https://twitter.com/raft_fi/status/1723057566664548623"", ""https://rekt.news/raft-rekt"", ""https://rekt.news/raft-rekt"", ""https://twitter.com/raft_fi/status/1723057566664548623""]",[],,,,,False,"[""source_date_disagreement"", ""exact_information_availability_unverified"", ""retrospective_loss_not_a_live_feature""]",in_scope,[],manually_adjudicated_fields,,,,,,,Raft and Raft Protocol describe the same November 10 flash-loan/mint attack and $3.3m loss.,,,,,,2023-11-11T00:00:00Z,False,"00:00 UTC on the calendar day after the assigned incident_date; an assumed retrospective alignment, not verified public availability.","Frozen catalog reported_loss_usd; retrospective reported amount, not verified gross theft or loss known at activation.",False
inc_d7eb9e319353c9cc,Samudai,2023-11-11,day,1250000,1250000,1250000,defillama,retrospective_reported_amount; gross/net and valuation basis require source verification,Key Compromise,Hot Wallet Key Compromised; Wallet Stolen,"[""Ethereum""]",DeFi Protocol,2,2,"[""defillama"", ""slowmist""]","[""fd68919e0ed54cf6"", ""c7f2362304291a7e""]","[""2023-11-11""]","[{""source"": ""defillama"", ""claim_id"": ""fd68919e0ed54cf6"", ""loss_usd"": 1250000, ""loss_basis"": ""source_amount_definition_not_fully_verified"", ""valuation_date"": null}, {""source"": ""slowmist"", ""claim_id"": ""c7f2362304291a7e"", ""loss_usd"": 1250000.0, ""loss_basis"": ""source_reported_loss_not_fully_verified"", ""valuation_date"": null}]","[""https://defillama.com/hacks"", ""https://hacked.slowmist.io/en/?c=&page=50""]","[""https://defillama.com/hacks"", ""https://www.web3isgoinggreat.com/?tech=dao&id=samudai-treasury-drained""]",[],,,,,False,"[""exact_information_availability_unverified"", ""retrospective_loss_not_a_live_feature""]",in_scope,[],normalized_catalog_record,,,,,,,,,,,,,2023-11-12T00:00:00Z,False,"00:00 UTC on the calendar day after the assigned incident_date; an assumed retrospective alignment, not verified public availability.","Frozen catalog reported_loss_usd; retrospective reported amount, not verified gross theft or loss known at activation.",False
inc_da09842874874a45,Kronos Research,2023-11-18,day,26000000,26000000,26000000,defillama,retrospective_reported_amount; gross/net and valuation basis require source verification,Frontend & Infrastructure,API Key Compromised; API Key Attack,"[""Ethereum""]",Other,3,3,"[""defillama"", ""slowmist"", ""rekt""]","[""54cab17122bacfd7"", ""b83278427adefdd8"", ""ab7c98a09c48d4d4""]","[""2023-11-18"", ""2023-11-19""]","[{""source"": ""defillama"", ""claim_id"": ""54cab17122bacfd7"", ""loss_usd"": 26000000, ""loss_basis"": ""source_amount_definition_not_fully_verified"", ""valuation_date"": null}, {""source"": ""slowmist"", ""claim_id"": ""b83278427adefdd8"", ""loss_usd"": 26000000.0, ""loss_basis"": ""source_reported_loss_not_fully_verified"", ""valuation_date"": null}, {""source"": ""rekt"", ""claim_id"": ""ab7c98a09c48d4d4"", ""loss_usd"": 26000000, ""loss_basis"": ""leaderboard_amount_may_use_later_valuation"", ""valuation_date"": null}]","[""https://defillama.com/hacks"", ""https://hacked.slowmist.io/en/?c=&page=50"", ""https://rekt.news/leaderboard/""]","[""https://defillama.com/hacks"", ""https://twitter.com/ResearchKronos/status/1726013733888041376"", ""https://rekt.news/kronos-rekt""]",[],,,,,False,"[""source_date_disagreement"", ""exact_information_availability_unverified"", ""retrospective_loss_not_a_live_feature""]",in_scope,[],normalized_catalog_record,,,,,,,,,,,,,2023-11-19T00:00:00Z,True,"00:00 UTC on the calendar day after the assigned incident_date; an assumed retrospective alignment, not verified public availability.","Frozen catalog reported_loss_usd; retrospective reported amount, not verified gross theft or loss known at activation.",False
inc_22b526247ae74678,dYdX V3,2023-11-18,day,9000000,9000000,9000000,defillama,retrospective_reported_amount; gross/net and valuation basis require source verification,Market Manipulation,Risk Parameter Abuse; Price Manipulation,"[""Ethereum""]",DeFi Protocol,3,3,"[""defillama"", ""slowmist"", ""rekt""]","[""f27df965a96fc633"", ""17b5b17d76727916"", ""88b45ec18469e712""]","[""2023-11-18""]","[{""source"": ""defillama"", ""claim_id"": ""f27df965a96fc633"", ""loss_usd"": 9000000, ""loss_basis"": ""source_amount_definition_not_fully_verified"", ""valuation_date"": null}, {""source"": ""slowmist"", ""claim_id"": ""17b5b17d76727916"", ""loss_usd"": 9000000.0, ""loss_basis"": ""source_reported_loss_not_fully_verified"", ""valuation_date"": null}, {""source"": ""rekt"", ""claim_id"": ""88b45ec18469e712"", ""loss_usd"": 9000000, ""loss_basis"": ""leaderboard_amount_may_use_later_valuation"", ""valuation_date"": null}]","[""https://defillama.com/hacks"", ""https://hacked.slowmist.io/en/?c=&page=50"", ""https://rekt.news/leaderboard/""]","[""https://defillama.com/hacks"", ""https://twitter.com/dYdX/status/1725921897848914353"", ""https://rekt.news/dydx-rekt""]",[],,,,,False,"[""exact_information_availability_unverified"", ""retrospective_loss_not_a_live_feature""]",in_scope,[],normalized_catalog_record,,,,,,,,,,,,,2023-11-19T00:00:00Z,True,"00:00 UTC on the calendar day after the assigned incident_date; an assumed retrospective alignment, not verified public availability.","Frozen catalog reported_loss_usd; retrospective reported amount, not verified gross theft or loss known at activation.",False
inc_1f6ea604969c3c7b,Heco Bridge,2023-11-22,day,86600000,86600000,86600000,defillama,retrospective_reported_amount; gross/net and valuation basis require source verification,Key Compromise,Hot Wallet Key Compromised,"[""Ethereum""]",DeFi Protocol,1,1,"[""defillama""]","[""f14c41cb863bd338""]","[""2023-11-22""]","[{""source"": ""defillama"", ""claim_id"": ""f14c41cb863bd338"", ""loss_usd"": 86600000, ""loss_basis"": ""source_amount_definition_not_fully_verified"", ""valuation_date"": null}]","[""https://defillama.com/hacks""]","[""https://defillama.com/hacks""]",[],,,,,False,"[""single_catalog_source"", ""no_incident_specific_reference"", ""exact_information_availability_unverified"", ""retrospective_loss_not_a_live_feature""]",in_scope,[],normalized_catalog_record,,,,,,,,,,,,,2023-11-23T00:00:00Z,True,"00:00 UTC on the calendar day after the assigned incident_date; an assumed retrospective alignment, not verified public availability.","Frozen catalog reported_loss_usd; retrospective reported amount, not verified gross theft or loss known at activation.",False
inc_dc61d96332c3656b,Huobi,2023-11-22,day,13600000,13600000,13600000,defillama,retrospective_reported_amount; gross/net and valuation basis require source verification,Key Compromise,Hot Wallet Key Compromised,"[""Ethereum""]",CEX,1,1,"[""defillama""]","[""98b71418a4d4076c""]","[""2023-11-22""]","[{""source"": ""defillama"", ""claim_id"": ""98b71418a4d4076c"", ""loss_usd"": 13600000, ""loss_basis"": ""source_amount_definition_not_fully_verified"", ""valuation_date"": null}]","[""https://defillama.com/hacks""]","[""https://defillama.com/hacks""]",[],,,,,False,"[""single_catalog_source"", ""no_incident_specific_reference"", ""exact_information_availability_unverified"", ""retrospective_loss_not_a_live_feature""]",in_scope,[],normalized_catalog_record,,,,,,,,,,,,,2023-11-23T00:00:00Z,True,"00:00 UTC on the calendar day after the assigned incident_date; an assumed retrospective alignment, not verified public availability.","Frozen catalog reported_loss_usd; retrospective reported amount, not verified gross theft or loss known at activation.",False
inc_a65c688114c3e16e,KyberSwap Elastic,2023-11-22,day,48000000,48000000,54700000.0,defillama,retrospective_reported_amount; gross/net and valuation basis require source verification,Token & Share Accounting,Rounding Error; Liquidity Exploit,"[""Arbitrum"", ""Base"", ""Ethereum"", ""Optimism"", ""Polygon""]",DeFi Protocol,3,3,"[""defillama"", ""slowmist"", ""rekt""]","[""07c43e81de0160b6"", ""6ec15aa2e5a837f0"", ""f24b5e007f6debd2""]","[""2023-11-22"", ""2023-11-23""]","[{""source"": ""defillama"", ""claim_id"": ""07c43e81de0160b6"", ""loss_usd"": 48000000, ""loss_basis"": ""source_amount_definition_not_fully_verified"", ""valuation_date"": null}, {""source"": ""slowmist"", ""claim_id"": ""6ec15aa2e5a837f0"", ""loss_usd"": 54700000.0, ""loss_basis"": ""source_reported_loss_not_fully_verified"", ""valuation_date"": null}, {""source"": ""rekt"", ""claim_id"": ""f24b5e007f6debd2"", ""loss_usd"": 48000000, ""loss_basis"": ""leaderboard_amount_may_use_later_valuation"", ""valuation_date"": null}]","[""https://defillama.com/hacks"", ""https://hacked.slowmist.io/en/?c=&page=49"", ""https://rekt.news/leaderboard/""]","[""https://defillama.com/hacks"", ""https://twitter.com/KyberNetwork/status/1727475235342217682"", ""https://rekt.news/kyberswap-rekt"", ""https://rekt.news/kyberswap-rekt"", ""https://twitter.com/KyberNetwork/status/1727475235342217682""]",[],,,,,False,"[""source_date_disagreement"", ""loss_estimates_differ_over_5pct"", ""exact_information_availability_unverified"", ""retrospective_loss_not_a_live_feature""]",in_scope,[],manually_adjudicated_fields,,,,,,,Kyber Network report explicitly names affected KyberSwap Elastic pools; same incident with updated totals.,,,,,,2023-11-23T00:00:00Z,True,"00:00 UTC on the calendar day after the assigned incident_date; an assumed retrospective alignment, not verified public availability.","Frozen catalog reported_loss_usd; retrospective reported amount, not verified gross theft or loss known at activation.",False
inc_b26fac8a724a3033,Florence Finance,2023-11-30,day,1450000,1450000,1450000,defillama,retrospective_reported_amount; gross/net and valuation basis require source verification,Social Engineering,Address Poisoning,"[""Ethereum""]",DeFi Protocol,1,1,"[""defillama""]","[""4cc26345c03120c9""]","[""2023-11-30""]","[{""source"": ""defillama"", ""claim_id"": ""4cc26345c03120c9"", ""loss_usd"": 1450000, ""loss_basis"": ""source_amount_definition_not_fully_verified"", ""valuation_date"": null}]","[""https://defillama.com/hacks""]","[""https://defillama.com/hacks""]",[],,,,,False,"[""single_catalog_source"", ""no_incident_specific_reference"", ""exact_information_availability_unverified"", ""retrospective_loss_not_a_live_feature""]",in_scope,[],normalized_catalog_record,,,,,,,,,,,,,2023-12-01T00:00:00Z,False,"00:00 UTC on the calendar day after the assigned incident_date; an assumed retrospective alignment, not verified public availability.","Frozen catalog reported_loss_usd; retrospective reported amount, not verified gross theft or loss known at activation.",False
inc_f0504efe6251d165,Levana,2023-12-13,day,1100000,1100000,1146000,defillama,retrospective_reported_amount; gross/net and valuation basis require source verification,Oracle Manipulation,Stale Oracle Price; Oracle Attack,"[""Osmosis""]",DeFi Protocol,3,3,"[""defillama"", ""slowmist"", ""rekt""]","[""7b42ece320488886"", ""2c1c9b133cd514ac"", ""6360066cba0e0042""]","[""2023-12-13"", ""2023-12-27""]","[{""source"": ""defillama"", ""claim_id"": ""7b42ece320488886"", ""loss_usd"": 1100000, ""loss_basis"": ""source_amount_definition_not_fully_verified"", ""valuation_date"": null}, {""source"": ""slowmist"", ""claim_id"": ""2c1c9b133cd514ac"", ""loss_usd"": 1140000.0, ""loss_basis"": ""source_reported_loss_not_fully_verified"", ""valuation_date"": null}, {""source"": ""rekt"", ""claim_id"": ""6360066cba0e0042"", ""loss_usd"": 1146000, ""loss_basis"": ""leaderboard_amount_may_use_later_valuation"", ""valuation_date"": null}]","[""https://defillama.com/hacks"", ""https://hacked.slowmist.io/en/?c=&page=48"", ""https://rekt.news/leaderboard/""]","[""https://defillama.com/hacks"", ""https://www.theblock.co/post/269455/levana-protocol-exploited-osmosis"", ""https://rekt.news/levana-rekt"", ""https://www.theblock.co/post/269455/levana-protocol-exploited-osmosis"", ""https://rekt.news/levana-rekt""]",[],,,,,False,"[""source_date_disagreement"", ""exact_information_availability_unverified"", ""retrospective_loss_not_a_live_feature""]",in_scope,[],manually_adjudicated_fields,,,,,,,Levana’s repeated oracle exploits occurred December 13–26 and were disclosed December 27. The later report is not an additional incident.,,,,,,2023-12-14T00:00:00Z,False,"00:00 UTC on the calendar day after the assigned incident_date; an assumed retrospective alignment, not verified public availability.","Frozen catalog reported_loss_usd; retrospective reported amount, not verified gross theft or loss known at activation.",False
inc_d335bee9ce8c077d,OKX DEX,2023-12-13,day,2700000,2700000,2700000,defillama,retrospective_reported_amount; gross/net and valuation basis require source verification,Key Compromise,Private Key Compromised; Private Key Leakage,"[""Ethereum""]",DeFi Protocol,3,3,"[""defillama"", ""slowmist"", ""rekt""]","[""a06e7cd27bb20878"", ""51a4d2e62f2c9cbf"", ""5bad62eade22984b""]","[""2023-12-12"", ""2023-12-13""]","[{""source"": ""defillama"", ""claim_id"": ""a06e7cd27bb20878"", ""loss_usd"": 2700000, ""loss_basis"": ""source_amount_definition_not_fully_verified"", ""valuation_date"": null}, {""source"": ""slowmist"", ""claim_id"": ""51a4d2e62f2c9cbf"", ""loss_usd"": 2700000.0, ""loss_basis"": ""source_reported_loss_not_fully_verified"", ""valuation_date"": null}, {""source"": ""rekt"", ""claim_id"": ""5bad62eade22984b"", ""loss_usd"": 2700000, ""loss_basis"": ""leaderboard_amount_may_use_later_valuation"", ""valuation_date"": null}]","[""https://defillama.com/hacks"", ""https://hacked.slowmist.io/en/?c=&page=48"", ""https://rekt.news/leaderboard/""]","[""https://defillama.com/hacks"", ""https://web3isgoinggreat.com/?id=okx-dex-hack"", ""https://rekt.news/okx-dex-rekt""]",[],,,,,False,"[""source_date_disagreement"", ""exact_information_availability_unverified"", ""retrospective_loss_not_a_live_feature""]",in_scope,[],normalized_catalog_record,,,,,,,,,,,,,2023-12-14T00:00:00Z,False,"00:00 UTC on the calendar day after the assigned incident_date; an assumed retrospective alignment, not verified public availability.","Frozen catalog reported_loss_usd; retrospective reported amount, not verified gross theft or loss known at activation.",False
inc_baea53eaa6c0b54f,GoodDollar,2023-12-16,day,2000000,2000000,2000000,defillama,retrospective_reported_amount; gross/net and valuation basis require source verification,Reentrancy,Reentrancy,"[""Ethereum""]",DeFi Protocol,1,1,"[""defillama""]","[""0053dc56d69ae006""]","[""2023-12-16""]","[{""source"": ""defillama"", ""claim_id"": ""0053dc56d69ae006"", ""loss_usd"": 2000000, ""loss_basis"": ""source_amount_definition_not_fully_verified"", ""valuation_date"": null}]","[""https://defillama.com/hacks""]","[""https://defillama.com/hacks""]",[],,,,,False,"[""single_catalog_source"", ""no_incident_specific_reference"", ""exact_information_availability_unverified"", ""retrospective_loss_not_a_live_feature""]",in_scope,[],normalized_catalog_record,,,,,,,,,,,,,2023-12-17T00:00:00Z,False,"00:00 UTC on the calendar day after the assigned incident_date; an assumed retrospective alignment, not verified public availability.","Frozen catalog reported_loss_usd; retrospective reported amount, not verified gross theft or loss known at activation.",False
inc_c40e531f029c4696,NFT Trader,2023-12-16,day,3000000,3000000,3000000,defillama,retrospective_reported_amount; gross/net and valuation basis require source verification,Reentrancy,Reentrancy; Reentrancy Attack,"[""Ethereum""]",DeFi Protocol,2,2,"[""defillama"", ""slowmist""]","[""d24e6b89d3480ccf"", ""a002ed066596724a""]","[""2023-12-16""]","[{""source"": ""defillama"", ""claim_id"": ""d24e6b89d3480ccf"", ""loss_usd"": 3000000, ""loss_basis"": ""source_amount_definition_not_fully_verified"", ""valuation_date"": null}, {""source"": ""slowmist"", ""claim_id"": ""a002ed066596724a"", ""loss_usd"": 3000000.0, ""loss_basis"": ""source_reported_loss_not_fully_verified"", ""valuation_date"": null}]","[""https://defillama.com/hacks"", ""https://hacked.slowmist.io/en/?c=&page=48""]","[""https://defillama.com/hacks"", ""https://twitter.com/SlowMist_Team/status/1736005523550646535""]",[],,,,,False,"[""exact_information_availability_unverified"", ""retrospective_loss_not_a_live_feature""]",in_scope,[],normalized_catalog_record,,,,,,,,,,,,,2023-12-17T00:00:00Z,False,"00:00 UTC on the calendar day after the assigned incident_date; an assumed retrospective alignment, not verified public availability.","Frozen catalog reported_loss_usd; retrospective reported amount, not verified gross theft or loss known at activation.",False
inc_dc48c2b202d06490,Flooring Protocol,2023-12-17,day,1600000,1600000,1600000,defillama,retrospective_reported_amount; gross/net and valuation basis require source verification,Access Control,Arbitrary External Call; Contract Vulnerability,"[""Ethereum""]",DeFi Protocol,2,2,"[""defillama"", ""slowmist""]","[""2195bea333118e5a"", ""c5a9a7d0a1806268""]","[""2023-12-17""]","[{""source"": ""defillama"", ""claim_id"": ""2195bea333118e5a"", ""loss_usd"": 1600000, ""loss_basis"": ""source_amount_definition_not_fully_verified"", ""valuation_date"": null}, {""source"": ""slowmist"", ""claim_id"": ""c5a9a7d0a1806268"", ""loss_usd"": 1600000.0, ""loss_basis"": ""source_reported_loss_not_fully_verified"", ""valuation_date"": null}]","[""https://defillama.com/hacks"", ""https://hacked.slowmist.io/en/?c=&page=48""]","[""https://defillama.com/hacks"", ""https://twitter.com/0xfoobar/status/1736190355257627064""]",[],,,,,False,"[""exact_information_availability_unverified"", ""retrospective_loss_not_a_live_feature""]",in_scope,[],normalized_catalog_record,,,,,,,,,,,,,2023-12-18T00:00:00Z,False,"00:00 UTC on the calendar day after the assigned incident_date; an assumed retrospective alignment, not verified public availability.","Frozen catalog reported_loss_usd; retrospective reported amount, not verified gross theft or loss known at activation.",False
inc_ca87e52376c9cfc5,INX Digital Company,2023-12-20,day,1600000,1600000,1600000,defillama,retrospective_reported_amount; gross/net and valuation basis require source verification,Frontend & Infrastructure,Key Leaked via Infrastructure; Third-party Vulnerability,"[""Ethereum""]",CEX,2,2,"[""defillama"", ""slowmist""]","[""2e12fbb6bcf5a530"", ""3c204ad0801d3a0a""]","[""2023-12-20""]","[{""source"": ""defillama"", ""claim_id"": ""2e12fbb6bcf5a530"", ""loss_usd"": 1600000, ""loss_basis"": ""source_amount_definition_not_fully_verified"", ""valuation_date"": null}, {""source"": ""slowmist"", ""claim_id"": ""3c204ad0801d3a0a"", ""loss_usd"": 1600000.0, ""loss_basis"": ""source_reported_loss_not_fully_verified"", ""valuation_date"": null}]","[""https://defillama.com/hacks"", ""https://hacked.slowmist.io/en/?c=&page=47""]","[""https://defillama.com/hacks"", ""https://www.prnewswire.com/news-releases/inx-customer-data-and-funds-are-secure-after-recent-attack-on-third-party-service-provider-302023932.html""]",[],,,,,False,"[""exact_information_availability_unverified"", ""retrospective_loss_not_a_live_feature""]",in_scope,"[""Merge reports of the same incident: INX, INX Digital Company. Dates, victim/product identity, attack context and amounts support one event. Preserve all source loss claims; do not sum reports."", ""Merge reports of the same incident: INX, INX Digital Company. Dates, victim/product identity, attack context and amounts support one event. Preserve all source loss claims; do not sum reports.""]",normalized_catalog_record,,,,,,,,,,,,,2023-12-21T00:00:00Z,False,"00:00 UTC on the calendar day after the assigned incident_date; an assumed retrospective alignment, not verified public availability.","Frozen catalog reported_loss_usd; retrospective reported amount, not verified gross theft or loss known at activation.",False
inc_be20d444999fe935,Telcoin,2023-12-25,day,1250000,1240000.0,1250000,defillama,retrospective_reported_amount; gross/net and valuation basis require source verification,Access Control,Uninitialized Proxy; Unknown,"[""Polygon""]",Payments,2,2,"[""defillama"", ""slowmist""]","[""c2511e0a06c25f5c"", ""5677baa1c5fd094c""]","[""2023-12-25"", ""2023-12-26""]","[{""source"": ""defillama"", ""claim_id"": ""c2511e0a06c25f5c"", ""loss_usd"": 1250000, ""loss_basis"": ""source_amount_definition_not_fully_verified"", ""valuation_date"": null}, {""source"": ""slowmist"", ""claim_id"": ""5677baa1c5fd094c"", ""loss_usd"": 1240000.0, ""loss_basis"": ""source_reported_loss_not_fully_verified"", ""valuation_date"": null}]","[""https://defillama.com/hacks"", ""https://hacked.slowmist.io/en/?c=&page=47""]","[""https://defillama.com/hacks"", ""https://twitter.com/telcoin/status/1739394228361310678""]",[],,,,,False,"[""source_date_disagreement"", ""exact_information_availability_unverified"", ""retrospective_loss_not_a_live_feature""]",in_scope,[],normalized_catalog_record,,,,,,,,,,,,,2023-12-26T00:00:00Z,False,"00:00 UTC on the calendar day after the assigned incident_date; an assumed retrospective alignment, not verified public availability.","Frozen catalog reported_loss_usd; retrospective reported amount, not verified gross theft or loss known at activation.",False
inc_0618b36ea43cff1d,Orbit Bridge,2023-12-31,day,81700000,81500000,81700000,defillama,retrospective_reported_amount; gross/net and valuation basis require source verification,Input Validation,Signature Verification Flaw; Unknown,"[""Ethereum""]",DeFi Protocol,3,3,"[""defillama"", ""slowmist"", ""rekt""]","[""6ccd123534492ff3"", ""b64cc15bb1e58716"", ""d72decc2e9b91c6f""]","[""2023-12-31""]","[{""source"": ""defillama"", ""claim_id"": ""6ccd123534492ff3"", ""loss_usd"": 81700000, ""loss_basis"": ""source_amount_definition_not_fully_verified"", ""valuation_date"": null}, {""source"": ""slowmist"", ""claim_id"": ""b64cc15bb1e58716"", ""loss_usd"": 81600000.0, ""loss_basis"": ""source_reported_loss_not_fully_verified"", ""valuation_date"": null}, {""source"": ""rekt"", ""claim_id"": ""d72decc2e9b91c6f"", ""loss_usd"": 81500000, ""loss_basis"": ""leaderboard_amount_may_use_later_valuation"", ""valuation_date"": null}]","[""https://defillama.com/hacks"", ""https://hacked.slowmist.io/en/?c=&page=47"", ""https://rekt.news/leaderboard/""]","[""https://defillama.com/hacks"", ""https://twitter.com/Orbit_Chain/status/1741725778956730778"", ""https://rekt.news/orbit-bridge-rekt"", ""https://rekt.news/orbit-bridge-rekt"", ""https://twitter.com/Orbit_Chain/status/1741725778956730778""]",[],,,,,False,"[""exact_information_availability_unverified"", ""retrospective_loss_not_a_live_feature""]",in_scope,[],manually_adjudicated_fields,,,,,,,Orbit Chain describes the Orbit Bridge compromise; same bridge and December 31 loss.,,,,,,2024-01-01T00:00:00Z,True,"00:00 UTC on the calendar day after the assigned incident_date; an assumed retrospective alignment, not verified public availability.","Frozen catalog reported_loss_usd; retrospective reported amount, not verified gross theft or loss known at activation.",False
inc_740736f15893ebc6,Radiant Capital,2024-01-02,day,4500000,4500000,4500000,defillama,retrospective_reported_amount; gross/net and valuation basis require source verification,Token & Share Accounting,Rounding Error; Flash Loan Attack,"[""Arbitrum""]",DeFi Protocol,3,3,"[""defillama"", ""slowmist"", ""rekt""]","[""6e9e43b6edcb05ad"", ""d53b165b69dee179"", ""702498776906f3dc""]","[""2024-01-02"", ""2024-01-03""]","[{""source"": ""defillama"", ""claim_id"": ""6e9e43b6edcb05ad"", ""loss_usd"": 4500000, ""loss_basis"": ""source_amount_definition_not_fully_verified"", ""valuation_date"": null}, {""source"": ""slowmist"", ""claim_id"": ""d53b165b69dee179"", ""loss_usd"": 4500000.0, ""loss_basis"": ""source_reported_loss_not_fully_verified"", ""valuation_date"": null}, {""source"": ""rekt"", ""claim_id"": ""702498776906f3dc"", ""loss_usd"": 4500000, ""loss_basis"": ""leaderboard_amount_may_use_later_valuation"", ""valuation_date"": null}]","[""https://defillama.com/hacks"", ""https://hacked.slowmist.io/en/?c=&page=46"", ""https://rekt.news/leaderboard/""]","[""https://defillama.com/hacks"", ""https://twitter.com/RDNTCapital/status/1742338729925112272"", ""https://rekt.news/radiant-capital-rekt"", ""https://twitter.com/RDNTCapital/status/1742338729925112272"", ""https://rekt.news/radiant-capital-rekt""]",[],,,,,False,"[""source_date_disagreement"", ""exact_information_availability_unverified"", ""retrospective_loss_not_a_live_feature""]",in_scope,[],manually_adjudicated_fields,,,,,,,January Radiant V2 and Radiant Capital reports describe the same rounding/flash-loan incident; distinct from the October key compromise.,,,,,,2024-01-03T00:00:00Z,False,"00:00 UTC on the calendar day after the assigned incident_date; an assumed retrospective alignment, not verified public availability.","Frozen catalog reported_loss_usd; retrospective reported amount, not verified gross theft or loss known at activation.",False
inc_a64bf38d15ec0515,Gamma,2024-01-04,day,4500000,4500000,6180000.0,defillama,retrospective_reported_amount; gross/net and valuation basis require source verification,Oracle Manipulation,Spot Price Manipulation; Price Manipulation,"[""Arbitrum""]",DeFi Protocol,3,3,"[""defillama"", ""slowmist"", ""rekt""]","[""7acd2fa6b9a2e9f5"", ""fd9a56c3234056d1"", ""cf58d02e13312a06""]","[""2024-01-04""]","[{""source"": ""defillama"", ""claim_id"": ""7acd2fa6b9a2e9f5"", ""loss_usd"": 4500000, ""loss_basis"": ""source_amount_definition_not_fully_verified"", ""valuation_date"": null}, {""source"": ""slowmist"", ""claim_id"": ""fd9a56c3234056d1"", ""loss_usd"": 6180000.0, ""loss_basis"": ""source_reported_loss_not_fully_verified"", ""valuation_date"": null}, {""source"": ""rekt"", ""claim_id"": ""cf58d02e13312a06"", ""loss_usd"": 4500000, ""loss_basis"": ""leaderboard_amount_may_use_later_valuation"", ""valuation_date"": null}]","[""https://defillama.com/hacks"", ""https://hacked.slowmist.io/en/?c=&page=46"", ""https://rekt.news/leaderboard/""]","[""https://defillama.com/hacks"", ""https://medium.com/gamma-strategies/post-mortem-remediation-plan-9a62f10d90f3"", ""https://rekt.news/gamma-strategies-rekt""]",[],,,,,False,"[""loss_estimates_differ_over_5pct"", ""exact_information_availability_unverified"", ""retrospective_loss_not_a_live_feature""]",in_scope,[],normalized_catalog_record,,,,,,,,,,,,,2024-01-05T00:00:00Z,False,"00:00 UTC on the calendar day after the assigned incident_date; an assumed retrospective alignment, not verified public availability.","Frozen catalog reported_loss_usd; retrospective reported amount, not verified gross theft or loss known at activation.",False
inc_9223a72bcaaf0a42,CoinsPaid,2024-01-06,day,7500000,7500000,7500000,defillama,retrospective_reported_amount; gross/net and valuation basis require source verification,Key Compromise,Hot Wallet Key Compromised; Unknown,"[""Binance Smart Chain"", ""Ethereum""]",CEX,2,2,"[""defillama"", ""slowmist""]","[""b0f9ab1b7dd75617"", ""1f56e5d065d818c2""]","[""2024-01-06""]","[{""source"": ""defillama"", ""claim_id"": ""b0f9ab1b7dd75617"", ""loss_usd"": 7500000, ""loss_basis"": ""source_amount_definition_not_fully_verified"", ""valuation_date"": null}, {""source"": ""slowmist"", ""claim_id"": ""1f56e5d065d818c2"", ""loss_usd"": 7500000.0, ""loss_basis"": ""source_reported_loss_not_fully_verified"", ""valuation_date"": null}]","[""https://defillama.com/hacks"", ""https://hacked.slowmist.io/en/?c=&page=46""]","[""https://defillama.com/hacks"", ""https://www.panewslab.com/zh/sqarticledetails/ctczfh18.html""]",[],,,,,False,"[""exact_information_availability_unverified"", ""retrospective_loss_not_a_live_feature""]",in_scope,[],normalized_catalog_record,,,,,,,,,,,,,2024-01-07T00:00:00Z,True,"00:00 UTC on the calendar day after the assigned incident_date; an assumed retrospective alignment, not verified public availability.","Frozen catalog reported_loss_usd; retrospective reported amount, not verified gross theft or loss known at activation.",False
inc_a6563ebdfca9ec75,Bungee,2024-01-16,day,3300000,3300000,3300000,defillama,retrospective_reported_amount; gross/net and valuation basis require source verification,Input Validation,Missing Input Validation; Contract Vulnerability,"[""Ethereum""]",DeFi Protocol,3,3,"[""defillama"", ""slowmist"", ""rekt""]","[""e571a7abcfd5a0df"", ""f22fc53c3fe5eebe"", ""8b035fe11f19e4a5""]","[""2024-01-16""]","[{""source"": ""defillama"", ""claim_id"": ""e571a7abcfd5a0df"", ""loss_usd"": 3300000, ""loss_basis"": ""source_amount_definition_not_fully_verified"", ""valuation_date"": null}, {""source"": ""slowmist"", ""claim_id"": ""f22fc53c3fe5eebe"", ""loss_usd"": 3300000.0, ""loss_basis"": ""source_reported_loss_not_fully_verified"", ""valuation_date"": null}, {""source"": ""rekt"", ""claim_id"": ""8b035fe11f19e4a5"", ""loss_usd"": 3300000, ""loss_basis"": ""leaderboard_amount_may_use_later_valuation"", ""valuation_date"": null}]","[""https://defillama.com/hacks"", ""https://hacked.slowmist.io/en/?c=&page=45"", ""https://rekt.news/leaderboard/""]","[""https://defillama.com/hacks"", ""https://twitter.com/socketdottech/status/1747349422730813525?s=46&t=VOX9GON9LkityHRA95UVTQ"", ""https://rekt.news/socket-rekt""]",[],,,,,False,"[""exact_information_availability_unverified"", ""retrospective_loss_not_a_live_feature""]",in_scope,"[""Merge reports of the same incident: Bungee, Socket. Dates, victim/product identity, attack context and amounts support one event. Preserve all source loss claims; do not sum reports."", ""Merge reports of the same incident: Bungee, Socket. Dates, victim/product identity, attack context and amounts support one event. Preserve all source loss claims; do not sum reports."", ""Merge reports of the same incident: Bungee, Socket. Dates, victim/product identity, attack context and amounts support one event. Preserve all source loss claims; do not sum reports.""]",normalized_catalog_record,,,,,,,,,,,,,2024-01-17T00:00:00Z,False,"00:00 UTC on the calendar day after the assigned incident_date; an assumed retrospective alignment, not verified public availability.","Frozen catalog reported_loss_usd; retrospective reported amount, not verified gross theft or loss known at activation.",False
inc_aade85fe1d2e239a,Hector Network,2024-01-16,day,2700000,2700000,2700000,defillama,retrospective_reported_amount; gross/net and valuation basis require source verification,Access Control,Improper Access Control; Unknown,"[""Ethereum""]",DeFi Protocol,2,2,"[""defillama"", ""slowmist""]","[""74e54b0a1371ae5d"", ""9d7f691e69f0891d""]","[""2024-01-16""]","[{""source"": ""defillama"", ""claim_id"": ""74e54b0a1371ae5d"", ""loss_usd"": 2700000, ""loss_basis"": ""source_amount_definition_not_fully_verified"", ""valuation_date"": null}, {""source"": ""slowmist"", ""claim_id"": ""9d7f691e69f0891d"", ""loss_usd"": 2700000.0, ""loss_basis"": ""source_reported_loss_not_fully_verified"", ""valuation_date"": null}]","[""https://defillama.com/hacks"", ""https://hacked.slowmist.io/en/?c=&page=45""]","[""https://defillama.com/hacks"", ""https://www.web3isgoinggreat.com/?id=hector-network-compensation-fund-theft""]",[],,,,,False,"[""exact_information_availability_unverified"", ""retrospective_loss_not_a_live_feature""]",in_scope,[],normalized_catalog_record,,,,,,,,,,,,,2024-01-17T00:00:00Z,False,"00:00 UTC on the calendar day after the assigned incident_date; an assumed retrospective alignment, not verified public availability.","Frozen catalog reported_loss_usd; retrospective reported amount, not verified gross theft or loss known at activation.",False
inc_9288739dfc853dd2,Concentric,2024-01-22,day,1720000,1700000.0,1720000,defillama,retrospective_reported_amount; gross/net and valuation basis require source verification,Social Engineering,Phishing; Social Engineering,"[""Arbitrum""]",DeFi Protocol,2,2,"[""defillama"", ""slowmist""]","[""81c5dc501329168e"", ""d31950a4a1c030e8""]","[""2024-01-22""]","[{""source"": ""defillama"", ""claim_id"": ""81c5dc501329168e"", ""loss_usd"": 1720000, ""loss_basis"": ""source_amount_definition_not_fully_verified"", ""valuation_date"": null}, {""source"": ""slowmist"", ""claim_id"": ""d31950a4a1c030e8"", ""loss_usd"": 1700000.0, ""loss_basis"": ""source_reported_loss_not_fully_verified"", ""valuation_date"": null}]","[""https://defillama.com/hacks"", ""https://hacked.slowmist.io/en/?c=&page=44""]","[""https://defillama.com/hacks"", ""https://twitter.com/ConcentricFi/status/1749418658818830622""]",[],,,,,False,"[""exact_information_availability_unverified"", ""retrospective_loss_not_a_live_feature""]",in_scope,[],normalized_catalog_record,,,,,,,,,,,,,2024-01-23T00:00:00Z,False,"00:00 UTC on the calendar day after the assigned incident_date; an assumed retrospective alignment, not verified public availability.","Frozen catalog reported_loss_usd; retrospective reported amount, not verified gross theft or loss known at activation.",False
inc_d89e868339edffe0,Gamee,2024-01-23,day,7000000,7000000,7000000,defillama,retrospective_reported_amount; gross/net and valuation basis require source verification,Frontend & Infrastructure,Key Leaked via Infrastructure; Contract Vulnerability,"[""Polygon""]",DeFi Protocol,2,2,"[""defillama"", ""slowmist""]","[""636a1607d2b4ca17"", ""2277fc7777729199""]","[""2024-01-23""]","[{""source"": ""defillama"", ""claim_id"": ""636a1607d2b4ca17"", ""loss_usd"": 7000000, ""loss_basis"": ""source_amount_definition_not_fully_verified"", ""valuation_date"": null}, {""source"": ""slowmist"", ""claim_id"": ""2277fc7777729199"", ""loss_usd"": 7000000.0, ""loss_basis"": ""source_reported_loss_not_fully_verified"", ""valuation_date"": null}]","[""https://defillama.com/hacks"", ""https://hacked.slowmist.io/en/?c=&page=44""]","[""https://defillama.com/hacks"", ""https://twitter.com/GAMEEToken/status/1749652962849464727""]",[],,,,,False,"[""exact_information_availability_unverified"", ""retrospective_loss_not_a_live_feature""]",in_scope,[],normalized_catalog_record,,,,,,,,,,,,,2024-01-24T00:00:00Z,True,"00:00 UTC on the calendar day after the assigned incident_date; an assumed retrospective alignment, not verified public availability.","Frozen catalog reported_loss_usd; retrospective reported amount, not verified gross theft or loss known at activation.",False
inc_3ad8f6c2b3e3fef8,Somesing,2024-01-27,day,11580000,11580000,11580000,defillama,retrospective_reported_amount; gross/net and valuation basis require source verification,Token & Share Accounting,Unbacked Mint; Unknown,"[""Ethereum""]",DeFi Protocol,2,2,"[""defillama"", ""slowmist""]","[""a46c46f2456ffef5"", ""0084a74bcef626a5""]","[""2024-01-27""]","[{""source"": ""defillama"", ""claim_id"": ""a46c46f2456ffef5"", ""loss_usd"": 11580000, ""loss_basis"": ""source_amount_definition_not_fully_verified"", ""valuation_date"": null}, {""source"": ""slowmist"", ""claim_id"": ""0084a74bcef626a5"", ""loss_usd"": 11580000.0, ""loss_basis"": ""source_reported_loss_not_fully_verified"", ""valuation_date"": null}]","[""https://defillama.com/hacks"", ""https://hacked.slowmist.io/en/?c=&page=44""]","[""https://defillama.com/hacks"", ""https://www.theblock.co/post/274766/south-koreas-crypto-karaoke-platform-hacked-for-over-11-5-million?utm_source=browser&utm_medium=chrome&utm_campaig""]",[],,,,,False,"[""exact_information_availability_unverified"", ""retrospective_loss_not_a_live_feature""]",in_scope,[],normalized_catalog_record,,,,,,,,,,,,,2024-01-28T00:00:00Z,True,"00:00 UTC on the calendar day after the assigned incident_date; an assumed retrospective alignment, not verified public availability.","Frozen catalog reported_loss_usd; retrospective reported amount, not verified gross theft or loss known at activation.",False
inc_10313de8651e997a,Goledo,2024-01-28,day,1700000,1700000,1700000,defillama,retrospective_reported_amount; gross/net and valuation basis require source verification,Oracle Manipulation,Spot Price Manipulation; Flash Loan Attack,"[""Conflux""]",DeFi Protocol,2,2,"[""defillama"", ""slowmist""]","[""8df4f1848024f7dd"", ""b783b3361fdc5a0d""]","[""2024-01-28""]","[{""source"": ""defillama"", ""claim_id"": ""8df4f1848024f7dd"", ""loss_usd"": 1700000, ""loss_basis"": ""source_amount_definition_not_fully_verified"", ""valuation_date"": null}, {""source"": ""slowmist"", ""claim_id"": ""b783b3361fdc5a0d"", ""loss_usd"": 1700000.0, ""loss_basis"": ""source_reported_loss_not_fully_verified"", ""valuation_date"": null}]","[""https://defillama.com/hacks"", ""https://hacked.slowmist.io/en/?c=&page=44""]","[""https://defillama.com/hacks"", ""https://twitter.com/GoledoFinance/status/1751442740200517984""]",[],,,,,False,"[""exact_information_availability_unverified"", ""retrospective_loss_not_a_live_feature""]",in_scope,[],normalized_catalog_record,,,,,,,,,,,,,2024-01-29T00:00:00Z,False,"00:00 UTC on the calendar day after the assigned incident_date; an assumed retrospective alignment, not verified public availability.","Frozen catalog reported_loss_usd; retrospective reported amount, not verified gross theft or loss known at activation.",False
inc_f9f8f7b721c7bfcf,Abracadabra Spell,2024-01-30,day,6500000,6500000,6500000,defillama,retrospective_reported_amount; gross/net and valuation basis require source verification,Token & Share Accounting,Rounding Error; Contract Vulnerability,"[""Ethereum""]",DeFi Protocol,3,3,"[""defillama"", ""slowmist"", ""rekt""]","[""b71d56b60dbc4d49"", ""888d2dd8096410c2"", ""9591d68fc9e4c246""]","[""2024-01-30"", ""2024-01-31""]","[{""source"": ""defillama"", ""claim_id"": ""b71d56b60dbc4d49"", ""loss_usd"": 6500000, ""loss_basis"": ""source_amount_definition_not_fully_verified"", ""valuation_date"": null}, {""source"": ""slowmist"", ""claim_id"": ""888d2dd8096410c2"", ""loss_usd"": 6500000.0, ""loss_basis"": ""source_reported_loss_not_fully_verified"", ""valuation_date"": null}, {""source"": ""rekt"", ""claim_id"": ""9591d68fc9e4c246"", ""loss_usd"": 6500000, ""loss_basis"": ""leaderboard_amount_may_use_later_valuation"", ""valuation_date"": null}]","[""https://defillama.com/hacks"", ""https://hacked.slowmist.io/en/?c=&page=44"", ""https://rekt.news/leaderboard/""]","[""https://defillama.com/hacks"", ""https://twitter.com/MIM_Spell/status/1752368458715607261"", ""https://rekt.news/abra-rekt""]",[],,,,,False,"[""source_date_disagreement"", ""exact_information_availability_unverified"", ""retrospective_loss_not_a_live_feature""]",in_scope,[],normalized_catalog_record,,,,,,,,,,,,,2024-01-31T00:00:00Z,True,"00:00 UTC on the calendar day after the assigned incident_date; an assumed retrospective alignment, not verified public availability.","Frozen catalog reported_loss_usd; retrospective reported amount, not verified gross theft or loss known at activation.",False
inc_242dd410588560cf,Chris Larsen,2024-01-31,day,112500000.0,112500000.0,112500000.0,slowmist,retrospective_reported_amount; gross/net and valuation basis require source verification,,Private Key Leakage,[],,1,1,"[""slowmist""]","[""26ff1dac6ff6439c""]","[""2024-01-31""]","[{""source"": ""slowmist"", ""claim_id"": ""26ff1dac6ff6439c"", ""loss_usd"": 112500000.0, ""loss_basis"": ""source_reported_loss_not_fully_verified"", ""valuation_date"": null}]","[""https://hacked.slowmist.io/en/?c=&page=44""]","[""https://www.odaily.news/newsflash/352697""]",[],,,,,False,"[""single_catalog_source"", ""exact_information_availability_unverified"", ""retrospective_loss_not_a_live_feature""]",in_scope,[],normalized_catalog_record,,,,,,,,,,,,,2024-02-01T00:00:00Z,True,"00:00 UTC on the calendar day after the assigned incident_date; an assumed retrospective alignment, not verified public availability.","Frozen catalog reported_loss_usd; retrospective reported amount, not verified gross theft or loss known at activation.",False
inc_896b9d5f323289ea,Starlay Finance,2024-02-08,day,2100000,2100000,2100000,defillama,retrospective_reported_amount; gross/net and valuation basis require source verification,Protocol Logic,Redeem Logic Flaw; Contract Vulnerability,"[""Acala""]",DeFi Protocol,2,2,"[""defillama"", ""slowmist""]","[""44d5e74c77ea1873"", ""2583cfac2be346c7""]","[""2024-02-08""]","[{""source"": ""defillama"", ""claim_id"": ""44d5e74c77ea1873"", ""loss_usd"": 2100000, ""loss_basis"": ""source_amount_definition_not_fully_verified"", ""valuation_date"": null}, {""source"": ""slowmist"", ""claim_id"": ""2583cfac2be346c7"", ""loss_usd"": 2100000.0, ""loss_basis"": ""source_reported_loss_not_fully_verified"", ""valuation_date"": null}]","[""https://defillama.com/hacks"", ""https://hacked.slowmist.io/en/?c=&page=43""]","[""https://defillama.com/hacks"", ""https://twitter.com/starlay_fi/status/1755920814497742957""]",[],,,,,False,"[""exact_information_availability_unverified"", ""retrospective_loss_not_a_live_feature""]",in_scope,[],normalized_catalog_record,,,,,,,,,,,,,2024-02-09T00:00:00Z,False,"00:00 UTC on the calendar day after the assigned incident_date; an assumed retrospective alignment, not verified public availability.","Frozen catalog reported_loss_usd; retrospective reported amount, not verified gross theft or loss known at activation.",False
inc_492a390800166f30,PlayDapp,2024-02-09,day,290000000,290000000,290000000,defillama,retrospective_reported_amount; gross/net and valuation basis require source verification,Key Compromise,Hot Wallet Key Compromised; Private Key Leakage,"[""Ethereum""]",DeFi Protocol,2,2,"[""defillama"", ""slowmist""]","[""db3a4cba93a1c564"", ""ae6d9edade4890df""]","[""2024-02-09""]","[{""source"": ""defillama"", ""claim_id"": ""db3a4cba93a1c564"", ""loss_usd"": 290000000, ""loss_basis"": ""source_amount_definition_not_fully_verified"", ""valuation_date"": null}, {""source"": ""slowmist"", ""claim_id"": ""ae6d9edade4890df"", ""loss_usd"": 290000000.0, ""loss_basis"": ""source_reported_loss_not_fully_verified"", ""valuation_date"": null}]","[""https://defillama.com/hacks"", ""https://hacked.slowmist.io/en/?c=&page=43""]","[""https://defillama.com/hacks"", ""https://playdapp.medium.com/important-notice-pla-mitigation-plan-a52f15ad0d42""]",[],,,,,False,"[""exact_information_availability_unverified"", ""retrospective_loss_not_a_live_feature""]",in_scope,[],normalized_catalog_record,,,,,,,,,,,,,2024-02-10T00:00:00Z,True,"00:00 UTC on the calendar day after the assigned incident_date; an assumed retrospective alignment, not verified public availability.","Frozen catalog reported_loss_usd; retrospective reported amount, not verified gross theft or loss known at activation.",False
inc_c827bf42b40398a0,DuelBits,2024-02-13,day,4600000,4600000,4600000,defillama,retrospective_reported_amount; gross/net and valuation basis require source verification,Social Engineering,Malware; Private Key Leakage,"[""Ethereum""]",CEX,2,2,"[""defillama"", ""slowmist""]","[""052ec329217c9c89"", ""dac9992b817ab82c""]","[""2024-02-13"", ""2024-02-14""]","[{""source"": ""defillama"", ""claim_id"": ""052ec329217c9c89"", ""loss_usd"": 4600000, ""loss_basis"": ""source_amount_definition_not_fully_verified"", ""valuation_date"": null}, {""source"": ""slowmist"", ""claim_id"": ""dac9992b817ab82c"", ""loss_usd"": 4600000.0, ""loss_basis"": ""source_reported_loss_not_fully_verified"", ""valuation_date"": null}]","[""https://defillama.com/hacks"", ""https://hacked.slowmist.io/en/?c=&page=43""]","[""https://defillama.com/hacks"", ""https://twitter.com/Duelbits/status/1758159495807541459""]",[],,,,,False,"[""source_date_disagreement"", ""exact_information_availability_unverified"", ""retrospective_loss_not_a_live_feature""]",in_scope,[],normalized_catalog_record,,,,,,,,,,,,,2024-02-14T00:00:00Z,False,"00:00 UTC on the calendar day after the assigned incident_date; an assumed retrospective alignment, not verified public availability.","Frozen catalog reported_loss_usd; retrospective reported amount, not verified gross theft or loss known at activation.",False
inc_6d1435a4975e9086,FixedFloat,2024-02-18,day,26100000,26100000,26100000,defillama,retrospective_reported_amount; gross/net and valuation basis require source verification,Frontend & Infrastructure,Key Leaked via Infrastructure; Third-party Vulnerability,"[""Bitcoin"", ""Ethereum""]",DeFi Protocol,2,2,"[""defillama"", ""slowmist""]","[""5da552eeb1d7c99c"", ""5e40adb34014d0d5""]","[""2024-02-16"", ""2024-02-18""]","[{""source"": ""defillama"", ""claim_id"": ""5da552eeb1d7c99c"", ""loss_usd"": 26100000, ""loss_basis"": ""source_amount_definition_not_fully_verified"", ""valuation_date"": null}, {""source"": ""slowmist"", ""claim_id"": ""5e40adb34014d0d5"", ""loss_usd"": 26100000.0, ""loss_basis"": ""source_reported_loss_not_fully_verified"", ""valuation_date"": null}]","[""https://defillama.com/hacks"", ""https://hacked.slowmist.io/en/?c=&page=43""]","[""https://defillama.com/hacks"", ""https://www.panewslab.com/zh/sqarticledetails/y2rm7l22.html""]",[],,,,,False,"[""source_date_disagreement"", ""exact_information_availability_unverified"", ""retrospective_loss_not_a_live_feature""]",in_scope,[],normalized_catalog_record,,,,,,,,,,,,,2024-02-19T00:00:00Z,True,"00:00 UTC on the calendar day after the assigned incident_date; an assumed retrospective alignment, not verified public availability.","Frozen catalog reported_loss_usd; retrospective reported amount, not verified gross theft or loss known at activation.",False
inc_2b015008699bf45f,Gain,2024-02-21,day,3010000,3010000,3010000,defillama,retrospective_reported_amount; gross/net and valuation basis require source verification,Token & Share Accounting,Infinite Mint,"[""Ethereum""]",Token,1,1,"[""defillama""]","[""bc3355371ea7fdd2""]","[""2024-02-21""]","[{""source"": ""defillama"", ""claim_id"": ""bc3355371ea7fdd2"", ""loss_usd"": 3010000, ""loss_basis"": ""source_amount_definition_not_fully_verified"", ""valuation_date"": null}]","[""https://defillama.com/hacks""]","[""https://defillama.com/hacks""]",[],,,,,False,"[""single_catalog_source"", ""no_incident_specific_reference"", ""exact_information_availability_unverified"", ""retrospective_loss_not_a_live_feature""]",in_scope,[],normalized_catalog_record,,,,,,,,,,,,,2024-02-22T00:00:00Z,False,"00:00 UTC on the calendar day after the assigned incident_date; an assumed retrospective alignment, not verified public availability.","Frozen catalog reported_loss_usd; retrospective reported amount, not verified gross theft or loss known at activation.",False
inc_ea784462e70242db,Jihoz,2024-02-23,day,10000000.0,10000000.0,10000000.0,slowmist,retrospective_reported_amount; gross/net and valuation basis require source verification,,Private Key Leakage,[],,1,1,"[""slowmist""]","[""1cfd736fcf72422c""]","[""2024-02-23""]","[{""source"": ""slowmist"", ""claim_id"": ""1cfd736fcf72422c"", ""loss_usd"": 10000000.0, ""loss_basis"": ""source_reported_loss_not_fully_verified"", ""valuation_date"": null}]","[""https://hacked.slowmist.io/en/?c=&page=43""]","[""https://twitter.com/Jihoz_Axie/status/1760845078757511562""]",[],,,,,False,"[""single_catalog_source"", ""exact_information_availability_unverified"", ""retrospective_loss_not_a_live_feature""]",in_scope,[],normalized_catalog_record,,,,,,,,,,,,,2024-02-24T00:00:00Z,True,"00:00 UTC on the calendar day after the assigned incident_date; an assumed retrospective alignment, not verified public availability.","Frozen catalog reported_loss_usd; retrospective reported amount, not verified gross theft or loss known at activation.",False
inc_987c2f2bfaf4e3e8,BlueBerry,2024-02-24,day,1340000,1340000,1350000.0,defillama,retrospective_reported_amount; gross/net and valuation basis require source verification,Oracle Manipulation,Spot Price Manipulation; Oracle Misconfiguration,"[""Ethereum""]",DeFi Protocol,2,2,"[""defillama"", ""slowmist""]","[""78e654bba7d4fd31"", ""57634c2a44148b48""]","[""2024-02-22"", ""2024-02-24""]","[{""source"": ""defillama"", ""claim_id"": ""78e654bba7d4fd31"", ""loss_usd"": 1340000, ""loss_basis"": ""source_amount_definition_not_fully_verified"", ""valuation_date"": null}, {""source"": ""slowmist"", ""claim_id"": ""57634c2a44148b48"", ""loss_usd"": 1350000.0, ""loss_basis"": ""source_reported_loss_not_fully_verified"", ""valuation_date"": null}]","[""https://defillama.com/hacks"", ""https://hacked.slowmist.io/en/?c=&page=43""]","[""https://defillama.com/hacks"", ""https://twitter.com/web3isgreat/status/1761101904795271657""]",[],,,,,False,"[""source_date_disagreement"", ""exact_information_availability_unverified"", ""retrospective_loss_not_a_live_feature""]",in_scope,[],normalized_catalog_record,,,,,,,,,,,,,2024-02-25T00:00:00Z,False,"00:00 UTC on the calendar day after the assigned incident_date; an assumed retrospective alignment, not verified public availability.","Frozen catalog reported_loss_usd; retrospective reported amount, not verified gross theft or loss known at activation.",False
inc_d369e5f1f3089e64,Seneca,2024-02-28,day,6400000,6400000,6500000.0,defillama,retrospective_reported_amount; gross/net and valuation basis require source verification,Access Control,Token Approval Abuse; Contract Vulnerability,"[""Arbitrum"", ""Ethereum""]",DeFi Protocol,3,3,"[""defillama"", ""slowmist"", ""rekt""]","[""906dbfbb5f0f0c4b"", ""f0cb88a9f43b3337"", ""2c6d113d6b320f6c""]","[""2024-02-28""]","[{""source"": ""defillama"", ""claim_id"": ""906dbfbb5f0f0c4b"", ""loss_usd"": 6400000, ""loss_basis"": ""source_amount_definition_not_fully_verified"", ""valuation_date"": null}, {""source"": ""slowmist"", ""claim_id"": ""f0cb88a9f43b3337"", ""loss_usd"": 6500000.0, ""loss_basis"": ""source_reported_loss_not_fully_verified"", ""valuation_date"": null}, {""source"": ""rekt"", ""claim_id"": ""2c6d113d6b320f6c"", ""loss_usd"": 6400000, ""loss_basis"": ""leaderboard_amount_may_use_later_valuation"", ""valuation_date"": null}]","[""https://defillama.com/hacks"", ""https://hacked.slowmist.io/en/?c=&page=42"", ""https://rekt.news/leaderboard/""]","[""https://defillama.com/hacks"", ""https://twitter.com/SlowMist_Team/status/1762865505042645010"", ""https://rekt.news/seneca-protocol-rekt""]",[],,,,,False,"[""exact_information_availability_unverified"", ""retrospective_loss_not_a_live_feature""]",in_scope,[],normalized_catalog_record,,,,,,,,,,,,,2024-02-29T00:00:00Z,True,"00:00 UTC on the calendar day after the assigned incident_date; an assumed retrospective alignment, not verified public availability.","Frozen catalog reported_loss_usd; retrospective reported amount, not verified gross theft or loss known at activation.",False
inc_e386940bc70a1901,Shido,2024-02-29,day,3300000,3300000,3300000,defillama,retrospective_reported_amount; gross/net and valuation basis require source verification,Key Compromise,Private Key Compromised,"[""Ethereum""]",Other,1,1,"[""defillama""]","[""d1be59b2a9bf1e5b""]","[""2024-02-29""]","[{""source"": ""defillama"", ""claim_id"": ""d1be59b2a9bf1e5b"", ""loss_usd"": 3300000, ""loss_basis"": ""source_amount_definition_not_fully_verified"", ""valuation_date"": null}]","[""https://defillama.com/hacks""]","[""https://defillama.com/hacks""]",[],,,,,False,"[""single_catalog_source"", ""no_incident_specific_reference"", ""exact_information_availability_unverified"", ""retrospective_loss_not_a_live_feature""]",in_scope,[],normalized_catalog_record,,,,,,,,,,,,,2024-03-01T00:00:00Z,False,"00:00 UTC on the calendar day after the assigned incident_date; an assumed retrospective alignment, not verified public availability.","Frozen catalog reported_loss_usd; retrospective reported amount, not verified gross theft or loss known at activation.",False
inc_edace1ca3c296605,WOOFi Swap,2024-03-05,day,8750000,8750000,85000000,defillama,retrospective_reported_amount; gross/net and valuation basis require source verification,Oracle Manipulation,Spot Price Manipulation; Flash Loan Attack,"[""Arbitrum""]",DeFi Protocol,3,3,"[""defillama"", ""slowmist"", ""rekt""]","[""6b45c81932162101"", ""a55556c611823b7c"", ""53078365bdc0e805""]","[""2024-03-05""]","[{""source"": ""defillama"", ""claim_id"": ""6b45c81932162101"", ""loss_usd"": 8750000, ""loss_basis"": ""source_amount_definition_not_fully_verified"", ""valuation_date"": null}, {""source"": ""slowmist"", ""claim_id"": ""a55556c611823b7c"", ""loss_usd"": 8750000.0, ""loss_basis"": ""source_reported_loss_not_fully_verified"", ""valuation_date"": null}, {""source"": ""rekt"", ""claim_id"": ""53078365bdc0e805"", ""loss_usd"": 85000000, ""loss_basis"": ""leaderboard_amount_may_use_later_valuation"", ""valuation_date"": null}]","[""https://defillama.com/hacks"", ""https://hacked.slowmist.io/en/?c=&page=42"", ""https://rekt.news/leaderboard/""]","[""https://defillama.com/hacks"", ""https://woo.org/blog/en/woofi-spmm-exploit-post-mortem"", ""https://rekt.news/woo-rekt""]",[],,,,,False,"[""loss_estimates_differ_over_5pct"", ""exact_information_availability_unverified"", ""retrospective_loss_not_a_live_feature""]",in_scope,[],normalized_catalog_record,,,,,,,,,,,,,2024-03-06T00:00:00Z,True,"00:00 UTC on the calendar day after the assigned incident_date; an assumed retrospective alignment, not verified public availability.","Frozen catalog reported_loss_usd; retrospective reported amount, not verified gross theft or loss known at activation.",False
inc_af638001b0d136d4,Unizen,2024-03-08,day,2100000,2100000,21000000,defillama,retrospective_reported_amount; gross/net and valuation basis require source verification,Access Control,Arbitrary External Call; Contract Vulnerability,"[""Ethereum""]",DeFi Protocol,3,3,"[""defillama"", ""slowmist"", ""rekt""]","[""736bfbbb1d5bfbbf"", ""e7d31e1895564fe5"", ""10a2ec80a4fab1ba""]","[""2024-03-08"", ""2024-03-09""]","[{""source"": ""defillama"", ""claim_id"": ""736bfbbb1d5bfbbf"", ""loss_usd"": 2100000, ""loss_basis"": ""source_amount_definition_not_fully_verified"", ""valuation_date"": null}, {""source"": ""slowmist"", ""claim_id"": ""e7d31e1895564fe5"", ""loss_usd"": 2100000.0, ""loss_basis"": ""source_reported_loss_not_fully_verified"", ""valuation_date"": null}, {""source"": ""rekt"", ""claim_id"": ""10a2ec80a4fab1ba"", ""loss_usd"": 21000000, ""loss_basis"": ""leaderboard_amount_may_use_later_valuation"", ""valuation_date"": null}]","[""https://defillama.com/hacks"", ""https://hacked.slowmist.io/en/?c=&page=42"", ""https://rekt.news/leaderboard/""]","[""https://defillama.com/hacks"", ""https://twitter.com/SlowMist_Team/status/1766311510362734824"", ""https://rekt.news/unizen-rekt""]",[],,,,,False,"[""source_date_disagreement"", ""loss_estimates_differ_over_5pct"", ""exact_information_availability_unverified"", ""retrospective_loss_not_a_live_feature""]",in_scope,[],normalized_catalog_record,,,,,,,,,,,,,2024-03-09T00:00:00Z,False,"00:00 UTC on the calendar day after the assigned incident_date; an assumed retrospective alignment, not verified public availability.","Frozen catalog reported_loss_usd; retrospective reported amount, not verified gross theft or loss known at activation.",False
inc_d797883495fb2e37,Mozaic,2024-03-15,day,2000000,2000000,2000000,defillama,retrospective_reported_amount; gross/net and valuation basis require source verification,Key Compromise,Private Key Compromised; Insider Manipulation,"[""Arbitrum""]",DeFi Protocol,2,2,"[""defillama"", ""slowmist""]","[""4433bab6416a8ead"", ""b79d4c442a4ce937""]","[""2024-03-15""]","[{""source"": ""defillama"", ""claim_id"": ""4433bab6416a8ead"", ""loss_usd"": 2000000, ""loss_basis"": ""source_amount_definition_not_fully_verified"", ""valuation_date"": null}, {""source"": ""slowmist"", ""claim_id"": ""b79d4c442a4ce937"", ""loss_usd"": 2000000.0, ""loss_basis"": ""source_reported_loss_not_fully_verified"", ""valuation_date"": null}]","[""https://defillama.com/hacks"", ""https://hacked.slowmist.io/en/?c=&page=41""]","[""https://defillama.com/hacks"", ""https://twitter.com/Mozaic_Fi/status/1768754080271196178""]",[],,,,,False,"[""exact_information_availability_unverified"", ""retrospective_loss_not_a_live_feature""]",in_scope,[],normalized_catalog_record,,,,,,,,,,,,,2024-03-16T00:00:00Z,False,"00:00 UTC on the calendar day after the assigned incident_date; an assumed retrospective alignment, not verified public availability.","Frozen catalog reported_loss_usd; retrospective reported amount, not verified gross theft or loss known at activation.",False
inc_0ffd153689b0ede6,NFPrompt,2024-03-15,day,3000000,3000000,10400000.0,defillama,retrospective_reported_amount; gross/net and valuation basis require source verification,Key Compromise,Private Key Compromised; Unknown,"[""Ethereum""]",NFTfi,2,2,"[""defillama"", ""slowmist""]","[""3b12002933aa142a"", ""d29ebea0e22e8fd3""]","[""2024-03-15""]","[{""source"": ""defillama"", ""claim_id"": ""3b12002933aa142a"", ""loss_usd"": 3000000, ""loss_basis"": ""source_amount_definition_not_fully_verified"", ""valuation_date"": null}, {""source"": ""slowmist"", ""claim_id"": ""d29ebea0e22e8fd3"", ""loss_usd"": 10400000.0, ""loss_basis"": ""source_reported_loss_not_fully_verified"", ""valuation_date"": null}]","[""https://defillama.com/hacks"", ""https://hacked.slowmist.io/en/?c=&page=41""]","[""https://defillama.com/hacks"", ""https://twitter.com/nfprompt/status/1768558658697433464""]",[],,,,,False,"[""loss_estimates_differ_over_5pct"", ""exact_information_availability_unverified"", ""retrospective_loss_not_a_live_feature""]",in_scope,[],normalized_catalog_record,,,,,,,,,,,,,2024-03-16T00:00:00Z,False,"00:00 UTC on the calendar day after the assigned incident_date; an assumed retrospective alignment, not verified public availability.","Frozen catalog reported_loss_usd; retrospective reported amount, not verified gross theft or loss known at activation.",False
inc_59509b56d9b34de6,Wilder World,2024-03-16,day,1800000.0,1800000.0,1800000.0,slowmist,retrospective_reported_amount; gross/net and valuation basis require source verification,,Private Key Leakage,[],,1,1,"[""slowmist""]","[""2989a73f78ff2ad7""]","[""2024-03-16""]","[{""source"": ""slowmist"", ""claim_id"": ""2989a73f78ff2ad7"", ""loss_usd"": 1800000.0, ""loss_basis"": ""source_reported_loss_not_fully_verified"", ""valuation_date"": null}]","[""https://hacked.slowmist.io/en/?c=&page=41""]","[""https://www.web3isgoinggreat.com/?id=wilder-world-theft""]",[],,,,,False,"[""single_catalog_source"", ""exact_information_availability_unverified"", ""retrospective_loss_not_a_live_feature""]",in_scope,[],normalized_catalog_record,,,,,,,,,,,,,2024-03-17T00:00:00Z,False,"00:00 UTC on the calendar day after the assigned incident_date; an assumed retrospective alignment, not verified public availability.","Frozen catalog reported_loss_usd; retrospective reported amount, not verified gross theft or loss known at activation.",False
inc_2936ed969574ec2e,Fake Ansem,2024-03-17,day,2600000.0,2600000.0,2600000.0,slowmist,retrospective_reported_amount; gross/net and valuation basis require source verification,,Social Engineering,[],,1,1,"[""slowmist""]","[""19675607015512a3""]","[""2024-03-17""]","[{""source"": ""slowmist"", ""claim_id"": ""19675607015512a3"", ""loss_usd"": 2600000.0, ""loss_basis"": ""source_reported_loss_not_fully_verified"", ""valuation_date"": null}]","[""https://hacked.slowmist.io/en/?c=&page=41""]","[""https://twitter.com/zachxbt/status/1769150002490638597""]",[],,,,,False,"[""single_catalog_source"", ""exact_information_availability_unverified"", ""retrospective_loss_not_a_live_feature""]",in_scope,[],normalized_catalog_record,,,,,,,,,,,,,2024-03-18T00:00:00Z,False,"00:00 UTC on the calendar day after the assigned incident_date; an assumed retrospective alignment, not verified public availability.","Frozen catalog reported_loss_usd; retrospective reported amount, not verified gross theft or loss known at activation.",False
inc_e4b255c3c1b5db0a,Remilia,2024-03-17,day,6000000,6000000,6000000,defillama,retrospective_reported_amount; gross/net and valuation basis require source verification,Key Compromise,Private Key Compromised; Unknown,"[""Ethereum""]",NFTfi,2,2,"[""defillama"", ""slowmist""]","[""a00038cfe3137aa9"", ""99b30c98aa5312dc""]","[""2024-03-17""]","[{""source"": ""defillama"", ""claim_id"": ""a00038cfe3137aa9"", ""loss_usd"": 6000000, ""loss_basis"": ""source_amount_definition_not_fully_verified"", ""valuation_date"": null}, {""source"": ""slowmist"", ""claim_id"": ""99b30c98aa5312dc"", ""loss_usd"": 6000000.0, ""loss_basis"": ""source_reported_loss_not_fully_verified"", ""valuation_date"": null}]","[""https://defillama.com/hacks"", ""https://hacked.slowmist.io/en/?c=&page=41""]","[""https://defillama.com/hacks"", ""https://twitter.com/_Enoch/status/1769228547619446975""]",[],,,,,False,"[""exact_information_availability_unverified"", ""retrospective_loss_not_a_live_feature""]",in_scope,[],normalized_catalog_record,,,,,,,,,,,,,2024-03-18T00:00:00Z,True,"00:00 UTC on the calendar day after the assigned incident_date; an assumed retrospective alignment, not verified public availability.","Frozen catalog reported_loss_usd; retrospective reported amount, not verified gross theft or loss known at activation.",False
inc_0065724914726fbb,Dolomite,2024-03-20,day,1800000,1800000,1800000,defillama,retrospective_reported_amount; gross/net and valuation basis require source verification,Access Control,Improper Access Control; Contract Vulnerability,"[""Ethereum""]",DeFi Protocol,2,2,"[""defillama"", ""slowmist""]","[""bc119fc0e33dd0e5"", ""78ded843471cae03""]","[""2024-03-20""]","[{""source"": ""defillama"", ""claim_id"": ""bc119fc0e33dd0e5"", ""loss_usd"": 1800000, ""loss_basis"": ""source_amount_definition_not_fully_verified"", ""valuation_date"": null}, {""source"": ""slowmist"", ""claim_id"": ""78ded843471cae03"", ""loss_usd"": 1800000.0, ""loss_basis"": ""source_reported_loss_not_fully_verified"", ""valuation_date"": null}]","[""https://defillama.com/hacks"", ""https://hacked.slowmist.io/en/?c=&page=41""]","[""https://defillama.com/hacks"", ""https://twitter.com/Dolomite_io/status/1770499040741859645""]",[],,,,,False,"[""exact_information_availability_unverified"", ""retrospective_loss_not_a_live_feature""]",in_scope,[],normalized_catalog_record,,,,,,,,,,,,,2024-03-21T00:00:00Z,False,"00:00 UTC on the calendar day after the assigned incident_date; an assumed retrospective alignment, not verified public availability.","Frozen catalog reported_loss_usd; retrospective reported amount, not verified gross theft or loss known at activation.",False
inc_55a78f920cdbaeaf,AirDAO,2024-03-21,day,1050000,1050000,1050000,defillama,retrospective_reported_amount; gross/net and valuation basis require source verification,Social Engineering,Malware; Social Engineering,"[""Ethereum""]",DeFi Protocol,2,2,"[""defillama"", ""slowmist""]","[""a57f1532e450535d"", ""3fda956e5b100f31""]","[""2024-03-21""]","[{""source"": ""defillama"", ""claim_id"": ""a57f1532e450535d"", ""loss_usd"": 1050000, ""loss_basis"": ""source_amount_definition_not_fully_verified"", ""valuation_date"": null}, {""source"": ""slowmist"", ""claim_id"": ""3fda956e5b100f31"", ""loss_usd"": 1050000.0, ""loss_basis"": ""source_reported_loss_not_fully_verified"", ""valuation_date"": null}]","[""https://defillama.com/hacks"", ""https://hacked.slowmist.io/en/?c=&page=41""]","[""https://defillama.com/hacks"", ""https://twitter.com/airdao_io/status/1770855600756281390""]",[],,,,,False,"[""exact_information_availability_unverified"", ""retrospective_loss_not_a_live_feature""]",in_scope,[],normalized_catalog_record,,,,,,,,,,,,,2024-03-22T00:00:00Z,False,"00:00 UTC on the calendar day after the assigned incident_date; an assumed retrospective alignment, not verified public availability.","Frozen catalog reported_loss_usd; retrospective reported amount, not verified gross theft or loss known at activation.",False
inc_fab252554ebbad89,Super Sushi Samurai,2024-03-22,day,4800000,4600000.0,4800000,defillama,retrospective_reported_amount; gross/net and valuation basis require source verification,Token & Share Accounting,Infinite Mint; Contract Vulnerability,"[""Blast""]",Gaming,3,3,"[""defillama"", ""slowmist"", ""rekt""]","[""00bd63c2ff675b2e"", ""d7fc4eb105e9221a"", ""897c960579872d07""]","[""2024-03-21"", ""2024-03-22""]","[{""source"": ""defillama"", ""claim_id"": ""00bd63c2ff675b2e"", ""loss_usd"": 4800000, ""loss_basis"": ""source_amount_definition_not_fully_verified"", ""valuation_date"": null}, {""source"": ""slowmist"", ""claim_id"": ""d7fc4eb105e9221a"", ""loss_usd"": 4600000.0, ""loss_basis"": ""source_reported_loss_not_fully_verified"", ""valuation_date"": null}, {""source"": ""rekt"", ""claim_id"": ""897c960579872d07"", ""loss_usd"": 4800000, ""loss_basis"": ""leaderboard_amount_may_use_later_valuation"", ""valuation_date"": null}]","[""https://defillama.com/hacks"", ""https://hacked.slowmist.io/en/?c=&page=41"", ""https://rekt.news/leaderboard/""]","[""https://defillama.com/hacks"", ""https://s.foresightnews.xyz/news/detail/41275"", ""https://rekt.news/sss-rekt""]",[],,,,,False,"[""source_date_disagreement"", ""exact_information_availability_unverified"", ""retrospective_loss_not_a_live_feature""]",in_scope,[],normalized_catalog_record,,,,,,,,,,,,,2024-03-23T00:00:00Z,False,"00:00 UTC on the calendar day after the assigned incident_date; an assumed retrospective alignment, not verified public availability.","Frozen catalog reported_loss_usd; retrospective reported amount, not verified gross theft or loss known at activation.",False
inc_efe29496f0d3c8d3,Curio,2024-03-25,day,16000000,16000000,16000000,defillama,retrospective_reported_amount; gross/net and valuation basis require source verification,Access Control,Delegatecall Hijack; Contract Vulnerability,"[""Ethereum""]",DeFi Protocol,3,3,"[""defillama"", ""slowmist"", ""rekt""]","[""31164fa8199674ad"", ""d1e5a712e333e639"", ""cec659313255f9b8""]","[""2024-03-23"", ""2024-03-24"", ""2024-03-25""]","[{""source"": ""defillama"", ""claim_id"": ""31164fa8199674ad"", ""loss_usd"": 16000000, ""loss_basis"": ""source_amount_definition_not_fully_verified"", ""valuation_date"": null}, {""source"": ""slowmist"", ""claim_id"": ""d1e5a712e333e639"", ""loss_usd"": 16000000.0, ""loss_basis"": ""source_reported_loss_not_fully_verified"", ""valuation_date"": null}, {""source"": ""rekt"", ""claim_id"": ""cec659313255f9b8"", ""loss_usd"": 16000000, ""loss_basis"": ""leaderboard_amount_may_use_later_valuation"", ""valuation_date"": null}]","[""https://defillama.com/hacks"", ""https://hacked.slowmist.io/en/?c=&page=41"", ""https://rekt.news/leaderboard/""]","[""https://defillama.com/hacks"", ""https://www.theblockbeats.info/flash/240546"", ""https://rekt.news/curio-rekt""]",[],,,,,False,"[""source_date_disagreement"", ""exact_information_availability_unverified"", ""retrospective_loss_not_a_live_feature""]",in_scope,[],normalized_catalog_record,,,,,,,,,,,,,2024-03-26T00:00:00Z,True,"00:00 UTC on the calendar day after the assigned incident_date; an assumed retrospective alignment, not verified public availability.","Frozen catalog reported_loss_usd; retrospective reported amount, not verified gross theft or loss known at activation.",False
inc_152a7a06434661bc,Munchables,2024-03-26,day,62500000,62500000,62500000,defillama,retrospective_reported_amount; gross/net and valuation basis require source verification,Access Control,Proxy Upgrade Hijack; Insider Manipulation,"[""Blast""]",Gaming,3,3,"[""defillama"", ""slowmist"", ""rekt""]","[""40583fddfee0053f"", ""3650ebf42c83e4ab"", ""267837db31d045d8""]","[""2024-03-26"", ""2024-03-27""]","[{""source"": ""defillama"", ""claim_id"": ""40583fddfee0053f"", ""loss_usd"": 62500000, ""loss_basis"": ""source_amount_definition_not_fully_verified"", ""valuation_date"": null}, {""source"": ""slowmist"", ""claim_id"": ""3650ebf42c83e4ab"", ""loss_usd"": 62500000.0, ""loss_basis"": ""source_reported_loss_not_fully_verified"", ""valuation_date"": null}, {""source"": ""rekt"", ""claim_id"": ""267837db31d045d8"", ""loss_usd"": 62500000, ""loss_basis"": ""leaderboard_amount_may_use_later_valuation"", ""valuation_date"": null}]","[""https://defillama.com/hacks"", ""https://hacked.slowmist.io/en/?c=&page=41"", ""https://rekt.news/leaderboard/""]","[""https://defillama.com/hacks"", ""https://www.theblockbeats.info/flash/241090"", ""https://rekt.news/munchables-rekt""]",[],,,,,False,"[""source_date_disagreement"", ""exact_information_availability_unverified"", ""retrospective_loss_not_a_live_feature""]",in_scope,[],normalized_catalog_record,,,,,,,,,,,,,2024-03-27T00:00:00Z,True,"00:00 UTC on the calendar day after the assigned incident_date; an assumed retrospective alignment, not verified public availability.","Frozen catalog reported_loss_usd; retrospective reported amount, not verified gross theft or loss known at activation.",False
inc_63155d32242cca1f,PrismaLST,2024-03-28,day,11600000,11600000,11600000,defillama,retrospective_reported_amount; gross/net and valuation basis require source verification,Input Validation,Missing Input Validation; Contract Vulnerability,"[""Ethereum""]",DeFi Protocol,3,3,"[""defillama"", ""slowmist"", ""rekt""]","[""98f9877d9cf286fe"", ""bf129354c2f9a3fe"", ""069b807663c8eca6""]","[""2024-03-28""]","[{""source"": ""defillama"", ""claim_id"": ""98f9877d9cf286fe"", ""loss_usd"": 11600000, ""loss_basis"": ""source_amount_definition_not_fully_verified"", ""valuation_date"": null}, {""source"": ""slowmist"", ""claim_id"": ""bf129354c2f9a3fe"", ""loss_usd"": 11600000.0, ""loss_basis"": ""source_reported_loss_not_fully_verified"", ""valuation_date"": null}, {""source"": ""rekt"", ""claim_id"": ""069b807663c8eca6"", ""loss_usd"": 11600000, ""loss_basis"": ""leaderboard_amount_may_use_later_valuation"", ""valuation_date"": null}]","[""https://defillama.com/hacks"", ""https://hacked.slowmist.io/en/?c=&page=41"", ""https://rekt.news/leaderboard/""]","[""https://defillama.com/hacks"", ""https://twitter.com/PrismaFi/status/1773316945430852058"", ""https://rekt.news/prismafi-rekt""]",[],,,,,False,"[""exact_information_availability_unverified"", ""retrospective_loss_not_a_live_feature""]",in_scope,[],normalized_catalog_record,,,,,,,,,,,,,2024-03-29T00:00:00Z,True,"00:00 UTC on the calendar day after the assigned incident_date; an assumed retrospective alignment, not verified public availability.","Frozen catalog reported_loss_usd; retrospective reported amount, not verified gross theft or loss known at activation.",False
inc_425bbb8646481bc3,FixedFloat,2024-03-31,day,3000000,3000000,3000000,defillama,retrospective_reported_amount; gross/net and valuation basis require source verification,Frontend & Infrastructure,Key Leaked via Infrastructure; Third-party Vulnerability,[],CEX,2,2,"[""defillama"", ""slowmist""]","[""50a6eafb70893843"", ""f5c7aba58a4388c0""]","[""2024-03-31""]","[{""source"": ""defillama"", ""claim_id"": ""50a6eafb70893843"", ""loss_usd"": 3000000, ""loss_basis"": ""source_amount_definition_not_fully_verified"", ""valuation_date"": null}, {""source"": ""slowmist"", ""claim_id"": ""f5c7aba58a4388c0"", ""loss_usd"": 3000000.0, ""loss_basis"": ""source_reported_loss_not_fully_verified"", ""valuation_date"": null}]","[""https://defillama.com/hacks"", ""https://hacked.slowmist.io/en/?c=&page=40""]","[""https://defillama.com/hacks"", ""https://ff.io/en/blog/news/reasons-for-hacking""]",[],,,,,False,"[""exact_information_availability_unverified"", ""retrospective_loss_not_a_live_feature""]",in_scope,[],normalized_catalog_record,,,,,,,,,,,,,2024-04-01T00:00:00Z,False,"00:00 UTC on the calendar day after the assigned incident_date; an assumed retrospective alignment, not verified public availability.","Frozen catalog reported_loss_usd; retrospective reported amount, not verified gross theft or loss known at activation.",False
inc_39f837e3f4c5171f,Grand Base,2024-04-15,day,1700000,1700000,2000000.0,defillama,retrospective_reported_amount; gross/net and valuation basis require source verification,Social Engineering,Phishing; Private Key Leakage,"[""Base""]",DeFi Protocol,3,3,"[""defillama"", ""slowmist"", ""rekt""]","[""f136a288c7eb69b2"", ""a3faeda056f2a749"", ""834178332049a779""]","[""2024-04-15""]","[{""source"": ""defillama"", ""claim_id"": ""f136a288c7eb69b2"", ""loss_usd"": 1700000, ""loss_basis"": ""source_amount_definition_not_fully_verified"", ""valuation_date"": null}, {""source"": ""slowmist"", ""claim_id"": ""a3faeda056f2a749"", ""loss_usd"": 2000000.0, ""loss_basis"": ""source_reported_loss_not_fully_verified"", ""valuation_date"": null}, {""source"": ""rekt"", ""claim_id"": ""834178332049a779"", ""loss_usd"": 2000000, ""loss_basis"": ""leaderboard_amount_may_use_later_valuation"", ""valuation_date"": null}]","[""https://defillama.com/hacks"", ""https://hacked.slowmist.io/en/?c=&page=39"", ""https://rekt.news/leaderboard/""]","[""https://defillama.com/hacks"", ""https://twitter.com/grandbase_fi/status/1779842048234840261"", ""https://rekt.news/grand-base""]",[],,,,,False,"[""loss_estimates_differ_over_5pct"", ""exact_information_availability_unverified"", ""retrospective_loss_not_a_live_feature""]",in_scope,[],normalized_catalog_record,,,,,,,,,,,,,2024-04-16T00:00:00Z,False,"00:00 UTC on the calendar day after the assigned incident_date; an assumed retrospective alignment, not verified public availability.","Frozen catalog reported_loss_usd; retrospective reported amount, not verified gross theft or loss known at activation.",False
inc_76aacf7d8e6a876d,Hedgey,2024-04-19,day,44700000,44700000,44700000,defillama,retrospective_reported_amount; gross/net and valuation basis require source verification,Input Validation,Missing Input Validation; Flash Loan Attack,"[""Arbitrum"", ""Ethereum""]",DeFi Protocol,3,3,"[""defillama"", ""slowmist"", ""rekt""]","[""8e5663e822da8145"", ""fc88c653cf90beee"", ""801e2a1463fdbaa7""]","[""2024-04-19""]","[{""source"": ""defillama"", ""claim_id"": ""8e5663e822da8145"", ""loss_usd"": 44700000, ""loss_basis"": ""source_amount_definition_not_fully_verified"", ""valuation_date"": null}, {""source"": ""slowmist"", ""claim_id"": ""fc88c653cf90beee"", ""loss_usd"": 44700000.0, ""loss_basis"": ""source_reported_loss_not_fully_verified"", ""valuation_date"": null}, {""source"": ""rekt"", ""claim_id"": ""801e2a1463fdbaa7"", ""loss_usd"": 44700000, ""loss_basis"": ""leaderboard_amount_may_use_later_valuation"", ""valuation_date"": null}]","[""https://defillama.com/hacks"", ""https://hacked.slowmist.io/en/?c=&page=39"", ""https://rekt.news/leaderboard/""]","[""https://defillama.com/hacks"", ""https://cryptonews.com/news/hedgey-finance-suffers-dual-exploits-losing-44-7-million-in-funds.htm"", ""https://rekt.news/hedgey-finance-rekt""]",[],,,,,False,"[""exact_information_availability_unverified"", ""retrospective_loss_not_a_live_feature""]",in_scope,[],normalized_catalog_record,,,,,,,,,,,,,2024-04-20T00:00:00Z,True,"00:00 UTC on the calendar day after the assigned incident_date; an assumed retrospective alignment, not verified public availability.","Frozen catalog reported_loss_usd; retrospective reported amount, not verified gross theft or loss known at activation.",False
inc_ba86e84f2607be9b,Rain,2024-04-29,day,14800000,14800000,14800000,defillama,retrospective_reported_amount; gross/net and valuation basis require source verification,Key Compromise,Private Key Compromised; Unknown,"[""Bitcoin"", ""Ethereum"", ""Solana"", ""XRP""]",CEX,2,2,"[""defillama"", ""slowmist""]","[""510d8704945158c0"", ""e03f103f731e02b3""]","[""2024-04-29""]","[{""source"": ""defillama"", ""claim_id"": ""510d8704945158c0"", ""loss_usd"": 14800000, ""loss_basis"": ""source_amount_definition_not_fully_verified"", ""valuation_date"": null}, {""source"": ""slowmist"", ""claim_id"": ""e03f103f731e02b3"", ""loss_usd"": 14800000.0, ""loss_basis"": ""source_reported_loss_not_fully_verified"", ""valuation_date"": null}]","[""https://defillama.com/hacks"", ""https://hacked.slowmist.io/en/?c=&page=38""]","[""https://defillama.com/hacks"", ""https://www.panewslab.com/zh/sqarticledetails/u54xv6ns.html""]",[],,,,,False,"[""exact_information_availability_unverified"", ""retrospective_loss_not_a_live_feature""]",in_scope,[],normalized_catalog_record,,,,,,,,,,,,,2024-04-30T00:00:00Z,True,"00:00 UTC on the calendar day after the assigned incident_date; an assumed retrospective alignment, not verified public availability.","Frozen catalog reported_loss_usd; retrospective reported amount, not verified gross theft or loss known at activation.",False
inc_4c75a242ad1a9c32,Pike Finance,2024-04-30,day,1600000,1600000,1900000,defillama,retrospective_reported_amount; gross/net and valuation basis require source verification,Access Control,Proxy Upgrade Hijack; Contract Vulnerability,"[""Arbitrum"", ""Ethereum"", ""Optimism""]",DeFi Protocol,3,3,"[""defillama"", ""slowmist"", ""rekt""]","[""dcfd4c78802d4acf"", ""fb91d015d7afd8c2"", ""f21d5f38a55a21e6""]","[""2024-04-30""]","[{""source"": ""defillama"", ""claim_id"": ""dcfd4c78802d4acf"", ""loss_usd"": 1600000, ""loss_basis"": ""source_amount_definition_not_fully_verified"", ""valuation_date"": null}, {""source"": ""slowmist"", ""claim_id"": ""fb91d015d7afd8c2"", ""loss_usd"": 1680000.0, ""loss_basis"": ""source_reported_loss_not_fully_verified"", ""valuation_date"": null}, {""source"": ""rekt"", ""claim_id"": ""f21d5f38a55a21e6"", ""loss_usd"": 1900000, ""loss_basis"": ""leaderboard_amount_may_use_later_valuation"", ""valuation_date"": null}]","[""https://defillama.com/hacks"", ""https://hacked.slowmist.io/en/?c=&page=38"", ""https://rekt.news/leaderboard/""]","[""https://defillama.com/hacks"", ""https://twitter.com/PikeFinance/status/1785572875124330644"", ""https://rekt.news/pike-rekt"", ""https://twitter.com/PikeFinance/status/1785572875124330644"", ""https://rekt.news/pike-rekt""]",[],,,,,False,"[""loss_estimates_differ_over_5pct"", ""exact_information_availability_unverified"", ""retrospective_loss_not_a_live_feature""]",in_scope,[],manually_adjudicated_fields,,,,,,,Pike Finance and Pike V1 report the same second April 30 exploit. The earlier April 26 sub-$1m incident remains separate.,,,,,,2024-05-01T00:00:00Z,False,"00:00 UTC on the calendar day after the assigned incident_date; an assumed retrospective alignment, not verified public availability.","Frozen catalog reported_loss_usd; retrospective reported amount, not verified gross theft or loss known at activation.",False
inc_4ef04a804b30e656,GeniusAI,2024-05-05,day,1270000,1270000,1270000,defillama,retrospective_reported_amount; gross/net and valuation basis require source verification,Social Engineering,Social Account Takeover; Contract Vulnerability,"[""Ethereum"", ""Fantom""]",DeFi Protocol,2,2,"[""defillama"", ""slowmist""]","[""1e70a801327a7714"", ""3a62610a3789dfc8""]","[""2024-05-05"", ""2024-05-06""]","[{""source"": ""defillama"", ""claim_id"": ""1e70a801327a7714"", ""loss_usd"": 1270000, ""loss_basis"": ""source_amount_definition_not_fully_verified"", ""valuation_date"": null}, {""source"": ""slowmist"", ""claim_id"": ""3a62610a3789dfc8"", ""loss_usd"": 1270000.0, ""loss_basis"": ""source_reported_loss_not_fully_verified"", ""valuation_date"": null}]","[""https://defillama.com/hacks"", ""https://hacked.slowmist.io/en/?c=&page=38""]","[""https://defillama.com/hacks"", ""https://twitter.com/GnusAi/status/1787118358862942361""]",[],,,,,False,"[""source_date_disagreement"", ""exact_information_availability_unverified"", ""retrospective_loss_not_a_live_feature""]",in_scope,[],normalized_catalog_record,,,,,,,,,,,,,2024-05-06T00:00:00Z,False,"00:00 UTC on the calendar day after the assigned incident_date; an assumed retrospective alignment, not verified public availability.","Frozen catalog reported_loss_usd; retrospective reported amount, not verified gross theft or loss known at activation.",False
inc_78acf52068c0d94a,Sonne Finance,2024-05-15,day,20000000,20000000,20000000,defillama,retrospective_reported_amount; gross/net and valuation basis require source verification,Token & Share Accounting,Donation Attack; Flash Loan Attack,"[""Optimism""]",DeFi Protocol,3,3,"[""defillama"", ""slowmist"", ""rekt""]","[""78e98443b41e492e"", ""6dc3c7a493ed5422"", ""06a9ae17770ee930""]","[""2024-05-14"", ""2024-05-15""]","[{""source"": ""defillama"", ""claim_id"": ""78e98443b41e492e"", ""loss_usd"": 20000000, ""loss_basis"": ""source_amount_definition_not_fully_verified"", ""valuation_date"": null}, {""source"": ""slowmist"", ""claim_id"": ""6dc3c7a493ed5422"", ""loss_usd"": 20000000.0, ""loss_basis"": ""source_reported_loss_not_fully_verified"", ""valuation_date"": null}, {""source"": ""rekt"", ""claim_id"": ""06a9ae17770ee930"", ""loss_usd"": 20000000, ""loss_basis"": ""leaderboard_amount_may_use_later_valuation"", ""valuation_date"": null}]","[""https://defillama.com/hacks"", ""https://hacked.slowmist.io/en/?c=&page=37"", ""https://rekt.news/leaderboard/""]","[""https://defillama.com/hacks"", ""https://medium.com/@SonneFinance/post-mortem-sonne-finance-exploit-12f3daa82b06"", ""https://rekt.news/sonne-finance-rekt""]",[],,,,,False,"[""source_date_disagreement"", ""exact_information_availability_unverified"", ""retrospective_loss_not_a_live_feature""]",in_scope,[],normalized_catalog_record,,,,,,,,,,,,,2024-05-16T00:00:00Z,True,"00:00 UTC on the calendar day after the assigned incident_date; an assumed retrospective alignment, not verified public availability.","Frozen catalog reported_loss_usd; retrospective reported amount, not verified gross theft or loss known at activation.",False
inc_de6aa0a41fbda621,ALEX,2024-05-16,day,4300000,4300000,4300000,defillama,retrospective_reported_amount; gross/net and valuation basis require source verification,Social Engineering,Phishing; Private Key Leakage,"[""Stacks""]",DeFi Protocol,3,3,"[""defillama"", ""slowmist"", ""rekt""]","[""e7a8d5f35191e538"", ""be81aacdda584fef"", ""99d1bd0f316794f4""]","[""2024-05-14"", ""2024-05-15"", ""2024-05-16""]","[{""source"": ""defillama"", ""claim_id"": ""e7a8d5f35191e538"", ""loss_usd"": 4300000, ""loss_basis"": ""source_amount_definition_not_fully_verified"", ""valuation_date"": null}, {""source"": ""slowmist"", ""claim_id"": ""be81aacdda584fef"", ""loss_usd"": 4300000.0, ""loss_basis"": ""source_reported_loss_not_fully_verified"", ""valuation_date"": null}, {""source"": ""rekt"", ""claim_id"": ""99d1bd0f316794f4"", ""loss_usd"": 4300000, ""loss_basis"": ""leaderboard_amount_may_use_later_valuation"", ""valuation_date"": null}]","[""https://defillama.com/hacks"", ""https://hacked.slowmist.io/en/?c=&page=37"", ""https://rekt.news/leaderboard/""]","[""https://defillama.com/hacks"", ""https://twitter.com/ALEXLabBTC/status/1790611871986331855"", ""https://rekt.news/alexlab-rekt""]",[],,,,,False,"[""source_date_disagreement"", ""exact_information_availability_unverified"", ""retrospective_loss_not_a_live_feature""]",in_scope,[],normalized_catalog_record,,,,,,,,,,,,,2024-05-17T00:00:00Z,False,"00:00 UTC on the calendar day after the assigned incident_date; an assumed retrospective alignment, not verified public availability.","Frozen catalog reported_loss_usd; retrospective reported amount, not verified gross theft or loss known at activation.",False
inc_6de92769e55881a2,pump.fun,2024-05-16,day,1900000,1900000,1900000,defillama,retrospective_reported_amount; gross/net and valuation basis require source verification,Key Compromise,Private Key Compromised; Flash Loan Attack,"[""Solana""]",DeFi Protocol,2,2,"[""defillama"", ""slowmist""]","[""a1809c1e2a908605"", ""202050019d39d4e8""]","[""2024-05-16""]","[{""source"": ""defillama"", ""claim_id"": ""a1809c1e2a908605"", ""loss_usd"": 1900000, ""loss_basis"": ""source_amount_definition_not_fully_verified"", ""valuation_date"": null}, {""source"": ""slowmist"", ""claim_id"": ""202050019d39d4e8"", ""loss_usd"": 1900000.0, ""loss_basis"": ""source_reported_loss_not_fully_verified"", ""valuation_date"": null}]","[""https://defillama.com/hacks"", ""https://hacked.slowmist.io/en/?c=&page=37""]","[""https://defillama.com/hacks"", ""https://x.com/pumpdotfun/status/1791235050643636303""]",[],,,,,False,"[""exact_information_availability_unverified"", ""retrospective_loss_not_a_live_feature""]",in_scope,[],normalized_catalog_record,,,,,,,,,,,,,2024-05-17T00:00:00Z,False,"00:00 UTC on the calendar day after the assigned incident_date; an assumed retrospective alignment, not verified public availability.","Frozen catalog reported_loss_usd; retrospective reported amount, not verified gross theft or loss known at activation.",False
inc_40f23c904716acf4,Gala Games,2024-05-20,day,22300000,21800000.0,216000000,defillama,retrospective_reported_amount; gross/net and valuation basis require source verification,Token & Share Accounting,Infinite Mint; Private Key Leakage,"[""Ethereum""]",DeFi Protocol,3,3,"[""defillama"", ""slowmist"", ""rekt""]","[""bb1e30a39463b8e0"", ""72f874a5f433c70d"", ""4de875e184c35cb3""]","[""2024-05-20""]","[{""source"": ""defillama"", ""claim_id"": ""bb1e30a39463b8e0"", ""loss_usd"": 22300000, ""loss_basis"": ""source_amount_definition_not_fully_verified"", ""valuation_date"": null}, {""source"": ""slowmist"", ""claim_id"": ""72f874a5f433c70d"", ""loss_usd"": 21800000.0, ""loss_basis"": ""source_reported_loss_not_fully_verified"", ""valuation_date"": null}, {""source"": ""rekt"", ""claim_id"": ""4de875e184c35cb3"", ""loss_usd"": 216000000, ""loss_basis"": ""leaderboard_amount_may_use_later_valuation"", ""valuation_date"": null}]","[""https://defillama.com/hacks"", ""https://hacked.slowmist.io/en/?c=&page=37"", ""https://rekt.news/leaderboard/""]","[""https://defillama.com/hacks"", ""https://x.com/Benefactor0101/status/1792698768166715776"", ""https://rekt.news/gala-games-rekt"", ""https://x.com/Benefactor0101/status/1792698768166715776"", ""https://rekt.news/gala-games-rekt""]",[],,,,,False,"[""loss_estimates_differ_over_5pct"", ""exact_information_availability_unverified"", ""retrospective_loss_not_a_live_feature""]",in_scope,[],manually_adjudicated_fields,,,,,,,"Gala and Gala Games describe the same unauthorized token mint and sale, with different estimated realized values.",,,,,,2024-05-21T00:00:00Z,True,"00:00 UTC on the calendar day after the assigned incident_date; an assumed retrospective alignment, not verified public availability.","Frozen catalog reported_loss_usd; retrospective reported amount, not verified gross theft or loss known at activation.",False
inc_e616ae749b892462,DMM Bitcoin,2024-05-31,day,305000000,304000000,305000000,defillama,retrospective_reported_amount; gross/net and valuation basis require source verification,Social Engineering,Phishing; Malware Attack,"[""Bitcoin""]",CEX,3,3,"[""defillama"", ""slowmist"", ""rekt""]","[""d9bb9767180b546d"", ""ae79fb7776b553e7"", ""65c8bb182e8edc37""]","[""2024-05-30"", ""2024-05-31""]","[{""source"": ""defillama"", ""claim_id"": ""d9bb9767180b546d"", ""loss_usd"": 305000000, ""loss_basis"": ""source_amount_definition_not_fully_verified"", ""valuation_date"": null}, {""source"": ""slowmist"", ""claim_id"": ""ae79fb7776b553e7"", ""loss_usd"": 305000000.0, ""loss_basis"": ""source_reported_loss_not_fully_verified"", ""valuation_date"": null}, {""source"": ""rekt"", ""claim_id"": ""65c8bb182e8edc37"", ""loss_usd"": 304000000, ""loss_basis"": ""leaderboard_amount_may_use_later_valuation"", ""valuation_date"": null}]","[""https://defillama.com/hacks"", ""https://hacked.slowmist.io/en/?c=&page=36"", ""https://rekt.news/leaderboard/""]","[""https://defillama.com/hacks"", ""https://www.panewslab.com/zh/articledetails/3lu51z5z.html"", ""https://rekt.news/dmm-rekt""]",[],,,,,False,"[""source_date_disagreement"", ""exact_information_availability_unverified"", ""retrospective_loss_not_a_live_feature""]",in_scope,[],normalized_catalog_record,,,,,,,,,,,,,2024-06-01T00:00:00Z,True,"00:00 UTC on the calendar day after the assigned incident_date; an assumed retrospective alignment, not verified public availability.","Frozen catalog reported_loss_usd; retrospective reported amount, not verified gross theft or loss known at activation.",False
inc_bdbee067c96704e8,Velocore V2,2024-06-02,day,6800000,6800000,6800000,defillama,retrospective_reported_amount; gross/net and valuation basis require source verification,Token & Share Accounting,Incorrect Fee Accounting; Contract Vulnerability,"[""Linea"", ""zkSync Era""]",DeFi Protocol,3,3,"[""defillama"", ""slowmist"", ""rekt""]","[""8b02ab5fd450d1b0"", ""2b801f333f0f3e6a"", ""573f1d7abbacaf44""]","[""2024-06-02""]","[{""source"": ""defillama"", ""claim_id"": ""8b02ab5fd450d1b0"", ""loss_usd"": 6800000, ""loss_basis"": ""source_amount_definition_not_fully_verified"", ""valuation_date"": null}, {""source"": ""slowmist"", ""claim_id"": ""2b801f333f0f3e6a"", ""loss_usd"": 6800000.0, ""loss_basis"": ""source_reported_loss_not_fully_verified"", ""valuation_date"": null}, {""source"": ""rekt"", ""claim_id"": ""573f1d7abbacaf44"", ""loss_usd"": 6800000, ""loss_basis"": ""leaderboard_amount_may_use_later_valuation"", ""valuation_date"": null}]","[""https://defillama.com/hacks"", ""https://hacked.slowmist.io/en/?c=&page=36"", ""https://rekt.news/leaderboard/""]","[""https://defillama.com/hacks"", ""https://velocorexyz.medium.com/velocore-incident-post-mortem-6197020ec3e9"", ""https://rekt.news/velocore-rekt""]",[],,,,,False,"[""exact_information_availability_unverified"", ""retrospective_loss_not_a_live_feature""]",in_scope,[],normalized_catalog_record,,,,,,,,,,,,,2024-06-03T00:00:00Z,True,"00:00 UTC on the calendar day after the assigned incident_date; an assumed retrospective alignment, not verified public availability.","Frozen catalog reported_loss_usd; retrospective reported amount, not verified gross theft or loss known at activation.",False
inc_3eb7cfce8985b947,Lykke,2024-06-04,day,22400000,22400000,22400000,defillama,retrospective_reported_amount; gross/net and valuation basis require source verification,Key Compromise,Hot Wallet Key Compromised; Unknown,"[""Bitcoin"", ""Ethereum""]",CEX,2,2,"[""defillama"", ""slowmist""]","[""5008a19f86729cd5"", ""7594b32450d728ea""]","[""2024-06-04"", ""2024-06-09""]","[{""source"": ""defillama"", ""claim_id"": ""5008a19f86729cd5"", ""loss_usd"": 22400000, ""loss_basis"": ""source_amount_definition_not_fully_verified"", ""valuation_date"": null}, {""source"": ""slowmist"", ""claim_id"": ""7594b32450d728ea"", ""loss_usd"": 22400000.0, ""loss_basis"": ""source_reported_loss_not_fully_verified"", ""valuation_date"": null}]","[""https://defillama.com/hacks"", ""https://hacked.slowmist.io/en/?c=&page=36""]","[""https://defillama.com/hacks"", ""https://x.com/somaxbt/status/1799812652610511043""]",[],,,,,False,"[""source_date_disagreement"", ""exact_information_availability_unverified"", ""retrospective_loss_not_a_live_feature""]",in_scope,[],normalized_catalog_record,,,,,,,,,,,,,2024-06-05T00:00:00Z,True,"00:00 UTC on the calendar day after the assigned incident_date; an assumed retrospective alignment, not verified public availability.","Frozen catalog reported_loss_usd; retrospective reported amount, not verified gross theft or loss known at activation.",False
inc_4f552a3f18c24a71,Loopring,2024-06-09,day,5000000,5000000,5000000,defillama,retrospective_reported_amount; gross/net and valuation basis require source verification,Frontend & Infrastructure,API Key Compromised; Security Vulnerability,"[""Loopring""]",DeFi Protocol,2,2,"[""defillama"", ""slowmist""]","[""dcdf31a5ff710d76"", ""41b9874d34b90e45""]","[""2024-06-09""]","[{""source"": ""defillama"", ""claim_id"": ""dcdf31a5ff710d76"", ""loss_usd"": 5000000, ""loss_basis"": ""source_amount_definition_not_fully_verified"", ""valuation_date"": null}, {""source"": ""slowmist"", ""claim_id"": ""41b9874d34b90e45"", ""loss_usd"": 5000000.0, ""loss_basis"": ""source_reported_loss_not_fully_verified"", ""valuation_date"": null}]","[""https://defillama.com/hacks"", ""https://hacked.slowmist.io/en/?c=&page=36""]","[""https://defillama.com/hacks"", ""https://x.com/loopringorg/status/1799791898296451515""]",[],,,,,False,"[""exact_information_availability_unverified"", ""retrospective_loss_not_a_live_feature""]",in_scope,[],normalized_catalog_record,,,,,,,,,,,,,2024-06-10T00:00:00Z,False,"00:00 UTC on the calendar day after the assigned incident_date; an assumed retrospective alignment, not verified public availability.","Frozen catalog reported_loss_usd; retrospective reported amount, not verified gross theft or loss known at activation.",False
inc_26e6baf03f231caf,UwU Lend,2024-06-10,day,20000000,19300000.0,20000000,defillama,retrospective_reported_amount; gross/net and valuation basis require source verification,Oracle Manipulation,Spot Price Manipulation; Contract Vulnerability,"[""Ethereum""]",DeFi Protocol,3,3,"[""defillama"", ""slowmist"", ""rekt""]","[""c7352d5657972be6"", ""ffd0e93b9ba427d7"", ""4dd8486f339d07c5""]","[""2024-06-10""]","[{""source"": ""defillama"", ""claim_id"": ""c7352d5657972be6"", ""loss_usd"": 20000000, ""loss_basis"": ""source_amount_definition_not_fully_verified"", ""valuation_date"": null}, {""source"": ""slowmist"", ""claim_id"": ""ffd0e93b9ba427d7"", ""loss_usd"": 19300000.0, ""loss_basis"": ""source_reported_loss_not_fully_verified"", ""valuation_date"": null}, {""source"": ""rekt"", ""claim_id"": ""4dd8486f339d07c5"", ""loss_usd"": 19400000, ""loss_basis"": ""leaderboard_amount_may_use_later_valuation"", ""valuation_date"": null}]","[""https://defillama.com/hacks"", ""https://hacked.slowmist.io/en/?c=&page=36"", ""https://rekt.news/leaderboard/""]","[""https://defillama.com/hacks"", ""https://x.com/SlowMist_Team/status/1800181916857155761"", ""https://rekt.news/uwulend-rekt""]",[],,,,,False,"[""exact_information_availability_unverified"", ""retrospective_loss_not_a_live_feature""]",in_scope,[],normalized_catalog_record,,,,,,,,,,,,,2024-06-11T00:00:00Z,True,"00:00 UTC on the calendar day after the assigned incident_date; an assumed retrospective alignment, not verified public availability.","Frozen catalog reported_loss_usd; retrospective reported amount, not verified gross theft or loss known at activation.",False
inc_fda27d9970272213,YOLO Games,2024-06-11,day,1500000,1500000,1500000,defillama,retrospective_reported_amount; gross/net and valuation basis require source verification,Access Control,Caller Impersonation; Contract Vulnerability,"[""Blast""]",DeFi Protocol,2,2,"[""defillama"", ""slowmist""]","[""8c1e628ab7a68a94"", ""dbcf8dad68fe9404""]","[""2024-06-10"", ""2024-06-11""]","[{""source"": ""defillama"", ""claim_id"": ""8c1e628ab7a68a94"", ""loss_usd"": 1500000, ""loss_basis"": ""source_amount_definition_not_fully_verified"", ""valuation_date"": null}, {""source"": ""slowmist"", ""claim_id"": ""dbcf8dad68fe9404"", ""loss_usd"": 1500000.0, ""loss_basis"": ""source_reported_loss_not_fully_verified"", ""valuation_date"": null}]","[""https://defillama.com/hacks"", ""https://hacked.slowmist.io/en/?c=&page=36""]","[""https://defillama.com/hacks"", ""https://x.com/shoucccc/status/1800353122159833195""]",[],,,,,False,"[""source_date_disagreement"", ""exact_information_availability_unverified"", ""retrospective_loss_not_a_live_feature""]",in_scope,[],normalized_catalog_record,,,,,,,,,,,,,2024-06-12T00:00:00Z,False,"00:00 UTC on the calendar day after the assigned incident_date; an assumed retrospective alignment, not verified public availability.","Frozen catalog reported_loss_usd; retrospective reported amount, not verified gross theft or loss known at activation.",False
inc_2d3e8f8fe800caca,Holograph,2024-06-13,day,1200000,1200000,14400000.0,defillama,retrospective_reported_amount; gross/net and valuation basis require source verification,Token & Share Accounting,Infinite Mint; Contract Vulnerability,"[""Ethereum""]",DeFi Protocol,2,2,"[""defillama"", ""slowmist""]","[""a7c7216b58b47922"", ""3266cd2c3d90b49c""]","[""2024-06-13"", ""2024-06-14""]","[{""source"": ""defillama"", ""claim_id"": ""a7c7216b58b47922"", ""loss_usd"": 1200000, ""loss_basis"": ""source_amount_definition_not_fully_verified"", ""valuation_date"": null}, {""source"": ""slowmist"", ""claim_id"": ""3266cd2c3d90b49c"", ""loss_usd"": 14400000.0, ""loss_basis"": ""source_reported_loss_not_fully_verified"", ""valuation_date"": null}]","[""https://defillama.com/hacks"", ""https://hacked.slowmist.io/en/?c=&page=36""]","[""https://defillama.com/hacks"", ""https://x.com/holographxyz/status/1801702424236990600""]",[],,,,,False,"[""source_date_disagreement"", ""loss_estimates_differ_over_5pct"", ""exact_information_availability_unverified"", ""retrospective_loss_not_a_live_feature""]",in_scope,[],normalized_catalog_record,,,,,,,,,,,,,2024-06-14T00:00:00Z,False,"00:00 UTC on the calendar day after the assigned incident_date; an assumed retrospective alignment, not verified public availability.","Frozen catalog reported_loss_usd; retrospective reported amount, not verified gross theft or loss known at activation.",False
inc_0cc82309d24bfc53,UwU Lend,2024-06-13,day,3700000,3700000,3720000.0,defillama,retrospective_reported_amount; gross/net and valuation basis require source verification,Oracle Manipulation,Spot Price Manipulation; Contract Vulnerability,"[""Ethereum""]",DeFi Protocol,2,2,"[""defillama"", ""slowmist""]","[""6f98de4fea6e6bed"", ""f20ad76a79167149""]","[""2024-06-13""]","[{""source"": ""defillama"", ""claim_id"": ""6f98de4fea6e6bed"", ""loss_usd"": 3700000, ""loss_basis"": ""source_amount_definition_not_fully_verified"", ""valuation_date"": null}, {""source"": ""slowmist"", ""claim_id"": ""f20ad76a79167149"", ""loss_usd"": 3720000.0, ""loss_basis"": ""source_reported_loss_not_fully_verified"", ""valuation_date"": null}]","[""https://defillama.com/hacks"", ""https://hacked.slowmist.io/en/?c=&page=36""]","[""https://defillama.com/hacks"", ""https://x.com/SlowMist_Team/status/1801161421138600443""]",[],,,,,False,"[""exact_information_availability_unverified"", ""retrospective_loss_not_a_live_feature""]",in_scope,[],normalized_catalog_record,,,,,,,,,,,,,2024-06-14T00:00:00Z,False,"00:00 UTC on the calendar day after the assigned incident_date; an assumed retrospective alignment, not verified public availability.","Frozen catalog reported_loss_usd; retrospective reported amount, not verified gross theft or loss known at activation.",False
inc_db92a8678381ed17,BtcTurk,2024-06-22,day,54000000,54000000,90000000.0,defillama,retrospective_reported_amount; gross/net and valuation basis require source verification,Key Compromise,Hot Wallet Key Compromised; Unknown,[],CEX,2,2,"[""defillama"", ""slowmist""]","[""574260bd208c9a7d"", ""ae6f969bc7848679""]","[""2024-06-22""]","[{""source"": ""defillama"", ""claim_id"": ""574260bd208c9a7d"", ""loss_usd"": 54000000, ""loss_basis"": ""source_amount_definition_not_fully_verified"", ""valuation_date"": null}, {""source"": ""slowmist"", ""claim_id"": ""ae6f969bc7848679"", ""loss_usd"": 90000000.0, ""loss_basis"": ""source_reported_loss_not_fully_verified"", ""valuation_date"": null}]","[""https://defillama.com/hacks"", ""https://hacked.slowmist.io/en/?c=&page=35""]","[""https://defillama.com/hacks"", ""https://www.web3isgoinggreat.com/?id=btcturk-exploited-for-at-least-55-million""]",[],,,,,False,"[""loss_estimates_differ_over_5pct"", ""exact_information_availability_unverified"", ""retrospective_loss_not_a_live_feature""]",in_scope,[],normalized_catalog_record,,,,,,,,,,,,,2024-06-23T00:00:00Z,True,"00:00 UTC on the calendar day after the assigned incident_date; an assumed retrospective alignment, not verified public availability.","Frozen catalog reported_loss_usd; retrospective reported amount, not verified gross theft or loss known at activation.",False
inc_08e2b499469d176b,CoinStats,2024-06-22,day,2200000,2000000.0,2200000,defillama,retrospective_reported_amount; gross/net and valuation basis require source verification,Social Engineering,Phishing; Malware Attack,[],Other,2,2,"[""defillama"", ""slowmist""]","[""893e34236a7b33e6"", ""4354667b987f1d32""]","[""2024-06-22"", ""2024-07-12""]","[{""source"": ""defillama"", ""claim_id"": ""893e34236a7b33e6"", ""loss_usd"": 2200000, ""loss_basis"": ""source_amount_definition_not_fully_verified"", ""valuation_date"": null}, {""source"": ""slowmist"", ""claim_id"": ""4354667b987f1d32"", ""loss_usd"": 2000000.0, ""loss_basis"": ""source_reported_loss_not_fully_verified"", ""valuation_date"": null}]","[""https://defillama.com/hacks"", ""https://hacked.slowmist.io/en/?c=&page=35""]","[""https://defillama.com/hacks"", ""https://x.com/CoinStats/status/1804633869372559788"", ""https://coinstats.app/blog/security-incident-report/"", ""https://x.com/CoinStats/status/1804633869372559788""]",[],,,,,False,"[""source_date_disagreement"", ""loss_estimates_differ_over_5pct"", ""exact_information_availability_unverified"", ""retrospective_loss_not_a_live_feature""]",in_scope,[],manually_adjudicated_fields,,,,,,,"The July 12 issuer report explicitly describes the June 22 wallet breach and approximately $2.2m theft. July 12 is publication, not a second hack.",,,,,,2024-06-23T00:00:00Z,False,"00:00 UTC on the calendar day after the assigned incident_date; an assumed retrospective alignment, not verified public availability.","Frozen catalog reported_loss_usd; retrospective reported amount, not verified gross theft or loss known at activation.",False
inc_e5ac8e2b07e833ee,Sportsbet,2024-06-23,day,3500000.0,3500000.0,3500000.0,slowmist,retrospective_reported_amount; gross/net and valuation basis require source verification,,Unknown,[],,1,1,"[""slowmist""]","[""48ea9b7f54e9fa33""]","[""2024-06-23""]","[{""source"": ""slowmist"", ""claim_id"": ""48ea9b7f54e9fa33"", ""loss_usd"": 3500000.0, ""loss_basis"": ""source_reported_loss_not_fully_verified"", ""valuation_date"": null}]","[""https://hacked.slowmist.io/en/?c=&page=35""]","[""https://www.odaily.news/newsflash/376440""]",[],,,,,False,"[""single_catalog_source"", ""exact_information_availability_unverified"", ""retrospective_loss_not_a_live_feature""]",in_scope,[],normalized_catalog_record,,,,,,,,,,,,,2024-06-24T00:00:00Z,False,"00:00 UTC on the calendar day after the assigned incident_date; an assumed retrospective alignment, not verified public availability.","Frozen catalog reported_loss_usd; retrospective reported amount, not verified gross theft or loss known at activation.",False
inc_9459528d898ef80e,Bittensor,2024-07-02,day,8000000,8000000,8000000,defillama,retrospective_reported_amount; gross/net and valuation basis require source verification,Social Engineering,Malware; Security Vulnerability,[],DeFi Protocol,3,3,"[""defillama"", ""slowmist"", ""rekt""]","[""382751315ed296c4"", ""038d1ec6cc4a2d18"", ""093e5045a7f137b6""]","[""2024-07-02""]","[{""source"": ""defillama"", ""claim_id"": ""382751315ed296c4"", ""loss_usd"": 8000000, ""loss_basis"": ""source_amount_definition_not_fully_verified"", ""valuation_date"": null}, {""source"": ""slowmist"", ""claim_id"": ""038d1ec6cc4a2d18"", ""loss_usd"": 8000000.0, ""loss_basis"": ""source_reported_loss_not_fully_verified"", ""valuation_date"": null}, {""source"": ""rekt"", ""claim_id"": ""093e5045a7f137b6"", ""loss_usd"": 8000000, ""loss_basis"": ""leaderboard_amount_may_use_later_valuation"", ""valuation_date"": null}]","[""https://defillama.com/hacks"", ""https://hacked.slowmist.io/en/?c=&page=35"", ""https://rekt.news/leaderboard/""]","[""https://defillama.com/hacks"", ""https://blog.bittensor.com/bittnesor-community-update-july-3-2024-45661b1d542d"", ""https://rekt.news/bittensor-rekt""]",[],,,,,False,"[""exact_information_availability_unverified"", ""retrospective_loss_not_a_live_feature""]",in_scope,[],normalized_catalog_record,,,,,,,,,,,,,2024-07-03T00:00:00Z,True,"00:00 UTC on the calendar day after the assigned incident_date; an assumed retrospective alignment, not verified public availability.","Frozen catalog reported_loss_usd; retrospective reported amount, not verified gross theft or loss known at activation.",False
inc_3de2fbad65ca1c7b,Dough Finance,2024-07-12,day,1960000,1960000,2100000.0,defillama,retrospective_reported_amount; gross/net and valuation basis require source verification,Access Control,Arbitrary External Call; Contract Vulnerability,"[""Ethereum""]",DeFi Protocol,2,2,"[""defillama"", ""slowmist""]","[""c819535e56d4cfe1"", ""f54f04ab167b33dc""]","[""2024-07-12""]","[{""source"": ""defillama"", ""claim_id"": ""c819535e56d4cfe1"", ""loss_usd"": 1960000, ""loss_basis"": ""source_amount_definition_not_fully_verified"", ""valuation_date"": null}, {""source"": ""slowmist"", ""claim_id"": ""f54f04ab167b33dc"", ""loss_usd"": 2100000.0, ""loss_basis"": ""source_reported_loss_not_fully_verified"", ""valuation_date"": null}]","[""https://defillama.com/hacks"", ""https://hacked.slowmist.io/en/?c=&page=34""]","[""https://defillama.com/hacks"", ""https://x.com/SlowMist_Team/status/1811655943056425236""]",[],,,,,False,"[""loss_estimates_differ_over_5pct"", ""exact_information_availability_unverified"", ""retrospective_loss_not_a_live_feature""]",in_scope,[],normalized_catalog_record,,,,,,,,,,,,,2024-07-13T00:00:00Z,False,"00:00 UTC on the calendar day after the assigned incident_date; an assumed retrospective alignment, not verified public availability.","Frozen catalog reported_loss_usd; retrospective reported amount, not verified gross theft or loss known at activation.",False
inc_612b6b162a0ea18c,Minterest,2024-07-15,day,1400000,1400000,1400000,defillama,retrospective_reported_amount; gross/net and valuation basis require source verification,Reentrancy,Reentrancy; Flash Loan Attack,"[""Mantle""]",DeFi Protocol,2,2,"[""defillama"", ""slowmist""]","[""c10211072de7982c"", ""e3cdae5614d7ceef""]","[""2024-07-15""]","[{""source"": ""defillama"", ""claim_id"": ""c10211072de7982c"", ""loss_usd"": 1400000, ""loss_basis"": ""source_amount_definition_not_fully_verified"", ""valuation_date"": null}, {""source"": ""slowmist"", ""claim_id"": ""e3cdae5614d7ceef"", ""loss_usd"": 1400000.0, ""loss_basis"": ""source_reported_loss_not_fully_verified"", ""valuation_date"": null}]","[""https://defillama.com/hacks"", ""https://hacked.slowmist.io/en/?c=&page=34""]","[""https://defillama.com/hacks"", ""https://x.com/Minterest/status/1812540672248820033""]",[],,,,,False,"[""exact_information_availability_unverified"", ""retrospective_loss_not_a_live_feature""]",in_scope,[],normalized_catalog_record,,,,,,,,,,,,,2024-07-16T00:00:00Z,False,"00:00 UTC on the calendar day after the assigned incident_date; an assumed retrospective alignment, not verified public availability.","Frozen catalog reported_loss_usd; retrospective reported amount, not verified gross theft or loss known at activation.",False
inc_9440e7841f81c406,LI.FI,2024-07-16,day,9730000,9730000,11600000.0,defillama,retrospective_reported_amount; gross/net and valuation basis require source verification,Access Control,Token Approval Abuse; Contract Vulnerability,"[""Linea"", ""Metis"", ""zkSync Era""]",DeFi Protocol,2,2,"[""defillama"", ""slowmist""]","[""04587ad61b1ceff6"", ""2e10e46de2dba595""]","[""2024-07-16""]","[{""source"": ""defillama"", ""claim_id"": ""04587ad61b1ceff6"", ""loss_usd"": 9730000, ""loss_basis"": ""source_amount_definition_not_fully_verified"", ""valuation_date"": null}, {""source"": ""slowmist"", ""claim_id"": ""2e10e46de2dba595"", ""loss_usd"": 11600000.0, ""loss_basis"": ""source_reported_loss_not_fully_verified"", ""valuation_date"": null}]","[""https://defillama.com/hacks"", ""https://hacked.slowmist.io/en/?c=&page=34""]","[""https://defillama.com/hacks"", ""https://x.com/SlowMist_Team/status/1813195343057866972"", ""https://x.com/SlowMist_Team/status/1813195343057866972""]",[],,,,,False,"[""loss_estimates_differ_over_5pct"", ""exact_information_availability_unverified"", ""retrospective_loss_not_a_live_feature""]",in_scope,[],manually_adjudicated_fields,,,,,,,LI.FI and LiFi Finance describe the same July 16 router exploit affecting Ethereum and Arbitrum.,,,,,,2024-07-17T00:00:00Z,True,"00:00 UTC on the calendar day after the assigned incident_date; an assumed retrospective alignment, not verified public availability.","Frozen catalog reported_loss_usd; retrospective reported amount, not verified gross theft or loss known at activation.",False
inc_3b46b06cd524e9ba,WazirX: India,2024-07-18,day,234900000,230000000.0,235000000,defillama,retrospective_reported_amount; gross/net and valuation basis require source verification,Social Engineering,Signer Phishing; Wallet Stolen,"[""Ethereum""]",CEX,3,3,"[""defillama"", ""slowmist"", ""rekt""]","[""4626d3e34852d425"", ""e481b4cb2605b5aa"", ""e6d709d03fce8540""]","[""2024-07-18""]","[{""source"": ""defillama"", ""claim_id"": ""4626d3e34852d425"", ""loss_usd"": 234900000, ""loss_basis"": ""source_amount_definition_not_fully_verified"", ""valuation_date"": null}, {""source"": ""slowmist"", ""claim_id"": ""e481b4cb2605b5aa"", ""loss_usd"": 230000000.0, ""loss_basis"": ""source_reported_loss_not_fully_verified"", ""valuation_date"": null}, {""source"": ""rekt"", ""claim_id"": ""e6d709d03fce8540"", ""loss_usd"": 235000000, ""loss_basis"": ""leaderboard_amount_may_use_later_valuation"", ""valuation_date"": null}]","[""https://defillama.com/hacks"", ""https://hacked.slowmist.io/en/?c=&page=34"", ""https://rekt.news/leaderboard/""]","[""https://defillama.com/hacks"", ""https://x.com/SlowMist_Team/status/1813848794360139808"", ""https://rekt.news/wazirx-rekt""]",[],,,,,False,"[""exact_information_availability_unverified"", ""retrospective_loss_not_a_live_feature""]",in_scope,[],normalized_catalog_record,,,,,,,,,,,,,2024-07-19T00:00:00Z,True,"00:00 UTC on the calendar day after the assigned incident_date; an assumed retrospective alignment, not verified public availability.","Frozen catalog reported_loss_usd; retrospective reported amount, not verified gross theft or loss known at activation.",False
inc_69a8daea00f6536a,Rho Markets,2024-07-19,day,7600000,7500000,7600000,defillama,retrospective_reported_amount; gross/net and valuation basis require source verification,Oracle Manipulation,Spot Price Manipulation; Oracle Misconfiguration,"[""Scroll""]",DeFi Protocol,3,3,"[""defillama"", ""slowmist"", ""rekt""]","[""4d2202ed18e7de0f"", ""dc6e881ec1e4af7f"", ""97bb21c51793ca08""]","[""2024-07-19""]","[{""source"": ""defillama"", ""claim_id"": ""4d2202ed18e7de0f"", ""loss_usd"": 7600000, ""loss_basis"": ""source_amount_definition_not_fully_verified"", ""valuation_date"": null}, {""source"": ""slowmist"", ""claim_id"": ""dc6e881ec1e4af7f"", ""loss_usd"": 7600000.0, ""loss_basis"": ""source_reported_loss_not_fully_verified"", ""valuation_date"": null}, {""source"": ""rekt"", ""claim_id"": ""97bb21c51793ca08"", ""loss_usd"": 7500000, ""loss_basis"": ""leaderboard_amount_may_use_later_valuation"", ""valuation_date"": null}]","[""https://defillama.com/hacks"", ""https://hacked.slowmist.io/en/?c=&page=34"", ""https://rekt.news/leaderboard/""]","[""https://defillama.com/hacks"", ""https://www.panewslab.com/zh/sqarticledetails/wdq528s5.html"", ""https://rekt.news/rho-market-rekt""]",[],,,,,False,"[""exact_information_availability_unverified"", ""retrospective_loss_not_a_live_feature""]",in_scope,[],normalized_catalog_record,,,,,,,,,,,,,2024-07-20T00:00:00Z,True,"00:00 UTC on the calendar day after the assigned incident_date; an assumed retrospective alignment, not verified public availability.","Frozen catalog reported_loss_usd; retrospective reported amount, not verified gross theft or loss known at activation.",False
inc_17e80b6be912c4f3,Casper Network,2024-07-26,day,6700000.0,6700000.0,6700000.0,slowmist,retrospective_reported_amount; gross/net and valuation basis require source verification,,Security Vulnerability,[],,1,1,"[""slowmist""]","[""781609663e47da2d""]","[""2024-07-26""]","[{""source"": ""slowmist"", ""claim_id"": ""781609663e47da2d"", ""loss_usd"": 6700000.0, ""loss_basis"": ""source_reported_loss_not_fully_verified"", ""valuation_date"": null}]","[""https://hacked.slowmist.io/en/?c=&page=33""]","[""https://casper.network/en-us/news/casper-blockchain-security-update-preliminary-incident-report""]",[],,,,,False,"[""single_catalog_source"", ""exact_information_availability_unverified"", ""retrospective_loss_not_a_live_feature""]",in_scope,[],normalized_catalog_record,,,,,,,,,,,,,2024-07-27T00:00:00Z,True,"00:00 UTC on the calendar day after the assigned incident_date; an assumed retrospective alignment, not verified public availability.","Frozen catalog reported_loss_usd; retrospective reported amount, not verified gross theft or loss known at activation.",False
inc_1abcb595c9bd56a2,Monoswap,2024-07-31,day,1300000,1300000,1300000,defillama,retrospective_reported_amount; gross/net and valuation basis require source verification,Social Engineering,Malware; Malware Attack,"[""Blast""]",DeFi Protocol,2,2,"[""defillama"", ""slowmist""]","[""e52bb5c828db2de2"", ""237837230874794e""]","[""2024-07-25"", ""2024-07-31""]","[{""source"": ""defillama"", ""claim_id"": ""e52bb5c828db2de2"", ""loss_usd"": 1300000, ""loss_basis"": ""source_amount_definition_not_fully_verified"", ""valuation_date"": null}, {""source"": ""slowmist"", ""claim_id"": ""237837230874794e"", ""loss_usd"": 1300000.0, ""loss_basis"": ""source_reported_loss_not_fully_verified"", ""valuation_date"": null}]","[""https://defillama.com/hacks"", ""https://hacked.slowmist.io/en/?c=&page=33""]","[""https://defillama.com/hacks"", ""https://x.com/monoswapio/status/1816151998267547851""]",[],,,,,False,"[""source_date_disagreement"", ""exact_information_availability_unverified"", ""retrospective_loss_not_a_live_feature""]",in_scope,[],normalized_catalog_record,,,,,,,,,,,,,2024-08-01T00:00:00Z,False,"00:00 UTC on the calendar day after the assigned incident_date; an assumed retrospective alignment, not verified public availability.","Frozen catalog reported_loss_usd; retrospective reported amount, not verified gross theft or loss known at activation.",False
inc_4995d2c9aa122c16,Terra 2.0,2024-07-31,day,6400000,5280000.0,6400000,defillama,retrospective_reported_amount; gross/net and valuation basis require source verification,Reentrancy,Reentrancy; Third-party Vulnerability,"[""Terra2""]",DeFi Protocol,2,2,"[""defillama"", ""slowmist""]","[""e4b60ee32c914c16"", ""022faf7ae6597906""]","[""2024-07-31""]","[{""source"": ""defillama"", ""claim_id"": ""e4b60ee32c914c16"", ""loss_usd"": 6400000, ""loss_basis"": ""source_amount_definition_not_fully_verified"", ""valuation_date"": null}, {""source"": ""slowmist"", ""claim_id"": ""022faf7ae6597906"", ""loss_usd"": 5280000.0, ""loss_basis"": ""source_reported_loss_not_fully_verified"", ""valuation_date"": null}]","[""https://defillama.com/hacks"", ""https://hacked.slowmist.io/en/?c=&page=33""]","[""https://defillama.com/hacks"", ""https://www.theblock.co/post/308440/attacker-exploits-ibc-hooks-vulnerability-to-steal-tokens-on-terra-blockchain""]",[],,,,,False,"[""loss_estimates_differ_over_5pct"", ""exact_information_availability_unverified"", ""retrospective_loss_not_a_live_feature""]",in_scope,[],normalized_catalog_record,,,,,,,,,,,,,2024-08-01T00:00:00Z,True,"00:00 UTC on the calendar day after the assigned incident_date; an assumed retrospective alignment, not verified public availability.","Frozen catalog reported_loss_usd; retrospective reported amount, not verified gross theft or loss known at activation.",False
inc_6a6b0e56b3c8fa51,Ronin Bridge,2024-08-06,day,12000000,12000000,12000000,defillama,retrospective_reported_amount; gross/net and valuation basis require source verification,Access Control,Uninitialized Proxy; Contract Vulnerability,"[""Ethereum""]",DeFi Protocol,3,3,"[""defillama"", ""slowmist"", ""rekt""]","[""2b05dd3e6c85a968"", ""ddd60995830ea4e0"", ""bc30cdeb67bf6227""]","[""2024-08-06"", ""2024-08-07""]","[{""source"": ""defillama"", ""claim_id"": ""2b05dd3e6c85a968"", ""loss_usd"": 12000000, ""loss_basis"": ""source_amount_definition_not_fully_verified"", ""valuation_date"": null}, {""source"": ""slowmist"", ""claim_id"": ""ddd60995830ea4e0"", ""loss_usd"": 12000000.0, ""loss_basis"": ""source_reported_loss_not_fully_verified"", ""valuation_date"": null}, {""source"": ""rekt"", ""claim_id"": ""bc30cdeb67bf6227"", ""loss_usd"": 12000000, ""loss_basis"": ""leaderboard_amount_may_use_later_valuation"", ""valuation_date"": null}]","[""https://defillama.com/hacks"", ""https://hacked.slowmist.io/en/?c=&page=33"", ""https://rekt.news/leaderboard/""]","[""https://defillama.com/hacks"", ""https://x.com/SlowMist_Team/status/1820783952145355247"", ""https://rekt.news/roninnetwork-rektII""]",[],,,,,False,"[""source_date_disagreement"", ""exact_information_availability_unverified"", ""retrospective_loss_not_a_live_feature""]",in_scope,[],normalized_catalog_record,,,,,,,,,,,,,2024-08-07T00:00:00Z,True,"00:00 UTC on the calendar day after the assigned incident_date; an assumed retrospective alignment, not verified public availability.","Frozen catalog reported_loss_usd; retrospective reported amount, not verified gross theft or loss known at activation.",False
inc_c45378d89c72990b,PolyNetwork,2024-08-12,day,5000000,5000000,5000000,defillama,retrospective_reported_amount; gross/net and valuation basis require source verification,Protocol Logic,Unknown,"[""PolyNetwork""]",DeFi Protocol,1,1,"[""defillama""]","[""647438d1c846667f""]","[""2024-08-12""]","[{""source"": ""defillama"", ""claim_id"": ""647438d1c846667f"", ""loss_usd"": 5000000, ""loss_basis"": ""source_amount_definition_not_fully_verified"", ""valuation_date"": null}]","[""https://defillama.com/hacks""]","[""https://defillama.com/hacks""]",[],,,,,False,"[""single_catalog_source"", ""no_incident_specific_reference"", ""exact_information_availability_unverified"", ""retrospective_loss_not_a_live_feature""]",in_scope,[],normalized_catalog_record,,,,,,,,,,,,,2024-08-13T00:00:00Z,False,"00:00 UTC on the calendar day after the assigned incident_date; an assumed retrospective alignment, not verified public availability.","Frozen catalog reported_loss_usd; retrospective reported amount, not verified gross theft or loss known at activation.",False
inc_45eaf041940a844a,Vowcurrency,2024-08-13,day,1200000,1200000,1200000,defillama,retrospective_reported_amount; gross/net and valuation basis require source verification,Access Control,Improper Access Control; Contract Vulnerability,"[""Ethereum""]",DeFi Protocol,2,2,"[""defillama"", ""slowmist""]","[""7f40a757c3b0ee68"", ""65aa52822b2d8bae""]","[""2024-08-13""]","[{""source"": ""defillama"", ""claim_id"": ""7f40a757c3b0ee68"", ""loss_usd"": 1200000, ""loss_basis"": ""source_amount_definition_not_fully_verified"", ""valuation_date"": null}, {""source"": ""slowmist"", ""claim_id"": ""65aa52822b2d8bae"", ""loss_usd"": 1200000.0, ""loss_basis"": ""source_reported_loss_not_fully_verified"", ""valuation_date"": null}]","[""https://defillama.com/hacks"", ""https://hacked.slowmist.io/en/?c=&page=32""]","[""https://defillama.com/hacks"", ""https://x.com/Vowcurrency/status/1823407231658025300""]",[],,,,,False,"[""exact_information_availability_unverified"", ""retrospective_loss_not_a_live_feature""]",in_scope,"[""Merge reports of the same incident: Vow, Vowcurrency. Dates, victim/product identity, attack context and amounts support one event. Preserve all source loss claims; do not sum reports."", ""Merge reports of the same incident: Vow, Vowcurrency. Dates, victim/product identity, attack context and amounts support one event. Preserve all source loss claims; do not sum reports.""]",normalized_catalog_record,,,,,,,,,,,,,2024-08-14T00:00:00Z,False,"00:00 UTC on the calendar day after the assigned incident_date; an assumed retrospective alignment, not verified public availability.","Frozen catalog reported_loss_usd; retrospective reported amount, not verified gross theft or loss known at activation.",False
inc_f3872b5f835dae66,Penpie,2024-09-03,day,27000000,27000000,27348259.0,defillama,retrospective_reported_amount; gross/net and valuation basis require source verification,Reentrancy,Reentrancy; Contract Vulnerability,"[""Ethereum""]",DeFi Protocol,3,3,"[""defillama"", ""slowmist"", ""rekt""]","[""eb007c26c0e869c1"", ""f60d53692e281deb"", ""8b099893637e35f3""]","[""2024-09-03"", ""2024-09-04""]","[{""source"": ""defillama"", ""claim_id"": ""eb007c26c0e869c1"", ""loss_usd"": 27000000, ""loss_basis"": ""source_amount_definition_not_fully_verified"", ""valuation_date"": null}, {""source"": ""slowmist"", ""claim_id"": ""f60d53692e281deb"", ""loss_usd"": 27348259.0, ""loss_basis"": ""source_reported_loss_not_fully_verified"", ""valuation_date"": null}, {""source"": ""rekt"", ""claim_id"": ""8b099893637e35f3"", ""loss_usd"": 27000000, ""loss_basis"": ""leaderboard_amount_may_use_later_valuation"", ""valuation_date"": null}]","[""https://defillama.com/hacks"", ""https://hacked.slowmist.io/en/?c=&page=31"", ""https://rekt.news/leaderboard/""]","[""https://defillama.com/hacks"", ""https://www.odaily.news/newsflash/388884"", ""https://rekt.news/penpie-rekt""]",[],,,,,False,"[""source_date_disagreement"", ""exact_information_availability_unverified"", ""retrospective_loss_not_a_live_feature""]",in_scope,[],normalized_catalog_record,,,,,,,,,,,,,2024-09-04T00:00:00Z,True,"00:00 UTC on the calendar day after the assigned incident_date; an assumed retrospective alignment, not verified public availability.","Frozen catalog reported_loss_usd; retrospective reported amount, not verified gross theft or loss known at activation.",False
inc_c2b87b797d4d73e6,Caterpillar Coin,2024-09-10,day,1400000,1400000,1400000,defillama,retrospective_reported_amount; gross/net and valuation basis require source verification,Oracle Manipulation,Spot Price Manipulation; Flash Loan Attack,"[""BSC""]",Token,2,2,"[""defillama"", ""slowmist""]","[""b8c6aae2e8625e2b"", ""c24ad7e527770037""]","[""2024-09-10""]","[{""source"": ""defillama"", ""claim_id"": ""b8c6aae2e8625e2b"", ""loss_usd"": 1400000, ""loss_basis"": ""source_amount_definition_not_fully_verified"", ""valuation_date"": null}, {""source"": ""slowmist"", ""claim_id"": ""c24ad7e527770037"", ""loss_usd"": 1400000.0, ""loss_basis"": ""source_reported_loss_not_fully_verified"", ""valuation_date"": null}]","[""https://defillama.com/hacks"", ""https://hacked.slowmist.io/en/?c=&page=31""]","[""https://defillama.com/hacks"", ""https://bscscan.com/tx/0x2c123d08ca3d50c4b875c0b5de1b5c85d0bf9979dffbf87c48526e3a67396827""]",[],,,,,False,"[""exact_information_availability_unverified"", ""retrospective_loss_not_a_live_feature""]",in_scope,[],normalized_catalog_record,,,,,,,,,,,,,2024-09-11T00:00:00Z,False,"00:00 UTC on the calendar day after the assigned incident_date; an assumed retrospective alignment, not verified public availability.","Frozen catalog reported_loss_usd; retrospective reported amount, not verified gross theft or loss known at activation.",False
inc_5bcd6c78b808b66f,Indodax,2024-09-10,day,25200000,22000000.0,25220000,defillama,retrospective_reported_amount; gross/net and valuation basis require source verification,Frontend & Infrastructure,Key Leaked via Infrastructure; Unknown,"[""Ethereum"", ""Optimism"", ""Polygon""]",CEX,3,3,"[""defillama"", ""slowmist"", ""rekt""]","[""5376c54c0a92796a"", ""4487a87672b8c545"", ""0304f3ec3c65142f""]","[""2024-09-10"", ""2024-09-11""]","[{""source"": ""defillama"", ""claim_id"": ""5376c54c0a92796a"", ""loss_usd"": 25200000, ""loss_basis"": ""source_amount_definition_not_fully_verified"", ""valuation_date"": null}, {""source"": ""slowmist"", ""claim_id"": ""4487a87672b8c545"", ""loss_usd"": 22000000.0, ""loss_basis"": ""source_reported_loss_not_fully_verified"", ""valuation_date"": null}, {""source"": ""rekt"", ""claim_id"": ""0304f3ec3c65142f"", ""loss_usd"": 25220000, ""loss_basis"": ""leaderboard_amount_may_use_later_valuation"", ""valuation_date"": null}]","[""https://defillama.com/hacks"", ""https://hacked.slowmist.io/en/?c=&page=31"", ""https://rekt.news/leaderboard/""]","[""https://defillama.com/hacks"", ""https://x.com/SlowMist_Team/status/1833757841880158673"", ""https://rekt.news/indodax-rekt""]",[],,,,,False,"[""source_date_disagreement"", ""loss_estimates_differ_over_5pct"", ""exact_information_availability_unverified"", ""retrospective_loss_not_a_live_feature""]",in_scope,[],normalized_catalog_record,,,,,,,,,,,,,2024-09-11T00:00:00Z,True,"00:00 UTC on the calendar day after the assigned incident_date; an assumed retrospective alignment, not verified public availability.","Frozen catalog reported_loss_usd; retrospective reported amount, not verified gross theft or loss known at activation.",False
inc_7de10519f77d8a5d,DeltaPrime,2024-09-16,day,5980000,5980000,5980000,defillama,retrospective_reported_amount; gross/net and valuation basis require source verification,Key Compromise,Private Key Compromised; Private Key Leakage,"[""Arbitrum""]",DeFi Protocol,3,3,"[""defillama"", ""slowmist"", ""rekt""]","[""7a5552e629a78759"", ""59f3b83c3d3c0b61"", ""e445b9c476be456b""]","[""2024-09-15"", ""2024-09-16""]","[{""source"": ""defillama"", ""claim_id"": ""7a5552e629a78759"", ""loss_usd"": 5980000, ""loss_basis"": ""source_amount_definition_not_fully_verified"", ""valuation_date"": null}, {""source"": ""slowmist"", ""claim_id"": ""59f3b83c3d3c0b61"", ""loss_usd"": 5980000.0, ""loss_basis"": ""source_reported_loss_not_fully_verified"", ""valuation_date"": null}, {""source"": ""rekt"", ""claim_id"": ""e445b9c476be456b"", ""loss_usd"": 5980000, ""loss_basis"": ""leaderboard_amount_may_use_later_valuation"", ""valuation_date"": null}]","[""https://defillama.com/hacks"", ""https://hacked.slowmist.io/en/?c=&page=31"", ""https://rekt.news/leaderboard/""]","[""https://defillama.com/hacks"", ""https://x.com/DeltaPrimeDefi/status/1835603279369125893"", ""https://rekt.news/deltaprime-rekt""]",[],,,,,False,"[""source_date_disagreement"", ""exact_information_availability_unverified"", ""retrospective_loss_not_a_live_feature""]",in_scope,[],normalized_catalog_record,,,,,,,,,,,,,2024-09-17T00:00:00Z,True,"00:00 UTC on the calendar day after the assigned incident_date; an assumed retrospective alignment, not verified public availability.","Frozen catalog reported_loss_usd; retrospective reported amount, not verified gross theft or loss known at activation.",False
inc_ea1b9dc6dfbc7111,Banana Gun,2024-09-19,day,3000000,3000000,3000000,defillama,retrospective_reported_amount; gross/net and valuation basis require source verification,Frontend & Infrastructure,Frontend Compromise; Unknown,"[""Ethereum""]",DeFi Protocol,3,3,"[""defillama"", ""slowmist"", ""rekt""]","[""43713ee8f0ce9667"", ""09b271442b8ffd9a"", ""848c4149541e7c2a""]","[""2024-09-19""]","[{""source"": ""defillama"", ""claim_id"": ""43713ee8f0ce9667"", ""loss_usd"": 3000000, ""loss_basis"": ""source_amount_definition_not_fully_verified"", ""valuation_date"": null}, {""source"": ""slowmist"", ""claim_id"": ""09b271442b8ffd9a"", ""loss_usd"": 3000000.0, ""loss_basis"": ""source_reported_loss_not_fully_verified"", ""valuation_date"": null}, {""source"": ""rekt"", ""claim_id"": ""848c4149541e7c2a"", ""loss_usd"": 3000000, ""loss_basis"": ""leaderboard_amount_may_use_later_valuation"", ""valuation_date"": null}]","[""https://defillama.com/hacks"", ""https://hacked.slowmist.io/en/?c=&page=31"", ""https://rekt.news/leaderboard/""]","[""https://defillama.com/hacks"", ""https://x.com/BananaGunBot/status/1838660010387116484"", ""https://rekt.news/bananagun-rekt""]",[],,,,,False,"[""exact_information_availability_unverified"", ""retrospective_loss_not_a_live_feature""]",in_scope,[],normalized_catalog_record,,,,,,,,,,,,,2024-09-20T00:00:00Z,False,"00:00 UTC on the calendar day after the assigned incident_date; an assumed retrospective alignment, not verified public availability.","Frozen catalog reported_loss_usd; retrospective reported amount, not verified gross theft or loss known at activation.",False
inc_cc6c45a61a05ae6a,BingX,2024-09-20,day,43300000,43300000,45000000.0,defillama,retrospective_reported_amount; gross/net and valuation basis require source verification,Key Compromise,Hot Wallet Key Compromised; Unknown,"[""Ethereum""]",CEX,3,3,"[""defillama"", ""slowmist"", ""rekt""]","[""9f4809b83df0eb32"", ""c096f62d42a24c1f"", ""e58990617d582984""]","[""2024-09-19"", ""2024-09-20""]","[{""source"": ""defillama"", ""claim_id"": ""9f4809b83df0eb32"", ""loss_usd"": 43300000, ""loss_basis"": ""source_amount_definition_not_fully_verified"", ""valuation_date"": null}, {""source"": ""slowmist"", ""claim_id"": ""c096f62d42a24c1f"", ""loss_usd"": 45000000.0, ""loss_basis"": ""source_reported_loss_not_fully_verified"", ""valuation_date"": null}, {""source"": ""rekt"", ""claim_id"": ""e58990617d582984"", ""loss_usd"": 44700000, ""loss_basis"": ""leaderboard_amount_may_use_later_valuation"", ""valuation_date"": null}]","[""https://defillama.com/hacks"", ""https://hacked.slowmist.io/en/?c=&page=30"", ""https://rekt.news/leaderboard/""]","[""https://defillama.com/hacks"", ""https://x.com/Vivien_BingX/status/1836940851873992845"", ""https://rekt.news/bingx-rekt""]",[],,,,,False,"[""source_date_disagreement"", ""exact_information_availability_unverified"", ""retrospective_loss_not_a_live_feature""]",in_scope,[],normalized_catalog_record,,,,,,,,,,,,,2024-09-21T00:00:00Z,True,"00:00 UTC on the calendar day after the assigned incident_date; an assumed retrospective alignment, not verified public availability.","Frozen catalog reported_loss_usd; retrospective reported amount, not verified gross theft or loss known at activation.",False
inc_b80d22ca65afe454,Shezmu,2024-09-21,day,4900000.0,4900000.0,4900000.0,slowmist,retrospective_reported_amount; gross/net and valuation basis require source verification,,Contract Vulnerability,[],,2,2,"[""slowmist"", ""rekt""]","[""1e1d588dfccd0b68"", ""410dc48b0aa7bf19""]","[""2024-09-20"", ""2024-09-21""]","[{""source"": ""slowmist"", ""claim_id"": ""1e1d588dfccd0b68"", ""loss_usd"": 4900000.0, ""loss_basis"": ""source_reported_loss_not_fully_verified"", ""valuation_date"": null}, {""source"": ""rekt"", ""claim_id"": ""410dc48b0aa7bf19"", ""loss_usd"": 4900000, ""loss_basis"": ""leaderboard_amount_may_use_later_valuation"", ""valuation_date"": null}]","[""https://hacked.slowmist.io/en/?c=&page=30"", ""https://rekt.news/leaderboard/""]","[""https://www.web3isgoinggreat.com/?id=shezmu-hack"", ""https://rekt.news/shezmu-rekt""]",[],,,,,False,"[""source_date_disagreement"", ""exact_information_availability_unverified"", ""retrospective_loss_not_a_live_feature""]",in_scope,[],normalized_catalog_record,,,,,,,,,,,,,2024-09-22T00:00:00Z,False,"00:00 UTC on the calendar day after the assigned incident_date; an assumed retrospective alignment, not verified public availability.","Frozen catalog reported_loss_usd; retrospective reported amount, not verified gross theft or loss known at activation.",False
inc_15564ad292a128d0,Truflation,2024-09-25,day,5200000,5200000,5600000.0,defillama,retrospective_reported_amount; gross/net and valuation basis require source verification,Social Engineering,Malware; Malware Attack,[],Other,2,2,"[""defillama"", ""slowmist""]","[""e400dcfa8bf64a62"", ""cab6df4b703768f2""]","[""2024-09-25"", ""2024-09-26""]","[{""source"": ""defillama"", ""claim_id"": ""e400dcfa8bf64a62"", ""loss_usd"": 5200000, ""loss_basis"": ""source_amount_definition_not_fully_verified"", ""valuation_date"": null}, {""source"": ""slowmist"", ""claim_id"": ""cab6df4b703768f2"", ""loss_usd"": 5600000.0, ""loss_basis"": ""source_reported_loss_not_fully_verified"", ""valuation_date"": null}]","[""https://defillama.com/hacks"", ""https://hacked.slowmist.io/en/?c=&page=30""]","[""https://defillama.com/hacks"", ""https://x.com/truflation/status/1839043719124889963""]",[],,,,,False,"[""source_date_disagreement"", ""loss_estimates_differ_over_5pct"", ""exact_information_availability_unverified"", ""retrospective_loss_not_a_live_feature""]",in_scope,[],normalized_catalog_record,,,,,,,,,,,,,2024-09-26T00:00:00Z,True,"00:00 UTC on the calendar day after the assigned incident_date; an assumed retrospective alignment, not verified public availability.","Frozen catalog reported_loss_usd; retrospective reported amount, not verified gross theft or loss known at activation.",False
inc_b75dcf53cc15d2eb,Bedrock / uniBTC,2024-09-26,day,2000000,2000000,2000000,defillama,retrospective_reported_amount; gross/net and valuation basis require source verification,Social Engineering,Malware; Contract Vulnerability,"[""Ethereum""]",DeFi Protocol,3,3,"[""defillama"", ""slowmist"", ""rekt""]","[""5fdf3cd060ab4aa8"", ""05f6670f2aae2f6c"", ""8405a9848de7ccb4""]","[""2024-09-25"", ""2024-09-26"", ""2024-09-27""]","[{""source"": ""defillama"", ""claim_id"": ""5fdf3cd060ab4aa8"", ""loss_usd"": 2000000, ""loss_basis"": ""source_amount_definition_not_fully_verified"", ""valuation_date"": null}, {""source"": ""slowmist"", ""claim_id"": ""05f6670f2aae2f6c"", ""loss_usd"": 2000000.0, ""loss_basis"": ""source_reported_loss_not_fully_verified"", ""valuation_date"": null}, {""source"": ""rekt"", ""claim_id"": ""8405a9848de7ccb4"", ""loss_usd"": 2000000, ""loss_basis"": ""leaderboard_amount_may_use_later_valuation"", ""valuation_date"": null}]","[""https://defillama.com/hacks"", ""https://hacked.slowmist.io/en/?c=&page=30"", ""https://rekt.news/leaderboard/""]","[""https://defillama.com/hacks"", ""https://x.com/Bedrock_DeFi/status/1839479965685100780"", ""https://rekt.news/bedrock-rekt"", ""https://x.com/Bedrock_DeFi/status/1839479965685100780"", ""https://rekt.news/bedrock-rekt""]",[],,,,,False,"[""source_date_disagreement"", ""exact_information_availability_unverified"", ""retrospective_loss_not_a_live_feature""]",in_scope,[],manually_adjudicated_fields,,,,,,,uniBTC is Bedrock’s affected token/product; same faulty mint-rate exploit and $2m loss.,,,,,,2024-09-27T00:00:00Z,False,"00:00 UTC on the calendar day after the assigned incident_date; an assumed retrospective alignment, not verified public availability.","Frozen catalog reported_loss_usd; retrospective reported amount, not verified gross theft or loss known at activation.",False
inc_91ef7dbd485af9d1,Onyx V2,2024-09-26,day,3800000,3800000,3800000,defillama,retrospective_reported_amount; gross/net and valuation basis require source verification,Protocol Logic,Liquidation Logic Flaw; Contract Vulnerability,"[""Ethereum""]",DeFi Protocol,2,2,"[""defillama"", ""slowmist""]","[""65954bc77562d06d"", ""6f10879971036399""]","[""2024-09-26""]","[{""source"": ""defillama"", ""claim_id"": ""65954bc77562d06d"", ""loss_usd"": 3800000, ""loss_basis"": ""source_amount_definition_not_fully_verified"", ""valuation_date"": null}, {""source"": ""slowmist"", ""claim_id"": ""6f10879971036399"", ""loss_usd"": 3800000.0, ""loss_basis"": ""source_reported_loss_not_fully_verified"", ""valuation_date"": null}]","[""https://defillama.com/hacks"", ""https://hacked.slowmist.io/en/?c=&page=30""]","[""https://defillama.com/hacks"", ""https://x.com/OnyxDAO/status/1839444120060023167""]",[],,,,,False,"[""exact_information_availability_unverified"", ""retrospective_loss_not_a_live_feature""]",in_scope,[],normalized_catalog_record,,,,,,,,,,,,,2024-09-27T00:00:00Z,False,"00:00 UTC on the calendar day after the assigned incident_date; an assumed retrospective alignment, not verified public availability.","Frozen catalog reported_loss_usd; retrospective reported amount, not verified gross theft or loss known at activation.",False
inc_6e642fee3e9ebefe,EigenLayer,2024-10-05,day,5700000,5700000,5700000,defillama,retrospective_reported_amount; gross/net and valuation basis require source verification,Social Engineering,Impersonation Scam; Social Engineering,"[""Ethereum""]",DeFi Protocol,2,2,"[""defillama"", ""slowmist""]","[""242ddd6af723ddf1"", ""6bd4773b498449cc""]","[""2024-10-05""]","[{""source"": ""defillama"", ""claim_id"": ""242ddd6af723ddf1"", ""loss_usd"": 5700000, ""loss_basis"": ""source_amount_definition_not_fully_verified"", ""valuation_date"": null}, {""source"": ""slowmist"", ""claim_id"": ""6bd4773b498449cc"", ""loss_usd"": 5700000.0, ""loss_basis"": ""source_reported_loss_not_fully_verified"", ""valuation_date"": null}]","[""https://defillama.com/hacks"", ""https://hacked.slowmist.io/en/?c=&page=30""]","[""https://defillama.com/hacks"", ""https://x.com/eigenlayer/status/1842317191045157099""]",[],,,,,False,"[""exact_information_availability_unverified"", ""retrospective_loss_not_a_live_feature""]",in_scope,[],normalized_catalog_record,,,,,,,,,,,,,2024-10-06T00:00:00Z,True,"00:00 UTC on the calendar day after the assigned incident_date; an assumed retrospective alignment, not verified public availability.","Frozen catalog reported_loss_usd; retrospective reported amount, not verified gross theft or loss known at activation.",False
inc_ecbe5667eed2eb81,Radiant Capital,2024-10-16,day,50000000,50000000,53000000,defillama,retrospective_reported_amount; gross/net and valuation basis require source verification,Social Engineering,Blind Signing; Malware Attack,"[""Arbitrum"", ""BSC""]",DeFi Protocol,3,3,"[""defillama"", ""slowmist"", ""rekt""]","[""bd39c6426d6b1f19"", ""4f386004488d62b1"", ""79909da75917be35""]","[""2024-10-16"", ""2024-10-17""]","[{""source"": ""defillama"", ""claim_id"": ""bd39c6426d6b1f19"", ""loss_usd"": 50000000, ""loss_basis"": ""source_amount_definition_not_fully_verified"", ""valuation_date"": null}, {""source"": ""slowmist"", ""claim_id"": ""4f386004488d62b1"", ""loss_usd"": 50000000.0, ""loss_basis"": ""source_reported_loss_not_fully_verified"", ""valuation_date"": null}, {""source"": ""rekt"", ""claim_id"": ""79909da75917be35"", ""loss_usd"": 53000000, ""loss_basis"": ""leaderboard_amount_may_use_later_valuation"", ""valuation_date"": null}]","[""https://defillama.com/hacks"", ""https://hacked.slowmist.io/en/?c=&page=29"", ""https://rekt.news/leaderboard/""]","[""https://defillama.com/hacks"", ""https://x.com/RDNTCapital/status/1846634050100039881"", ""https://rekt.news/radiant-capital-rekt2"", ""https://x.com/RDNTCapital/status/1846634050100039881"", ""https://rekt.news/radiant-capital-rekt2""]",[],,,,,False,"[""source_date_disagreement"", ""loss_estimates_differ_over_5pct"", ""exact_information_availability_unverified"", ""retrospective_loss_not_a_live_feature""]",in_scope,[],manually_adjudicated_fields,,,,,,,October Radiant V2 and Capital reports describe the same compromised multisig signer incident; keep separate from January.,,,,,,2024-10-17T00:00:00Z,True,"00:00 UTC on the calendar day after the assigned incident_date; an assumed retrospective alignment, not verified public availability.","Frozen catalog reported_loss_usd; retrospective reported amount, not verified gross theft or loss known at activation.",False
inc_45c1b545d928b424,Tapioca DAO,2024-10-18,day,4700000,4400000,4700000,defillama,retrospective_reported_amount; gross/net and valuation basis require source verification,Social Engineering,Impersonation Scam; Malware Attack,"[""Arbitrum""]",DeFi Protocol,3,3,"[""defillama"", ""slowmist"", ""rekt""]","[""0a60c4c08b4118c4"", ""21719cba82c14cdd"", ""364e2955d338eb05""]","[""2024-10-18""]","[{""source"": ""defillama"", ""claim_id"": ""0a60c4c08b4118c4"", ""loss_usd"": 4700000, ""loss_basis"": ""source_amount_definition_not_fully_verified"", ""valuation_date"": null}, {""source"": ""slowmist"", ""claim_id"": ""21719cba82c14cdd"", ""loss_usd"": 4700000.0, ""loss_basis"": ""source_reported_loss_not_fully_verified"", ""valuation_date"": null}, {""source"": ""rekt"", ""claim_id"": ""364e2955d338eb05"", ""loss_usd"": 4400000, ""loss_basis"": ""leaderboard_amount_may_use_later_valuation"", ""valuation_date"": null}]","[""https://defillama.com/hacks"", ""https://hacked.slowmist.io/en/?c=&page=29"", ""https://rekt.news/leaderboard/""]","[""https://defillama.com/hacks"", ""https://mirror.xyz/tapiocada0.eth/RVcRuKmJAavD05ObYsyYOHLDJ4gkEZKwyY_Y0Gx6gNc"", ""https://rekt.news/tapioca-dao-rekt""]",[],,,,,False,"[""loss_estimates_differ_over_5pct"", ""exact_information_availability_unverified"", ""retrospective_loss_not_a_live_feature""]",in_scope,[],normalized_catalog_record,,,,,,,,,,,,,2024-10-19T00:00:00Z,False,"00:00 UTC on the calendar day after the assigned incident_date; an assumed retrospective alignment, not verified public availability.","Frozen catalog reported_loss_usd; retrospective reported amount, not verified gross theft or loss known at activation.",False
inc_86a615ecaa348ea1,US Government Crypto Wallet,2024-10-24,day,20000000,20000000,20000000,defillama,retrospective_reported_amount; gross/net and valuation basis require source verification,Key Compromise,Private Key Compromised; Unknown,"[""Ethereum""]",Other,2,2,"[""defillama"", ""slowmist""]","[""5baf08e1bac16a13"", ""bd16b9f479704bb9""]","[""2024-10-24"", ""2024-10-25""]","[{""source"": ""defillama"", ""claim_id"": ""5baf08e1bac16a13"", ""loss_usd"": 20000000, ""loss_basis"": ""source_amount_definition_not_fully_verified"", ""valuation_date"": null}, {""source"": ""slowmist"", ""claim_id"": ""bd16b9f479704bb9"", ""loss_usd"": 20000000.0, ""loss_basis"": ""source_reported_loss_not_fully_verified"", ""valuation_date"": null}]","[""https://defillama.com/hacks"", ""https://hacked.slowmist.io/en/?c=&page=29""]","[""https://defillama.com/hacks"", ""https://x.com/MistTrack_io/status/1849663895545462919""]",[],,,,,False,"[""source_date_disagreement"", ""exact_information_availability_unverified"", ""retrospective_loss_not_a_live_feature""]",in_scope,[],normalized_catalog_record,,,,,,,,,,,,,2024-10-25T00:00:00Z,True,"00:00 UTC on the calendar day after the assigned incident_date; an assumed retrospective alignment, not verified public availability.","Frozen catalog reported_loss_usd; retrospective reported amount, not verified gross theft or loss known at activation.",False
inc_42d87a485f62e000,AARK (Aark Digital),2024-10-25,day,1900000,1900000,1900000,defillama,retrospective_reported_amount; gross/net and valuation basis require source verification,Token & Share Accounting,Decimal Miscalculation; Incorrect Balance Update,"[""Arbitrum""]",DeFi Protocol,2,2,"[""defillama"", ""slowmist""]","[""f8fff9a09c60cd99"", ""2814cecdbab3ee76""]","[""2024-10-25""]","[{""source"": ""defillama"", ""claim_id"": ""f8fff9a09c60cd99"", ""loss_usd"": 1900000, ""loss_basis"": ""source_amount_definition_not_fully_verified"", ""valuation_date"": null}, {""source"": ""slowmist"", ""claim_id"": ""2814cecdbab3ee76"", ""loss_usd"": 1900000.0, ""loss_basis"": ""source_reported_loss_not_fully_verified"", ""valuation_date"": null}]","[""https://defillama.com/hacks"", ""https://hacked.slowmist.io/en/?c=&page=29""]","[""https://defillama.com/hacks"", ""https://aarkdigital.medium.com/incident-of-october-25th-d074f32d6535""]",[],,,,,False,"[""exact_information_availability_unverified"", ""retrospective_loss_not_a_live_feature""]",in_scope,[],normalized_catalog_record,,,,,,,,,,,,,2024-10-26T00:00:00Z,False,"00:00 UTC on the calendar day after the assigned incident_date; an assumed retrospective alignment, not verified public availability.","Frozen catalog reported_loss_usd; retrospective reported amount, not verified gross theft or loss known at activation.",False
inc_817101dc74f62e8c,SUNRAY·FINANCE,2024-10-30,day,2855000,2855000,2855000,defillama,retrospective_reported_amount; gross/net and valuation basis require source verification,Key Compromise,Private Key Compromised; Private Key Leakage,"[""Arbitrum""]",DeFi Protocol,2,2,"[""defillama"", ""slowmist""]","[""0dd241aeb118e98c"", ""aa58afdb04055c2e""]","[""2024-10-30"", ""2024-10-31""]","[{""source"": ""defillama"", ""claim_id"": ""0dd241aeb118e98c"", ""loss_usd"": 2855000, ""loss_basis"": ""source_amount_definition_not_fully_verified"", ""valuation_date"": null}, {""source"": ""slowmist"", ""claim_id"": ""aa58afdb04055c2e"", ""loss_usd"": 2855000.0, ""loss_basis"": ""source_reported_loss_not_fully_verified"", ""valuation_date"": null}]","[""https://defillama.com/hacks"", ""https://hacked.slowmist.io/en/?c=&page=28""]","[""https://defillama.com/hacks"", ""https://www.panewslab.com/zh/sqarticledetails/9crsujac.html""]",[],,,,,False,"[""source_date_disagreement"", ""exact_information_availability_unverified"", ""retrospective_loss_not_a_live_feature""]",in_scope,[],normalized_catalog_record,,,,,,,,,,,,,2024-10-31T00:00:00Z,False,"00:00 UTC on the calendar day after the assigned incident_date; an assumed retrospective alignment, not verified public availability.","Frozen catalog reported_loss_usd; retrospective reported amount, not verified gross theft or loss known at activation.",False
inc_3fec34ab28380559,Shoebill Finance,2024-10-30,day,1520000,1520000,1520000,defillama,retrospective_reported_amount; gross/net and valuation basis require source verification,Oracle Manipulation,Oracle Misconfiguration,"[""BOB""]",DeFi Protocol,2,2,"[""defillama"", ""slowmist""]","[""b41c2a329a853278"", ""ef5cd8ff1992b7bf""]","[""2024-10-30""]","[{""source"": ""defillama"", ""claim_id"": ""b41c2a329a853278"", ""loss_usd"": 1520000, ""loss_basis"": ""source_amount_definition_not_fully_verified"", ""valuation_date"": null}, {""source"": ""slowmist"", ""claim_id"": ""ef5cd8ff1992b7bf"", ""loss_usd"": 1520000.0, ""loss_basis"": ""source_reported_loss_not_fully_verified"", ""valuation_date"": null}]","[""https://defillama.com/hacks"", ""https://hacked.slowmist.io/en/?c=&page=29""]","[""https://defillama.com/hacks"", ""https://medium.com/@shoebill.finance/shoebill-finance-incident-report-btc-market-on-bob-chain-8b5b487eed7c""]",[],,,,,False,"[""exact_information_availability_unverified"", ""retrospective_loss_not_a_live_feature""]",in_scope,[],normalized_catalog_record,,,,,,,,,,,,,2024-10-31T00:00:00Z,False,"00:00 UTC on the calendar day after the assigned incident_date; an assumed retrospective alignment, not verified public availability.","Frozen catalog reported_loss_usd; retrospective reported amount, not verified gross theft or loss known at activation.",False
inc_8d5f3401ff6b0292,M2 Exchange,2024-10-31,day,13700000,13700000,13700000,defillama,retrospective_reported_amount; gross/net and valuation basis require source verification,Key Compromise,Hot Wallet Key Compromised; Unknown,"[""Bitcoin"", ""Ethereum"", ""Solana""]",CEX,3,3,"[""defillama"", ""slowmist"", ""rekt""]","[""96a77c45c543066e"", ""40894026abd1f6cf"", ""b5a4f3fb0e0d21c8""]","[""2024-10-31""]","[{""source"": ""defillama"", ""claim_id"": ""96a77c45c543066e"", ""loss_usd"": 13700000, ""loss_basis"": ""source_amount_definition_not_fully_verified"", ""valuation_date"": null}, {""source"": ""slowmist"", ""claim_id"": ""40894026abd1f6cf"", ""loss_usd"": 13700000.0, ""loss_basis"": ""source_reported_loss_not_fully_verified"", ""valuation_date"": null}, {""source"": ""rekt"", ""claim_id"": ""b5a4f3fb0e0d21c8"", ""loss_usd"": 13700000, ""loss_basis"": ""leaderboard_amount_may_use_later_valuation"", ""valuation_date"": null}]","[""https://defillama.com/hacks"", ""https://hacked.slowmist.io/en/?c=&page=29"", ""https://rekt.news/leaderboard/""]","[""https://defillama.com/hacks"", ""https://www.odaily.news/newsflash/398576"", ""https://rekt.news/m2-exchange-rekt""]",[],,,,,False,"[""exact_information_availability_unverified"", ""retrospective_loss_not_a_live_feature""]",in_scope,"[""Merge reports of the same incident: M2, M2 Exchange. Dates, victim/product identity, attack context and amounts support one event. Preserve all source loss claims; do not sum reports."", ""Merge reports of the same incident: M2, M2 Exchange. Dates, victim/product identity, attack context and amounts support one event. Preserve all source loss claims; do not sum reports."", ""Merge reports of the same incident: M2, M2 Exchange. Dates, victim/product identity, attack context and amounts support one event. Preserve all source loss claims; do not sum reports.""]",normalized_catalog_record,,,,,,,,,,,,,2024-11-01T00:00:00Z,True,"00:00 UTC on the calendar day after the assigned incident_date; an assumed retrospective alignment, not verified public availability.","Frozen catalog reported_loss_usd; retrospective reported amount, not verified gross theft or loss known at activation.",False
inc_49b1c880b8c1832e,MetaWin,2024-11-04,day,4400000,4400000,4400000,defillama,retrospective_reported_amount; gross/net and valuation basis require source verification,Frontend & Infrastructure,Key Leaked via Infrastructure; Unknown,"[""Ethereum"", ""Solana""]",Gaming,2,2,"[""defillama"", ""slowmist""]","[""a63b935cdf6fed70"", ""54cbee822f293a24""]","[""2024-11-04""]","[{""source"": ""defillama"", ""claim_id"": ""a63b935cdf6fed70"", ""loss_usd"": 4400000, ""loss_basis"": ""source_amount_definition_not_fully_verified"", ""valuation_date"": null}, {""source"": ""slowmist"", ""claim_id"": ""54cbee822f293a24"", ""loss_usd"": 4400000.0, ""loss_basis"": ""source_reported_loss_not_fully_verified"", ""valuation_date"": null}]","[""https://defillama.com/hacks"", ""https://hacked.slowmist.io/en/?c=&page=28""]","[""https://defillama.com/hacks"", ""https://www.odaily.news/newsflash/398828""]",[],,,,,False,"[""exact_information_availability_unverified"", ""retrospective_loss_not_a_live_feature""]",in_scope,[],normalized_catalog_record,,,,,,,,,,,,,2024-11-05T00:00:00Z,False,"00:00 UTC on the calendar day after the assigned incident_date; an assumed retrospective alignment, not verified public availability.","Frozen catalog reported_loss_usd; retrospective reported amount, not verified gross theft or loss known at activation.",False
inc_63224b0134d60e0b,CoinPoker,2024-11-08,day,2000000,2000000,2000000,defillama,retrospective_reported_amount; gross/net and valuation basis require source verification,Key Compromise,Hot Wallet Key Compromised; Third-party Vulnerability,"[""Ethereum""]",Gaming,2,2,"[""defillama"", ""slowmist""]","[""192574f55f1705ef"", ""13d9d0f67cf9abce""]","[""2024-11-08""]","[{""source"": ""defillama"", ""claim_id"": ""192574f55f1705ef"", ""loss_usd"": 2000000, ""loss_basis"": ""source_amount_definition_not_fully_verified"", ""valuation_date"": null}, {""source"": ""slowmist"", ""claim_id"": ""13d9d0f67cf9abce"", ""loss_usd"": 2000000.0, ""loss_basis"": ""source_reported_loss_not_fully_verified"", ""valuation_date"": null}]","[""https://defillama.com/hacks"", ""https://hacked.slowmist.io/en/?c=&page=28""]","[""https://defillama.com/hacks"", ""https://www.web3isgoinggreat.com/?id=coinpoker-hack""]",[],,,,,False,"[""exact_information_availability_unverified"", ""retrospective_loss_not_a_live_feature""]",in_scope,[],normalized_catalog_record,,,,,,,,,,,,,2024-11-09T00:00:00Z,False,"00:00 UTC on the calendar day after the assigned incident_date; an assumed retrospective alignment, not verified public availability.","Frozen catalog reported_loss_usd; retrospective reported amount, not verified gross theft or loss known at activation.",False
inc_45a17207eb62621f,DeltaPrime,2024-11-11,day,4800000,4750000.0,4850000,defillama,retrospective_reported_amount; gross/net and valuation basis require source verification,Input Validation,Missing Input Validation; Contract Vulnerability,"[""Arbitrum"", ""Avalanche""]",DeFi Protocol,3,3,"[""defillama"", ""slowmist"", ""rekt""]","[""30c93b03ad1eacc0"", ""f5d79eb3ee6bc399"", ""8da79f6896d9adf0""]","[""2024-11-11""]","[{""source"": ""defillama"", ""claim_id"": ""30c93b03ad1eacc0"", ""loss_usd"": 4800000, ""loss_basis"": ""source_amount_definition_not_fully_verified"", ""valuation_date"": null}, {""source"": ""slowmist"", ""claim_id"": ""f5d79eb3ee6bc399"", ""loss_usd"": 4750000.0, ""loss_basis"": ""source_reported_loss_not_fully_verified"", ""valuation_date"": null}, {""source"": ""rekt"", ""claim_id"": ""8da79f6896d9adf0"", ""loss_usd"": 4850000, ""loss_basis"": ""leaderboard_amount_may_use_later_valuation"", ""valuation_date"": null}]","[""https://defillama.com/hacks"", ""https://hacked.slowmist.io/en/?c=&page=28"", ""https://rekt.news/leaderboard/""]","[""https://defillama.com/hacks"", ""https://x.com/SlowMist_Team/status/1855880812941738311"", ""https://rekt.news/deltaprime-rekt2""]",[],,,,,False,"[""exact_information_availability_unverified"", ""retrospective_loss_not_a_live_feature""]",in_scope,[],normalized_catalog_record,,,,,,,,,,,,,2024-11-12T00:00:00Z,False,"00:00 UTC on the calendar day after the assigned incident_date; an assumed retrospective alignment, not verified public availability.","Frozen catalog reported_loss_usd; retrospective reported amount, not verified gross theft or loss known at activation.",False
inc_e72d79392048dd56,ThalaSwap,2024-11-15,day,25500000,25500000,25500000,defillama,retrospective_reported_amount; gross/net and valuation basis require source verification,Input Validation,Missing Input Validation; Contract Vulnerability,"[""Aptos""]",DeFi Protocol,2,2,"[""defillama"", ""slowmist""]","[""111f42ca208df353"", ""0d01c175fd5dd53e""]","[""2024-11-15""]","[{""source"": ""defillama"", ""claim_id"": ""111f42ca208df353"", ""loss_usd"": 25500000, ""loss_basis"": ""source_amount_definition_not_fully_verified"", ""valuation_date"": null}, {""source"": ""slowmist"", ""claim_id"": ""0d01c175fd5dd53e"", ""loss_usd"": 25500000.0, ""loss_basis"": ""source_reported_loss_not_fully_verified"", ""valuation_date"": null}]","[""https://defillama.com/hacks"", ""https://hacked.slowmist.io/en/?c=&page=28""]","[""https://defillama.com/hacks"", ""https://x.com/thalalabs/status/1857703541089120541?s=46&t=bcMyidYO0QkS5ajIW9CBdg""]",[],,,,,False,"[""exact_information_availability_unverified"", ""retrospective_loss_not_a_live_feature""]",in_scope,[],normalized_catalog_record,,,,,,,,,,,,,2024-11-16T00:00:00Z,True,"00:00 UTC on the calendar day after the assigned incident_date; an assumed retrospective alignment, not verified public availability.","Frozen catalog reported_loss_usd; retrospective reported amount, not verified gross theft or loss known at activation.",False
inc_f2ee2b6a881f00c9,DEXX,2024-11-16,day,21000000,21000000,21000000,defillama,retrospective_reported_amount; gross/net and valuation basis require source verification,Key Compromise,Private Key Compromised; Private Key Leakage,"[""Solana""]",Wallet,2,2,"[""defillama"", ""slowmist""]","[""b1266dbc711e8452"", ""ee24f312138f2ac4""]","[""2024-11-16""]","[{""source"": ""defillama"", ""claim_id"": ""b1266dbc711e8452"", ""loss_usd"": 21000000, ""loss_basis"": ""source_amount_definition_not_fully_verified"", ""valuation_date"": null}, {""source"": ""slowmist"", ""claim_id"": ""ee24f312138f2ac4"", ""loss_usd"": 21000000.0, ""loss_basis"": ""source_reported_loss_not_fully_verified"", ""valuation_date"": null}]","[""https://defillama.com/hacks"", ""https://hacked.slowmist.io/en/?c=&page=28""]","[""https://defillama.com/hacks"", ""https://x.com/MistTrack_io/status/1858469058632724493""]",[],,,,,False,"[""exact_information_availability_unverified"", ""retrospective_loss_not_a_live_feature""]",in_scope,[],normalized_catalog_record,,,,,,,,,,,,,2024-11-17T00:00:00Z,True,"00:00 UTC on the calendar day after the assigned incident_date; an assumed retrospective alignment, not verified public availability.","Frozen catalog reported_loss_usd; retrospective reported amount, not verified gross theft or loss known at activation.",False
inc_f076d448187e4040,Polter Finance,2024-11-16,day,8700000,8700000,12000000.0,defillama,retrospective_reported_amount; gross/net and valuation basis require source verification,Oracle Manipulation,Spot Price Manipulation; Flash Loan Attack,"[""Fantom""]",DeFi Protocol,3,3,"[""defillama"", ""slowmist"", ""rekt""]","[""7010bfa625e85e6e"", ""6eef1c2c182d4137"", ""c95b93dcde804eb3""]","[""2024-11-16"", ""2024-11-17""]","[{""source"": ""defillama"", ""claim_id"": ""7010bfa625e85e6e"", ""loss_usd"": 8700000, ""loss_basis"": ""source_amount_definition_not_fully_verified"", ""valuation_date"": null}, {""source"": ""slowmist"", ""claim_id"": ""6eef1c2c182d4137"", ""loss_usd"": 12000000.0, ""loss_basis"": ""source_reported_loss_not_fully_verified"", ""valuation_date"": null}, {""source"": ""rekt"", ""claim_id"": ""c95b93dcde804eb3"", ""loss_usd"": 8700000, ""loss_basis"": ""leaderboard_amount_may_use_later_valuation"", ""valuation_date"": null}]","[""https://defillama.com/hacks"", ""https://hacked.slowmist.io/en/?c=&page=28"", ""https://rekt.news/leaderboard/""]","[""https://defillama.com/hacks"", ""https://x.com/polterfinance/status/1857971122043551898"", ""https://rekt.news/polter-finance-rekt""]",[],,,,,False,"[""source_date_disagreement"", ""loss_estimates_differ_over_5pct"", ""exact_information_availability_unverified"", ""retrospective_loss_not_a_live_feature""]",in_scope,[],normalized_catalog_record,,,,,,,,,,,,,2024-11-17T00:00:00Z,True,"00:00 UTC on the calendar day after the assigned incident_date; an assumed retrospective alignment, not verified public availability.","Frozen catalog reported_loss_usd; retrospective reported amount, not verified gross theft or loss known at activation.",False
inc_7308877956d67888,JRNY,2024-11-23,day,4000000.0,4000000.0,4000000.0,slowmist,retrospective_reported_amount; gross/net and valuation basis require source verification,,Private Key Leakage,[],,1,1,"[""slowmist""]","[""63ce05a26c7b5b2b""]","[""2024-11-23""]","[{""source"": ""slowmist"", ""claim_id"": ""63ce05a26c7b5b2b"", ""loss_usd"": 4000000.0, ""loss_basis"": ""source_reported_loss_not_fully_verified"", ""valuation_date"": null}]","[""https://hacked.slowmist.io/en/?c=&page=28""]","[""https://www.odaily.news/newsflash/402939""]",[],,,,,False,"[""single_catalog_source"", ""exact_information_availability_unverified"", ""retrospective_loss_not_a_live_feature""]",in_scope,[],normalized_catalog_record,,,,,,,,,,,,,2024-11-24T00:00:00Z,False,"00:00 UTC on the calendar day after the assigned incident_date; an assumed retrospective alignment, not verified public availability.","Frozen catalog reported_loss_usd; retrospective reported amount, not verified gross theft or loss known at activation.",False
inc_929849a06d2ce7a5,XT Exchange,2024-11-28,day,1700000,1700000,1700000,defillama,retrospective_reported_amount; gross/net and valuation basis require source verification,Key Compromise,Hot Wallet Key Compromised; Unknown,"[""Ethereum""]",CEX,2,2,"[""defillama"", ""slowmist""]","[""92c647e44ee2dcfa"", ""7c307e0be85db41e""]","[""2024-11-28""]","[{""source"": ""defillama"", ""claim_id"": ""92c647e44ee2dcfa"", ""loss_usd"": 1700000, ""loss_basis"": ""source_amount_definition_not_fully_verified"", ""valuation_date"": null}, {""source"": ""slowmist"", ""claim_id"": ""7c307e0be85db41e"", ""loss_usd"": 1700000.0, ""loss_basis"": ""source_reported_loss_not_fully_verified"", ""valuation_date"": null}]","[""https://defillama.com/hacks"", ""https://hacked.slowmist.io/en/?c=&page=27""]","[""https://defillama.com/hacks"", ""https://x.com/XTexchange/status/1862072439154569282""]",[],,,,,False,"[""exact_information_availability_unverified"", ""retrospective_loss_not_a_live_feature""]",in_scope,[],normalized_catalog_record,,,,,,,,,,,,,2024-11-29T00:00:00Z,False,"00:00 UTC on the calendar day after the assigned incident_date; an assumed retrospective alignment, not verified public availability.","Frozen catalog reported_loss_usd; retrospective reported amount, not verified gross theft or loss known at activation.",False
inc_29e9f2eb1099e2a2,GemPad,2024-12-17,day,1900000,1900000,2000000.0,defillama,retrospective_reported_amount; gross/net and valuation basis require source verification,Reentrancy,Reentrancy; Contract Vulnerability,"[""BSC"", ""Base"", ""Ethereum""]",DeFi Protocol,3,3,"[""defillama"", ""slowmist"", ""rekt""]","[""eef7eed043efae3f"", ""f5b715be311d5f1b"", ""263ab5a03973454a""]","[""2024-12-17""]","[{""source"": ""defillama"", ""claim_id"": ""eef7eed043efae3f"", ""loss_usd"": 1900000, ""loss_basis"": ""source_amount_definition_not_fully_verified"", ""valuation_date"": null}, {""source"": ""slowmist"", ""claim_id"": ""f5b715be311d5f1b"", ""loss_usd"": 2000000.0, ""loss_basis"": ""source_reported_loss_not_fully_verified"", ""valuation_date"": null}, {""source"": ""rekt"", ""claim_id"": ""263ab5a03973454a"", ""loss_usd"": 1900000, ""loss_basis"": ""leaderboard_amount_may_use_later_valuation"", ""valuation_date"": null}]","[""https://defillama.com/hacks"", ""https://hacked.slowmist.io/en/?c=&page=26"", ""https://rekt.news/leaderboard/""]","[""https://defillama.com/hacks"", ""https://medium.com/@thegempad/gempad-lockv2-exploit-20eb75930eb8"", ""https://rekt.news/gempad-rekt""]",[],,,,,False,"[""exact_information_availability_unverified"", ""retrospective_loss_not_a_live_feature""]",in_scope,[],normalized_catalog_record,,,,,,,,,,,,,2024-12-18T00:00:00Z,False,"00:00 UTC on the calendar day after the assigned incident_date; an assumed retrospective alignment, not verified public availability.","Frozen catalog reported_loss_usd; retrospective reported amount, not verified gross theft or loss known at activation.",False
inc_14d2fb767317b50d,Fegex,2024-12-29,day,1070000,1070000,1070000,defillama,retrospective_reported_amount; gross/net and valuation basis require source verification,Bridge & Cross-Chain,Cross-Chain Message Spoofing,"[""BSC"", ""Base"", ""Ethereum""]",DeFi Protocol,1,1,"[""defillama""]","[""b49a3ca29770cf7c""]","[""2024-12-29""]","[{""source"": ""defillama"", ""claim_id"": ""b49a3ca29770cf7c"", ""loss_usd"": 1070000, ""loss_basis"": ""source_amount_definition_not_fully_verified"", ""valuation_date"": null}]","[""https://defillama.com/hacks""]","[""https://defillama.com/hacks""]",[],,,,,False,"[""single_catalog_source"", ""no_incident_specific_reference"", ""exact_information_availability_unverified"", ""retrospective_loss_not_a_live_feature""]",in_scope,[],normalized_catalog_record,,,,,,,,,,,,,2024-12-30T00:00:00Z,False,"00:00 UTC on the calendar day after the assigned incident_date; an assumed retrospective alignment, not verified public availability.","Frozen catalog reported_loss_usd; retrospective reported amount, not verified gross theft or loss known at activation.",False
inc_ab6bb76e50a6f4a1,NoOnes,2025-01-01,day,7900000,7900000,7900000,defillama,retrospective_reported_amount; gross/net and valuation basis require source verification,Bridge & Cross-Chain,Cross-Chain Message Spoofing; Security Vulnerability,"[""Binance"", ""Ethereum"", ""Solana"", ""Tron""]",DeFi Protocol,2,2,"[""defillama"", ""slowmist""]","[""76b405b219eddb75"", ""a55a87e08052d165""]","[""2025-01-01""]","[{""source"": ""defillama"", ""claim_id"": ""76b405b219eddb75"", ""loss_usd"": 7900000, ""loss_basis"": ""source_amount_definition_not_fully_verified"", ""valuation_date"": null}, {""source"": ""slowmist"", ""claim_id"": ""a55a87e08052d165"", ""loss_usd"": 7900000.0, ""loss_basis"": ""source_reported_loss_not_fully_verified"", ""valuation_date"": null}]","[""https://defillama.com/hacks"", ""https://hacked.slowmist.io/en/?c=&page=26""]","[""https://defillama.com/hacks"", ""https://x.com/ray_noOnes/status/1882744360812306885""]",[],,,,,False,"[""exact_information_availability_unverified"", ""retrospective_loss_not_a_live_feature""]",in_scope,[],normalized_catalog_record,,,,,,,,,,,,,2025-01-02T00:00:00Z,True,"00:00 UTC on the calendar day after the assigned incident_date; an assumed retrospective alignment, not verified public availability.","Frozen catalog reported_loss_usd; retrospective reported amount, not verified gross theft or loss known at activation.",False
inc_c68ea6b0cc381b81,Phemex,2025-01-23,day,85000000,70000000.0,85000000,defillama,retrospective_reported_amount; gross/net and valuation basis require source verification,Key Compromise,Hot Wallet Key Compromised; Unknown,"[""Arbitrum"", ""Avalanche"", ""BSC"", ""Base"", ""Bitcoin"", ""Ethereum"", ""Optimism"", ""Polygon"", ""Solana"", ""Sui"", ""Tron"", ""XRP"", ""zkSync Era""]",CEX,3,3,"[""defillama"", ""slowmist"", ""rekt""]","[""2851715a598c4588"", ""aab609977b4a5cf2"", ""e3157c3e4829bd0d""]","[""2025-01-23""]","[{""source"": ""defillama"", ""claim_id"": ""2851715a598c4588"", ""loss_usd"": 85000000, ""loss_basis"": ""source_amount_definition_not_fully_verified"", ""valuation_date"": null}, {""source"": ""slowmist"", ""claim_id"": ""aab609977b4a5cf2"", ""loss_usd"": 70000000.0, ""loss_basis"": ""source_reported_loss_not_fully_verified"", ""valuation_date"": null}, {""source"": ""rekt"", ""claim_id"": ""e3157c3e4829bd0d"", ""loss_usd"": 73540297, ""loss_basis"": ""leaderboard_amount_may_use_later_valuation"", ""valuation_date"": null}]","[""https://defillama.com/hacks"", ""https://hacked.slowmist.io/en/?c=&page=24"", ""https://rekt.news/leaderboard/""]","[""https://defillama.com/hacks"", ""https://www.web3isgoinggreat.com/?id=phemex-hack"", ""https://rekt.news/phemex-rekt""]",[],,,,,False,"[""loss_estimates_differ_over_5pct"", ""exact_information_availability_unverified"", ""retrospective_loss_not_a_live_feature""]",in_scope,[],normalized_catalog_record,,,,,,,,,,,,,2025-01-24T00:00:00Z,True,"00:00 UTC on the calendar day after the assigned incident_date; an assumed retrospective alignment, not verified public availability.","Frozen catalog reported_loss_usd; retrospective reported amount, not verified gross theft or loss known at activation.",False
inc_7a3fc8071dff1215,AdsPower,2025-01-24,day,4700000.0,4700000.0,4700000.0,slowmist,retrospective_reported_amount; gross/net and valuation basis require source verification,,Supply Chain Attack,[],,1,1,"[""slowmist""]","[""4af7f5dbcdfa3699""]","[""2025-01-24""]","[{""source"": ""slowmist"", ""claim_id"": ""4af7f5dbcdfa3699"", ""loss_usd"": 4700000.0, ""loss_basis"": ""source_reported_loss_not_fully_verified"", ""valuation_date"": null}]","[""https://hacked.slowmist.io/en/?c=&page=24""]","[""https://x.com/adspowercn/status/1883698412840698270""]",[],,,,,False,"[""single_catalog_source"", ""exact_information_availability_unverified"", ""retrospective_loss_not_a_live_feature""]",in_scope,[],normalized_catalog_record,,,,,,,,,,,,,2025-01-25T00:00:00Z,False,"00:00 UTC on the calendar day after the assigned incident_date; an assumed retrospective alignment, not verified public availability.","Frozen catalog reported_loss_usd; retrospective reported amount, not verified gross theft or loss known at activation.",False
inc_ed1a2f0ba7345521,DogWifTools,2025-01-28,day,10000000,10000000,10000000,defillama,retrospective_reported_amount; gross/net and valuation basis require source verification,Frontend & Infrastructure,Key Stored Publicly,"[""Solana""]",Other,1,1,"[""defillama""]","[""3b5f85d1afa6e491""]","[""2025-01-28""]","[{""source"": ""defillama"", ""claim_id"": ""3b5f85d1afa6e491"", ""loss_usd"": 10000000, ""loss_basis"": ""source_amount_definition_not_fully_verified"", ""valuation_date"": null}]","[""https://defillama.com/hacks""]","[""https://defillama.com/hacks""]",[],,,,,False,"[""single_catalog_source"", ""no_incident_specific_reference"", ""exact_information_availability_unverified"", ""retrospective_loss_not_a_live_feature""]",in_scope,[],normalized_catalog_record,,,,,,,,,,,,,2025-01-29T00:00:00Z,True,"00:00 UTC on the calendar day after the assigned incident_date; an assumed retrospective alignment, not verified public availability.","Frozen catalog reported_loss_usd; retrospective reported amount, not verified gross theft or loss known at activation.",False
inc_1869733510c3c080,Sirio Finance,2025-02-01,day,2000000,2000000,2000000,defillama,retrospective_reported_amount; gross/net and valuation basis require source verification,Oracle Manipulation,Spot Price Manipulation,"[""Hedera""]",DeFi Protocol,1,1,"[""defillama""]","[""b908d69d5d8d7c24""]","[""2025-02-01""]","[{""source"": ""defillama"", ""claim_id"": ""b908d69d5d8d7c24"", ""loss_usd"": 2000000, ""loss_basis"": ""source_amount_definition_not_fully_verified"", ""valuation_date"": null}]","[""https://defillama.com/hacks""]","[""https://defillama.com/hacks""]",[],,,,,False,"[""single_catalog_source"", ""no_incident_specific_reference"", ""exact_information_availability_unverified"", ""retrospective_loss_not_a_live_feature""]",in_scope,[],normalized_catalog_record,,,,,,,,,,,,,2025-02-02T00:00:00Z,False,"00:00 UTC on the calendar day after the assigned incident_date; an assumed retrospective alignment, not verified public availability.","Frozen catalog reported_loss_usd; retrospective reported amount, not verified gross theft or loss known at activation.",False
inc_138c72b4cf8e728c,Ionic Protocol,2025-02-04,day,8600000,6943774,12300000.0,defillama,retrospective_reported_amount; gross/net and valuation basis require source verification,Social Engineering,Impersonation Scam; Social Engineering,"[""Mode""]",DeFi Protocol,3,3,"[""defillama"", ""slowmist"", ""rekt""]","[""41b119f9259e3f1a"", ""d332fdf3786c5868"", ""7eff3d2b32fef1ab""]","[""2025-02-04""]","[{""source"": ""defillama"", ""claim_id"": ""41b119f9259e3f1a"", ""loss_usd"": 8600000, ""loss_basis"": ""source_amount_definition_not_fully_verified"", ""valuation_date"": null}, {""source"": ""slowmist"", ""claim_id"": ""d332fdf3786c5868"", ""loss_usd"": 12300000.0, ""loss_basis"": ""source_reported_loss_not_fully_verified"", ""valuation_date"": null}, {""source"": ""rekt"", ""claim_id"": ""7eff3d2b32fef1ab"", ""loss_usd"": 6943774, ""loss_basis"": ""leaderboard_amount_may_use_later_valuation"", ""valuation_date"": null}]","[""https://defillama.com/hacks"", ""https://hacked.slowmist.io/en/?c=&page=24"", ""https://rekt.news/leaderboard/""]","[""https://defillama.com/hacks"", ""https://x.com/ionicmoney/status/1888820557887459513"", ""https://rekt.news/ionic-money-rekt""]",[],,,,,False,"[""loss_estimates_differ_over_5pct"", ""exact_information_availability_unverified"", ""retrospective_loss_not_a_live_feature""]",in_scope,[],normalized_catalog_record,,,,,,,,,,,,,2025-02-05T00:00:00Z,True,"00:00 UTC on the calendar day after the assigned incident_date; an assumed retrospective alignment, not verified public availability.","Frozen catalog reported_loss_usd; retrospective reported amount, not verified gross theft or loss known at activation.",False
inc_27aaf79739757ff5,zkLend,2025-02-11,day,9550000,9550000,9600000.0,defillama,retrospective_reported_amount; gross/net and valuation basis require source verification,Token & Share Accounting,First Depositor Attack; Contract Vulnerability,"[""Starknet""]",DeFi Protocol,3,3,"[""defillama"", ""slowmist"", ""rekt""]","[""90f7341688c328f9"", ""cbd313e44fd8db50"", ""aee7af5874cd31cf""]","[""2025-02-11"", ""2025-02-12""]","[{""source"": ""defillama"", ""claim_id"": ""90f7341688c328f9"", ""loss_usd"": 9550000, ""loss_basis"": ""source_amount_definition_not_fully_verified"", ""valuation_date"": null}, {""source"": ""slowmist"", ""claim_id"": ""cbd313e44fd8db50"", ""loss_usd"": 9600000.0, ""loss_basis"": ""source_reported_loss_not_fully_verified"", ""valuation_date"": null}, {""source"": ""rekt"", ""claim_id"": ""aee7af5874cd31cf"", ""loss_usd"": 9570000, ""loss_basis"": ""leaderboard_amount_may_use_later_valuation"", ""valuation_date"": null}]","[""https://defillama.com/hacks"", ""https://hacked.slowmist.io/en/?c=&page=24"", ""https://rekt.news/leaderboard/""]","[""https://defillama.com/hacks"", ""https://x.com/SlowMist_Team/status/1890351732313714882"", ""https://rekt.news/zklend-rekt""]",[],,,,,False,"[""source_date_disagreement"", ""exact_information_availability_unverified"", ""retrospective_loss_not_a_live_feature""]",in_scope,[],normalized_catalog_record,,,,,,,,,,,,,2025-02-12T00:00:00Z,True,"00:00 UTC on the calendar day after the assigned incident_date; an assumed retrospective alignment, not verified public availability.","Frozen catalog reported_loss_usd; retrospective reported amount, not verified gross theft or loss known at activation.",False
inc_4ea97c8f86d149be,Bybit,2025-02-21,day,1400000000,1400000000,1460000000.0,defillama,retrospective_reported_amount; gross/net and valuation basis require source verification,Social Engineering,Signer Phishing; Supply Chain Attack,"[""Ethereum""]",CEX,3,3,"[""defillama"", ""slowmist"", ""rekt""]","[""9a6880a212345910"", ""eafd27c4457d8779"", ""a25401e0549d6e91""]","[""2025-02-21""]","[{""source"": ""defillama"", ""claim_id"": ""9a6880a212345910"", ""loss_usd"": 1400000000, ""loss_basis"": ""source_amount_definition_not_fully_verified"", ""valuation_date"": null}, {""source"": ""slowmist"", ""claim_id"": ""eafd27c4457d8779"", ""loss_usd"": 1460000000.0, ""loss_basis"": ""source_reported_loss_not_fully_verified"", ""valuation_date"": null}, {""source"": ""rekt"", ""claim_id"": ""a25401e0549d6e91"", ""loss_usd"": 1436173027, ""loss_basis"": ""leaderboard_amount_may_use_later_valuation"", ""valuation_date"": null}]","[""https://defillama.com/hacks"", ""https://hacked.slowmist.io/en/?c=&page=23"", ""https://rekt.news/leaderboard/""]","[""https://defillama.com/hacks"", ""https://x.com/SlowMist_Team/status/1892963250385592345"", ""https://rekt.news/bybit-rekt""]",[],,,,,False,"[""exact_information_availability_unverified"", ""retrospective_loss_not_a_live_feature""]",in_scope,[],normalized_catalog_record,,,,,,,,,,,,,2025-02-22T00:00:00Z,True,"00:00 UTC on the calendar day after the assigned incident_date; an assumed retrospective alignment, not verified public availability.","Frozen catalog reported_loss_usd; retrospective reported amount, not verified gross theft or loss known at activation.",False
inc_acdfe4acf814892b,Infini,2025-02-24,day,49500000,49500000,50000000.0,defillama,retrospective_reported_amount; gross/net and valuation basis require source verification,Key Compromise,Private Key Compromised; Lack of Strict Access Control,"[""Ethereum""]",DeFi Protocol,2,2,"[""defillama"", ""slowmist""]","[""735712c4e20c6ad1"", ""8e313c3388747c84""]","[""2025-02-24""]","[{""source"": ""defillama"", ""claim_id"": ""735712c4e20c6ad1"", ""loss_usd"": 49500000, ""loss_basis"": ""source_amount_definition_not_fully_verified"", ""valuation_date"": null}, {""source"": ""slowmist"", ""claim_id"": ""8e313c3388747c84"", ""loss_usd"": 50000000.0, ""loss_basis"": ""source_reported_loss_not_fully_verified"", ""valuation_date"": null}]","[""https://defillama.com/hacks"", ""https://hacked.slowmist.io/en/?c=&page=23""]","[""https://defillama.com/hacks"", ""https://x.com/MistTrack_io/status/1893926049882239085""]",[],,,,,False,"[""exact_information_availability_unverified"", ""retrospective_loss_not_a_live_feature""]",in_scope,[],normalized_catalog_record,,,,,,,,,,,,,2025-02-25T00:00:00Z,True,"00:00 UTC on the calendar day after the assigned incident_date; an assumed retrospective alignment, not verified public availability.","Frozen catalog reported_loss_usd; retrospective reported amount, not verified gross theft or loss known at activation.",False
inc_a9c8c1ca7bd7be31,Suji Yan,2025-02-26,day,4000000.0,4000000.0,4000000.0,slowmist,retrospective_reported_amount; gross/net and valuation basis require source verification,,Unknown,[],,1,1,"[""slowmist""]","[""05428990e6211cb4""]","[""2025-02-26""]","[{""source"": ""slowmist"", ""claim_id"": ""05428990e6211cb4"", ""loss_usd"": 4000000.0, ""loss_basis"": ""source_reported_loss_not_fully_verified"", ""valuation_date"": null}]","[""https://hacked.slowmist.io/en/?c=&page=23""]","[""https://www.web3isgoinggreat.com/?id=suji-yan-wallet-hack""]",[],,,,,False,"[""single_catalog_source"", ""exact_information_availability_unverified"", ""retrospective_loss_not_a_live_feature""]",in_scope,[],normalized_catalog_record,,,,,,,,,,,,,2025-02-27T00:00:00Z,False,"00:00 UTC on the calendar day after the assigned incident_date; an assumed retrospective alignment, not verified public availability.","Frozen catalog reported_loss_usd; retrospective reported amount, not verified gross theft or loss known at activation.",False
inc_189e27deb517753a,Wemix,2025-02-28,day,6220000,6220000,6220000,defillama,retrospective_reported_amount; gross/net and valuation basis require source verification,Key Compromise,Private Key Compromised; Credential Compromise,"[""Wemix""]",DeFi Protocol,2,2,"[""defillama"", ""slowmist""]","[""d2410feb8b4c0188"", ""b5d44f6cdcc06ec7""]","[""2025-02-28""]","[{""source"": ""defillama"", ""claim_id"": ""d2410feb8b4c0188"", ""loss_usd"": 6220000, ""loss_basis"": ""source_amount_definition_not_fully_verified"", ""valuation_date"": null}, {""source"": ""slowmist"", ""claim_id"": ""b5d44f6cdcc06ec7"", ""loss_usd"": 6220000.0, ""loss_basis"": ""source_reported_loss_not_fully_verified"", ""valuation_date"": null}]","[""https://defillama.com/hacks"", ""https://hacked.slowmist.io/en/?c=&page=23""]","[""https://defillama.com/hacks"", ""https://www.odaily.news/newsflash/423515""]",[],,,,,False,"[""exact_information_availability_unverified"", ""retrospective_loss_not_a_live_feature""]",in_scope,[],normalized_catalog_record,,,,,,,,,,,,,2025-03-01T00:00:00Z,True,"00:00 UTC on the calendar day after the assigned incident_date; an assumed retrospective alignment, not verified public availability.","Frozen catalog reported_loss_usd; retrospective reported amount, not verified gross theft or loss known at activation.",False
inc_18cebb9d7fa68eab,1inch Swap,2025-03-07,day,5000000,5000000,5000000,defillama,retrospective_reported_amount; gross/net and valuation basis require source verification,Access Control,Arbitrary External Call; Contract Vulnerability,"[""Ethereum""]",DeFi Protocol,3,3,"[""defillama"", ""slowmist"", ""rekt""]","[""ab66fa9a2a371f83"", ""0ab7758a2c9d2549"", ""a4e62e2b561fd5a3""]","[""2025-03-05"", ""2025-03-07""]","[{""source"": ""defillama"", ""claim_id"": ""ab66fa9a2a371f83"", ""loss_usd"": 5000000, ""loss_basis"": ""source_amount_definition_not_fully_verified"", ""valuation_date"": null}, {""source"": ""slowmist"", ""claim_id"": ""0ab7758a2c9d2549"", ""loss_usd"": 5000000.0, ""loss_basis"": ""source_reported_loss_not_fully_verified"", ""valuation_date"": null}, {""source"": ""rekt"", ""claim_id"": ""a4e62e2b561fd5a3"", ""loss_usd"": 5000000, ""loss_basis"": ""leaderboard_amount_may_use_later_valuation"", ""valuation_date"": null}]","[""https://defillama.com/hacks"", ""https://hacked.slowmist.io/en/?c=&page=23"", ""https://rekt.news/leaderboard/""]","[""https://defillama.com/hacks"", ""https://blog.1inch.io/vulnerability-discovered-in-resolver-contract/"", ""https://rekt.news/1inch-rekt""]",[],,,,,False,"[""source_date_disagreement"", ""exact_information_availability_unverified"", ""retrospective_loss_not_a_live_feature""]",in_scope,[],normalized_catalog_record,,,,,,,,,,,,,2025-03-08T00:00:00Z,False,"00:00 UTC on the calendar day after the assigned incident_date; an assumed retrospective alignment, not verified public availability.","Frozen catalog reported_loss_usd; retrospective reported amount, not verified gross theft or loss known at activation.",False
inc_f14d28cb8aac65c8,Zoth / ZeUSD,2025-03-21,day,8850000,8290000.0,8850000,defillama,retrospective_reported_amount; gross/net and valuation basis require source verification,Key Compromise,Private Key Compromised; Private Key Leakage,"[""Ethereum""]",DeFi Protocol,3,3,"[""defillama"", ""slowmist"", ""rekt""]","[""4324d989d6fc7097"", ""f6b50500ddd8f367"", ""85a4ddafaa9d5f31""]","[""2025-03-21""]","[{""source"": ""defillama"", ""claim_id"": ""4324d989d6fc7097"", ""loss_usd"": 8850000, ""loss_basis"": ""source_amount_definition_not_fully_verified"", ""valuation_date"": null}, {""source"": ""slowmist"", ""claim_id"": ""f6b50500ddd8f367"", ""loss_usd"": 8290000.0, ""loss_basis"": ""source_reported_loss_not_fully_verified"", ""valuation_date"": null}, {""source"": ""rekt"", ""claim_id"": ""85a4ddafaa9d5f31"", ""loss_usd"": 8400000, ""loss_basis"": ""leaderboard_amount_may_use_later_valuation"", ""valuation_date"": null}]","[""https://defillama.com/hacks"", ""https://hacked.slowmist.io/en/?c=&page=23"", ""https://rekt.news/leaderboard/""]","[""https://defillama.com/hacks"", ""https://x.com/SlowMist_Team/status/1903020756830974217"", ""https://rekt.news/zoth-rekt"", ""https://x.com/SlowMist_Team/status/1903020756830974217"", ""https://rekt.news/zoth-rekt""]",[],,,,,False,"[""loss_estimates_differ_over_5pct"", ""exact_information_availability_unverified"", ""retrospective_loss_not_a_live_feature""]",in_scope,[],manually_adjudicated_fields,,,,,,,Zoth ZeUSD is the affected Zoth product; same administrator/upgrade compromise involving USD0++ assets.,,,,,,2025-03-22T00:00:00Z,True,"00:00 UTC on the calendar day after the assigned incident_date; an assumed retrospective alignment, not verified public availability.","Frozen catalog reported_loss_usd; retrospective reported amount, not verified gross theft or loss known at activation.",False
inc_efaeaae2a17ff4ec,Abracadabra Spell,2025-03-25,day,13000000,12913691,13000000,defillama,retrospective_reported_amount; gross/net and valuation basis require source verification,Protocol Logic,Liquidation Logic Flaw; Contract Vulnerability,"[""Arbitrum""]",DeFi Protocol,3,3,"[""defillama"", ""slowmist"", ""rekt""]","[""42b2abf7c73ec239"", ""31badcc0a790cd61"", ""888e4227bcc6c44c""]","[""2025-03-25""]","[{""source"": ""defillama"", ""claim_id"": ""42b2abf7c73ec239"", ""loss_usd"": 13000000, ""loss_basis"": ""source_amount_definition_not_fully_verified"", ""valuation_date"": null}, {""source"": ""slowmist"", ""claim_id"": ""31badcc0a790cd61"", ""loss_usd"": 13000000.0, ""loss_basis"": ""source_reported_loss_not_fully_verified"", ""valuation_date"": null}, {""source"": ""rekt"", ""claim_id"": ""888e4227bcc6c44c"", ""loss_usd"": 12913691, ""loss_basis"": ""leaderboard_amount_may_use_later_valuation"", ""valuation_date"": null}]","[""https://defillama.com/hacks"", ""https://hacked.slowmist.io/en/?c=&page=23"", ""https://rekt.news/leaderboard/""]","[""https://defillama.com/hacks"", ""https://www.web3isgoinggreat.com/?id=abracadabra-exploit-2"", ""https://rekt.news/abracadabra-rekt2""]",[],,,,,False,"[""exact_information_availability_unverified"", ""retrospective_loss_not_a_live_feature""]",in_scope,[],normalized_catalog_record,,,,,,,,,,,,,2025-03-26T00:00:00Z,True,"00:00 UTC on the calendar day after the assigned incident_date; an assumed retrospective alignment, not verified public availability.","Frozen catalog reported_loss_usd; retrospective reported amount, not verified gross theft or loss known at activation.",False
inc_58aa8ae57ce388cd,UPCX,2025-04-01,day,70000000,70000000,70000000,defillama,retrospective_reported_amount; gross/net and valuation basis require source verification,Access Control,Proxy Upgrade Hijack; Unknown,"[""Ethereum""]",DeFi Protocol,2,2,"[""defillama"", ""slowmist""]","[""bf2b8574bdbe9eee"", ""d951f8d66007ab9d""]","[""2025-04-01""]","[{""source"": ""defillama"", ""claim_id"": ""bf2b8574bdbe9eee"", ""loss_usd"": 70000000, ""loss_basis"": ""source_amount_definition_not_fully_verified"", ""valuation_date"": null}, {""source"": ""slowmist"", ""claim_id"": ""d951f8d66007ab9d"", ""loss_usd"": 70000000.0, ""loss_basis"": ""source_reported_loss_not_fully_verified"", ""valuation_date"": null}]","[""https://defillama.com/hacks"", ""https://hacked.slowmist.io/en/?c=&page=22""]","[""https://defillama.com/hacks"", ""https://x.com/Upcxofficial/status/1907024397497749647""]",[],,,,,False,"[""exact_information_availability_unverified"", ""retrospective_loss_not_a_live_feature""]",in_scope,[],normalized_catalog_record,,,,,,,,,,,,,2025-04-02T00:00:00Z,True,"00:00 UTC on the calendar day after the assigned incident_date; an assumed retrospective alignment, not verified public availability.","Frozen catalog reported_loss_usd; retrospective reported amount, not verified gross theft or loss known at activation.",False
inc_b78d87c51980940a,Zapper,2025-04-01,day,7900000.0,7900000.0,7900000.0,slowmist,retrospective_reported_amount; gross/net and valuation basis require source verification,Frontend & Infrastructure,DNS Hijack; Domain Hijacking,"[""Arbitrum"", ""Base"", ""Ethereum"", ""Optimism"", ""Polygon""]",DeFi Protocol,2,2,"[""defillama"", ""slowmist""]","[""400af45dcd43592c"", ""e8967df5b65488ef""]","[""2025-04-01""]","[{""source"": ""defillama"", ""claim_id"": ""400af45dcd43592c"", ""loss_usd"": null, ""loss_basis"": ""source_amount_definition_not_fully_verified"", ""valuation_date"": null}, {""source"": ""slowmist"", ""claim_id"": ""e8967df5b65488ef"", ""loss_usd"": 7900000.0, ""loss_basis"": ""source_reported_loss_not_fully_verified"", ""valuation_date"": null}]","[""https://defillama.com/hacks"", ""https://hacked.slowmist.io/en/?c=&page=22""]","[""https://defillama.com/hacks"", ""https://x.com/zapper_fi/status/1907089451223781877""]",[],,,,,False,"[""exact_information_availability_unverified"", ""retrospective_loss_not_a_live_feature""]",in_scope,[],normalized_catalog_record,,,,,,,,,,,,,2025-04-02T00:00:00Z,True,"00:00 UTC on the calendar day after the assigned incident_date; an assumed retrospective alignment, not verified public availability.","Frozen catalog reported_loss_usd; retrospective reported amount, not verified gross theft or loss known at activation.",False
inc_bcd910a113326b3e,KiloEx,2025-04-14,day,7500000,7491500,8440000.0,defillama,retrospective_reported_amount; gross/net and valuation basis require source verification,Oracle Manipulation,Spot Price Manipulation; Contract Vulnerability,"[""BSC"", ""Base"", ""Taiko""]",DeFi Protocol,3,3,"[""defillama"", ""slowmist"", ""rekt""]","[""074db9a990d5e2bc"", ""6f082db76e5a7054"", ""95b9bd41ed455421""]","[""2025-04-14"", ""2025-04-15""]","[{""source"": ""defillama"", ""claim_id"": ""074db9a990d5e2bc"", ""loss_usd"": 7500000, ""loss_basis"": ""source_amount_definition_not_fully_verified"", ""valuation_date"": null}, {""source"": ""slowmist"", ""claim_id"": ""6f082db76e5a7054"", ""loss_usd"": 8440000.0, ""loss_basis"": ""source_reported_loss_not_fully_verified"", ""valuation_date"": null}, {""source"": ""rekt"", ""claim_id"": ""95b9bd41ed455421"", ""loss_usd"": 7491500, ""loss_basis"": ""leaderboard_amount_may_use_later_valuation"", ""valuation_date"": null}]","[""https://defillama.com/hacks"", ""https://hacked.slowmist.io/en/?c=&page=22"", ""https://rekt.news/leaderboard/""]","[""https://defillama.com/hacks"", ""https://x.com/KiloEx_perp/status/1913168299292328115"", ""https://rekt.news/kiloex-rekt""]",[],,,,,False,"[""source_date_disagreement"", ""loss_estimates_differ_over_5pct"", ""exact_information_availability_unverified"", ""retrospective_loss_not_a_live_feature""]",in_scope,[],normalized_catalog_record,,,,,,,,,,,,,2025-04-15T00:00:00Z,True,"00:00 UTC on the calendar day after the assigned incident_date; an assumed retrospective alignment, not verified public availability.","Frozen catalog reported_loss_usd; retrospective reported amount, not verified gross theft or loss known at activation.",False
inc_11960193654803c9,ZKsync,2025-04-15,day,5000000,5000000,5000000,defillama,retrospective_reported_amount; gross/net and valuation basis require source verification,Key Compromise,Private Key Compromised; Private Key Leakage,"[""zkSync Era""]",Other,2,2,"[""defillama"", ""slowmist""]","[""de604b3fde86b765"", ""613fccb769d69a0f""]","[""2025-04-13"", ""2025-04-15""]","[{""source"": ""defillama"", ""claim_id"": ""de604b3fde86b765"", ""loss_usd"": 5000000, ""loss_basis"": ""source_amount_definition_not_fully_verified"", ""valuation_date"": null}, {""source"": ""slowmist"", ""claim_id"": ""613fccb769d69a0f"", ""loss_usd"": 5000000.0, ""loss_basis"": ""source_reported_loss_not_fully_verified"", ""valuation_date"": null}]","[""https://defillama.com/hacks"", ""https://hacked.slowmist.io/en/?c=&page=22""]","[""https://defillama.com/hacks"", ""https://zksync.mirror.xyz/W5vPDZqEqf2NuwQ5x7SyFnIxqqpE1szAFD69iaaBFnI""]",[],,,,,False,"[""source_date_disagreement"", ""exact_information_availability_unverified"", ""retrospective_loss_not_a_live_feature""]",in_scope,[],normalized_catalog_record,,,,,,,,,,,,,2025-04-16T00:00:00Z,False,"00:00 UTC on the calendar day after the assigned incident_date; an assumed retrospective alignment, not verified public availability.","Frozen catalog reported_loss_usd; retrospective reported amount, not verified gross theft or loss known at activation.",False
inc_b3a9481db4b4ea62,Bitget,2025-04-20,day,100000000,100000000,100000000,defillama,retrospective_reported_amount; gross/net and valuation basis require source verification,Market Manipulation,Market Maker Bot Exploited,[],CEX,1,1,"[""defillama""]","[""627e6c40dae056e9""]","[""2025-04-20""]","[{""source"": ""defillama"", ""claim_id"": ""627e6c40dae056e9"", ""loss_usd"": 100000000, ""loss_basis"": ""source_amount_definition_not_fully_verified"", ""valuation_date"": null}]","[""https://defillama.com/hacks""]","[""https://defillama.com/hacks""]",[],,,,,False,"[""single_catalog_source"", ""no_incident_specific_reference"", ""exact_information_availability_unverified"", ""retrospective_loss_not_a_live_feature""]",in_scope,[],normalized_catalog_record,,,,,,,,,,,,,2025-04-21T00:00:00Z,True,"00:00 UTC on the calendar day after the assigned incident_date; an assumed retrospective alignment, not verified public availability.","Frozen catalog reported_loss_usd; retrospective reported amount, not verified gross theft or loss known at activation.",False
inc_5c7775148fe6d374,Bitcoin Mission,2025-04-22,day,1300000,1300000,1300000,defillama,retrospective_reported_amount; gross/net and valuation basis require source verification,Access Control,Improper Access Control,"[""Arbitrum""]",DeFi Protocol,1,1,"[""defillama""]","[""caedd0308e994298""]","[""2025-04-22""]","[{""source"": ""defillama"", ""claim_id"": ""caedd0308e994298"", ""loss_usd"": 1300000, ""loss_basis"": ""source_amount_definition_not_fully_verified"", ""valuation_date"": null}]","[""https://defillama.com/hacks""]","[""https://defillama.com/hacks""]",[],,,,,False,"[""single_catalog_source"", ""no_incident_specific_reference"", ""exact_information_availability_unverified"", ""retrospective_loss_not_a_live_feature""]",in_scope,[],normalized_catalog_record,,,,,,,,,,,,,2025-04-23T00:00:00Z,False,"00:00 UTC on the calendar day after the assigned incident_date; an assumed retrospective alignment, not verified public availability.","Frozen catalog reported_loss_usd; retrospective reported amount, not verified gross theft or loss known at activation.",False
inc_dafe808bf4192f2f,Loopscale,2025-04-26,day,5800000,5800000,5800000,defillama,retrospective_reported_amount; gross/net and valuation basis require source verification,Oracle Manipulation,Spot Price Manipulation; Oracle Attack,"[""Solana""]",DeFi Protocol,3,3,"[""defillama"", ""slowmist"", ""rekt""]","[""44e9844e4bbcbeb2"", ""ce6b97dbf7c51938"", ""75c1488ead72f146""]","[""2025-04-26""]","[{""source"": ""defillama"", ""claim_id"": ""44e9844e4bbcbeb2"", ""loss_usd"": 5800000, ""loss_basis"": ""source_amount_definition_not_fully_verified"", ""valuation_date"": null}, {""source"": ""slowmist"", ""claim_id"": ""ce6b97dbf7c51938"", ""loss_usd"": 5800000.0, ""loss_basis"": ""source_reported_loss_not_fully_verified"", ""valuation_date"": null}, {""source"": ""rekt"", ""claim_id"": ""75c1488ead72f146"", ""loss_usd"": 5800000, ""loss_basis"": ""leaderboard_amount_may_use_later_valuation"", ""valuation_date"": null}]","[""https://defillama.com/hacks"", ""https://hacked.slowmist.io/en/?c=&page=22"", ""https://rekt.news/leaderboard/""]","[""https://defillama.com/hacks"", ""https://x.com/LoopscaleLabs/status/1916230435291713786"", ""https://rekt.news/loopscale-rekt""]",[],,,,,False,"[""exact_information_availability_unverified"", ""retrospective_loss_not_a_live_feature""]",in_scope,[],normalized_catalog_record,,,,,,,,,,,,,2025-04-27T00:00:00Z,True,"00:00 UTC on the calendar day after the assigned incident_date; an assumed retrospective alignment, not verified public availability.","Frozen catalog reported_loss_usd; retrospective reported amount, not verified gross theft or loss known at activation.",False
inc_0839d290365e8ced,BitoPro,2025-05-08,day,11500000,11500000,11500000,defillama,retrospective_reported_amount; gross/net and valuation basis require source verification,Frontend & Infrastructure,Key Leaked via Infrastructure; Malicious Software,"[""Ethereum"", ""Polygon"", ""Solana"", ""Tron""]",CEX,2,2,"[""defillama"", ""slowmist""]","[""478a7b84e0e0dc63"", ""b442c4cfbc2a2f5a""]","[""2025-05-08""]","[{""source"": ""defillama"", ""claim_id"": ""478a7b84e0e0dc63"", ""loss_usd"": 11500000, ""loss_basis"": ""source_amount_definition_not_fully_verified"", ""valuation_date"": null}, {""source"": ""slowmist"", ""claim_id"": ""b442c4cfbc2a2f5a"", ""loss_usd"": 11500000.0, ""loss_basis"": ""source_reported_loss_not_fully_verified"", ""valuation_date"": null}]","[""https://defillama.com/hacks"", ""https://hacked.slowmist.io/en/?c=&page=21""]","[""https://defillama.com/hacks"", ""https://x.com/zachxbt/status/1929417001296146868""]",[],,,,,False,"[""exact_information_availability_unverified"", ""retrospective_loss_not_a_live_feature""]",in_scope,[],normalized_catalog_record,,,,,,,,,,,,,2025-05-09T00:00:00Z,True,"00:00 UTC on the calendar day after the assigned incident_date; an assumed retrospective alignment, not verified public availability.","Frozen catalog reported_loss_usd; retrospective reported amount, not verified gross theft or loss known at activation.",False
inc_3d1b33d9559056f0,LND,2025-05-09,day,1180000,1180000,1180000,defillama,retrospective_reported_amount; gross/net and valuation basis require source verification,Access Control,Improper Access Control,"[""Hyperliquid L1"", ""Sonic""]",DeFi Protocol,1,1,"[""defillama""]","[""c488fdb7290b2cfc""]","[""2025-05-09""]","[{""source"": ""defillama"", ""claim_id"": ""c488fdb7290b2cfc"", ""loss_usd"": 1180000, ""loss_basis"": ""source_amount_definition_not_fully_verified"", ""valuation_date"": null}]","[""https://defillama.com/hacks""]","[""https://defillama.com/hacks""]",[],,,,,False,"[""single_catalog_source"", ""no_incident_specific_reference"", ""exact_information_availability_unverified"", ""retrospective_loss_not_a_live_feature""]",in_scope,[],normalized_catalog_record,,,,,,,,,,,,,2025-05-10T00:00:00Z,False,"00:00 UTC on the calendar day after the assigned incident_date; an assumed retrospective alignment, not verified public availability.","Frozen catalog reported_loss_usd; retrospective reported amount, not verified gross theft or loss known at activation.",False
inc_dddc6754c74a8560,Mobius Token,2025-05-11,day,2150000,2150000,2150000,defillama,retrospective_reported_amount; gross/net and valuation basis require source verification,Token & Share Accounting,Decimal Miscalculation; Contract Vulnerability,"[""BSC""]",DeFi Protocol,3,3,"[""defillama"", ""slowmist"", ""rekt""]","[""1193e77147058cc9"", ""a3e8629960ab5946"", ""dc5df5cefd79b97c""]","[""2025-05-11""]","[{""source"": ""defillama"", ""claim_id"": ""1193e77147058cc9"", ""loss_usd"": 2150000, ""loss_basis"": ""source_amount_definition_not_fully_verified"", ""valuation_date"": null}, {""source"": ""slowmist"", ""claim_id"": ""a3e8629960ab5946"", ""loss_usd"": 2150000.0, ""loss_basis"": ""source_reported_loss_not_fully_verified"", ""valuation_date"": null}, {""source"": ""rekt"", ""claim_id"": ""dc5df5cefd79b97c"", ""loss_usd"": 2150000, ""loss_basis"": ""leaderboard_amount_may_use_later_valuation"", ""valuation_date"": null}]","[""https://defillama.com/hacks"", ""https://hacked.slowmist.io/en/?c=&page=21"", ""https://rekt.news/leaderboard/""]","[""https://defillama.com/hacks"", ""https://x.com/MobiusDAO123/status/1921847836548735142"", ""https://rekt.news/mobiusdao-rekt""]",[],,,,,False,"[""exact_information_availability_unverified"", ""retrospective_loss_not_a_live_feature""]",in_scope,[],normalized_catalog_record,,,,,,,,,,,,,2025-05-12T00:00:00Z,False,"00:00 UTC on the calendar day after the assigned incident_date; an assumed retrospective alignment, not verified public availability.","Frozen catalog reported_loss_usd; retrospective reported amount, not verified gross theft or loss known at activation.",False
inc_2f73b6b4ed124fd6,Cetus CLMM,2025-05-22,day,223000000,223000000,230000000.0,defillama,retrospective_reported_amount; gross/net and valuation basis require source verification,Token & Share Accounting,Arithmetic Error; Contract Vulnerability,"[""Sui""]",DeFi Protocol,3,3,"[""defillama"", ""slowmist"", ""rekt""]","[""538945d6c3e11ad2"", ""3d6dc6010c96bfe8"", ""3b9bcbec8300eea1""]","[""2025-05-22""]","[{""source"": ""defillama"", ""claim_id"": ""538945d6c3e11ad2"", ""loss_usd"": 223000000, ""loss_basis"": ""source_amount_definition_not_fully_verified"", ""valuation_date"": null}, {""source"": ""slowmist"", ""claim_id"": ""3d6dc6010c96bfe8"", ""loss_usd"": 230000000.0, ""loss_basis"": ""source_reported_loss_not_fully_verified"", ""valuation_date"": null}, {""source"": ""rekt"", ""claim_id"": ""3b9bcbec8300eea1"", ""loss_usd"": 223000000, ""loss_basis"": ""leaderboard_amount_may_use_later_valuation"", ""valuation_date"": null}]","[""https://defillama.com/hacks"", ""https://hacked.slowmist.io/en/?c=&page=21"", ""https://rekt.news/leaderboard/""]","[""https://defillama.com/hacks"", ""https://x.com/CetusProtocol/status/1925515662346404024"", ""https://rekt.news/cetus-rekt""]",[],,,,,False,"[""exact_information_availability_unverified"", ""retrospective_loss_not_a_live_feature""]",in_scope,[],normalized_catalog_record,,,,,,,,,,,,,2025-05-23T00:00:00Z,True,"00:00 UTC on the calendar day after the assigned incident_date; an assumed retrospective alignment, not verified public availability.","Frozen catalog reported_loss_usd; retrospective reported amount, not verified gross theft or loss known at activation.",False
inc_01c5c8dc88024400,Cork V1,2025-05-28,day,12000000,12000000,12000000,defillama,retrospective_reported_amount; gross/net and valuation basis require source verification,Access Control,Improper Access Control; Contract Vulnerability,"[""Ethereum""]",DeFi Protocol,3,3,"[""defillama"", ""slowmist"", ""rekt""]","[""1d9dabf6a58fd065"", ""ad7354dbb6bd9fcc"", ""ad0012a3716f3af0""]","[""2025-05-28""]","[{""source"": ""defillama"", ""claim_id"": ""1d9dabf6a58fd065"", ""loss_usd"": 12000000, ""loss_basis"": ""source_amount_definition_not_fully_verified"", ""valuation_date"": null}, {""source"": ""slowmist"", ""claim_id"": ""ad7354dbb6bd9fcc"", ""loss_usd"": 12000000.0, ""loss_basis"": ""source_reported_loss_not_fully_verified"", ""valuation_date"": null}, {""source"": ""rekt"", ""claim_id"": ""ad0012a3716f3af0"", ""loss_usd"": 12000000, ""loss_basis"": ""leaderboard_amount_may_use_later_valuation"", ""valuation_date"": null}]","[""https://defillama.com/hacks"", ""https://hacked.slowmist.io/en/?c=&page=21"", ""https://rekt.news/leaderboard/""]","[""https://defillama.com/hacks"", ""https://x.com/SlowMist_Team/status/1928100756156194955"", ""https://rekt.news/cork-protocol-rekt""]",[],,,,,False,"[""exact_information_availability_unverified"", ""retrospective_loss_not_a_live_feature""]",in_scope,"[""Merge reports of the same incident: Cork Protocol, Cork V1. Dates, victim/product identity, attack context and amounts support one event. Preserve all source loss claims; do not sum reports."", ""Merge reports of the same incident: Cork Protocol, Cork V1. Dates, victim/product identity, attack context and amounts support one event. Preserve all source loss claims; do not sum reports."", ""Merge reports of the same incident: Cork Protocol, Cork V1. Dates, victim/product identity, attack context and amounts support one event. Preserve all source loss claims; do not sum reports.""]",normalized_catalog_record,,,,,,,,,,,,,2025-05-29T00:00:00Z,True,"00:00 UTC on the calendar day after the assigned incident_date; an assumed retrospective alignment, not verified public availability.","Frozen catalog reported_loss_usd; retrospective reported amount, not verified gross theft or loss known at activation.",False
inc_f3c2f5537e1e30d9,ForceBridge,2025-06-01,day,3900000,3700000.0,3900000,defillama,retrospective_reported_amount; gross/net and valuation basis require source verification,Access Control,Improper Access Control; Supply Chain Attack,"[""Nervos""]",DeFi Protocol,3,3,"[""defillama"", ""slowmist"", ""rekt""]","[""d73be1ed3e35005e"", ""f83cb404438c803b"", ""47fc41b28114cb3b""]","[""2025-06-01"", ""2025-06-06""]","[{""source"": ""defillama"", ""claim_id"": ""d73be1ed3e35005e"", ""loss_usd"": 3900000, ""loss_basis"": ""source_amount_definition_not_fully_verified"", ""valuation_date"": null}, {""source"": ""slowmist"", ""claim_id"": ""f83cb404438c803b"", ""loss_usd"": 3700000.0, ""loss_basis"": ""source_reported_loss_not_fully_verified"", ""valuation_date"": null}, {""source"": ""rekt"", ""claim_id"": ""47fc41b28114cb3b"", ""loss_usd"": 3760000, ""loss_basis"": ""leaderboard_amount_may_use_later_valuation"", ""valuation_date"": null}]","[""https://defillama.com/hacks"", ""https://hacked.slowmist.io/en/?c=&page=21"", ""https://rekt.news/leaderboard/""]","[""https://defillama.com/hacks"", ""https://talk.nervos.org/t/force-bridge-incident-root-cause-analysis-user-commitment/8801"", ""https://rekt.news/force-bridge-rekt"", ""https://talk.nervos.org/t/force-bridge-incident-root-cause-analysis-user-commitment/8801"", ""https://rekt.news/force-bridge-rekt""]",[],,,,,False,"[""source_date_disagreement"", ""loss_estimates_differ_over_5pct"", ""exact_information_availability_unverified"", ""retrospective_loss_not_a_live_feature""]",in_scope,[],manually_adjudicated_fields,,,,,,,Merged Force Bridge records with a five-day catalog date disagreement; June 1 is supported by SlowMist and Rekt. Exact public detection time remains unverified.,,,,,,2025-06-02T00:00:00Z,False,"00:00 UTC on the calendar day after the assigned incident_date; an assumed retrospective alignment, not verified public availability.","Frozen catalog reported_loss_usd; retrospective reported amount, not verified gross theft or loss known at activation.",False
inc_0b3a6a1ddf0e4a84,ALEX,2025-06-06,day,8373000,8370000.0,16180000,defillama,retrospective_reported_amount; gross/net and valuation basis require source verification,Access Control,Caller Impersonation; Contract Vulnerability,"[""Stacks""]",DeFi Protocol,3,3,"[""defillama"", ""slowmist"", ""rekt""]","[""e805de56fa5228d1"", ""8b061150aa5c084c"", ""61249e325b6d239e""]","[""2025-06-06""]","[{""source"": ""defillama"", ""claim_id"": ""e805de56fa5228d1"", ""loss_usd"": 8373000, ""loss_basis"": ""source_amount_definition_not_fully_verified"", ""valuation_date"": null}, {""source"": ""slowmist"", ""claim_id"": ""8b061150aa5c084c"", ""loss_usd"": 8370000.0, ""loss_basis"": ""source_reported_loss_not_fully_verified"", ""valuation_date"": null}, {""source"": ""rekt"", ""claim_id"": ""61249e325b6d239e"", ""loss_usd"": 16180000, ""loss_basis"": ""leaderboard_amount_may_use_later_valuation"", ""valuation_date"": null}]","[""https://defillama.com/hacks"", ""https://hacked.slowmist.io/en/?c=&page=21"", ""https://rekt.news/leaderboard/""]","[""https://defillama.com/hacks"", ""https://x.com/ALEXLabBTC/status/1931014419133169734"", ""https://rekt.news/alexlab-rekt2"", ""https://rekt.news/alexlab-rekt2"", ""https://x.com/ALEXLabBTC/status/1931014419133169734""]",[],,,,,False,"[""loss_estimates_differ_over_5pct"", ""exact_information_availability_unverified"", ""retrospective_loss_not_a_live_feature""]",in_scope,[],manually_adjudicated_fields,,,,,,,ALEX and ALEX Protocol report the same June 6 pool exploit; not the separate 2024 key compromise.,,,,,,2025-06-07T00:00:00Z,True,"00:00 UTC on the calendar day after the assigned incident_date; an assumed retrospective alignment, not verified public availability.","Frozen catalog reported_loss_usd; retrospective reported amount, not verified gross theft or loss known at activation.",False
inc_dce2123b3ed2ea70,Nobitex,2025-06-18,day,82000000,82000000,90000000.0,defillama,retrospective_reported_amount; gross/net and valuation basis require source verification,Social Engineering,Malware; Unknown,"[""Arbitrum"", ""Avalanche"", ""BSC"", ""Bitcoin"", ""Ethereum"", ""Polygon"", ""Tron""]",CEX,2,2,"[""defillama"", ""slowmist""]","[""a8d39f39ab6ffd64"", ""7a44f09551eb5f98""]","[""2025-06-18""]","[{""source"": ""defillama"", ""claim_id"": ""a8d39f39ab6ffd64"", ""loss_usd"": 82000000, ""loss_basis"": ""source_amount_definition_not_fully_verified"", ""valuation_date"": null}, {""source"": ""slowmist"", ""claim_id"": ""7a44f09551eb5f98"", ""loss_usd"": 90000000.0, ""loss_basis"": ""source_reported_loss_not_fully_verified"", ""valuation_date"": null}]","[""https://defillama.com/hacks"", ""https://hacked.slowmist.io/en/?c=&page=20""]","[""https://defillama.com/hacks"", ""https://x.com/SlowMist_Team/status/1935246606095593578""]",[],,,,,False,"[""loss_estimates_differ_over_5pct"", ""exact_information_availability_unverified"", ""retrospective_loss_not_a_live_feature""]",in_scope,[],normalized_catalog_record,,,,,,,,,,,,,2025-06-19T00:00:00Z,True,"00:00 UTC on the calendar day after the assigned incident_date; an assumed retrospective alignment, not verified public availability.","Frozen catalog reported_loss_usd; retrospective reported amount, not verified gross theft or loss known at activation.",False
inc_4a2444b73203925f,MEV Bot,2025-06-25,day,2000000.0,2000000.0,2000000.0,slowmist,retrospective_reported_amount; gross/net and valuation basis require source verification,,Contract Vulnerability,[],,1,1,"[""slowmist""]","[""f48efb5ca6a17378""]","[""2025-06-25""]","[{""source"": ""slowmist"", ""claim_id"": ""f48efb5ca6a17378"", ""loss_usd"": 2000000.0, ""loss_basis"": ""source_reported_loss_not_fully_verified"", ""valuation_date"": null}]","[""https://hacked.slowmist.io/en/?c=&page=20""]","[""https://bscscan.com/tx/0x7708aaedf3d408c47b04d62dac6edd2496637be9cb48852000662d22d2131f44""]",[],,,,,False,"[""single_catalog_source"", ""exact_information_availability_unverified"", ""retrospective_loss_not_a_live_feature""]",in_scope,[],normalized_catalog_record,,,,,,,,,,,,,2025-06-26T00:00:00Z,False,"00:00 UTC on the calendar day after the assigned incident_date; an assumed retrospective alignment, not verified public availability.","Frozen catalog reported_loss_usd; retrospective reported amount, not verified gross theft or loss known at activation.",False
inc_d6ef1248c3781db9,Resupply,2025-06-25,day,9600000,9500000.0,9800000,defillama,retrospective_reported_amount; gross/net and valuation basis require source verification,Token & Share Accounting,Donation Attack; Contract Vulnerability,"[""Ethereum""]",DeFi Protocol,3,3,"[""defillama"", ""slowmist"", ""rekt""]","[""dbcc50dccbb1b908"", ""9ab174d6c1273ed5"", ""848619bdfc5cdd71""]","[""2025-06-25"", ""2025-06-26""]","[{""source"": ""defillama"", ""claim_id"": ""dbcc50dccbb1b908"", ""loss_usd"": 9600000, ""loss_basis"": ""source_amount_definition_not_fully_verified"", ""valuation_date"": null}, {""source"": ""slowmist"", ""claim_id"": ""9ab174d6c1273ed5"", ""loss_usd"": 9500000.0, ""loss_basis"": ""source_reported_loss_not_fully_verified"", ""valuation_date"": null}, {""source"": ""rekt"", ""claim_id"": ""848619bdfc5cdd71"", ""loss_usd"": 9800000, ""loss_basis"": ""leaderboard_amount_may_use_later_valuation"", ""valuation_date"": null}]","[""https://defillama.com/hacks"", ""https://hacked.slowmist.io/en/?c=&page=20"", ""https://rekt.news/leaderboard/""]","[""https://defillama.com/hacks"", ""https://x.com/SlowMist_Team/status/1938073225503908072"", ""https://rekt.news/resupplyfi-rekt""]",[],,,,,False,"[""source_date_disagreement"", ""exact_information_availability_unverified"", ""retrospective_loss_not_a_live_feature""]",in_scope,[],normalized_catalog_record,,,,,,,,,,,,,2025-06-26T00:00:00Z,True,"00:00 UTC on the calendar day after the assigned incident_date; an assumed retrospective alignment, not verified public availability.","Frozen catalog reported_loss_usd; retrospective reported amount, not verified gross theft or loss known at activation.",False
inc_921b94c4283a2965,Future Protocol,2025-07-02,day,4600000,4600000,4600000,defillama,retrospective_reported_amount; gross/net and valuation basis require source verification,Token & Share Accounting,Incorrect Share Accounting,"[""BSC""]",DeFi Protocol,1,1,"[""defillama""]","[""beb5b8da6d7071f3""]","[""2025-07-02""]","[{""source"": ""defillama"", ""claim_id"": ""beb5b8da6d7071f3"", ""loss_usd"": 4600000, ""loss_basis"": ""source_amount_definition_not_fully_verified"", ""valuation_date"": null}]","[""https://defillama.com/hacks""]","[""https://defillama.com/hacks""]",[],,,,,False,"[""single_catalog_source"", ""no_incident_specific_reference"", ""exact_information_availability_unverified"", ""retrospective_loss_not_a_live_feature""]",in_scope,[],normalized_catalog_record,,,,,,,,,,,,,2025-07-03T00:00:00Z,False,"00:00 UTC on the calendar day after the assigned incident_date; an assumed retrospective alignment, not verified public availability.","Frozen catalog reported_loss_usd; retrospective reported amount, not verified gross theft or loss known at activation.",False
inc_1230a650d75bfcd7,GMX V1 Perps,2025-07-09,day,42000000,42000000,42000000,defillama,retrospective_reported_amount; gross/net and valuation basis require source verification,Reentrancy,Reentrancy; Contract Vulnerability,"[""Arbitrum""]",DeFi Protocol,3,3,"[""defillama"", ""slowmist"", ""rekt""]","[""f112fa151d365991"", ""a8898a4bd3e358af"", ""c6f025f2b728a8d5""]","[""2025-07-09""]","[{""source"": ""defillama"", ""claim_id"": ""f112fa151d365991"", ""loss_usd"": 42000000, ""loss_basis"": ""source_amount_definition_not_fully_verified"", ""valuation_date"": null}, {""source"": ""slowmist"", ""claim_id"": ""a8898a4bd3e358af"", ""loss_usd"": 42000000.0, ""loss_basis"": ""source_reported_loss_not_fully_verified"", ""valuation_date"": null}, {""source"": ""rekt"", ""claim_id"": ""c6f025f2b728a8d5"", ""loss_usd"": 42000000, ""loss_basis"": ""leaderboard_amount_may_use_later_valuation"", ""valuation_date"": null}]","[""https://defillama.com/hacks"", ""https://hacked.slowmist.io/en/?c=&page=20"", ""https://rekt.news/leaderboard/""]","[""https://defillama.com/hacks"", ""https://x.com/SlowMist_Team/status/1942949653231841352"", ""https://rekt.news/gmx-rekt""]",[],,,,,False,"[""exact_information_availability_unverified"", ""retrospective_loss_not_a_live_feature""]",in_scope,"[""Merge reports of the same incident: GMX, GMX V1 Perps. Dates, victim/product identity, attack context and amounts support one event. Preserve all source loss claims; do not sum reports."", ""Merge reports of the same incident: GMX, GMX V1 Perps. Dates, victim/product identity, attack context and amounts support one event. Preserve all source loss claims; do not sum reports."", ""Merge reports of the same incident: GMX, GMX V1 Perps. Dates, victim/product identity, attack context and amounts support one event. Preserve all source loss claims; do not sum reports.""]",normalized_catalog_record,,,,,,,,,,,,,2025-07-10T00:00:00Z,True,"00:00 UTC on the calendar day after the assigned incident_date; an assumed retrospective alignment, not verified public availability.","Frozen catalog reported_loss_usd; retrospective reported amount, not verified gross theft or loss known at activation.",False
inc_3b6820f76a2c7f53,Texture,2025-07-09,day,2200000,2200000,2200000,defillama,retrospective_reported_amount; gross/net and valuation basis require source verification,Access Control,Improper Access Control; Contract Vulnerability,"[""Solana""]",DeFi Protocol,2,2,"[""defillama"", ""slowmist""]","[""4a1750f4792429af"", ""b544315b3a943cc9""]","[""2025-07-09""]","[{""source"": ""defillama"", ""claim_id"": ""4a1750f4792429af"", ""loss_usd"": 2200000, ""loss_basis"": ""source_amount_definition_not_fully_verified"", ""valuation_date"": null}, {""source"": ""slowmist"", ""claim_id"": ""b544315b3a943cc9"", ""loss_usd"": 2200000.0, ""loss_basis"": ""source_reported_loss_not_fully_verified"", ""valuation_date"": null}]","[""https://defillama.com/hacks"", ""https://hacked.slowmist.io/en/?c=&page=20""]","[""https://defillama.com/hacks"", ""https://x.com/texture_fi/status/1942972150631002245""]",[],,,,,False,"[""exact_information_availability_unverified"", ""retrospective_loss_not_a_live_feature""]",in_scope,[],normalized_catalog_record,,,,,,,,,,,,,2025-07-10T00:00:00Z,False,"00:00 UTC on the calendar day after the assigned incident_date; an assumed retrospective alignment, not verified public availability.","Frozen catalog reported_loss_usd; retrospective reported amount, not verified gross theft or loss known at activation.",False
inc_e7e3d18a996ea122,ZKSwap,2025-07-09,day,5000000,5000000,5000000,defillama,retrospective_reported_amount; gross/net and valuation basis require source verification,Bridge & Cross-Chain,Forged Proof; Contract Vulnerability,"[""Ethereum""]",DeFi Protocol,2,2,"[""defillama"", ""slowmist""]","[""7c6c23ae8ba12657"", ""c29aa141ded88e7b""]","[""2025-07-09""]","[{""source"": ""defillama"", ""claim_id"": ""7c6c23ae8ba12657"", ""loss_usd"": 5000000, ""loss_basis"": ""source_amount_definition_not_fully_verified"", ""valuation_date"": null}, {""source"": ""slowmist"", ""claim_id"": ""c29aa141ded88e7b"", ""loss_usd"": 5000000.0, ""loss_basis"": ""source_reported_loss_not_fully_verified"", ""valuation_date"": null}]","[""https://defillama.com/hacks"", ""https://hacked.slowmist.io/en/?c=&page=20""]","[""https://defillama.com/hacks"", ""https://blockaid.io/blog/how-zkswaps-5m-exploit-couldve-been-prevented-with-onchain-monitoring""]",[],,,,,False,"[""exact_information_availability_unverified"", ""retrospective_loss_not_a_live_feature""]",in_scope,[],normalized_catalog_record,,,,,,,,,,,,,2025-07-10T00:00:00Z,False,"00:00 UTC on the calendar day after the assigned incident_date; an assumed retrospective alignment, not verified public availability.","Frozen catalog reported_loss_usd; retrospective reported amount, not verified gross theft or loss known at activation.",False
inc_8e81cb27cb396398,Kinto Bridge,2025-07-10,day,1550000,1550000,1550000,defillama,retrospective_reported_amount; gross/net and valuation basis require source verification,Access Control,Uninitialized Proxy; Contract Vulnerability,"[""Arbitrum""]",DeFi Protocol,2,2,"[""defillama"", ""slowmist""]","[""4d98e05073dc75cb"", ""b876759b416a5c75""]","[""2025-07-10""]","[{""source"": ""defillama"", ""claim_id"": ""4d98e05073dc75cb"", ""loss_usd"": 1550000, ""loss_basis"": ""source_amount_definition_not_fully_verified"", ""valuation_date"": null}, {""source"": ""slowmist"", ""claim_id"": ""b876759b416a5c75"", ""loss_usd"": 1550000.0, ""loss_basis"": ""source_reported_loss_not_fully_verified"", ""valuation_date"": null}]","[""https://defillama.com/hacks"", ""https://hacked.slowmist.io/en/?c=&page=20""]","[""https://defillama.com/hacks"", ""https://x.com/ramonrecuero/status/1943426114468352006""]",[],,,,,False,"[""exact_information_availability_unverified"", ""retrospective_loss_not_a_live_feature""]",in_scope,[],normalized_catalog_record,,,,,,,,,,,,,2025-07-11T00:00:00Z,False,"00:00 UTC on the calendar day after the assigned incident_date; an assumed retrospective alignment, not verified public availability.","Frozen catalog reported_loss_usd; retrospective reported amount, not verified gross theft or loss known at activation.",False
inc_0948a7929fb4de3c,Pundi AI,2025-07-12,day,6570000.0,6570000.0,6570000.0,slowmist,retrospective_reported_amount; gross/net and valuation basis require source verification,,Contract Vulnerability,[],,1,1,"[""slowmist""]","[""8f00cceda84755ff""]","[""2025-07-12""]","[{""source"": ""slowmist"", ""claim_id"": ""8f00cceda84755ff"", ""loss_usd"": 6570000.0, ""loss_basis"": ""source_reported_loss_not_fully_verified"", ""valuation_date"": null}]","[""https://hacked.slowmist.io/en/?c=&page=20""]","[""https://forum.pundi.ai/t/fx-pundiai-swap-bug-and-response-not-pundix/6520/2""]",[],,,,,False,"[""single_catalog_source"", ""exact_information_availability_unverified"", ""retrospective_loss_not_a_live_feature""]",in_scope,[],normalized_catalog_record,,,,,,,,,,,,,2025-07-13T00:00:00Z,True,"00:00 UTC on the calendar day after the assigned incident_date; an assumed retrospective alignment, not verified public availability.","Frozen catalog reported_loss_usd; retrospective reported amount, not verified gross theft or loss known at activation.",False
inc_39afa2b9c73ef4b8,Arcadia V2,2025-07-15,day,2500000,2500000,3600000.0,defillama,retrospective_reported_amount; gross/net and valuation basis require source verification,Reentrancy,Reentrancy; Contract Vulnerability,"[""Base""]",DeFi Protocol,3,3,"[""defillama"", ""slowmist"", ""rekt""]","[""aa0e8babf460340d"", ""35c611bb1ef9233a"", ""af294849238e8ab5""]","[""2025-07-15""]","[{""source"": ""defillama"", ""claim_id"": ""aa0e8babf460340d"", ""loss_usd"": 2500000, ""loss_basis"": ""source_amount_definition_not_fully_verified"", ""valuation_date"": null}, {""source"": ""slowmist"", ""claim_id"": ""35c611bb1ef9233a"", ""loss_usd"": 3600000.0, ""loss_basis"": ""source_reported_loss_not_fully_verified"", ""valuation_date"": null}, {""source"": ""rekt"", ""claim_id"": ""af294849238e8ab5"", ""loss_usd"": 3600000, ""loss_basis"": ""leaderboard_amount_may_use_later_valuation"", ""valuation_date"": null}]","[""https://defillama.com/hacks"", ""https://hacked.slowmist.io/en/?c=&page=20"", ""https://rekt.news/leaderboard/""]","[""https://defillama.com/hacks"", ""https://arcadiafinance.notion.site/Arcadia-Post-Mortem-14-07-2025-23104482afa780fdb291cd3f41b7fc99"", ""https://rekt.news/arcadiafi-rekt""]",[],,,,,False,"[""loss_estimates_differ_over_5pct"", ""exact_information_availability_unverified"", ""retrospective_loss_not_a_live_feature""]",in_scope,[],normalized_catalog_record,,,,,,,,,,,,,2025-07-16T00:00:00Z,False,"00:00 UTC on the calendar day after the assigned incident_date; an assumed retrospective alignment, not verified public availability.","Frozen catalog reported_loss_usd; retrospective reported amount, not verified gross theft or loss known at activation.",False
inc_d669c4e8e350076d,BigONE,2025-07-16,day,27000000,27000000,27000000,defillama,retrospective_reported_amount; gross/net and valuation basis require source verification,Frontend & Infrastructure,Supply Chain Attack,"[""BSC"", ""Bitcoin"", ""Ethereum"", ""Solana"", ""TRON""]",CEX,3,3,"[""defillama"", ""slowmist"", ""rekt""]","[""2a280f445ad420c0"", ""c3596449a85ff051"", ""910b52cb31fa64cd""]","[""2025-07-15"", ""2025-07-16""]","[{""source"": ""defillama"", ""claim_id"": ""2a280f445ad420c0"", ""loss_usd"": 27000000, ""loss_basis"": ""source_amount_definition_not_fully_verified"", ""valuation_date"": null}, {""source"": ""slowmist"", ""claim_id"": ""c3596449a85ff051"", ""loss_usd"": 27000000.0, ""loss_basis"": ""source_reported_loss_not_fully_verified"", ""valuation_date"": null}, {""source"": ""rekt"", ""claim_id"": ""910b52cb31fa64cd"", ""loss_usd"": 27000000, ""loss_basis"": ""leaderboard_amount_may_use_later_valuation"", ""valuation_date"": null}]","[""https://defillama.com/hacks"", ""https://hacked.slowmist.io/en/?c=&page=20"", ""https://rekt.news/leaderboard/""]","[""https://defillama.com/hacks"", ""https://x.com/SlowMist_Team/status/1945346830222680330"", ""https://rekt.news/bigone-rekt""]",[],,,,,False,"[""source_date_disagreement"", ""exact_information_availability_unverified"", ""retrospective_loss_not_a_live_feature""]",in_scope,[],normalized_catalog_record,,,,,,,,,,,,,2025-07-17T00:00:00Z,True,"00:00 UTC on the calendar day after the assigned incident_date; an assumed retrospective alignment, not verified public availability.","Frozen catalog reported_loss_usd; retrospective reported amount, not verified gross theft or loss known at activation.",False
inc_d7b06aef9c11c270,CoinDCX,2025-07-19,day,44200000,44200000,44300000,defillama,retrospective_reported_amount; gross/net and valuation basis require source verification,Key Compromise,Hot Wallet Key Compromised; Security Vulnerability,[],CEX,3,3,"[""defillama"", ""slowmist"", ""rekt""]","[""95d69e9e1726e5ba"", ""06586b208a62c6a4"", ""6bef2b673d934329""]","[""2025-07-18"", ""2025-07-19""]","[{""source"": ""defillama"", ""claim_id"": ""95d69e9e1726e5ba"", ""loss_usd"": 44200000, ""loss_basis"": ""source_amount_definition_not_fully_verified"", ""valuation_date"": null}, {""source"": ""slowmist"", ""claim_id"": ""06586b208a62c6a4"", ""loss_usd"": 44200000.0, ""loss_basis"": ""source_reported_loss_not_fully_verified"", ""valuation_date"": null}, {""source"": ""rekt"", ""claim_id"": ""6bef2b673d934329"", ""loss_usd"": 44300000, ""loss_basis"": ""leaderboard_amount_may_use_later_valuation"", ""valuation_date"": null}]","[""https://defillama.com/hacks"", ""https://hacked.slowmist.io/en/?c=&page=19"", ""https://rekt.news/leaderboard/""]","[""https://defillama.com/hacks"", ""https://x.com/CoinDCX/status/1947625144379445682"", ""https://rekt.news/coindcx-rekt""]",[],,,,,False,"[""source_date_disagreement"", ""exact_information_availability_unverified"", ""retrospective_loss_not_a_live_feature""]",in_scope,[],normalized_catalog_record,,,,,,,,,,,,,2025-07-20T00:00:00Z,True,"00:00 UTC on the calendar day after the assigned incident_date; an assumed retrospective alignment, not verified public availability.","Frozen catalog reported_loss_usd; retrospective reported amount, not verified gross theft or loss known at activation.",False
inc_fbcacfee0eb8c87c,WOO X,2025-07-24,day,14000000,14000000,14000000,defillama,retrospective_reported_amount; gross/net and valuation basis require source verification,Social Engineering,Phishing; Phishing Attack,"[""Arbitrum"", ""BSC"", ""Bitcoin"", ""Ethereum""]",CEX,3,3,"[""defillama"", ""slowmist"", ""rekt""]","[""3089088b644a0d9c"", ""adf4877a23af44b9"", ""0747db1223d4d754""]","[""2025-07-24""]","[{""source"": ""defillama"", ""claim_id"": ""3089088b644a0d9c"", ""loss_usd"": 14000000, ""loss_basis"": ""source_amount_definition_not_fully_verified"", ""valuation_date"": null}, {""source"": ""slowmist"", ""claim_id"": ""adf4877a23af44b9"", ""loss_usd"": 14000000.0, ""loss_basis"": ""source_reported_loss_not_fully_verified"", ""valuation_date"": null}, {""source"": ""rekt"", ""claim_id"": ""0747db1223d4d754"", ""loss_usd"": 14000000, ""loss_basis"": ""leaderboard_amount_may_use_later_valuation"", ""valuation_date"": null}]","[""https://defillama.com/hacks"", ""https://hacked.slowmist.io/en/?c=&page=19"", ""https://rekt.news/leaderboard/""]","[""https://defillama.com/hacks"", ""https://x.com/_WOO_X/status/1948573397178339577"", ""https://rekt.news/woox-rekt""]",[],,,,,False,"[""exact_information_availability_unverified"", ""retrospective_loss_not_a_live_feature""]",in_scope,[],normalized_catalog_record,,,,,,,,,,,,,2025-07-25T00:00:00Z,True,"00:00 UTC on the calendar day after the assigned incident_date; an assumed retrospective alignment, not verified public availability.","Frozen catalog reported_loss_usd; retrospective reported amount, not verified gross theft or loss known at activation.",False
inc_e160dc3e68f3afd5,Odin.Fun,2025-08-12,day,7000000,7000000,7000000,defillama,retrospective_reported_amount; gross/net and valuation basis require source verification,Oracle Manipulation,Spot Price Manipulation; Price Manipulation,"[""ICP""]",DeFi Protocol,3,3,"[""defillama"", ""slowmist"", ""rekt""]","[""9a040ef9902cbd20"", ""30738cb4b105319b"", ""f794237f59bc4401""]","[""2025-08-12""]","[{""source"": ""defillama"", ""claim_id"": ""9a040ef9902cbd20"", ""loss_usd"": 7000000, ""loss_basis"": ""source_amount_definition_not_fully_verified"", ""valuation_date"": null}, {""source"": ""slowmist"", ""claim_id"": ""30738cb4b105319b"", ""loss_usd"": 7000000.0, ""loss_basis"": ""source_reported_loss_not_fully_verified"", ""valuation_date"": null}, {""source"": ""rekt"", ""claim_id"": ""f794237f59bc4401"", ""loss_usd"": 7000000, ""loss_basis"": ""leaderboard_amount_may_use_later_valuation"", ""valuation_date"": null}]","[""https://defillama.com/hacks"", ""https://hacked.slowmist.io/en/?c=&page=19"", ""https://rekt.news/leaderboard/""]","[""https://defillama.com/hacks"", ""https://x.com/BobBodily/status/1955477887701881007"", ""https://rekt.news/odin-fun-rekt""]",[],,,,,False,"[""exact_information_availability_unverified"", ""retrospective_loss_not_a_live_feature""]",in_scope,[],normalized_catalog_record,,,,,,,,,,,,,2025-08-13T00:00:00Z,True,"00:00 UTC on the calendar day after the assigned incident_date; an assumed retrospective alignment, not verified public availability.","Frozen catalog reported_loss_usd; retrospective reported amount, not verified gross theft or loss known at activation.",False
inc_884de0564d6980ad,BtcTurk,2025-08-14,day,48000000,48000000,54000000.0,defillama,retrospective_reported_amount; gross/net and valuation basis require source verification,Key Compromise,Hot Wallet Key Compromised; Unknown,"[""Arbitrum"", ""Avalanche"", ""Base"", ""Ethereum"", ""Mantle"", ""Optimism"", ""Polygon""]",CEX,3,3,"[""defillama"", ""slowmist"", ""rekt""]","[""670270c6f49a212a"", ""e5bebd4f840cb085"", ""df40351ce9607f02""]","[""2025-08-14""]","[{""source"": ""defillama"", ""claim_id"": ""670270c6f49a212a"", ""loss_usd"": 48000000, ""loss_basis"": ""source_amount_definition_not_fully_verified"", ""valuation_date"": null}, {""source"": ""slowmist"", ""claim_id"": ""e5bebd4f840cb085"", ""loss_usd"": 54000000.0, ""loss_basis"": ""source_reported_loss_not_fully_verified"", ""valuation_date"": null}, {""source"": ""rekt"", ""claim_id"": ""df40351ce9607f02"", ""loss_usd"": 51700000, ""loss_basis"": ""leaderboard_amount_may_use_later_valuation"", ""valuation_date"": null}]","[""https://defillama.com/hacks"", ""https://hacked.slowmist.io/en/?c=&page=19"", ""https://rekt.news/leaderboard/""]","[""https://defillama.com/hacks"", ""https://x.com/BtcTurkKripto/status/1955973500583170252"", ""https://rekt.news/btcturk-rekt""]",[],,,,,False,"[""loss_estimates_differ_over_5pct"", ""exact_information_availability_unverified"", ""retrospective_loss_not_a_live_feature""]",in_scope,[],normalized_catalog_record,,,,,,,,,,,,,2025-08-15T00:00:00Z,True,"00:00 UTC on the calendar day after the assigned incident_date; an assumed retrospective alignment, not verified public availability.","Frozen catalog reported_loss_usd; retrospective reported amount, not verified gross theft or loss known at activation.",False
inc_d1771713d352b159,BetterBank,2025-08-26,day,5000000,5000000,5000000,defillama,retrospective_reported_amount; gross/net and valuation basis require source verification,Protocol Logic,Reward Logic Flaw; Contract Vulnerability,"[""PulseChain""]",DeFi Protocol,3,3,"[""defillama"", ""slowmist"", ""rekt""]","[""dbcb643b92c124fa"", ""27308ac215f5861e"", ""18a8f825d29ebcca""]","[""2025-08-26"", ""2025-08-27""]","[{""source"": ""defillama"", ""claim_id"": ""dbcb643b92c124fa"", ""loss_usd"": 5000000, ""loss_basis"": ""source_amount_definition_not_fully_verified"", ""valuation_date"": null}, {""source"": ""slowmist"", ""claim_id"": ""27308ac215f5861e"", ""loss_usd"": 5000000.0, ""loss_basis"": ""source_reported_loss_not_fully_verified"", ""valuation_date"": null}, {""source"": ""rekt"", ""claim_id"": ""18a8f825d29ebcca"", ""loss_usd"": 5000000, ""loss_basis"": ""leaderboard_amount_may_use_later_valuation"", ""valuation_date"": null}]","[""https://defillama.com/hacks"", ""https://hacked.slowmist.io/en/?c=&page=19"", ""https://rekt.news/leaderboard/""]","[""https://defillama.com/hacks"", ""https://www.web3isgoinggreat.com/?id=betterbank-exploit"", ""https://rekt.news/betterbank-rekt""]",[],,,,,False,"[""source_date_disagreement"", ""exact_information_availability_unverified"", ""retrospective_loss_not_a_live_feature""]",in_scope,[],normalized_catalog_record,,,,,,,,,,,,,2025-08-27T00:00:00Z,False,"00:00 UTC on the calendar day after the assigned incident_date; an assumed retrospective alignment, not verified public availability.","Frozen catalog reported_loss_usd; retrospective reported amount, not verified gross theft or loss known at activation.",False
inc_c65ac68dc5013fb2,OlaXBT,2025-09-01,day,2000000,2000000,2000000,defillama,retrospective_reported_amount; gross/net and valuation basis require source verification,Social Engineering,Signer Phishing,"[""BSC""]",DeFi Protocol,1,1,"[""defillama""]","[""9a4ecb6bb085b919""]","[""2025-09-01""]","[{""source"": ""defillama"", ""claim_id"": ""9a4ecb6bb085b919"", ""loss_usd"": 2000000, ""loss_basis"": ""source_amount_definition_not_fully_verified"", ""valuation_date"": null}]","[""https://defillama.com/hacks""]","[""https://defillama.com/hacks""]",[],,,,,False,"[""single_catalog_source"", ""no_incident_specific_reference"", ""exact_information_availability_unverified"", ""retrospective_loss_not_a_live_feature""]",in_scope,[],normalized_catalog_record,,,,,,,,,,,,,2025-09-02T00:00:00Z,False,"00:00 UTC on the calendar day after the assigned incident_date; an assumed retrospective alignment, not verified public availability.","Frozen catalog reported_loss_usd; retrospective reported amount, not verified gross theft or loss known at activation.",False
inc_a7be3fcf7abf451d,Bunni V2,2025-09-02,day,8400000,8400000,8400000,defillama,retrospective_reported_amount; gross/net and valuation basis require source verification,Token & Share Accounting,Rounding Error; Contract Vulnerability,"[""Ethereum"", ""Unichain""]",DeFi Protocol,3,3,"[""defillama"", ""slowmist"", ""rekt""]","[""57057ddd79fc0715"", ""766e4676d21fffc8"", ""f06e7ac569980e28""]","[""2025-09-01"", ""2025-09-02""]","[{""source"": ""defillama"", ""claim_id"": ""57057ddd79fc0715"", ""loss_usd"": 8400000, ""loss_basis"": ""source_amount_definition_not_fully_verified"", ""valuation_date"": null}, {""source"": ""slowmist"", ""claim_id"": ""766e4676d21fffc8"", ""loss_usd"": 8400000.0, ""loss_basis"": ""source_reported_loss_not_fully_verified"", ""valuation_date"": null}, {""source"": ""rekt"", ""claim_id"": ""f06e7ac569980e28"", ""loss_usd"": 8400000, ""loss_basis"": ""leaderboard_amount_may_use_later_valuation"", ""valuation_date"": null}]","[""https://defillama.com/hacks"", ""https://hacked.slowmist.io/en/?c=&page=19"", ""https://rekt.news/leaderboard/""]","[""https://defillama.com/hacks"", ""https://blog.bunni.xyz/posts/exploit-post-mortem/"", ""https://rekt.news/bunni-rekt""]",[],,,,,False,"[""source_date_disagreement"", ""exact_information_availability_unverified"", ""retrospective_loss_not_a_live_feature""]",in_scope,[],normalized_catalog_record,,,,,,,,,,,,,2025-09-03T00:00:00Z,True,"00:00 UTC on the calendar day after the assigned incident_date; an assumed retrospective alignment, not verified public availability.","Frozen catalog reported_loss_usd; retrospective reported amount, not verified gross theft or loss known at activation.",False
inc_d678cbf2ebc98491,Nemo Protocol,2025-09-08,day,2590000,2400000.0,2590000,defillama,retrospective_reported_amount; gross/net and valuation basis require source verification,Access Control,Improper Access Control; Unknown,"[""Sui""]",DeFi Protocol,2,2,"[""defillama"", ""slowmist""]","[""f4450e72339a49dd"", ""5c555e663b9b20aa""]","[""2025-09-08""]","[{""source"": ""defillama"", ""claim_id"": ""f4450e72339a49dd"", ""loss_usd"": 2590000, ""loss_basis"": ""source_amount_definition_not_fully_verified"", ""valuation_date"": null}, {""source"": ""slowmist"", ""claim_id"": ""5c555e663b9b20aa"", ""loss_usd"": 2400000.0, ""loss_basis"": ""source_reported_loss_not_fully_verified"", ""valuation_date"": null}]","[""https://defillama.com/hacks"", ""https://hacked.slowmist.io/en/?c=&page=19""]","[""https://defillama.com/hacks"", ""https://suiscan.xyz/mainnet/account/0x01229b3cc8469779d42d59cfc18141e4b13566b581787bf16eb5d61058c1c724/activity"", ""https://suiscan.xyz/mainnet/account/0x01229b3cc8469779d42d59cfc18141e4b13566b581787bf16eb5d61058c1c724/activity""]",[],,,,,False,"[""loss_estimates_differ_over_5pct"", ""exact_information_availability_unverified"", ""retrospective_loss_not_a_live_feature""]",in_scope,[],manually_adjudicated_fields,,,,,,,Nemo Protocol and Nemo Yield Trading identify the same Sui protocol and September 8 exploit.,,,,,,2025-09-09T00:00:00Z,False,"00:00 UTC on the calendar day after the assigned incident_date; an assumed retrospective alignment, not verified public availability.","Frozen catalog reported_loss_usd; retrospective reported amount, not verified gross theft or loss known at activation.",False
inc_7f9153bbbcebe264,SwissBorg,2025-09-09,day,41500000,41500000,41500000,defillama,retrospective_reported_amount; gross/net and valuation basis require source verification,Frontend & Infrastructure,API Key Compromised; Third-party Vulnerability,"[""Solana""]",CEX,3,3,"[""defillama"", ""slowmist"", ""rekt""]","[""eaecff2a234354fa"", ""86cf67becbb1f5ad"", ""2c78831f3fb528b3""]","[""2025-09-08"", ""2025-09-09""]","[{""source"": ""defillama"", ""claim_id"": ""eaecff2a234354fa"", ""loss_usd"": 41500000, ""loss_basis"": ""source_amount_definition_not_fully_verified"", ""valuation_date"": null}, {""source"": ""slowmist"", ""claim_id"": ""86cf67becbb1f5ad"", ""loss_usd"": 41500000.0, ""loss_basis"": ""source_reported_loss_not_fully_verified"", ""valuation_date"": null}, {""source"": ""rekt"", ""claim_id"": ""2c78831f3fb528b3"", ""loss_usd"": 41500000, ""loss_basis"": ""leaderboard_amount_may_use_later_valuation"", ""valuation_date"": null}]","[""https://defillama.com/hacks"", ""https://hacked.slowmist.io/en/?c=&page=19"", ""https://rekt.news/leaderboard/""]","[""https://defillama.com/hacks"", ""https://x.com/swissborg/status/1965123506477359471"", ""https://rekt.news/swissborg-rekt""]",[],,,,,False,"[""source_date_disagreement"", ""exact_information_availability_unverified"", ""retrospective_loss_not_a_live_feature""]",in_scope,[],normalized_catalog_record,,,,,,,,,,,,,2025-09-10T00:00:00Z,True,"00:00 UTC on the calendar day after the assigned incident_date; an assumed retrospective alignment, not verified public availability.","Frozen catalog reported_loss_usd; retrospective reported amount, not verified gross theft or loss known at activation.",False
inc_9f48d67c8f2e8ce4,Kame Aggregator,2025-09-12,day,1300000,1300000,1320000.0,defillama,retrospective_reported_amount; gross/net and valuation basis require source verification,Protocol Logic,Swap Logic Flaw; Contract Vulnerability,"[""Sei""]",DeFi Protocol,2,2,"[""defillama"", ""slowmist""]","[""f69f7f4dca633f25"", ""88066d5bf500d1ac""]","[""2025-09-12""]","[{""source"": ""defillama"", ""claim_id"": ""f69f7f4dca633f25"", ""loss_usd"": 1300000, ""loss_basis"": ""source_amount_definition_not_fully_verified"", ""valuation_date"": null}, {""source"": ""slowmist"", ""claim_id"": ""88066d5bf500d1ac"", ""loss_usd"": 1320000.0, ""loss_basis"": ""source_reported_loss_not_fully_verified"", ""valuation_date"": null}]","[""https://defillama.com/hacks"", ""https://hacked.slowmist.io/en/?c=&page=19""]","[""https://defillama.com/hacks"", ""https://kameagg.substack.com/p/post-mortem-kame-aggregator-exploit""]",[],,,,,False,"[""exact_information_availability_unverified"", ""retrospective_loss_not_a_live_feature""]",in_scope,[],normalized_catalog_record,,,,,,,,,,,,,2025-09-13T00:00:00Z,False,"00:00 UTC on the calendar day after the assigned incident_date; an assumed retrospective alignment, not verified public availability.","Frozen catalog reported_loss_usd; retrospective reported amount, not verified gross theft or loss known at activation.",False
inc_5ed038ef5dea9ec0,Shibarium,2025-09-13,day,4100000,2400000.0,4100000,defillama,retrospective_reported_amount; gross/net and valuation basis require source verification,Key Compromise,Validator Key Compromised; Flash Loan Attack,"[""Shibarium""]",DeFi Protocol,3,3,"[""defillama"", ""slowmist"", ""rekt""]","[""73f6157c461da9b4"", ""d7919e759d45cfd2"", ""53b73bfc584c81c6""]","[""2025-09-12"", ""2025-09-13""]","[{""source"": ""defillama"", ""claim_id"": ""73f6157c461da9b4"", ""loss_usd"": 4100000, ""loss_basis"": ""source_amount_definition_not_fully_verified"", ""valuation_date"": null}, {""source"": ""slowmist"", ""claim_id"": ""d7919e759d45cfd2"", ""loss_usd"": 2400000.0, ""loss_basis"": ""source_reported_loss_not_fully_verified"", ""valuation_date"": null}, {""source"": ""rekt"", ""claim_id"": ""53b73bfc584c81c6"", ""loss_usd"": 3000000, ""loss_basis"": ""leaderboard_amount_may_use_later_valuation"", ""valuation_date"": null}]","[""https://defillama.com/hacks"", ""https://hacked.slowmist.io/en/?c=&page=19"", ""https://rekt.news/leaderboard/""]","[""https://defillama.com/hacks"", ""https://www.theblock.co/post/370536/shibarium-bridge-suffers-sophisticated-flash-loan-attack-with-2-4-million-drained"", ""https://rekt.news/shibarium-rekt""]",[],,,,,False,"[""source_date_disagreement"", ""loss_estimates_differ_over_5pct"", ""exact_information_availability_unverified"", ""retrospective_loss_not_a_live_feature""]",in_scope,[],normalized_catalog_record,,,,,,,,,,,,,2025-09-14T00:00:00Z,False,"00:00 UTC on the calendar day after the assigned incident_date; an assumed retrospective alignment, not verified public availability.","Frozen catalog reported_loss_usd; retrospective reported amount, not verified gross theft or loss known at activation.",False
inc_003895894695cbb1,Yala,2025-09-14,day,7640000,7640000,7640000,defillama,retrospective_reported_amount; gross/net and valuation basis require source verification,Key Compromise,Deployer Key Compromised; Security Vulnerability,"[""Ethereum"", ""Solana""]",Token,2,2,"[""defillama"", ""slowmist""]","[""2525a28d1eab9f7a"", ""602b2ac708791a49""]","[""2025-09-14""]","[{""source"": ""defillama"", ""claim_id"": ""2525a28d1eab9f7a"", ""loss_usd"": 7640000, ""loss_basis"": ""source_amount_definition_not_fully_verified"", ""valuation_date"": null}, {""source"": ""slowmist"", ""claim_id"": ""602b2ac708791a49"", ""loss_usd"": 7640000.0, ""loss_basis"": ""source_reported_loss_not_fully_verified"", ""valuation_date"": null}]","[""https://defillama.com/hacks"", ""https://hacked.slowmist.io/en/?c=&page=18""]","[""https://defillama.com/hacks"", ""https://blog.yala.org/yala-post-mortem-september-14/""]",[],,,,,False,"[""exact_information_availability_unverified"", ""retrospective_loss_not_a_live_feature""]",in_scope,[],normalized_catalog_record,,,,,,,,,,,,,2025-09-15T00:00:00Z,True,"00:00 UTC on the calendar day after the assigned incident_date; an assumed retrospective alignment, not verified public availability.","Frozen catalog reported_loss_usd; retrospective reported amount, not verified gross theft or loss known at activation.",False
inc_49600990a5dbdd29,New Gold Protocol,2025-09-18,day,1900000,1900000,2000000,defillama,retrospective_reported_amount; gross/net and valuation basis require source verification,Oracle Manipulation,Spot Price Manipulation,"[""BSC""]",Token,2,2,"[""defillama"", ""rekt""]","[""74eb9eba5bf6aecd"", ""439215cc4ae5537c""]","[""2025-09-17"", ""2025-09-18""]","[{""source"": ""defillama"", ""claim_id"": ""74eb9eba5bf6aecd"", ""loss_usd"": 1900000, ""loss_basis"": ""source_amount_definition_not_fully_verified"", ""valuation_date"": null}, {""source"": ""rekt"", ""claim_id"": ""439215cc4ae5537c"", ""loss_usd"": 2000000, ""loss_basis"": ""leaderboard_amount_may_use_later_valuation"", ""valuation_date"": null}]","[""https://defillama.com/hacks"", ""https://rekt.news/leaderboard/""]","[""https://defillama.com/hacks"", ""https://rekt.news/newgold-protocol-rekt""]",[],,,,,False,"[""source_date_disagreement"", ""exact_information_availability_unverified"", ""retrospective_loss_not_a_live_feature""]",in_scope,[],normalized_catalog_record,,,,,,,,,,,,,2025-09-19T00:00:00Z,False,"00:00 UTC on the calendar day after the assigned incident_date; an assumed retrospective alignment, not verified public availability.","Frozen catalog reported_loss_usd; retrospective reported amount, not verified gross theft or loss known at activation.",False
inc_29d16577bad6ac7c,UXLINK,2025-09-22,day,11300000,11000000.0,41000000,defillama,retrospective_reported_amount; gross/net and valuation basis require source verification,Access Control,Delegatecall Hijack; Social Engineering,"[""Arbitrum"", ""Ethereum""]",DeFi Protocol,3,3,"[""defillama"", ""slowmist"", ""rekt""]","[""46b74d3033ee20a6"", ""c1ed12922e0cf969"", ""3df8d8d004720ec3""]","[""2025-09-22""]","[{""source"": ""defillama"", ""claim_id"": ""46b74d3033ee20a6"", ""loss_usd"": 11300000, ""loss_basis"": ""source_amount_definition_not_fully_verified"", ""valuation_date"": null}, {""source"": ""slowmist"", ""claim_id"": ""c1ed12922e0cf969"", ""loss_usd"": 11000000.0, ""loss_basis"": ""source_reported_loss_not_fully_verified"", ""valuation_date"": null}, {""source"": ""rekt"", ""claim_id"": ""3df8d8d004720ec3"", ""loss_usd"": 41000000, ""loss_basis"": ""leaderboard_amount_may_use_later_valuation"", ""valuation_date"": null}]","[""https://defillama.com/hacks"", ""https://hacked.slowmist.io/en/?c=&page=18"", ""https://rekt.news/leaderboard/""]","[""https://defillama.com/hacks"", ""https://x.com/UXLINKofficial/status/1998228868365529555"", ""https://rekt.news/uxlink-rekt""]",[],,,,,False,"[""loss_estimates_differ_over_5pct"", ""exact_information_availability_unverified"", ""retrospective_loss_not_a_live_feature""]",in_scope,[],normalized_catalog_record,,,,,,,,,,,,,2025-09-23T00:00:00Z,True,"00:00 UTC on the calendar day after the assigned incident_date; an assumed retrospective alignment, not verified public availability.","Frozen catalog reported_loss_usd; retrospective reported amount, not verified gross theft or loss known at activation.",False
inc_d7f5cdd74d2d1507,Seedify,2025-09-23,day,1200000,1200000,1700000.0,defillama,retrospective_reported_amount; gross/net and valuation basis require source verification,Key Compromise,Private Key Compromised; Private Key Leakage,"[""Avalanche"", ""BSC""]",DeFi Protocol,2,2,"[""defillama"", ""slowmist""]","[""73ace5ede2249466"", ""4b02af2e7628e72e""]","[""2025-09-23""]","[{""source"": ""defillama"", ""claim_id"": ""73ace5ede2249466"", ""loss_usd"": 1200000, ""loss_basis"": ""source_amount_definition_not_fully_verified"", ""valuation_date"": null}, {""source"": ""slowmist"", ""claim_id"": ""4b02af2e7628e72e"", ""loss_usd"": 1700000.0, ""loss_basis"": ""source_reported_loss_not_fully_verified"", ""valuation_date"": null}]","[""https://defillama.com/hacks"", ""https://hacked.slowmist.io/en/?c=&page=18""]","[""https://defillama.com/hacks"", ""https://x.com/SeedifyFund/status/1970537553515417918""]",[],,,,,False,"[""loss_estimates_differ_over_5pct"", ""exact_information_availability_unverified"", ""retrospective_loss_not_a_live_feature""]",in_scope,[],normalized_catalog_record,,,,,,,,,,,,,2025-09-24T00:00:00Z,False,"00:00 UTC on the calendar day after the assigned incident_date; an assumed retrospective alignment, not verified public availability.","Frozen catalog reported_loss_usd; retrospective reported amount, not verified gross theft or loss known at activation.",False
inc_fd22592bea53fdab,GriffinAI,2025-09-24,day,3000000,3000000,3000000,defillama,retrospective_reported_amount; gross/net and valuation basis require source verification,Bridge & Cross-Chain,Cross-Chain Message Spoofing; Private Key Leakage,"[""BSC""]",DeFi Protocol,3,3,"[""defillama"", ""slowmist"", ""rekt""]","[""29a8ff917cf42c5c"", ""bee80da3caa9de38"", ""644783623325589f""]","[""2025-09-24""]","[{""source"": ""defillama"", ""claim_id"": ""29a8ff917cf42c5c"", ""loss_usd"": 3000000, ""loss_basis"": ""source_amount_definition_not_fully_verified"", ""valuation_date"": null}, {""source"": ""slowmist"", ""claim_id"": ""bee80da3caa9de38"", ""loss_usd"": 3000000.0, ""loss_basis"": ""source_reported_loss_not_fully_verified"", ""valuation_date"": null}, {""source"": ""rekt"", ""claim_id"": ""644783623325589f"", ""loss_usd"": 3000000, ""loss_basis"": ""leaderboard_amount_may_use_later_valuation"", ""valuation_date"": null}]","[""https://defillama.com/hacks"", ""https://hacked.slowmist.io/en/?c=&page=18"", ""https://rekt.news/leaderboard/""]","[""https://defillama.com/hacks"", ""https://x.com/OliFeldmeier/status/1972367705023103244"", ""https://rekt.news/griffinai-rekt""]",[],,,,,False,"[""exact_information_availability_unverified"", ""retrospective_loss_not_a_live_feature""]",in_scope,[],normalized_catalog_record,,,,,,,,,,,,,2025-09-25T00:00:00Z,False,"00:00 UTC on the calendar day after the assigned incident_date; an assumed retrospective alignment, not verified public availability.","Frozen catalog reported_loss_usd; retrospective reported amount, not verified gross theft or loss known at activation.",False
inc_146f977f3b13e466,SBI Crypto,2025-09-24,day,21000000,21000000,24000000,defillama,retrospective_reported_amount; gross/net and valuation basis require source verification,Key Compromise,Hot Wallet Key Compromised; Unknown,"[""Bitcoin"", ""BitcoinCash"", ""Doge"", ""Ethereum"", ""Litecoin""]",Other,3,3,"[""defillama"", ""slowmist"", ""rekt""]","[""90f71a9e7337ed49"", ""40e4a4230491ebfd"", ""252546453398071b""]","[""2025-09-24""]","[{""source"": ""defillama"", ""claim_id"": ""90f71a9e7337ed49"", ""loss_usd"": 21000000, ""loss_basis"": ""source_amount_definition_not_fully_verified"", ""valuation_date"": null}, {""source"": ""slowmist"", ""claim_id"": ""40e4a4230491ebfd"", ""loss_usd"": 21000000.0, ""loss_basis"": ""source_reported_loss_not_fully_verified"", ""valuation_date"": null}, {""source"": ""rekt"", ""claim_id"": ""252546453398071b"", ""loss_usd"": 24000000, ""loss_basis"": ""leaderboard_amount_may_use_later_valuation"", ""valuation_date"": null}]","[""https://defillama.com/hacks"", ""https://hacked.slowmist.io/en/?c=&page=18"", ""https://rekt.news/leaderboard/""]","[""https://defillama.com/hacks"", ""https://www.coindesk.com/business/2025/10/01/sbi-crypto-reportedly-hit-by-usd21m-hack-with-suspected-dprk-links"", ""https://rekt.news/sbi-crypto-rekt""]",[],,,,,False,"[""loss_estimates_differ_over_5pct"", ""exact_information_availability_unverified"", ""retrospective_loss_not_a_live_feature""]",in_scope,[],normalized_catalog_record,,,,,,,,,,,,,2025-09-25T00:00:00Z,True,"00:00 UTC on the calendar day after the assigned incident_date; an assumed retrospective alignment, not verified public availability.","Frozen catalog reported_loss_usd; retrospective reported amount, not verified gross theft or loss known at activation.",False
inc_b38d7a9eaae6c364,Abracadabra Spell,2025-10-04,day,1700000,1700000,1800000,defillama,retrospective_reported_amount; gross/net and valuation basis require source verification,Access Control,Improper Access Control; Contract Vulnerability,"[""Ethereum""]",DeFi Protocol,3,3,"[""defillama"", ""slowmist"", ""rekt""]","[""9fdab29879d7f820"", ""edc00f4d7557f9a3"", ""5db6f7ebf5e86f60""]","[""2025-10-04""]","[{""source"": ""defillama"", ""claim_id"": ""9fdab29879d7f820"", ""loss_usd"": 1700000, ""loss_basis"": ""source_amount_definition_not_fully_verified"", ""valuation_date"": null}, {""source"": ""slowmist"", ""claim_id"": ""edc00f4d7557f9a3"", ""loss_usd"": 1790000.0, ""loss_basis"": ""source_reported_loss_not_fully_verified"", ""valuation_date"": null}, {""source"": ""rekt"", ""claim_id"": ""5db6f7ebf5e86f60"", ""loss_usd"": 1800000, ""loss_basis"": ""leaderboard_amount_may_use_later_valuation"", ""valuation_date"": null}]","[""https://defillama.com/hacks"", ""https://hacked.slowmist.io/en/?c=&page=18"", ""https://rekt.news/leaderboard/""]","[""https://defillama.com/hacks"", ""https://x.com/MIM_Spell/status/1975130787486831018"", ""https://rekt.news/abracadabra-rekt3"", ""https://rekt.news/abracadabra-rekt3"", ""https://x.com/MIM_Spell/status/1975130787486831018""]",[],,,,,False,"[""loss_estimates_differ_over_5pct"", ""exact_information_availability_unverified"", ""retrospective_loss_not_a_live_feature""]",in_scope,[],manually_adjudicated_fields,,,,,,,MIN Spell is a catalog typo for MIM_Spell/Abracadabra; same legacy V4 cauldron attack.,,,,,,2025-10-05T00:00:00Z,False,"00:00 UTC on the calendar day after the assigned incident_date; an assumed retrospective alignment, not verified public availability.","Frozen catalog reported_loss_usd; retrospective reported amount, not verified gross theft or loss known at activation.",False
inc_47479d17e9f73bde,Typus Perp,2025-10-15,day,3440000,3440000,3440000,defillama,retrospective_reported_amount; gross/net and valuation basis require source verification,Oracle Manipulation,Oracle Misconfiguration; Contract Vulnerability,"[""Sui""]",DeFi Protocol,2,2,"[""defillama"", ""slowmist""]","[""f7052640d3f9d9a1"", ""399edfafbf9db2aa""]","[""2025-10-15""]","[{""source"": ""defillama"", ""claim_id"": ""f7052640d3f9d9a1"", ""loss_usd"": 3440000, ""loss_basis"": ""source_amount_definition_not_fully_verified"", ""valuation_date"": null}, {""source"": ""slowmist"", ""claim_id"": ""399edfafbf9db2aa"", ""loss_usd"": 3440000.0, ""loss_basis"": ""source_reported_loss_not_fully_verified"", ""valuation_date"": null}]","[""https://defillama.com/hacks"", ""https://hacked.slowmist.io/en/?c=&page=18""]","[""https://defillama.com/hacks"", ""https://medium.com/@TypusFinance/typus-finance-tlp-oracle-exploit-post-mortem-report-response-plan-ce2d0800808b""]",[],,,,,False,"[""exact_information_availability_unverified"", ""retrospective_loss_not_a_live_feature""]",in_scope,"[""Merge reports of the same incident: Typus Finance, Typus Perp. Dates, victim/product identity, attack context and amounts support one event. Preserve all source loss claims; do not sum reports."", ""Merge reports of the same incident: Typus Finance, Typus Perp. Dates, victim/product identity, attack context and amounts support one event. Preserve all source loss claims; do not sum reports.""]",normalized_catalog_record,,,,,,,,,,,,,2025-10-16T00:00:00Z,False,"00:00 UTC on the calendar day after the assigned incident_date; an assumed retrospective alignment, not verified public availability.","Frozen catalog reported_loss_usd; retrospective reported amount, not verified gross theft or loss known at activation.",False
inc_5fce57a2388cf9a4,Astra Nova,2025-10-19,day,9090000,9090000,9090000,defillama,retrospective_reported_amount; gross/net and valuation basis require source verification,Key Compromise,Private Key Compromised; Unknown,"[""Ethereum""]",AI Agent,2,2,"[""defillama"", ""slowmist""]","[""eebd89998332e353"", ""861c7de10805ea49""]","[""2025-10-19""]","[{""source"": ""defillama"", ""claim_id"": ""eebd89998332e353"", ""loss_usd"": 9090000, ""loss_basis"": ""source_amount_definition_not_fully_verified"", ""valuation_date"": null}, {""source"": ""slowmist"", ""claim_id"": ""861c7de10805ea49"", ""loss_usd"": 9090000.0, ""loss_basis"": ""source_reported_loss_not_fully_verified"", ""valuation_date"": null}]","[""https://defillama.com/hacks"", ""https://hacked.slowmist.io/en/?c=&page=18""]","[""https://defillama.com/hacks"", ""https://x.com/Astra__Nova/status/1979828018295316582""]",[],,,,,False,"[""exact_information_availability_unverified"", ""retrospective_loss_not_a_live_feature""]",in_scope,[],normalized_catalog_record,,,,,,,,,,,,,2025-10-20T00:00:00Z,True,"00:00 UTC on the calendar day after the assigned incident_date; an assumed retrospective alignment, not verified public availability.","Frozen catalog reported_loss_usd; retrospective reported amount, not verified gross theft or loss known at activation.",False
inc_3e653ce7ac8b4d65,Garden,2025-10-30,day,11400000,10800000.0,11400000,defillama,retrospective_reported_amount; gross/net and valuation basis require source verification,Frontend & Infrastructure,Key Leaked via Infrastructure; Unknown,"[""Arbitrum"", ""Base"", ""Ethereum"", ""Solana""]",DeFi Protocol,2,2,"[""defillama"", ""slowmist""]","[""2694d5f23b6a2188"", ""826e886e2c1a22b6""]","[""2025-10-30"", ""2025-10-31""]","[{""source"": ""defillama"", ""claim_id"": ""2694d5f23b6a2188"", ""loss_usd"": 11400000, ""loss_basis"": ""source_amount_definition_not_fully_verified"", ""valuation_date"": null}, {""source"": ""slowmist"", ""claim_id"": ""826e886e2c1a22b6"", ""loss_usd"": 10800000.0, ""loss_basis"": ""source_reported_loss_not_fully_verified"", ""valuation_date"": null}]","[""https://defillama.com/hacks"", ""https://hacked.slowmist.io/en/?c=&page=17""]","[""https://defillama.com/hacks"", ""https://x.com/jzgulati/status/1984127214959624421""]",[],,,,,False,"[""source_date_disagreement"", ""loss_estimates_differ_over_5pct"", ""exact_information_availability_unverified"", ""retrospective_loss_not_a_live_feature""]",in_scope,[],normalized_catalog_record,,,,,,,,,,,,,2025-10-31T00:00:00Z,True,"00:00 UTC on the calendar day after the assigned incident_date; an assumed retrospective alignment, not verified public availability.","Frozen catalog reported_loss_usd; retrospective reported amount, not verified gross theft or loss known at activation.",False
inc_3face80f215c1cf6,Balancer V2,2025-11-03,day,128000000,121100000.0,128000000,defillama,retrospective_reported_amount; gross/net and valuation basis require source verification,Token & Share Accounting,Rounding Error; Business Logic Flaw,"[""Arbitrum"", ""Base"", ""Ethereum"", ""Optimism"", ""Polygon"", ""Sonic""]",DeFi Protocol,3,3,"[""defillama"", ""slowmist"", ""rekt""]","[""cc8b86d19aad588f"", ""3e61b10b5ebac235"", ""676f81032902ee2b""]","[""2025-11-03""]","[{""source"": ""defillama"", ""claim_id"": ""cc8b86d19aad588f"", ""loss_usd"": 128000000, ""loss_basis"": ""source_amount_definition_not_fully_verified"", ""valuation_date"": null}, {""source"": ""slowmist"", ""claim_id"": ""3e61b10b5ebac235"", ""loss_usd"": 121100000.0, ""loss_basis"": ""source_reported_loss_not_fully_verified"", ""valuation_date"": null}, {""source"": ""rekt"", ""claim_id"": ""676f81032902ee2b"", ""loss_usd"": 128000000, ""loss_basis"": ""leaderboard_amount_may_use_later_valuation"", ""valuation_date"": null}]","[""https://defillama.com/hacks"", ""https://hacked.slowmist.io/en/?c=&page=17"", ""https://rekt.news/leaderboard/""]","[""https://defillama.com/hacks"", ""https://x.com/balancer/status/1990856260988670132"", ""https://rekt.news/balancer-rekt2""]",[],,,,,False,"[""loss_estimates_differ_over_5pct"", ""exact_information_availability_unverified"", ""retrospective_loss_not_a_live_feature""]",in_scope,[],normalized_catalog_record,,,,,,,,,,,,,2025-11-04T00:00:00Z,True,"00:00 UTC on the calendar day after the assigned incident_date; an assumed retrospective alignment, not verified public availability.","Frozen catalog reported_loss_usd; retrospective reported amount, not verified gross theft or loss known at activation.",False
inc_1b2bd78f83ae96d3,Berachain,2025-11-03,day,12800000.0,12800000.0,12800000.0,slowmist,retrospective_reported_amount; gross/net and valuation basis require source verification,,Contract Vulnerability,[],,1,1,"[""slowmist""]","[""f9520a440c8e60f0""]","[""2025-11-03""]","[{""source"": ""slowmist"", ""claim_id"": ""f9520a440c8e60f0"", ""loss_usd"": 12800000.0, ""loss_basis"": ""source_reported_loss_not_fully_verified"", ""valuation_date"": null}]","[""https://hacked.slowmist.io/en/?c=&page=17""]","[""https://x.com/berachain/status/1985742874361651206""]",[],,,,,False,"[""single_catalog_source"", ""exact_information_availability_unverified"", ""retrospective_loss_not_a_live_feature""]",in_scope,[],normalized_catalog_record,,,,,,,,,,,,,2025-11-04T00:00:00Z,True,"00:00 UTC on the calendar day after the assigned incident_date; an assumed retrospective alignment, not verified public availability.","Frozen catalog reported_loss_usd; retrospective reported amount, not verified gross theft or loss known at activation.",False
inc_794f228766afb6ac,Hyperliquid,2025-11-13,day,4950000.0,4950000.0,4950000.0,slowmist,retrospective_reported_amount; gross/net and valuation basis require source verification,,Price Manipulation,[],,1,1,"[""slowmist""]","[""a2acc78d87dbfa57""]","[""2025-11-13""]","[{""source"": ""slowmist"", ""claim_id"": ""a2acc78d87dbfa57"", ""loss_usd"": 4950000.0, ""loss_basis"": ""source_reported_loss_not_fully_verified"", ""valuation_date"": null}]","[""https://hacked.slowmist.io/en/?c=&page=17""]","[""https://x.com/arkham/status/1988662381535216125""]",[],,,,,False,"[""single_catalog_source"", ""exact_information_availability_unverified"", ""retrospective_loss_not_a_live_feature""]",in_scope,[],normalized_catalog_record,,,,,,,,,,,,,2025-11-14T00:00:00Z,False,"00:00 UTC on the calendar day after the assigned incident_date; an assumed retrospective alignment, not verified public availability.","Frozen catalog reported_loss_usd; retrospective reported amount, not verified gross theft or loss known at activation.",False
inc_9986f46725ea33b3,GANA Payment,2025-11-20,day,3100000,3100000,3100000,defillama,retrospective_reported_amount; gross/net and valuation basis require source verification,Social Engineering,Phishing; Unknown,"[""BSC""]",DeFi Protocol,3,3,"[""defillama"", ""slowmist"", ""rekt""]","[""b3b8aae8f0ec036a"", ""dc48e03a0fdd6fd8"", ""43511749ba2e37cb""]","[""2025-11-20""]","[{""source"": ""defillama"", ""claim_id"": ""b3b8aae8f0ec036a"", ""loss_usd"": 3100000, ""loss_basis"": ""source_amount_definition_not_fully_verified"", ""valuation_date"": null}, {""source"": ""slowmist"", ""claim_id"": ""dc48e03a0fdd6fd8"", ""loss_usd"": 3100000.0, ""loss_basis"": ""source_reported_loss_not_fully_verified"", ""valuation_date"": null}, {""source"": ""rekt"", ""claim_id"": ""43511749ba2e37cb"", ""loss_usd"": 3100000, ""loss_basis"": ""leaderboard_amount_may_use_later_valuation"", ""valuation_date"": null}]","[""https://defillama.com/hacks"", ""https://hacked.slowmist.io/en/?c=&page=17"", ""https://rekt.news/leaderboard/""]","[""https://defillama.com/hacks"", ""https://www.panewslab.com/zh/articles/8fe34b80-9db2-47df-97ca-a2ac53668e45"", ""https://rekt.news/gana-payment-rekt""]",[],,,,,False,"[""exact_information_availability_unverified"", ""retrospective_loss_not_a_live_feature""]",in_scope,[],normalized_catalog_record,,,,,,,,,,,,,2025-11-21T00:00:00Z,False,"00:00 UTC on the calendar day after the assigned incident_date; an assumed retrospective alignment, not verified public availability.","Frozen catalog reported_loss_usd; retrospective reported amount, not verified gross theft or loss known at activation.",False
inc_4203a5b69b128f9a,Upbit,2025-11-26,day,36000000,30300000.0,36000000,defillama,retrospective_reported_amount; gross/net and valuation basis require source verification,Social Engineering,Malware; Unknown,"[""Solana""]",CEX,2,2,"[""defillama"", ""slowmist""]","[""841007cc9c2d4de1"", ""7a8f6b31146b7450""]","[""2025-11-26"", ""2025-11-27""]","[{""source"": ""defillama"", ""claim_id"": ""841007cc9c2d4de1"", ""loss_usd"": 36000000, ""loss_basis"": ""source_amount_definition_not_fully_verified"", ""valuation_date"": null}, {""source"": ""slowmist"", ""claim_id"": ""7a8f6b31146b7450"", ""loss_usd"": 30300000.0, ""loss_basis"": ""source_reported_loss_not_fully_verified"", ""valuation_date"": null}]","[""https://defillama.com/hacks"", ""https://hacked.slowmist.io/en/?c=&page=17""]","[""https://defillama.com/hacks"", ""https://upbit.com/service_center/notice?id=5803&view=share""]",[],,,,,False,"[""source_date_disagreement"", ""loss_estimates_differ_over_5pct"", ""exact_information_availability_unverified"", ""retrospective_loss_not_a_live_feature""]",in_scope,[],normalized_catalog_record,,,,,,,,,,,,,2025-11-27T00:00:00Z,True,"00:00 UTC on the calendar day after the assigned incident_date; an assumed retrospective alignment, not verified public availability.","Frozen catalog reported_loss_usd; retrospective reported amount, not verified gross theft or loss known at activation.",False
inc_137cc30cae7a91a5,Yearn Ether,2025-11-30,day,9000000,9000000,9000000,defillama,retrospective_reported_amount; gross/net and valuation basis require source verification,Token & Share Accounting,Incorrect Share Accounting; Contract Vulnerability,"[""Ethereum""]",DeFi Protocol,3,3,"[""defillama"", ""slowmist"", ""rekt""]","[""bc279af0718b6a9e"", ""c090b4433dadd67e"", ""6ed0ada9de33ce0a""]","[""2025-11-30""]","[{""source"": ""defillama"", ""claim_id"": ""bc279af0718b6a9e"", ""loss_usd"": 9000000, ""loss_basis"": ""source_amount_definition_not_fully_verified"", ""valuation_date"": null}, {""source"": ""slowmist"", ""claim_id"": ""c090b4433dadd67e"", ""loss_usd"": 9000000.0, ""loss_basis"": ""source_reported_loss_not_fully_verified"", ""valuation_date"": null}, {""source"": ""rekt"", ""claim_id"": ""6ed0ada9de33ce0a"", ""loss_usd"": 9000000, ""loss_basis"": ""leaderboard_amount_may_use_later_valuation"", ""valuation_date"": null}]","[""https://defillama.com/hacks"", ""https://hacked.slowmist.io/en/?c=&page=17"", ""https://rekt.news/leaderboard/""]","[""https://defillama.com/hacks"", ""https://x.com/PeckShieldAlert/status/1995311852310675537"", ""https://rekt.news/yearn-rekt3""]",[],,,,,False,"[""exact_information_availability_unverified"", ""retrospective_loss_not_a_live_feature""]",in_scope,"[""Merge reports of the same incident: Yearn Ether, Yearn Finance. Dates, victim/product identity, attack context and amounts support one event. Preserve all source loss claims; do not sum reports."", ""Merge reports of the same incident: Yearn Ether, Yearn Finance. Dates, victim/product identity, attack context and amounts support one event. Preserve all source loss claims; do not sum reports."", ""Merge reports of the same incident: Yearn Ether, Yearn Finance. Dates, victim/product identity, attack context and amounts support one event. Preserve all source loss claims; do not sum reports.""]",normalized_catalog_record,,,,,,,,,,,,,2025-12-01T00:00:00Z,True,"00:00 UTC on the calendar day after the assigned incident_date; an assumed retrospective alignment, not verified public availability.","Frozen catalog reported_loss_usd; retrospective reported amount, not verified gross theft or loss known at activation.",False
inc_cc8635efdb25bd5d,Ribbon / Aevo,2025-12-12,day,2700000,2700000,2700000,defillama,retrospective_reported_amount; gross/net and valuation basis require source verification,Access Control,Improper Access Control; contract vulnerability,"[""Ethereum""]",DeFi Protocol,3,3,"[""defillama"", ""slowmist"", ""rekt""]","[""810b4e8ad1dcb95f"", ""bb3db2fb49eec4ce"", ""7b0cd592f7eb8c39""]","[""2025-12-12"", ""2025-12-14""]","[{""source"": ""defillama"", ""claim_id"": ""810b4e8ad1dcb95f"", ""loss_usd"": 2700000, ""loss_basis"": ""source_amount_definition_not_fully_verified"", ""valuation_date"": null}, {""source"": ""slowmist"", ""claim_id"": ""bb3db2fb49eec4ce"", ""loss_usd"": 2700000.0, ""loss_basis"": ""source_reported_loss_not_fully_verified"", ""valuation_date"": null}, {""source"": ""rekt"", ""claim_id"": ""7b0cd592f7eb8c39"", ""loss_usd"": 2700000, ""loss_basis"": ""leaderboard_amount_may_use_later_valuation"", ""valuation_date"": null}]","[""https://defillama.com/hacks"", ""https://hacked.slowmist.io/en/?c=&page=16"", ""https://rekt.news/leaderboard/""]","[""https://defillama.com/hacks"", ""https://x.com/ribbonfinance/status/2000003294563905765"", ""https://rekt.news/aevo-rekt"", ""https://x.com/ribbonfinance/status/2000003294563905765"", ""https://rekt.news/aevo-rekt""]",[],,,,,False,"[""source_date_disagreement"", ""exact_information_availability_unverified"", ""retrospective_loss_not_a_live_feature""]",in_scope,[],manually_adjudicated_fields,,,,,,,"Aevo’s December 14 disclosure concerns the December 12 legacy Ribbon DOV vault exploit; same loss, not a new attack.",,,,,,2025-12-13T00:00:00Z,False,"00:00 UTC on the calendar day after the assigned incident_date; an assumed retrospective alignment, not verified public availability.","Frozen catalog reported_loss_usd; retrospective reported amount, not verified gross theft or loss known at activation.",False
inc_1713b7868cc984f1,Rari Capital,2025-12-18,day,2000000,2000000,2000000,defillama,retrospective_reported_amount; gross/net and valuation basis require source verification,Access Control,Uninitialized Proxy,"[""Ethereum""]",DeFi Protocol,1,1,"[""defillama""]","[""2e7e35b4ef2b06d2""]","[""2025-12-18""]","[{""source"": ""defillama"", ""claim_id"": ""2e7e35b4ef2b06d2"", ""loss_usd"": 2000000, ""loss_basis"": ""source_amount_definition_not_fully_verified"", ""valuation_date"": null}]","[""https://defillama.com/hacks""]","[""https://defillama.com/hacks""]",[],,,,,False,"[""single_catalog_source"", ""no_incident_specific_reference"", ""exact_information_availability_unverified"", ""retrospective_loss_not_a_live_feature""]",in_scope,[],normalized_catalog_record,,,,,,,,,,,,,2025-12-19T00:00:00Z,False,"00:00 UTC on the calendar day after the assigned incident_date; an assumed retrospective alignment, not verified public availability.","Frozen catalog reported_loss_usd; retrospective reported amount, not verified gross theft or loss known at activation.",False
inc_a521845e428cdcc9,Trust Wallet Wallet,2025-12-25,day,8500000,8500000,8500000,defillama,retrospective_reported_amount; gross/net and valuation basis require source verification,Frontend & Infrastructure,Supply Chain Attack; Malicious Code Injection Attack,"[""Bitcoin"", ""Ethereum"", ""Solana""]",Wallet,2,2,"[""defillama"", ""slowmist""]","[""141051576802afe3"", ""59296e0cc8a4f6ab""]","[""2025-12-25"", ""2025-12-26""]","[{""source"": ""defillama"", ""claim_id"": ""141051576802afe3"", ""loss_usd"": 8500000, ""loss_basis"": ""source_amount_definition_not_fully_verified"", ""valuation_date"": null}, {""source"": ""slowmist"", ""claim_id"": ""59296e0cc8a4f6ab"", ""loss_usd"": 8500000.0, ""loss_basis"": ""source_reported_loss_not_fully_verified"", ""valuation_date"": null}]","[""https://defillama.com/hacks"", ""https://hacked.slowmist.io/en/?c=&page=16""]","[""https://defillama.com/hacks"", ""https://x.com/TrustWallet/status/2006029258209005699""]",[],,,,,False,"[""source_date_disagreement"", ""exact_information_availability_unverified"", ""retrospective_loss_not_a_live_feature""]",in_scope,[],normalized_catalog_record,,,,,,,,,,,,,2025-12-26T00:00:00Z,True,"00:00 UTC on the calendar day after the assigned incident_date; an assumed retrospective alignment, not verified public availability.","Frozen catalog reported_loss_usd; retrospective reported amount, not verified gross theft or loss known at activation.",False
inc_a6701030809fcde0,Flow,2025-12-27,day,3900000,3900000,3900000,defillama,retrospective_reported_amount; gross/net and valuation basis require source verification,Token & Share Accounting,Infinite Mint; Execution Layer Vulnerability,"[""Flow""]",Layer 1,2,2,"[""defillama"", ""slowmist""]","[""8f4c4ed1bf4a76b7"", ""5dddee647a072d41""]","[""2025-12-27""]","[{""source"": ""defillama"", ""claim_id"": ""8f4c4ed1bf4a76b7"", ""loss_usd"": 3900000, ""loss_basis"": ""source_amount_definition_not_fully_verified"", ""valuation_date"": null}, {""source"": ""slowmist"", ""claim_id"": ""5dddee647a072d41"", ""loss_usd"": 3900000.0, ""loss_basis"": ""source_reported_loss_not_fully_verified"", ""valuation_date"": null}]","[""https://defillama.com/hacks"", ""https://hacked.slowmist.io/en/?c=&page=16""]","[""https://defillama.com/hacks"", ""https://x.com/findlabs/status/2005021008156078274""]",[],,,,,False,"[""exact_information_availability_unverified"", ""retrospective_loss_not_a_live_feature""]",in_scope,[],normalized_catalog_record,,,,,,,,,,,,,2025-12-28T00:00:00Z,False,"00:00 UTC on the calendar day after the assigned incident_date; an assumed retrospective alignment, not verified public availability.","Frozen catalog reported_loss_usd; retrospective reported amount, not verified gross theft or loss known at activation.",False
inc_b35669f22b431474,Unleash Protocol,2025-12-30,day,3900000,3900000,3900000,defillama,retrospective_reported_amount; gross/net and valuation basis require source verification,Key Compromise,Private Key Compromised; Privilege compromise,"[""Story""]",DeFi Protocol,2,2,"[""defillama"", ""slowmist""]","[""3a6d177180f37b9f"", ""0c8e932a38657f20""]","[""2025-12-30""]","[{""source"": ""defillama"", ""claim_id"": ""3a6d177180f37b9f"", ""loss_usd"": 3900000, ""loss_basis"": ""source_amount_definition_not_fully_verified"", ""valuation_date"": null}, {""source"": ""slowmist"", ""claim_id"": ""0c8e932a38657f20"", ""loss_usd"": 3900000.0, ""loss_basis"": ""source_reported_loss_not_fully_verified"", ""valuation_date"": null}]","[""https://defillama.com/hacks"", ""https://hacked.slowmist.io/en/?c=&page=16""]","[""https://defillama.com/hacks"", ""https://x.com/UnleashProtocol/status/2005907998691229933""]",[],,,,,False,"[""exact_information_availability_unverified"", ""retrospective_loss_not_a_live_feature""]",in_scope,[],normalized_catalog_record,,,,,,,,,,,,,2025-12-31T00:00:00Z,False,"00:00 UTC on the calendar day after the assigned incident_date; an assumed retrospective alignment, not verified public availability.","Frozen catalog reported_loss_usd; retrospective reported amount, not verified gross theft or loss known at activation.",False
inc_8dca4e6a5e8e977d,TMX TRIBE,2026-01-05,day,1400000,1400000,1400000,defillama,retrospective_reported_amount; gross/net and valuation basis require source verification,Token & Share Accounting,Arithmetic Error; Smart Contract Vulnerability,"[""Arbitrum""]",DeFi Protocol,3,3,"[""defillama"", ""slowmist"", ""rekt""]","[""346d4407d81a35d7"", ""cf29210438b3e8e6"", ""1d2fd17412e424c3""]","[""2026-01-05""]","[{""source"": ""defillama"", ""claim_id"": ""346d4407d81a35d7"", ""loss_usd"": 1400000, ""loss_basis"": ""source_amount_definition_not_fully_verified"", ""valuation_date"": null}, {""source"": ""slowmist"", ""claim_id"": ""cf29210438b3e8e6"", ""loss_usd"": 1400000.0, ""loss_basis"": ""source_reported_loss_not_fully_verified"", ""valuation_date"": null}, {""source"": ""rekt"", ""claim_id"": ""1d2fd17412e424c3"", ""loss_usd"": 1400000, ""loss_basis"": ""leaderboard_amount_may_use_later_valuation"", ""valuation_date"": null}]","[""https://defillama.com/hacks"", ""https://hacked.slowmist.io/en/?c=&page=16"", ""https://rekt.news/leaderboard/""]","[""https://defillama.com/hacks"", ""https://x.com/certikalert/status/2008360565010559045?s=46&t=DLwbX9Nw4QECiyZQ0av-fg"", ""https://rekt.news/tmztribe-rekt""]",[],,,,,False,"[""exact_information_availability_unverified"", ""retrospective_loss_not_a_live_feature""]",in_scope,"[""Merge reports of the same incident: TMX, TMX TRIBE. Dates, victim/product identity, attack context and amounts support one event. Preserve all source loss claims; do not sum reports."", ""Merge reports of the same incident: TMX, TMX TRIBE. Dates, victim/product identity, attack context and amounts support one event. Preserve all source loss claims; do not sum reports."", ""Merge reports of the same incident: TMX, TMX TRIBE. Dates, victim/product identity, attack context and amounts support one event. Preserve all source loss claims; do not sum reports.""]",normalized_catalog_record,,,,,,,,,,,,,2026-01-06T00:00:00Z,False,"00:00 UTC on the calendar day after the assigned incident_date; an assumed retrospective alignment, not verified public availability.","Frozen catalog reported_loss_usd; retrospective reported amount, not verified gross theft or loss known at activation.",False
inc_09dbb30045690790,Truebit,2026-01-08,day,26400000,26200000,26440000.0,defillama,retrospective_reported_amount; gross/net and valuation basis require source verification,Token & Share Accounting,Arithmetic Error; Smart Contract Vulnerability,"[""Ethereum""]",DeFi Protocol,3,3,"[""defillama"", ""slowmist"", ""rekt""]","[""31f09797dc679a8f"", ""76b503b68bba9ba8"", ""d0e3dd04ab986fa7""]","[""2026-01-08""]","[{""source"": ""defillama"", ""claim_id"": ""31f09797dc679a8f"", ""loss_usd"": 26400000, ""loss_basis"": ""source_amount_definition_not_fully_verified"", ""valuation_date"": null}, {""source"": ""slowmist"", ""claim_id"": ""76b503b68bba9ba8"", ""loss_usd"": 26440000.0, ""loss_basis"": ""source_reported_loss_not_fully_verified"", ""valuation_date"": null}, {""source"": ""rekt"", ""claim_id"": ""d0e3dd04ab986fa7"", ""loss_usd"": 26200000, ""loss_basis"": ""leaderboard_amount_may_use_later_valuation"", ""valuation_date"": null}]","[""https://defillama.com/hacks"", ""https://hacked.slowmist.io/en/?c=&page=15"", ""https://rekt.news/leaderboard/""]","[""https://defillama.com/hacks"", ""https://x.com/lookonchain/status/2009303499927154909"", ""https://rekt.news/truebit-rekt""]",[],,,,,False,"[""exact_information_availability_unverified"", ""retrospective_loss_not_a_live_feature""]",in_scope,[],normalized_catalog_record,,,,,,,,,,,,,2026-01-09T00:00:00Z,True,"00:00 UTC on the calendar day after the assigned incident_date; an assumed retrospective alignment, not verified public availability.","Frozen catalog reported_loss_usd; retrospective reported amount, not verified gross theft or loss known at activation.",False
inc_e198ff6c060483c5,YO Protocol,2026-01-13,day,3600000,3600000,3600000,defillama,retrospective_reported_amount; gross/net and valuation basis require source verification,Protocol Logic,Missing Slippage Check,"[""Ethereum""]",DeFi Protocol,1,1,"[""defillama""]","[""6e33460a03dbd97e""]","[""2026-01-13""]","[{""source"": ""defillama"", ""claim_id"": ""6e33460a03dbd97e"", ""loss_usd"": 3600000, ""loss_basis"": ""source_amount_definition_not_fully_verified"", ""valuation_date"": null}]","[""https://defillama.com/hacks""]","[""https://defillama.com/hacks""]",[],,,,,False,"[""single_catalog_source"", ""no_incident_specific_reference"", ""exact_information_availability_unverified"", ""retrospective_loss_not_a_live_feature""]",in_scope,[],normalized_catalog_record,,,,,,,,,,,,,2026-01-14T00:00:00Z,False,"00:00 UTC on the calendar day after the assigned incident_date; an assumed retrospective alignment, not verified public availability.","Frozen catalog reported_loss_usd; retrospective reported amount, not verified gross theft or loss known at activation.",False
inc_03ee14b69cbe66b2,Meteora DAMM V2,2026-01-17,day,1500000,1500000,1500000,defillama,retrospective_reported_amount; gross/net and valuation basis require source verification,Social Engineering,Impersonation Scam; Social Engineering,"[""Solana""]",DeFi Protocol,2,2,"[""defillama"", ""slowmist""]","[""a25501c94953e2af"", ""c1d87fcf3167c3c1""]","[""2026-01-17""]","[{""source"": ""defillama"", ""claim_id"": ""a25501c94953e2af"", ""loss_usd"": 1500000, ""loss_basis"": ""source_amount_definition_not_fully_verified"", ""valuation_date"": null}, {""source"": ""slowmist"", ""claim_id"": ""c1d87fcf3167c3c1"", ""loss_usd"": 1500000.0, ""loss_basis"": ""source_reported_loss_not_fully_verified"", ""valuation_date"": null}]","[""https://defillama.com/hacks"", ""https://hacked.slowmist.io/en/?c=&page=15""]","[""https://defillama.com/hacks"", ""https://www.mexc.com/zh-TW/news/1064102""]",[],,,,,False,"[""exact_information_availability_unverified"", ""retrospective_loss_not_a_live_feature""]",in_scope,[],normalized_catalog_record,,,,,,,,,,,,,2026-01-18T00:00:00Z,False,"00:00 UTC on the calendar day after the assigned incident_date; an assumed retrospective alignment, not verified public availability.","Frozen catalog reported_loss_usd; retrospective reported amount, not verified gross theft or loss known at activation.",False
inc_1612873a0966c196,Makina,2026-01-19,day,4200000,4130000.0,4200000,defillama,retrospective_reported_amount; gross/net and valuation basis require source verification,Oracle Manipulation,Spot Price Manipulation; Smart Contract Vulnerability,"[""Ethereum""]",DeFi Protocol,3,3,"[""defillama"", ""slowmist"", ""rekt""]","[""fc1958d4249bb5d7"", ""5b5437ea9458e393"", ""1c1d80b9d1036ba7""]","[""2026-01-19"", ""2026-01-20""]","[{""source"": ""defillama"", ""claim_id"": ""fc1958d4249bb5d7"", ""loss_usd"": 4200000, ""loss_basis"": ""source_amount_definition_not_fully_verified"", ""valuation_date"": null}, {""source"": ""slowmist"", ""claim_id"": ""5b5437ea9458e393"", ""loss_usd"": 4130000.0, ""loss_basis"": ""source_reported_loss_not_fully_verified"", ""valuation_date"": null}, {""source"": ""rekt"", ""claim_id"": ""1c1d80b9d1036ba7"", ""loss_usd"": 4130000, ""loss_basis"": ""leaderboard_amount_may_use_later_valuation"", ""valuation_date"": null}]","[""https://defillama.com/hacks"", ""https://hacked.slowmist.io/en/?c=&page=15"", ""https://rekt.news/leaderboard/""]","[""https://defillama.com/hacks"", ""https://x.com/PeckShieldAlert/status/2013468943193645085"", ""https://rekt.news/makina-rekt""]",[],,,,,False,"[""source_date_disagreement"", ""exact_information_availability_unverified"", ""retrospective_loss_not_a_live_feature""]",in_scope,[],normalized_catalog_record,,,,,,,,,,,,,2026-01-20T00:00:00Z,False,"00:00 UTC on the calendar day after the assigned incident_date; an assumed retrospective alignment, not verified public availability.","Frozen catalog reported_loss_usd; retrospective reported amount, not verified gross theft or loss known at activation.",False
inc_cb685b6122a9b93e,Saga,2026-01-21,day,7000000,7000000,7000000,defillama,retrospective_reported_amount; gross/net and valuation basis require source verification,Token & Share Accounting,Infinite Mint; Smart Contract Vulnerability,"[""Saga""]",Chain,3,3,"[""defillama"", ""slowmist"", ""rekt""]","[""b4d2fa1d203433a7"", ""bde2d2ba7eb3b742"", ""97f77e0480244f42""]","[""2026-01-21""]","[{""source"": ""defillama"", ""claim_id"": ""b4d2fa1d203433a7"", ""loss_usd"": 7000000, ""loss_basis"": ""source_amount_definition_not_fully_verified"", ""valuation_date"": null}, {""source"": ""slowmist"", ""claim_id"": ""bde2d2ba7eb3b742"", ""loss_usd"": 7000000.0, ""loss_basis"": ""source_reported_loss_not_fully_verified"", ""valuation_date"": null}, {""source"": ""rekt"", ""claim_id"": ""97f77e0480244f42"", ""loss_usd"": 7000000, ""loss_basis"": ""leaderboard_amount_may_use_later_valuation"", ""valuation_date"": null}]","[""https://defillama.com/hacks"", ""https://hacked.slowmist.io/en/?c=&page=15"", ""https://rekt.news/leaderboard/""]","[""https://defillama.com/hacks"", ""https://x.com/Sagaxyz__/status/2014144936631738532"", ""https://rekt.news/saga-rekt""]",[],,,,,False,"[""exact_information_availability_unverified"", ""retrospective_loss_not_a_live_feature""]",in_scope,[],normalized_catalog_record,,,,,,,,,,,,,2026-01-22T00:00:00Z,True,"00:00 UTC on the calendar day after the assigned incident_date; an assumed retrospective alignment, not verified public availability.","Frozen catalog reported_loss_usd; retrospective reported amount, not verified gross theft or loss known at activation.",False
inc_2a1547165732f04c,Aperture LM,2026-01-25,day,3670000,3670000,3670000,defillama,retrospective_reported_amount; gross/net and valuation basis require source verification,Access Control,Token Approval Abuse; Smart Contract Vulnerability,"[""BSC"", ""Base"", ""Ethereum""]",DeFi Protocol,2,2,"[""defillama"", ""slowmist""]","[""be9a483817eab0ed"", ""829943a6a766ea01""]","[""2026-01-25""]","[{""source"": ""defillama"", ""claim_id"": ""be9a483817eab0ed"", ""loss_usd"": 3670000, ""loss_basis"": ""source_amount_definition_not_fully_verified"", ""valuation_date"": null}, {""source"": ""slowmist"", ""claim_id"": ""829943a6a766ea01"", ""loss_usd"": 3670000.0, ""loss_basis"": ""source_reported_loss_not_fully_verified"", ""valuation_date"": null}]","[""https://defillama.com/hacks"", ""https://hacked.slowmist.io/en/?c=&page=15""]","[""https://defillama.com/hacks"", ""https://x.com/ApertureFinance/status/2015938720453820752""]",[],,,,,False,"[""exact_information_availability_unverified"", ""retrospective_loss_not_a_live_feature""]",in_scope,[],normalized_catalog_record,,,,,,,,,,,,,2026-01-26T00:00:00Z,False,"00:00 UTC on the calendar day after the assigned incident_date; an assumed retrospective alignment, not verified public availability.","Frozen catalog reported_loss_usd; retrospective reported amount, not verified gross theft or loss known at activation.",False
inc_2771f0a2ac78dd82,SwapNet (affected Matcha users),2026-01-25,day,13430000,13430000,13430000,defillama,"Catalog estimate; SwapNet contract approval exploit, not demonstrated compromise of Matcha core",Frontend & Infrastructure,Frontend Compromise; Smart Contract Vulnerability,"[""Base"", ""Ethereum""]",DeFi Protocol,2,2,"[""defillama"", ""slowmist""]","[""1c102b886904ac93"", ""471fc06ae03de8cc""]","[""2026-01-25""]","[{""source"": ""defillama"", ""claim_id"": ""1c102b886904ac93"", ""loss_usd"": 13430000, ""loss_basis"": ""source_amount_definition_not_fully_verified"", ""valuation_date"": null}, {""source"": ""slowmist"", ""claim_id"": ""471fc06ae03de8cc"", ""loss_usd"": 13430000.0, ""loss_basis"": ""source_reported_loss_not_fully_verified"", ""valuation_date"": null}]","[""https://defillama.com/hacks"", ""https://hacked.slowmist.io/en/?c=&page=15""]","[""https://defillama.com/hacks"", ""https://x.com/PeckShieldAlert/status/2015608261119217671"", ""https://x.com/PeckShieldAlert/status/2015608261119217671""]",[],,,,,False,"[""exact_information_availability_unverified"", ""retrospective_loss_not_a_live_feature""]",in_scope,"[""Merge reports of the same incident: Matcha, SwapNet. Dates, victim/product identity, attack context and amounts support one event. Preserve all source loss claims; do not sum reports."", ""Merge reports of the same incident: Matcha, SwapNet. Dates, victim/product identity, attack context and amounts support one event. Preserve all source loss claims; do not sum reports.""]",manually_adjudicated_fields,,,,,,,Source explicitly distinguishes SwapNet vulnerability from unaffected Matcha/0x core contracts. Preserve original conflicting classifications in claims.,,,,,,2026-01-26T00:00:00Z,True,"00:00 UTC on the calendar day after the assigned incident_date; an assumed retrospective alignment, not verified public availability.","Frozen catalog reported_loss_usd; retrospective reported amount, not verified gross theft or loss known at activation.",False
inc_5b0018a9da3fe5d0,Step Finance,2026-01-31,day,40000000,27300000,40000000,defillama,retrospective_reported_amount; gross/net and valuation basis require source verification,Key Compromise,Private Key Compromised; Private Key Leakage,"[""Solana""]",DeFi Protocol,3,3,"[""defillama"", ""slowmist"", ""rekt""]","[""daad4efae4efda9b"", ""9039976bc9061267"", ""341f123468b2ad20""]","[""2026-01-31""]","[{""source"": ""defillama"", ""claim_id"": ""daad4efae4efda9b"", ""loss_usd"": 40000000, ""loss_basis"": ""source_amount_definition_not_fully_verified"", ""valuation_date"": null}, {""source"": ""slowmist"", ""claim_id"": ""9039976bc9061267"", ""loss_usd"": 40000000.0, ""loss_basis"": ""source_reported_loss_not_fully_verified"", ""valuation_date"": null}, {""source"": ""rekt"", ""claim_id"": ""341f123468b2ad20"", ""loss_usd"": 27300000, ""loss_basis"": ""leaderboard_amount_may_use_later_valuation"", ""valuation_date"": null}]","[""https://defillama.com/hacks"", ""https://hacked.slowmist.io/en/?c=&page=15"", ""https://rekt.news/leaderboard/""]","[""https://defillama.com/hacks"", ""https://x.com/StepFinance_/status/2018379876642804213"", ""https://rekt.news/step-finance-rekt""]",[],,,,,False,"[""loss_estimates_differ_over_5pct"", ""exact_information_availability_unverified"", ""retrospective_loss_not_a_live_feature""]",in_scope,[],normalized_catalog_record,,,,,,,,,,,,,2026-02-01T00:00:00Z,True,"00:00 UTC on the calendar day after the assigned incident_date; an assumed retrospective alignment, not verified public availability.","Frozen catalog reported_loss_usd; retrospective reported amount, not verified gross theft or loss known at activation.",False
inc_917f058d7995e5ed,CrossCurve,2026-02-01,day,3000000,3000000,3000000,defillama,retrospective_reported_amount; gross/net and valuation basis require source verification,Bridge & Cross-Chain,Cross-Chain Message Spoofing; Smart Contract Vulnerability,[],DeFi Protocol,2,2,"[""defillama"", ""slowmist""]","[""0856b49c657267ca"", ""76663ee2bb266d22""]","[""2026-02-01""]","[{""source"": ""defillama"", ""claim_id"": ""0856b49c657267ca"", ""loss_usd"": 3000000, ""loss_basis"": ""source_amount_definition_not_fully_verified"", ""valuation_date"": null}, {""source"": ""slowmist"", ""claim_id"": ""76663ee2bb266d22"", ""loss_usd"": 3000000.0, ""loss_basis"": ""source_reported_loss_not_fully_verified"", ""valuation_date"": null}]","[""https://defillama.com/hacks"", ""https://hacked.slowmist.io/en/?c=&page=15""]","[""https://defillama.com/hacks"", ""https://www.theblock.co/post/387939/crosscurve-bridge-exploited-for-approximately-3-million-across-multiple-chains-via-spoofed-messages""]",[],,,,,False,"[""exact_information_availability_unverified"", ""retrospective_loss_not_a_live_feature""]",in_scope,[],normalized_catalog_record,,,,,,,,,,,,,2026-02-02T00:00:00Z,False,"00:00 UTC on the calendar day after the assigned incident_date; an assumed retrospective alignment, not verified public availability.","Frozen catalog reported_loss_usd; retrospective reported amount, not verified gross theft or loss known at activation.",False
inc_2a0e0431a8af3bde,Moonwell Lending,2026-02-15,day,1780000,1780000,1780000,defillama,retrospective_reported_amount; gross/net and valuation basis require source verification,Oracle Manipulation,Oracle Misconfiguration,"[""Base""]",DeFi Protocol,3,3,"[""defillama"", ""slowmist"", ""rekt""]","[""e1bcc293efc16297"", ""7028529dcb76eccf"", ""bd4bd8dd4d27b1e7""]","[""2026-02-15""]","[{""source"": ""defillama"", ""claim_id"": ""e1bcc293efc16297"", ""loss_usd"": 1780000, ""loss_basis"": ""source_amount_definition_not_fully_verified"", ""valuation_date"": null}, {""source"": ""slowmist"", ""claim_id"": ""7028529dcb76eccf"", ""loss_usd"": 1780000.0, ""loss_basis"": ""source_reported_loss_not_fully_verified"", ""valuation_date"": null}, {""source"": ""rekt"", ""claim_id"": ""bd4bd8dd4d27b1e7"", ""loss_usd"": 1780000, ""loss_basis"": ""leaderboard_amount_may_use_later_valuation"", ""valuation_date"": null}]","[""https://defillama.com/hacks"", ""https://hacked.slowmist.io/en/?c=&page=15"", ""https://rekt.news/leaderboard/""]","[""https://defillama.com/hacks"", ""https://decrypt.co/358374/oracle-error-leaves-defi-lender-moonwell-1-8-million-bad-debt"", ""https://rekt.news/moonwell-rekt""]",[],,,,,False,"[""exact_information_availability_unverified"", ""retrospective_loss_not_a_live_feature""]",in_scope,[],normalized_catalog_record,,,,,,,,,,,,,2026-02-16T00:00:00Z,False,"00:00 UTC on the calendar day after the assigned incident_date; an assumed retrospective alignment, not verified public availability.","Frozen catalog reported_loss_usd; retrospective reported amount, not verified gross theft or loss known at activation.",False
inc_2896ad00a1129e30,IoTeX,2026-02-21,day,4400000,4400000,4400000,defillama,retrospective_reported_amount; gross/net and valuation basis require source verification,Key Compromise,Validator Key Compromised; Private Key Leakage,"[""Ethereum""]",DeFi Protocol,2,2,"[""defillama"", ""slowmist""]","[""eb93b7a9d9965ff7"", ""77a5e68e99456f17""]","[""2026-02-21""]","[{""source"": ""defillama"", ""claim_id"": ""eb93b7a9d9965ff7"", ""loss_usd"": 4400000, ""loss_basis"": ""source_amount_definition_not_fully_verified"", ""valuation_date"": null}, {""source"": ""slowmist"", ""claim_id"": ""77a5e68e99456f17"", ""loss_usd"": 4400000.0, ""loss_basis"": ""source_reported_loss_not_fully_verified"", ""valuation_date"": null}]","[""https://defillama.com/hacks"", ""https://hacked.slowmist.io/en/?c=&page=15""]","[""https://defillama.com/hacks"", ""https://x.com/iotex_io/status/2025824807120412842""]",[],,,,,False,"[""exact_information_availability_unverified"", ""retrospective_loss_not_a_live_feature""]",in_scope,[],normalized_catalog_record,,,,,,,,,,,,,2026-02-22T00:00:00Z,False,"00:00 UTC on the calendar day after the assigned incident_date; an assumed retrospective alignment, not verified public availability.","Frozen catalog reported_loss_usd; retrospective reported amount, not verified gross theft or loss known at activation.",False
inc_faa79981a904a2e8,Blend Pools V2,2026-02-22,day,10970000,10200000.0,10970000,defillama,retrospective_reported_amount; gross/net and valuation basis require source verification,Oracle Manipulation,Spot Price Manipulation; Oracle Manipulation Attack,"[""Stellar""]",DeFi Protocol,2,2,"[""defillama"", ""slowmist""]","[""632337bd3edea4c7"", ""029d43abc1a40bce""]","[""2026-02-22""]","[{""source"": ""defillama"", ""claim_id"": ""632337bd3edea4c7"", ""loss_usd"": 10970000, ""loss_basis"": ""source_amount_definition_not_fully_verified"", ""valuation_date"": null}, {""source"": ""slowmist"", ""claim_id"": ""029d43abc1a40bce"", ""loss_usd"": 10200000.0, ""loss_basis"": ""source_reported_loss_not_fully_verified"", ""valuation_date"": null}]","[""https://defillama.com/hacks"", ""https://hacked.slowmist.io/en/?c=&page=14""]","[""https://defillama.com/hacks"", ""https://x.com/blockaid_/status/2057118828740374669?s=46&t=DLwbX9Nw4QECiyZQ0av-fg""]",[],,,,,False,"[""loss_estimates_differ_over_5pct"", ""exact_information_availability_unverified"", ""retrospective_loss_not_a_live_feature""]",in_scope,[],normalized_catalog_record,,,,,,,,,,,,,2026-02-23T00:00:00Z,True,"00:00 UTC on the calendar day after the assigned incident_date; an assumed retrospective alignment, not verified public availability.","Frozen catalog reported_loss_usd; retrospective reported amount, not verified gross theft or loss known at activation.",False
inc_b810e0e44e7355c3,FOOM Cash,2026-03-02,day,2260000,2260000,2260000,defillama,retrospective_reported_amount; gross/net and valuation basis require source verification,Bridge & Cross-Chain,Forged Proof; Smart Contract Vulnerability,"[""Base"", ""Ethereum""]",DeFi Protocol,2,2,"[""defillama"", ""slowmist""]","[""1788193c6d1a37d6"", ""92840bf2e45e51b5""]","[""2026-02-26"", ""2026-03-02""]","[{""source"": ""defillama"", ""claim_id"": ""1788193c6d1a37d6"", ""loss_usd"": 2260000, ""loss_basis"": ""source_amount_definition_not_fully_verified"", ""valuation_date"": null}, {""source"": ""slowmist"", ""claim_id"": ""92840bf2e45e51b5"", ""loss_usd"": 2260000.0, ""loss_basis"": ""source_reported_loss_not_fully_verified"", ""valuation_date"": null}]","[""https://defillama.com/hacks"", ""https://hacked.slowmist.io/en/?c=&page=14""]","[""https://defillama.com/hacks"", ""https://x.com/gopluszh/status/2027002497911623960?s=46&t=DLwbX9Nw4QECiyZQ0av-fg""]",[],,,,,False,"[""source_date_disagreement"", ""exact_information_availability_unverified"", ""retrospective_loss_not_a_live_feature""]",in_scope,[],normalized_catalog_record,,,,,,,,,,,,,2026-03-03T00:00:00Z,False,"00:00 UTC on the calendar day after the assigned incident_date; an assumed retrospective alignment, not verified public availability.","Frozen catalog reported_loss_usd; retrospective reported amount, not verified gross theft or loss known at activation.",False
inc_ebdbeb74a526979c,SolvBTC,2026-03-06,day,2700000,2700000,2730000,defillama,retrospective_reported_amount; gross/net and valuation basis require source verification,Token & Share Accounting,Infinite Mint; Smart Contract Vulnerability,"[""Ethereum""]",DeFi Protocol,3,3,"[""defillama"", ""slowmist"", ""rekt""]","[""ad1f0791be9758ea"", ""fb40c4e7b50cdfaf"", ""2c228352a77001aa""]","[""2026-03-05"", ""2026-03-06""]","[{""source"": ""defillama"", ""claim_id"": ""ad1f0791be9758ea"", ""loss_usd"": 2700000, ""loss_basis"": ""source_amount_definition_not_fully_verified"", ""valuation_date"": null}, {""source"": ""slowmist"", ""claim_id"": ""fb40c4e7b50cdfaf"", ""loss_usd"": 2700000.0, ""loss_basis"": ""source_reported_loss_not_fully_verified"", ""valuation_date"": null}, {""source"": ""rekt"", ""claim_id"": ""2c228352a77001aa"", ""loss_usd"": 2730000, ""loss_basis"": ""leaderboard_amount_may_use_later_valuation"", ""valuation_date"": null}]","[""https://defillama.com/hacks"", ""https://hacked.slowmist.io/en/?c=&page=14"", ""https://rekt.news/leaderboard/""]","[""https://defillama.com/hacks"", ""https://x.com/SolvProtocol/status/2029612210490933697"", ""https://rekt.news/solv-rekt""]",[],,,,,False,"[""source_date_disagreement"", ""exact_information_availability_unverified"", ""retrospective_loss_not_a_live_feature""]",in_scope,"[""Merge reports of the same incident: Solv Protocol, SolvBTC. Dates, victim/product identity, attack context and amounts support one event. Preserve all source loss claims; do not sum reports."", ""Merge reports of the same incident: Solv Protocol, SolvBTC. Dates, victim/product identity, attack context and amounts support one event. Preserve all source loss claims; do not sum reports."", ""Merge reports of the same incident: Solv Protocol, SolvBTC. Dates, victim/product identity, attack context and amounts support one event. Preserve all source loss claims; do not sum reports.""]",normalized_catalog_record,,,,,,,,,,,,,2026-03-07T00:00:00Z,False,"00:00 UTC on the calendar day after the assigned incident_date; an assumed retrospective alignment, not verified public availability.","Frozen catalog reported_loss_usd; retrospective reported amount, not verified gross theft or loss known at activation.",False
inc_ab1e8e0d38dacf4c,Venus Core Pool,2026-03-15,day,3700000,3700000,3700000,defillama,retrospective_reported_amount; gross/net and valuation basis require source verification,Token & Share Accounting,Donation Attack,"[""BSC""]",DeFi Protocol,3,3,"[""defillama"", ""slowmist"", ""rekt""]","[""76a6e3e0540ec95f"", ""4b843964e84fb59b"", ""edc71345bab6ab80""]","[""2026-03-15""]","[{""source"": ""defillama"", ""claim_id"": ""76a6e3e0540ec95f"", ""loss_usd"": 3700000, ""loss_basis"": ""source_amount_definition_not_fully_verified"", ""valuation_date"": null}, {""source"": ""slowmist"", ""claim_id"": ""4b843964e84fb59b"", ""loss_usd"": 3700000.0, ""loss_basis"": ""source_reported_loss_not_fully_verified"", ""valuation_date"": null}, {""source"": ""rekt"", ""claim_id"": ""edc71345bab6ab80"", ""loss_usd"": 3700000, ""loss_basis"": ""leaderboard_amount_may_use_later_valuation"", ""valuation_date"": null}]","[""https://defillama.com/hacks"", ""https://hacked.slowmist.io/en/?c=&page=13"", ""https://rekt.news/leaderboard/""]","[""https://defillama.com/hacks"", ""https://x.com/VenusProtocol/status/2033241018704044377"", ""https://rekt.news/venus-protocol-rekt4""]",[],,,,,False,"[""exact_information_availability_unverified"", ""retrospective_loss_not_a_live_feature""]",in_scope,"[""Merge reports of the same incident: Venus Core Pool, Venus Protocol. Dates, victim/product identity, attack context and amounts support one event. Preserve all source loss claims; do not sum reports."", ""Merge reports of the same incident: Venus Core Pool, Venus Protocol. Dates, victim/product identity, attack context and amounts support one event. Preserve all source loss claims; do not sum reports."", ""Merge reports of the same incident: Venus Core Pool, Venus Protocol. Dates, victim/product identity, attack context and amounts support one event. Preserve all source loss claims; do not sum reports.""]",normalized_catalog_record,,,,,,,,,,,,,2026-03-16T00:00:00Z,False,"00:00 UTC on the calendar day after the assigned incident_date; an assumed retrospective alignment, not verified public availability.","Frozen catalog reported_loss_usd; retrospective reported amount, not verified gross theft or loss known at activation.",False
inc_c62e2c0ef3756da5,Resolv USR,2026-03-21,day,24500000,24500000,25000000.0,defillama,retrospective_reported_amount; gross/net and valuation basis require source verification,Frontend & Infrastructure,Key Leaked via Infrastructure; Private Key Leakage,"[""Ethereum""]",DeFi Protocol,3,3,"[""defillama"", ""slowmist"", ""rekt""]","[""17293e80bc5c97a0"", ""9e47385e53fea823"", ""5994398b488fbe26""]","[""2026-03-21"", ""2026-03-22""]","[{""source"": ""defillama"", ""claim_id"": ""17293e80bc5c97a0"", ""loss_usd"": 24500000, ""loss_basis"": ""source_amount_definition_not_fully_verified"", ""valuation_date"": null}, {""source"": ""slowmist"", ""claim_id"": ""9e47385e53fea823"", ""loss_usd"": 25000000.0, ""loss_basis"": ""source_reported_loss_not_fully_verified"", ""valuation_date"": null}, {""source"": ""rekt"", ""claim_id"": ""5994398b488fbe26"", ""loss_usd"": 25000000, ""loss_basis"": ""leaderboard_amount_may_use_later_valuation"", ""valuation_date"": null}]","[""https://defillama.com/hacks"", ""https://hacked.slowmist.io/en/?c=&page=13"", ""https://rekt.news/leaderboard/""]","[""https://defillama.com/hacks"", ""https://x.com/PeckShieldAlert/status/2035565047133401563"", ""https://rekt.news/resolv-labs-rekt""]",[],,,,,False,"[""source_date_disagreement"", ""exact_information_availability_unverified"", ""retrospective_loss_not_a_live_feature""]",in_scope,[],normalized_catalog_record,,,,,,,,,,,,,2026-03-22T00:00:00Z,True,"00:00 UTC on the calendar day after the assigned incident_date; an assumed retrospective alignment, not verified public availability.","Frozen catalog reported_loss_usd; retrospective reported amount, not verified gross theft or loss known at activation.",False
inc_a5a144cca4c7ea1a,Bitcoin Depot,2026-03-23,day,3665000.0,3665000.0,3665000.0,slowmist,retrospective_reported_amount; gross/net and valuation basis require source verification,,Credential Compromise,[],,1,1,"[""slowmist""]","[""fe244c0b26c3378a""]","[""2026-03-23""]","[{""source"": ""slowmist"", ""claim_id"": ""fe244c0b26c3378a"", ""loss_usd"": 3665000.0, ""loss_basis"": ""source_reported_loss_not_fully_verified"", ""valuation_date"": null}]","[""https://hacked.slowmist.io/en/?c=&page=13""]","[""https://decrypt.co/363734/bitcoin-depot-atm-operator-3-6-million-btc-stolen-security-breach""]",[],,,,,False,"[""single_catalog_source"", ""exact_information_availability_unverified"", ""retrospective_loss_not_a_live_feature""]",in_scope,[],normalized_catalog_record,,,,,,,,,,,,,2026-03-24T00:00:00Z,False,"00:00 UTC on the calendar day after the assigned incident_date; an assumed retrospective alignment, not verified public availability.","Frozen catalog reported_loss_usd; retrospective reported amount, not verified gross theft or loss known at activation.",False
inc_e61a68602d71d131,Drift Trade,2026-04-01,day,295000000,285000000.0,295000000,defillama,retrospective_reported_amount; gross/net and valuation basis require source verification,Access Control,Proxy Upgrade Hijack; Social Engineering,"[""Solana""]",DeFi Protocol,3,3,"[""defillama"", ""slowmist"", ""rekt""]","[""ce1088ae29cb3ed4"", ""6061921af0da5016"", ""6b0838c12159fdf8""]","[""2025-04-01"", ""2026-04-01""]","[{""source"": ""defillama"", ""claim_id"": ""ce1088ae29cb3ed4"", ""loss_usd"": 295000000, ""loss_basis"": ""source_amount_definition_not_fully_verified"", ""valuation_date"": null}, {""source"": ""slowmist"", ""claim_id"": ""6061921af0da5016"", ""loss_usd"": 285000000.0, ""loss_basis"": ""source_reported_loss_not_fully_verified"", ""valuation_date"": null}, {""source"": ""rekt"", ""claim_id"": ""6b0838c12159fdf8"", ""loss_usd"": 285000000, ""loss_basis"": ""leaderboard_amount_may_use_later_valuation"", ""valuation_date"": null}]","[""https://defillama.com/hacks"", ""https://hacked.slowmist.io/en/?c=&page=13"", ""https://rekt.news/leaderboard/""]","[""https://defillama.com/hacks"", ""https://x.com/OnchainLens/status/2039507495044194391"", ""https://rekt.news/drift-protocol-rekt""]",[],,,,,False,"[""source_date_disagreement"", ""exact_information_availability_unverified"", ""retrospective_loss_not_a_live_feature""]",in_scope,"[""Rekt leaderboard incident date says 2025 while other catalogs date this event to 2026. Preserve the disagreement; group with April 2026 pending primary chronology verification.""]",normalized_catalog_record,,,,,,,,,,,,,2026-04-02T00:00:00Z,True,"00:00 UTC on the calendar day after the assigned incident_date; an assumed retrospective alignment, not verified public availability.","Frozen catalog reported_loss_usd; retrospective reported amount, not verified gross theft or loss known at activation.",False
inc_ae00de65dfb90119,BSC TMM/USDT,2026-04-04,day,1665000,1665000,1665000,defillama,retrospective_reported_amount; gross/net and valuation basis require source verification,Access Control,Improper Access Control; Reserve Manipulation Attack,"[""BSC""]",DeFi Protocol,2,2,"[""defillama"", ""slowmist""]","[""2386cb24a3faec33"", ""1c72338b37312a42""]","[""2026-04-04""]","[{""source"": ""defillama"", ""claim_id"": ""2386cb24a3faec33"", ""loss_usd"": 1665000, ""loss_basis"": ""source_amount_definition_not_fully_verified"", ""valuation_date"": null}, {""source"": ""slowmist"", ""claim_id"": ""1c72338b37312a42"", ""loss_usd"": 1665000.0, ""loss_basis"": ""source_reported_loss_not_fully_verified"", ""valuation_date"": null}]","[""https://defillama.com/hacks"", ""https://hacked.slowmist.io/en/?c=&page=12""]","[""https://defillama.com/hacks"", ""https://x.com/exvulsec/status/2040649377803546859""]",[],,,,,False,"[""exact_information_availability_unverified"", ""retrospective_loss_not_a_live_feature""]",in_scope,[],normalized_catalog_record,,,,,,,,,,,,,2026-04-05T00:00:00Z,False,"00:00 UTC on the calendar day after the assigned incident_date; an assumed retrospective alignment, not verified public availability.","Frozen catalog reported_loss_usd; retrospective reported amount, not verified gross theft or loss known at activation.",False
inc_9d610f559b8e860d,Hyperbridge,2026-04-12,day,2500000,2500000,2500000,defillama,retrospective_reported_amount; gross/net and valuation basis require source verification,Bridge & Cross-Chain,Forged Proof; Smart Contract Vulnerability,"[""Arbitrum"", ""BSC"", ""Base"", ""Ethereum""]",DeFi Protocol,3,3,"[""defillama"", ""slowmist"", ""rekt""]","[""f6fabe0e448e53ab"", ""6794dc359ea50b04"", ""03a16500d5c1fad5""]","[""2026-04-12"", ""2026-04-13""]","[{""source"": ""defillama"", ""claim_id"": ""f6fabe0e448e53ab"", ""loss_usd"": 2500000, ""loss_basis"": ""source_amount_definition_not_fully_verified"", ""valuation_date"": null}, {""source"": ""slowmist"", ""claim_id"": ""6794dc359ea50b04"", ""loss_usd"": 2500000.0, ""loss_basis"": ""source_reported_loss_not_fully_verified"", ""valuation_date"": null}, {""source"": ""rekt"", ""claim_id"": ""03a16500d5c1fad5"", ""loss_usd"": 2500000, ""loss_basis"": ""leaderboard_amount_may_use_later_valuation"", ""valuation_date"": null}]","[""https://defillama.com/hacks"", ""https://hacked.slowmist.io/en/?c=&page=12"", ""https://rekt.news/leaderboard/""]","[""https://defillama.com/hacks"", ""https://x.com/CertiKAlert/status/2043557571609731268"", ""https://rekt.news/hyperbridge-rekt""]",[],,,,,False,"[""source_date_disagreement"", ""exact_information_availability_unverified"", ""retrospective_loss_not_a_live_feature""]",in_scope,[],normalized_catalog_record,,,,,,,,,,,,,2026-04-13T00:00:00Z,False,"00:00 UTC on the calendar day after the assigned incident_date; an assumed retrospective alignment, not verified public availability.","Frozen catalog reported_loss_usd; retrospective reported amount, not verified gross theft or loss known at activation.",False
inc_d4d22589c710e68d,Dango,2026-04-13,day,1900000,1900000,1900000,defillama,retrospective_reported_amount; gross/net and valuation basis require source verification,Input Validation,Missing Input Validation; Insurance Fund Logic Vulnerability,"[""Dango""]",DeFi Protocol,2,2,"[""defillama"", ""slowmist""]","[""4e473a4e1c0cd054"", ""8342a2f6707a683a""]","[""2026-04-13""]","[{""source"": ""defillama"", ""claim_id"": ""4e473a4e1c0cd054"", ""loss_usd"": 1900000, ""loss_basis"": ""source_amount_definition_not_fully_verified"", ""valuation_date"": null}, {""source"": ""slowmist"", ""claim_id"": ""8342a2f6707a683a"", ""loss_usd"": 1900000.0, ""loss_basis"": ""source_reported_loss_not_fully_verified"", ""valuation_date"": null}]","[""https://defillama.com/hacks"", ""https://hacked.slowmist.io/en/?c=&page=12""]","[""https://defillama.com/hacks"", ""https://x.com/dango/status/2043710283244331409""]",[],,,,,False,"[""exact_information_availability_unverified"", ""retrospective_loss_not_a_live_feature""]",in_scope,[],normalized_catalog_record,,,,,,,,,,,,,2026-04-14T00:00:00Z,False,"00:00 UTC on the calendar day after the assigned incident_date; an assumed retrospective alignment, not verified public availability.","Frozen catalog reported_loss_usd; retrospective reported amount, not verified gross theft or loss known at activation.",False
inc_4940f9e7ffda99c4,CoW Swap,2026-04-14,day,1200000,1200000,1200000,defillama,retrospective_reported_amount; gross/net and valuation basis require source verification,Frontend & Infrastructure,DNS Hijack; Supply-chain attack,"[""Ethereum""]",DeFi Protocol,2,2,"[""defillama"", ""slowmist""]","[""1d03eeb0d4f985fa"", ""66ab84c12688f09f""]","[""2026-04-14""]","[{""source"": ""defillama"", ""claim_id"": ""1d03eeb0d4f985fa"", ""loss_usd"": 1200000, ""loss_basis"": ""source_amount_definition_not_fully_verified"", ""valuation_date"": null}, {""source"": ""slowmist"", ""claim_id"": ""66ab84c12688f09f"", ""loss_usd"": 1200000.0, ""loss_basis"": ""source_reported_loss_not_fully_verified"", ""valuation_date"": null}]","[""https://defillama.com/hacks"", ""https://hacked.slowmist.io/en/?c=&page=12""]","[""https://defillama.com/hacks"", ""https://x.com/CoWSwap/status/2044089359058501893""]",[],,,,,False,"[""exact_information_availability_unverified"", ""retrospective_loss_not_a_live_feature""]",in_scope,[],normalized_catalog_record,,,,,,,,,,,,,2026-04-15T00:00:00Z,False,"00:00 UTC on the calendar day after the assigned incident_date; an assumed retrospective alignment, not verified public availability.","Frozen catalog reported_loss_usd; retrospective reported amount, not verified gross theft or loss known at activation.",False
inc_09e5e82c3ce185a4,Grinex,2026-04-16,day,13740000,13740000,15000000.0,defillama,retrospective_reported_amount; gross/net and valuation basis require source verification,Key Compromise,Hot Wallet Key Compromised; Hot Wallet Infrastructure Breach,"[""Ethereum"", ""Tron""]",CEX,2,2,"[""defillama"", ""slowmist""]","[""d368b8fd5f5c5a4a"", ""0dcacd103f47b5c0""]","[""2026-04-16""]","[{""source"": ""defillama"", ""claim_id"": ""d368b8fd5f5c5a4a"", ""loss_usd"": 13740000, ""loss_basis"": ""source_amount_definition_not_fully_verified"", ""valuation_date"": null}, {""source"": ""slowmist"", ""claim_id"": ""0dcacd103f47b5c0"", ""loss_usd"": 15000000.0, ""loss_basis"": ""source_reported_loss_not_fully_verified"", ""valuation_date"": null}]","[""https://defillama.com/hacks"", ""https://hacked.slowmist.io/en/?c=&page=12""]","[""https://defillama.com/hacks"", ""https://www.theblock.co/post/397814/russia-linked-grinex-exchange-suspends-operations-15-million-hack-hostile-states""]",[],,,,,False,"[""loss_estimates_differ_over_5pct"", ""exact_information_availability_unverified"", ""retrospective_loss_not_a_live_feature""]",in_scope,[],normalized_catalog_record,,,,,,,,,,,,,2026-04-17T00:00:00Z,True,"00:00 UTC on the calendar day after the assigned incident_date; an assumed retrospective alignment, not verified public availability.","Frozen catalog reported_loss_usd; retrospective reported amount, not verified gross theft or loss known at activation.",False
inc_90e75aff75d70ef6,Rhea Lend,2026-04-16,day,18400000,18400000,18400000,defillama,retrospective_reported_amount; gross/net and valuation basis require source verification,Oracle Manipulation,Spot Price Manipulation; Slippage Protection Logic Flaw,"[""Near""]",DeFi Protocol,3,3,"[""defillama"", ""slowmist"", ""rekt""]","[""1eb60945a8d1e1af"", ""ec207cb4c2321ff4"", ""c4da7e99eeefb604""]","[""2026-04-16""]","[{""source"": ""defillama"", ""claim_id"": ""1eb60945a8d1e1af"", ""loss_usd"": 18400000, ""loss_basis"": ""source_amount_definition_not_fully_verified"", ""valuation_date"": null}, {""source"": ""slowmist"", ""claim_id"": ""ec207cb4c2321ff4"", ""loss_usd"": 18400000.0, ""loss_basis"": ""source_reported_loss_not_fully_verified"", ""valuation_date"": null}, {""source"": ""rekt"", ""claim_id"": ""c4da7e99eeefb604"", ""loss_usd"": 18400000, ""loss_basis"": ""leaderboard_amount_may_use_later_valuation"", ""valuation_date"": null}]","[""https://defillama.com/hacks"", ""https://hacked.slowmist.io/en/?c=&page=12"", ""https://rekt.news/leaderboard/""]","[""https://defillama.com/hacks"", ""https://x.com/rhea_finance/status/2045203607856042118"", ""https://rekt.news/rhea-finance-rekt""]",[],,,,,False,"[""exact_information_availability_unverified"", ""retrospective_loss_not_a_live_feature""]",in_scope,"[""Merge reports of the same incident: Rhea Finance, Rhea Lend. Dates, victim/product identity, attack context and amounts support one event. Preserve all source loss claims; do not sum reports."", ""Merge reports of the same incident: Rhea Finance, Rhea Lend. Dates, victim/product identity, attack context and amounts support one event. Preserve all source loss claims; do not sum reports."", ""Merge reports of the same incident: Rhea Finance, Rhea Lend. Dates, victim/product identity, attack context and amounts support one event. Preserve all source loss claims; do not sum reports.""]",normalized_catalog_record,,,,,,,,,,,,,2026-04-17T00:00:00Z,True,"00:00 UTC on the calendar day after the assigned incident_date; an assumed retrospective alignment, not verified public availability.","Frozen catalog reported_loss_usd; retrospective reported amount, not verified gross theft or loss known at activation.",False
inc_e3de1dd1519674e9,Kelp,2026-04-18,day,293000000,290000000,293000000,defillama,retrospective_reported_amount; gross/net and valuation basis require source verification,Bridge & Cross-Chain,Cross-Chain Message Spoofing; Supply Chain Attack,"[""Arbitrum"", ""Ethereum""]",DeFi Protocol,3,3,"[""defillama"", ""slowmist"", ""rekt""]","[""a43b584575762abc"", ""d79c187c5d09c515"", ""fbc3b9a8ea733a8f""]","[""2026-04-18""]","[{""source"": ""defillama"", ""claim_id"": ""a43b584575762abc"", ""loss_usd"": 293000000, ""loss_basis"": ""source_amount_definition_not_fully_verified"", ""valuation_date"": null}, {""source"": ""slowmist"", ""claim_id"": ""d79c187c5d09c515"", ""loss_usd"": 293000000.0, ""loss_basis"": ""source_reported_loss_not_fully_verified"", ""valuation_date"": null}, {""source"": ""rekt"", ""claim_id"": ""fbc3b9a8ea733a8f"", ""loss_usd"": 290000000, ""loss_basis"": ""leaderboard_amount_may_use_later_valuation"", ""valuation_date"": null}]","[""https://defillama.com/hacks"", ""https://hacked.slowmist.io/en/?c=&page=12"", ""https://rekt.news/leaderboard/""]","[""https://defillama.com/hacks"", ""https://x.com/LayerZero_Core/status/2046081551574983137"", ""https://rekt.news/kelpdao-rekt""]",[],,,,,False,"[""exact_information_availability_unverified"", ""retrospective_loss_not_a_live_feature""]",in_scope,[],normalized_catalog_record,,,,,,,,,,,,,2026-04-19T00:00:00Z,True,"00:00 UTC on the calendar day after the assigned incident_date; an assumed retrospective alignment, not verified public availability.","Frozen catalog reported_loss_usd; retrospective reported amount, not verified gross theft or loss known at activation.",False
inc_d98edd0903f606ed,Volo Vault,2026-04-21,day,3500000,3500000,3500000,defillama,retrospective_reported_amount; gross/net and valuation basis require source verification,Key Compromise,Private Key Compromised; Private Key Leakage,"[""Sui""]",DeFi Protocol,2,2,"[""defillama"", ""slowmist""]","[""3988b1d753dbdf5a"", ""7cd9c36285424d98""]","[""2026-04-21""]","[{""source"": ""defillama"", ""claim_id"": ""3988b1d753dbdf5a"", ""loss_usd"": 3500000, ""loss_basis"": ""source_amount_definition_not_fully_verified"", ""valuation_date"": null}, {""source"": ""slowmist"", ""claim_id"": ""7cd9c36285424d98"", ""loss_usd"": 3500000.0, ""loss_basis"": ""source_reported_loss_not_fully_verified"", ""valuation_date"": null}]","[""https://defillama.com/hacks"", ""https://hacked.slowmist.io/en/?c=&page=11""]","[""https://defillama.com/hacks"", ""https://x.com/volo_sui/status/2046715584201511351""]",[],,,,,False,"[""exact_information_availability_unverified"", ""retrospective_loss_not_a_live_feature""]",in_scope,[],normalized_catalog_record,,,,,,,,,,,,,2026-04-22T00:00:00Z,False,"00:00 UTC on the calendar day after the assigned incident_date; an assumed retrospective alignment, not verified public availability.","Frozen catalog reported_loss_usd; retrospective reported amount, not verified gross theft or loss known at activation.",False
inc_f89b8f526fd7b04d,Giddy,2026-04-23,day,1300000,1300000,1300000,defillama,retrospective_reported_amount; gross/net and valuation basis require source verification,Input Validation,Incomplete Signature Coverage; Smart Contract Vulnerability,"[""Ethereum""]",DeFi Protocol,2,2,"[""defillama"", ""slowmist""]","[""307afd20dea359a1"", ""3a16cc3ce91ca1ab""]","[""2026-04-23""]","[{""source"": ""defillama"", ""claim_id"": ""307afd20dea359a1"", ""loss_usd"": 1300000, ""loss_basis"": ""source_amount_definition_not_fully_verified"", ""valuation_date"": null}, {""source"": ""slowmist"", ""claim_id"": ""3a16cc3ce91ca1ab"", ""loss_usd"": 1300000.0, ""loss_basis"": ""source_reported_loss_not_fully_verified"", ""valuation_date"": null}]","[""https://defillama.com/hacks"", ""https://hacked.slowmist.io/en/?c=&page=11""]","[""https://defillama.com/hacks"", ""https://x.com/DefimonAlerts/status/2047334517535642024""]",[],,,,,False,"[""exact_information_availability_unverified"", ""retrospective_loss_not_a_live_feature""]",in_scope,[],normalized_catalog_record,,,,,,,,,,,,,2026-04-24T00:00:00Z,False,"00:00 UTC on the calendar day after the assigned incident_date; an assumed retrospective alignment, not verified public availability.","Frozen catalog reported_loss_usd; retrospective reported amount, not verified gross theft or loss known at activation.",False
inc_580157ef04d0a3fa,Purrlend,2026-04-25,day,1500000,1500000,1520000.0,defillama,retrospective_reported_amount; gross/net and valuation basis require source verification,Access Control,Caller Impersonation; Admin Privilege Abuse,"[""Hyperliquid L1"", ""MegaETH""]",DeFi Protocol,2,2,"[""defillama"", ""slowmist""]","[""0e76276a2ed856eb"", ""f29775926e287d2a""]","[""2026-04-25""]","[{""source"": ""defillama"", ""claim_id"": ""0e76276a2ed856eb"", ""loss_usd"": 1500000, ""loss_basis"": ""source_amount_definition_not_fully_verified"", ""valuation_date"": null}, {""source"": ""slowmist"", ""claim_id"": ""f29775926e287d2a"", ""loss_usd"": 1520000.0, ""loss_basis"": ""source_reported_loss_not_fully_verified"", ""valuation_date"": null}]","[""https://defillama.com/hacks"", ""https://hacked.slowmist.io/en/?c=&page=11""]","[""https://defillama.com/hacks"", ""https://x.com/purrlend/status/2049807764944458094?s=46""]",[],,,,,False,"[""exact_information_availability_unverified"", ""retrospective_loss_not_a_live_feature""]",in_scope,[],normalized_catalog_record,,,,,,,,,,,,,2026-04-26T00:00:00Z,False,"00:00 UTC on the calendar day after the assigned incident_date; an assumed retrospective alignment, not verified public availability.","Frozen catalog reported_loss_usd; retrospective reported amount, not verified gross theft or loss known at activation.",False
inc_5659e934ebd36dee,Aftermath Perps,2026-04-29,day,1140000,1140000,1140000,defillama,retrospective_reported_amount; gross/net and valuation basis require source verification,Protocol Logic,Withdrawal Logic Flaw; Smart Contract Vulnerability,"[""Sui""]",DeFi Protocol,2,2,"[""defillama"", ""slowmist""]","[""5052e39e23aab1a4"", ""9c6920be77c74347""]","[""2026-04-29""]","[{""source"": ""defillama"", ""claim_id"": ""5052e39e23aab1a4"", ""loss_usd"": 1140000, ""loss_basis"": ""source_amount_definition_not_fully_verified"", ""valuation_date"": null}, {""source"": ""slowmist"", ""claim_id"": ""9c6920be77c74347"", ""loss_usd"": 1140000.0, ""loss_basis"": ""source_reported_loss_not_fully_verified"", ""valuation_date"": null}]","[""https://defillama.com/hacks"", ""https://hacked.slowmist.io/en/?c=&page=11""]","[""https://defillama.com/hacks"", ""https://x.com/AftermathFi/status/2049681357559808130""]",[],,,,,False,"[""exact_information_availability_unverified"", ""retrospective_loss_not_a_live_feature""]",in_scope,[],normalized_catalog_record,,,,,,,,,,,,,2026-04-30T00:00:00Z,False,"00:00 UTC on the calendar day after the assigned incident_date; an assumed retrospective alignment, not verified public availability.","Frozen catalog reported_loss_usd; retrospective reported amount, not verified gross theft or loss known at activation.",False
inc_d844db43ed99602e,Sweat Foundation,2026-04-29,day,3500000,3500000,3500000,defillama,retrospective_reported_amount; gross/net and valuation basis require source verification,Protocol Logic,Withdrawal Logic Flaw; Smart Contract Vulnerability,"[""Near""]",DeFi Protocol,2,2,"[""defillama"", ""slowmist""]","[""a2cfe363e23a2008"", ""26a41696fa322602""]","[""2026-04-29""]","[{""source"": ""defillama"", ""claim_id"": ""a2cfe363e23a2008"", ""loss_usd"": 3500000, ""loss_basis"": ""source_amount_definition_not_fully_verified"", ""valuation_date"": null}, {""source"": ""slowmist"", ""claim_id"": ""26a41696fa322602"", ""loss_usd"": 3500000.0, ""loss_basis"": ""source_reported_loss_not_fully_verified"", ""valuation_date"": null}]","[""https://defillama.com/hacks"", ""https://hacked.slowmist.io/en/?c=&page=11""]","[""https://defillama.com/hacks"", ""https://x.com/SweatEconomy/status/2049588862352060474""]",[],,,,,False,"[""exact_information_availability_unverified"", ""retrospective_loss_not_a_live_feature""]",in_scope,[],normalized_catalog_record,,,,,,,,,,,,,2026-04-30T00:00:00Z,False,"00:00 UTC on the calendar day after the assigned incident_date; an assumed retrospective alignment, not verified public availability.","Frozen catalog reported_loss_usd; retrospective reported amount, not verified gross theft or loss known at activation.",False
inc_a7c12c6cdb3d72ad,Wasabi Perps,2026-04-30,day,5500000,5500000,5900000,defillama,retrospective_reported_amount; gross/net and valuation basis require source verification,Key Compromise,Deployer Key Compromised; Private Key Leakage,"[""Base"", ""Berachain"", ""Blast"", ""Ethereum""]",DeFi Protocol,3,3,"[""defillama"", ""slowmist"", ""rekt""]","[""9fc141f87c0eef5d"", ""f49b8cab143e4061"", ""dd4f5de71a24f3d6""]","[""2026-04-30""]","[{""source"": ""defillama"", ""claim_id"": ""9fc141f87c0eef5d"", ""loss_usd"": 5500000, ""loss_basis"": ""source_amount_definition_not_fully_verified"", ""valuation_date"": null}, {""source"": ""slowmist"", ""claim_id"": ""f49b8cab143e4061"", ""loss_usd"": 5700000.0, ""loss_basis"": ""source_reported_loss_not_fully_verified"", ""valuation_date"": null}, {""source"": ""rekt"", ""claim_id"": ""dd4f5de71a24f3d6"", ""loss_usd"": 5900000, ""loss_basis"": ""leaderboard_amount_may_use_later_valuation"", ""valuation_date"": null}]","[""https://defillama.com/hacks"", ""https://hacked.slowmist.io/en/?c=&page=11"", ""https://rekt.news/leaderboard/""]","[""https://defillama.com/hacks"", ""https://x.com/wasabi_protocol/status/2052856772717682724"", ""https://rekt.news/wasabi-protocol-rekt""]",[],,,,,False,"[""loss_estimates_differ_over_5pct"", ""exact_information_availability_unverified"", ""retrospective_loss_not_a_live_feature""]",in_scope,[],normalized_catalog_record,,,,,,,,,,,,,2026-05-01T00:00:00Z,True,"00:00 UTC on the calendar day after the assigned incident_date; an assumed retrospective alignment, not verified public availability.","Frozen catalog reported_loss_usd; retrospective reported amount, not verified gross theft or loss known at activation.",False
inc_eb7d4159fa5267e1,Ekubo,2026-05-05,day,1400000,1400000,1400000,defillama,retrospective_reported_amount; gross/net and valuation basis require source verification,Access Control,Token Approval Abuse; Smart Contract Vulnerability,"[""Ethereum""]",DeFi Protocol,2,2,"[""defillama"", ""slowmist""]","[""e1ee62344ca4c2ba"", ""9a7761c110eab999""]","[""2026-05-05""]","[{""source"": ""defillama"", ""claim_id"": ""e1ee62344ca4c2ba"", ""loss_usd"": 1400000, ""loss_basis"": ""source_amount_definition_not_fully_verified"", ""valuation_date"": null}, {""source"": ""slowmist"", ""claim_id"": ""9a7761c110eab999"", ""loss_usd"": 1400000.0, ""loss_basis"": ""source_reported_loss_not_fully_verified"", ""valuation_date"": null}]","[""https://defillama.com/hacks"", ""https://hacked.slowmist.io/en/?c=&page=11""]","[""https://defillama.com/hacks"", ""https://x.com/blockaid_/status/2051757787714118125""]",[],,,,,False,"[""exact_information_availability_unverified"", ""retrospective_loss_not_a_live_feature""]",in_scope,[],normalized_catalog_record,,,,,,,,,,,,,2026-05-06T00:00:00Z,False,"00:00 UTC on the calendar day after the assigned incident_date; an assumed retrospective alignment, not verified public availability.","Frozen catalog reported_loss_usd; retrospective reported amount, not verified gross theft or loss known at activation.",False
inc_9d41cadc2318a7dd,TrustedVolumes,2026-05-07,day,6700000,5870000,6700000,defillama,retrospective_reported_amount; gross/net and valuation basis require source verification,Access Control,Caller Impersonation; Smart Contract Vulnerability,"[""Ethereum""]",Other,3,3,"[""defillama"", ""slowmist"", ""rekt""]","[""b43668d96d4654a5"", ""84620e10cbef682f"", ""23629897253a908e""]","[""2026-05-07""]","[{""source"": ""defillama"", ""claim_id"": ""b43668d96d4654a5"", ""loss_usd"": 6700000, ""loss_basis"": ""source_amount_definition_not_fully_verified"", ""valuation_date"": null}, {""source"": ""slowmist"", ""claim_id"": ""84620e10cbef682f"", ""loss_usd"": 6700000.0, ""loss_basis"": ""source_reported_loss_not_fully_verified"", ""valuation_date"": null}, {""source"": ""rekt"", ""claim_id"": ""23629897253a908e"", ""loss_usd"": 5870000, ""loss_basis"": ""leaderboard_amount_may_use_later_valuation"", ""valuation_date"": null}]","[""https://defillama.com/hacks"", ""https://hacked.slowmist.io/en/?c=&page=10"", ""https://rekt.news/leaderboard/""]","[""https://defillama.com/hacks"", ""https://x.com/trustedvolumes/status/2052235435292910005"", ""https://rekt.news/trustedvolumes-rekt""]",[],,,,,False,"[""loss_estimates_differ_over_5pct"", ""exact_information_availability_unverified"", ""retrospective_loss_not_a_live_feature""]",in_scope,[],normalized_catalog_record,,,,,,,,,,,,,2026-05-08T00:00:00Z,True,"00:00 UTC on the calendar day after the assigned incident_date; an assumed retrospective alignment, not verified public availability.","Frozen catalog reported_loss_usd; retrospective reported amount, not verified gross theft or loss known at activation.",False
inc_fc8678690037dae0,TAC,2026-05-11,day,2854486,2854000.0,2854486,defillama,retrospective_reported_amount; gross/net and valuation basis require source verification,Bridge & Cross-Chain,Proof Verifier Bug; Smart Contract Vulnerability,"[""TAC"", ""TON""]",DeFi Protocol,2,2,"[""defillama"", ""slowmist""]","[""e2deca92757c3cdd"", ""1ca3daa8d431e720""]","[""2026-05-11""]","[{""source"": ""defillama"", ""claim_id"": ""e2deca92757c3cdd"", ""loss_usd"": 2854486, ""loss_basis"": ""source_amount_definition_not_fully_verified"", ""valuation_date"": null}, {""source"": ""slowmist"", ""claim_id"": ""1ca3daa8d431e720"", ""loss_usd"": 2854000.0, ""loss_basis"": ""source_reported_loss_not_fully_verified"", ""valuation_date"": null}]","[""https://defillama.com/hacks"", ""https://hacked.slowmist.io/en/?c=&page=10""]","[""https://defillama.com/hacks"", ""https://x.com/TacBuild/status/2054620834879381870?s=20"", ""https://x.com/TacBuild/status/2054620834879381870?s=20""]",[],,,,,False,"[""exact_information_availability_unverified"", ""retrospective_loss_not_a_live_feature""]",in_scope,[],manually_adjudicated_fields,,,,,,,TAC and TAC Protocol describe the same May 11 TON cross-chain accounting exploit; retain the separate August staking exploit.,,,,,,2026-05-12T00:00:00Z,False,"00:00 UTC on the calendar day after the assigned incident_date; an assumed retrospective alignment, not verified public availability.","Frozen catalog reported_loss_usd; retrospective reported amount, not verified gross theft or loss known at activation.",False
inc_b04cb6ea0c9878e9,Transit Finance,2026-05-13,day,1880000,1880000,1880000,defillama,retrospective_reported_amount; gross/net and valuation basis require source verification,Access Control,Improper Access Control; Smart Contract Vulnerability,"[""Tron""]",DeFi Protocol,2,2,"[""defillama"", ""slowmist""]","[""46d314a55e057743"", ""b969af8276d18e56""]","[""2026-05-13""]","[{""source"": ""defillama"", ""claim_id"": ""46d314a55e057743"", ""loss_usd"": 1880000, ""loss_basis"": ""source_amount_definition_not_fully_verified"", ""valuation_date"": null}, {""source"": ""slowmist"", ""claim_id"": ""b969af8276d18e56"", ""loss_usd"": 1880000.0, ""loss_basis"": ""source_reported_loss_not_fully_verified"", ""valuation_date"": null}]","[""https://defillama.com/hacks"", ""https://hacked.slowmist.io/en/?c=&page=10""]","[""https://defillama.com/hacks"", ""https://x.com/BSCNews/status/2054613633460777265""]",[],,,,,False,"[""exact_information_availability_unverified"", ""retrospective_loss_not_a_live_feature""]",in_scope,[],normalized_catalog_record,,,,,,,,,,,,,2026-05-14T00:00:00Z,False,"00:00 UTC on the calendar day after the assigned incident_date; an assumed retrospective alignment, not verified public availability.","Frozen catalog reported_loss_usd; retrospective reported amount, not verified gross theft or loss known at activation.",False
inc_7367c62fb363e346,THORChain DEX,2026-05-15,day,10700000,10700000,10700000,defillama,retrospective_reported_amount; gross/net and valuation basis require source verification,Bridge & Cross-Chain,Bridge Logic Flaw; GG20 TSS Vulnerability,"[""BSC"", ""Base"", ""Bitcoin"", ""Ethereum""]",Chain,3,3,"[""defillama"", ""slowmist"", ""rekt""]","[""95cd57652028e9e6"", ""35f3bf7d4eb64df5"", ""93b157d747d0e95b""]","[""2026-05-15""]","[{""source"": ""defillama"", ""claim_id"": ""95cd57652028e9e6"", ""loss_usd"": 10700000, ""loss_basis"": ""source_amount_definition_not_fully_verified"", ""valuation_date"": null}, {""source"": ""slowmist"", ""claim_id"": ""35f3bf7d4eb64df5"", ""loss_usd"": 10700000.0, ""loss_basis"": ""source_reported_loss_not_fully_verified"", ""valuation_date"": null}, {""source"": ""rekt"", ""claim_id"": ""93b157d747d0e95b"", ""loss_usd"": 10700000, ""loss_basis"": ""leaderboard_amount_may_use_later_valuation"", ""valuation_date"": null}]","[""https://defillama.com/hacks"", ""https://hacked.slowmist.io/en/?c=&page=10"", ""https://rekt.news/leaderboard/""]","[""https://defillama.com/hacks"", ""https://x.com/THORChain/status/2055300162331742233"", ""https://rekt.news/thorchain-rekt3""]",[],,,,,False,"[""exact_information_availability_unverified"", ""retrospective_loss_not_a_live_feature""]",in_scope,[],normalized_catalog_record,,,,,,,,,,,,,2026-05-16T00:00:00Z,True,"00:00 UTC on the calendar day after the assigned incident_date; an assumed retrospective alignment, not verified public availability.","Frozen catalog reported_loss_usd; retrospective reported amount, not verified gross theft or loss known at activation.",False
inc_4f2c0f7f8663f1fb,Verus-Ethereum Bridge,2026-05-17,day,11500000,11500000,11580000.0,defillama,retrospective_reported_amount; gross/net and valuation basis require source verification,Bridge & Cross-Chain,Forged Proof; Smart Contract Vulnerability,"[""Verus""]",DeFi Protocol,2,2,"[""defillama"", ""slowmist""]","[""3d70755fa79a5687"", ""a673082458a4c033""]","[""2026-05-17"", ""2026-05-18""]","[{""source"": ""defillama"", ""claim_id"": ""3d70755fa79a5687"", ""loss_usd"": 11500000, ""loss_basis"": ""source_amount_definition_not_fully_verified"", ""valuation_date"": null}, {""source"": ""slowmist"", ""claim_id"": ""a673082458a4c033"", ""loss_usd"": 11580000.0, ""loss_basis"": ""source_reported_loss_not_fully_verified"", ""valuation_date"": null}]","[""https://defillama.com/hacks"", ""https://hacked.slowmist.io/en/?c=&page=10""]","[""https://defillama.com/hacks"", ""https://x.com/MetaEraHK/status/2056192367716380711""]",[],,,,,False,"[""source_date_disagreement"", ""exact_information_availability_unverified"", ""retrospective_loss_not_a_live_feature""]",in_scope,[],normalized_catalog_record,,,,,,,,,,,,,2026-05-18T00:00:00Z,True,"00:00 UTC on the calendar day after the assigned incident_date; an assumed retrospective alignment, not verified public availability.","Frozen catalog reported_loss_usd; retrospective reported amount, not verified gross theft or loss known at activation.",False
inc_69622344e7251d9e,RetoSwap,2026-05-20,day,2700000,2700000,2700000,defillama,retrospective_reported_amount; gross/net and valuation basis require source verification,Input Validation,Missing Input Validation; Protocol Logic Vulnerability,"[""Monero""]",DeFi Protocol,2,2,"[""defillama"", ""slowmist""]","[""fbe73bc5d9138ecd"", ""b5378bd64460fd82""]","[""2026-05-20""]","[{""source"": ""defillama"", ""claim_id"": ""fbe73bc5d9138ecd"", ""loss_usd"": 2700000, ""loss_basis"": ""source_amount_definition_not_fully_verified"", ""valuation_date"": null}, {""source"": ""slowmist"", ""claim_id"": ""b5378bd64460fd82"", ""loss_usd"": 2700000.0, ""loss_basis"": ""source_reported_loss_not_fully_verified"", ""valuation_date"": null}]","[""https://defillama.com/hacks"", ""https://hacked.slowmist.io/en/?c=&page=10""]","[""https://defillama.com/hacks"", ""https://x.com/retoswap/status/2056984875383632226?s=46&t=DLwbX9Nw4QECiyZQ0av-fg""]",[],,,,,False,"[""exact_information_availability_unverified"", ""retrospective_loss_not_a_live_feature""]",in_scope,[],normalized_catalog_record,,,,,,,,,,,,,2026-05-21T00:00:00Z,False,"00:00 UTC on the calendar day after the assigned incident_date; an assumed retrospective alignment, not verified public availability.","Frozen catalog reported_loss_usd; retrospective reported amount, not verified gross theft or loss known at activation.",False
inc_c8d16a764d05e738,StablR,2026-05-23,day,2800000,2800000,2800000,defillama,retrospective_reported_amount; gross/net and valuation basis require source verification,Key Compromise,Private Key Compromised; Private Key Leakage,"[""Ethereum""]",DeFi Protocol,2,2,"[""defillama"", ""slowmist""]","[""09823ca0386e268d"", ""f995b7fa13f3cbb2""]","[""2026-05-23"", ""2026-05-24""]","[{""source"": ""defillama"", ""claim_id"": ""09823ca0386e268d"", ""loss_usd"": 2800000, ""loss_basis"": ""source_amount_definition_not_fully_verified"", ""valuation_date"": null}, {""source"": ""slowmist"", ""claim_id"": ""f995b7fa13f3cbb2"", ""loss_usd"": 2800000.0, ""loss_basis"": ""source_reported_loss_not_fully_verified"", ""valuation_date"": null}]","[""https://defillama.com/hacks"", ""https://hacked.slowmist.io/en/?c=&page=9""]","[""https://defillama.com/hacks"", ""https://x.com/blockaid_/status/2058372418557595890""]",[],,,,,False,"[""source_date_disagreement"", ""exact_information_availability_unverified"", ""retrospective_loss_not_a_live_feature""]",in_scope,[],normalized_catalog_record,,,,,,,,,,,,,2026-05-24T00:00:00Z,False,"00:00 UTC on the calendar day after the assigned incident_date; an assumed retrospective alignment, not verified public availability.","Frozen catalog reported_loss_usd; retrospective reported amount, not verified gross theft or loss known at activation.",False
inc_187c83da7fddf170,New Market Trading,2026-05-25,day,3980000,3980000,3980000,defillama,retrospective_reported_amount; gross/net and valuation basis require source verification,Access Control,Improper Access Control,"[""Arbitrum"", ""Base"", ""Ethereum""]",Other,2,2,"[""defillama"", ""rekt""]","[""08b6b07390b3acf9"", ""754b37770cc2bef5""]","[""2026-05-25""]","[{""source"": ""defillama"", ""claim_id"": ""08b6b07390b3acf9"", ""loss_usd"": 3980000, ""loss_basis"": ""source_amount_definition_not_fully_verified"", ""valuation_date"": null}, {""source"": ""rekt"", ""claim_id"": ""754b37770cc2bef5"", ""loss_usd"": 3980000, ""loss_basis"": ""leaderboard_amount_may_use_later_valuation"", ""valuation_date"": null}]","[""https://defillama.com/hacks"", ""https://rekt.news/leaderboard/""]","[""https://defillama.com/hacks"", ""https://rekt.news/newmarkettrading-rekt""]",[],,,,,False,"[""exact_information_availability_unverified"", ""retrospective_loss_not_a_live_feature""]",in_scope,[],normalized_catalog_record,,,,,,,,,,,,,2026-05-26T00:00:00Z,False,"00:00 UTC on the calendar day after the assigned incident_date; an assumed retrospective alignment, not verified public availability.","Frozen catalog reported_loss_usd; retrospective reported amount, not verified gross theft or loss known at activation.",False
inc_5ba094da570c0dc2,Third-party Gnosis Safe Module (SquidRouterModule),2026-05-25,day,3200000.0,3200000.0,3200000.0,slowmist,retrospective_reported_amount; gross/net and valuation basis require source verification,,Smart Contract Vulnerability,[],,1,1,"[""slowmist""]","[""37412cd25b8130b8""]","[""2026-05-25""]","[{""source"": ""slowmist"", ""claim_id"": ""37412cd25b8130b8"", ""loss_usd"": 3200000.0, ""loss_basis"": ""source_reported_loss_not_fully_verified"", ""valuation_date"": null}]","[""https://hacked.slowmist.io/en/?c=&page=9""]","[""https://x.com/squidrouter/status/2058890710611276238""]",[],,,,,False,"[""single_catalog_source"", ""exact_information_availability_unverified"", ""retrospective_loss_not_a_live_feature""]",in_scope,[],normalized_catalog_record,,,,,,,,,,,,,2026-05-26T00:00:00Z,False,"00:00 UTC on the calendar day after the assigned incident_date; an assumed retrospective alignment, not verified public availability.","Frozen catalog reported_loss_usd; retrospective reported amount, not verified gross theft or loss known at activation.",False
inc_c7affe7b4b69f1f8,SUPERFORTUNE AI,2026-05-27,day,15180000,15180000,15180000,defillama,retrospective_reported_amount; gross/net and valuation basis require source verification,Access Control,Improper Access Control; Multisig Address Tampering,"[""Ethereum""]",Token,2,2,"[""defillama"", ""slowmist""]","[""37f5330b3fd72c14"", ""efb5cef3042b0bbf""]","[""2026-05-27""]","[{""source"": ""defillama"", ""claim_id"": ""37f5330b3fd72c14"", ""loss_usd"": 15180000, ""loss_basis"": ""source_amount_definition_not_fully_verified"", ""valuation_date"": null}, {""source"": ""slowmist"", ""claim_id"": ""efb5cef3042b0bbf"", ""loss_usd"": 15180000.0, ""loss_basis"": ""source_reported_loss_not_fully_verified"", ""valuation_date"": null}]","[""https://defillama.com/hacks"", ""https://hacked.slowmist.io/en/?c=&page=9""]","[""https://defillama.com/hacks"", ""https://x.com/SUPERFORTUNE888/status/2059818459421372485""]",[],,,,,False,"[""exact_information_availability_unverified"", ""retrospective_loss_not_a_live_feature""]",in_scope,[],normalized_catalog_record,,,,,,,,,,,,,2026-05-28T00:00:00Z,True,"00:00 UTC on the calendar day after the assigned incident_date; an assumed retrospective alignment, not verified public availability.","Frozen catalog reported_loss_usd; retrospective reported amount, not verified gross theft or loss known at activation.",False
inc_cb020b4ac26d4fb8,Gravity Bridge,2026-05-30,day,5400000,5400000,5400000,defillama,retrospective_reported_amount; gross/net and valuation basis require source verification,Key Compromise,Validator Key Compromised; Private Key Leakage,"[""Ethereum""]",DeFi Protocol,3,3,"[""defillama"", ""slowmist"", ""rekt""]","[""7356f47c735b4626"", ""1416492e1b5d7601"", ""2e2af69005e61720""]","[""2026-05-29"", ""2026-05-30""]","[{""source"": ""defillama"", ""claim_id"": ""7356f47c735b4626"", ""loss_usd"": 5400000, ""loss_basis"": ""source_amount_definition_not_fully_verified"", ""valuation_date"": null}, {""source"": ""slowmist"", ""claim_id"": ""1416492e1b5d7601"", ""loss_usd"": 5400000.0, ""loss_basis"": ""source_reported_loss_not_fully_verified"", ""valuation_date"": null}, {""source"": ""rekt"", ""claim_id"": ""2e2af69005e61720"", ""loss_usd"": 5400000, ""loss_basis"": ""leaderboard_amount_may_use_later_valuation"", ""valuation_date"": null}]","[""https://defillama.com/hacks"", ""https://hacked.slowmist.io/en/?c=&page=9"", ""https://rekt.news/leaderboard/""]","[""https://defillama.com/hacks"", ""https://x.com/PeckShieldAlert/status/2060636956984594521"", ""https://rekt.news/gravity-bridge-rekt""]",[],,,,,False,"[""source_date_disagreement"", ""exact_information_availability_unverified"", ""retrospective_loss_not_a_live_feature""]",in_scope,[],normalized_catalog_record,,,,,,,,,,,,,2026-05-31T00:00:00Z,True,"00:00 UTC on the calendar day after the assigned incident_date; an assumed retrospective alignment, not verified public availability.","Frozen catalog reported_loss_usd; retrospective reported amount, not verified gross theft or loss known at activation.",False
inc_8255f12fae163d56,Gnosis Pay,2026-06-01,day,1500000,1500000,1500000,defillama,retrospective_reported_amount; gross/net and valuation basis require source verification,Input Validation,Signature Verification Flaw; Smart Contract Vulnerability,"[""Gnosis Chain""]",Other,2,2,"[""defillama"", ""slowmist""]","[""8b34c36fb6d09375"", ""ca3d59baf5c15ab7""]","[""2026-06-01""]","[{""source"": ""defillama"", ""claim_id"": ""8b34c36fb6d09375"", ""loss_usd"": 1500000, ""loss_basis"": ""source_amount_definition_not_fully_verified"", ""valuation_date"": null}, {""source"": ""slowmist"", ""claim_id"": ""ca3d59baf5c15ab7"", ""loss_usd"": null, ""loss_basis"": ""source_reported_loss_not_fully_verified"", ""valuation_date"": null}]","[""https://defillama.com/hacks"", ""https://hacked.slowmist.io/en/?c=&page=8""]","[""https://defillama.com/hacks"", ""https://x.com/gnosispay/status/2061372038628196356""]",[],,,,,False,"[""exact_information_availability_unverified"", ""retrospective_loss_not_a_live_feature""]",in_scope,[],normalized_catalog_record,,,,,,,,,,,,,2026-06-02T00:00:00Z,False,"00:00 UTC on the calendar day after the assigned incident_date; an assumed retrospective alignment, not verified public availability.","Frozen catalog reported_loss_usd; retrospective reported amount, not verified gross theft or loss known at activation.",False
inc_b1ae47209f7f24ba,TesseraDAO / TSR,2026-06-01,day,2500000,2400000,2500000,defillama,retrospective_reported_amount; gross/net and valuation basis require source verification,Token & Share Accounting; Access Control,Infinite Mint; Improper Access Control; Private Key Leakage,"[""BNB"", ""BSC""]",Token,3,4,"[""defillama"", ""slowmist"", ""rekt""]","[""e275133226e12dfd"", ""bb6bbb4c0147f8de"", ""e9dcb313d9b7c715"", ""a2a27d6cd1d87694""]","[""2026-06-01""]","[{""source"": ""defillama"", ""claim_id"": ""e275133226e12dfd"", ""loss_usd"": 2500000, ""loss_basis"": ""source_amount_definition_not_fully_verified"", ""valuation_date"": null}, {""source"": ""defillama"", ""claim_id"": ""bb6bbb4c0147f8de"", ""loss_usd"": 2400000, ""loss_basis"": ""source_amount_definition_not_fully_verified"", ""valuation_date"": null}, {""source"": ""slowmist"", ""claim_id"": ""e9dcb313d9b7c715"", ""loss_usd"": 2400000.0, ""loss_basis"": ""source_reported_loss_not_fully_verified"", ""valuation_date"": null}, {""source"": ""rekt"", ""claim_id"": ""a2a27d6cd1d87694"", ""loss_usd"": 2490000, ""loss_basis"": ""leaderboard_amount_may_use_later_valuation"", ""valuation_date"": null}]","[""https://defillama.com/hacks"", ""https://hacked.slowmist.io/en/?c=&page=9"", ""https://rekt.news/leaderboard/""]","[""https://defillama.com/hacks"", ""https://x.com/SpecterAnalyst/status/2061704532761956614"", ""https://rekt.news/tesseradao-rekt"", ""https://x.com/SpecterAnalyst/status/2061704532761956614"", ""https://rekt.news/tesseradao-rekt""]",[],,,,,False,"[""exact_information_availability_unverified"", ""retrospective_loss_not_a_live_feature""]",in_scope,[],manually_adjudicated_fields,,,,,,,TSR is TesseraDAO’s token; both reports describe the same unauthorized mint after key compromise.,,,,,,2026-06-02T00:00:00Z,False,"00:00 UTC on the calendar day after the assigned incident_date; an assumed retrospective alignment, not verified public availability.","Frozen catalog reported_loss_usd; retrospective reported amount, not verified gross theft or loss known at activation.",False
inc_7adf0f3f49200861,Syscoin Bridge,2026-06-07,day,10000000,8560000,10000000,defillama,retrospective_reported_amount; gross/net and valuation basis require source verification,Bridge & Cross-Chain,Forged Proof; Bridge Verification Flaw,"[""Syscoin""]",DeFi Protocol,3,3,"[""defillama"", ""slowmist"", ""rekt""]","[""429c648fd8849c03"", ""23b47993e0f08706"", ""082e1419af83a8bb""]","[""2026-06-07"", ""2026-06-08""]","[{""source"": ""defillama"", ""claim_id"": ""429c648fd8849c03"", ""loss_usd"": 10000000, ""loss_basis"": ""source_amount_definition_not_fully_verified"", ""valuation_date"": null}, {""source"": ""slowmist"", ""claim_id"": ""23b47993e0f08706"", ""loss_usd"": 10000000.0, ""loss_basis"": ""source_reported_loss_not_fully_verified"", ""valuation_date"": null}, {""source"": ""rekt"", ""claim_id"": ""082e1419af83a8bb"", ""loss_usd"": 8560000, ""loss_basis"": ""leaderboard_amount_may_use_later_valuation"", ""valuation_date"": null}]","[""https://defillama.com/hacks"", ""https://hacked.slowmist.io/en/?c=&page=8"", ""https://rekt.news/leaderboard/""]","[""https://defillama.com/hacks"", ""https://x.com/syscoin/status/2063749418365665413"", ""https://rekt.news/syscoin-rekt""]",[],,,,,False,"[""source_date_disagreement"", ""loss_estimates_differ_over_5pct"", ""exact_information_availability_unverified"", ""retrospective_loss_not_a_live_feature""]",in_scope,[],normalized_catalog_record,,,,,,,,,,,,,2026-06-08T00:00:00Z,True,"00:00 UTC on the calendar day after the assigned incident_date; an assumed retrospective alignment, not verified public availability.","Frozen catalog reported_loss_usd; retrospective reported amount, not verified gross theft or loss known at activation.",False
inc_924df10f6e91ad78,Humanity,2026-06-08,day,32000000,31000000.0,36400000,defillama,retrospective_reported_amount; gross/net and valuation basis require source verification,Key Compromise,Private Key Compromised; Private Key Leakage,"[""BSC"", ""Ethereum""]",DeFi Protocol,3,3,"[""defillama"", ""slowmist"", ""rekt""]","[""3e49d9fb00a7f93a"", ""4923349a4e835950"", ""550a044f74b25010""]","[""2026-06-08"", ""2026-06-09""]","[{""source"": ""defillama"", ""claim_id"": ""3e49d9fb00a7f93a"", ""loss_usd"": 32000000, ""loss_basis"": ""source_amount_definition_not_fully_verified"", ""valuation_date"": null}, {""source"": ""slowmist"", ""claim_id"": ""4923349a4e835950"", ""loss_usd"": 31000000.0, ""loss_basis"": ""source_reported_loss_not_fully_verified"", ""valuation_date"": null}, {""source"": ""rekt"", ""claim_id"": ""550a044f74b25010"", ""loss_usd"": 36400000, ""loss_basis"": ""leaderboard_amount_may_use_later_valuation"", ""valuation_date"": null}]","[""https://defillama.com/hacks"", ""https://hacked.slowmist.io/en/?c=&page=8"", ""https://rekt.news/leaderboard/""]","[""https://defillama.com/hacks"", ""https://x.com/Humanityprot/status/2064167144120877127"", ""https://rekt.news/humanity-protocol-rekt""]",[],,,,,False,"[""source_date_disagreement"", ""loss_estimates_differ_over_5pct"", ""exact_information_availability_unverified"", ""retrospective_loss_not_a_live_feature""]",in_scope,[],normalized_catalog_record,,,,,,,,,,,,,2026-06-09T00:00:00Z,True,"00:00 UTC on the calendar day after the assigned incident_date; an assumed retrospective alignment, not verified public availability.","Frozen catalog reported_loss_usd; retrospective reported amount, not verified gross theft or loss known at activation.",False
inc_19d55bd22b3acb90,Token of Power,2026-06-09,day,1580000,1580000,1580000,defillama,retrospective_reported_amount; gross/net and valuation basis require source verification,Governance,Malicious Proposal; Malicious Governance Takeover,"[""Ethereum""]",Token,2,2,"[""defillama"", ""slowmist""]","[""0b2ef5636a956d5c"", ""39fe74a00c7fa762""]","[""2026-06-09""]","[{""source"": ""defillama"", ""claim_id"": ""0b2ef5636a956d5c"", ""loss_usd"": 1580000, ""loss_basis"": ""source_amount_definition_not_fully_verified"", ""valuation_date"": null}, {""source"": ""slowmist"", ""claim_id"": ""39fe74a00c7fa762"", ""loss_usd"": 1580000.0, ""loss_basis"": ""source_reported_loss_not_fully_verified"", ""valuation_date"": null}]","[""https://defillama.com/hacks"", ""https://hacked.slowmist.io/en/?c=&page=8""]","[""https://defillama.com/hacks"", ""https://crypto.news/token-of-power-exploit-drains-1-58m-from-balancer-pool/""]",[],,,,,False,"[""exact_information_availability_unverified"", ""retrospective_loss_not_a_live_feature""]",in_scope,[],normalized_catalog_record,,,,,,,,,,,,,2026-06-10T00:00:00Z,False,"00:00 UTC on the calendar day after the assigned incident_date; an assumed retrospective alignment, not verified public availability.","Frozen catalog reported_loss_usd; retrospective reported amount, not verified gross theft or loss known at activation.",False
inc_dedd8a5bf4e6db7e,Axelar / Secret IBC bridge,2026-06-10,day,4670000,4670000,4670000,defillama,retrospective_reported_amount; gross/net and valuation basis require source verification,Bridge & Cross-Chain,Unbacked Cross-Chain Mint; Smart Contract Vulnerability,"[""Ethereum"", ""Secret""]",DeFi Protocol,3,4,"[""defillama"", ""slowmist"", ""rekt""]","[""18b545903ecc5493"", ""e54fd6af99f9ab6b"", ""0e2f60ee69139742"", ""300aedf1592eb151""]","[""2026-06-10"", ""2026-06-19""]","[{""source"": ""defillama"", ""claim_id"": ""18b545903ecc5493"", ""loss_usd"": 4670000, ""loss_basis"": ""source_amount_definition_not_fully_verified"", ""valuation_date"": null}, {""source"": ""defillama"", ""claim_id"": ""e54fd6af99f9ab6b"", ""loss_usd"": 4670000, ""loss_basis"": ""source_amount_definition_not_fully_verified"", ""valuation_date"": null}, {""source"": ""slowmist"", ""claim_id"": ""0e2f60ee69139742"", ""loss_usd"": 4670000.0, ""loss_basis"": ""source_reported_loss_not_fully_verified"", ""valuation_date"": null}, {""source"": ""rekt"", ""claim_id"": ""300aedf1592eb151"", ""loss_usd"": 4670000, ""loss_basis"": ""leaderboard_amount_may_use_later_valuation"", ""valuation_date"": null}]","[""https://defillama.com/hacks"", ""https://hacked.slowmist.io/en/?c=&page=8"", ""https://rekt.news/leaderboard/""]","[""https://defillama.com/hacks"", ""https://x.com/axelar/status/2068355855565594885"", ""https://rekt.news/secret-network-rekt"", ""https://x.com/axelar/status/2068355855565594885"", ""https://rekt.news/secret-network-rekt""]",[],,,,,False,"[""source_date_disagreement"", ""exact_information_availability_unverified"", ""retrospective_loss_not_a_live_feature""]",in_scope,"[""Merge reports of the same incident: Axelar Secret IBC Bridge, Secret Network. Dates, victim/product identity, attack context and amounts support one event. Preserve all source loss claims; do not sum reports."", ""Merge reports of the same incident: Axelar Secret IBC Bridge, Secret Network. Dates, victim/product identity, attack context and amounts support one event. Preserve all source loss claims; do not sum reports."", ""Merge reports of the same incident: Axelar Secret IBC Bridge, Secret Network. Dates, victim/product identity, attack context and amounts support one event. Preserve all source loss claims; do not sum reports.""]",manually_adjudicated_fields,,,,,,,"Secret Network’s June 19 disclosure concerns the June 10 Axelar/Secret IBC bridge drain. Extend the previous partial report merge, not a second attack.",,,,,,2026-06-11T00:00:00Z,False,"00:00 UTC on the calendar day after the assigned incident_date; an assumed retrospective alignment, not verified public availability.","Frozen catalog reported_loss_usd; retrospective reported amount, not verified gross theft or loss known at activation.",False
inc_5c1c2fb71a691319,Raydium AMM,2026-06-10,day,1340000,1340000,1340000,defillama,retrospective_reported_amount; gross/net and valuation basis require source verification,Token & Share Accounting,Infinite Mint; Smart Contract Vulnerability,"[""Solana""]",DeFi Protocol,2,2,"[""defillama"", ""slowmist""]","[""579a0f02faa18765"", ""027d93c680ca7316""]","[""2026-06-10""]","[{""source"": ""defillama"", ""claim_id"": ""579a0f02faa18765"", ""loss_usd"": 1340000, ""loss_basis"": ""source_amount_definition_not_fully_verified"", ""valuation_date"": null}, {""source"": ""slowmist"", ""claim_id"": ""027d93c680ca7316"", ""loss_usd"": 1340000.0, ""loss_basis"": ""source_reported_loss_not_fully_verified"", ""valuation_date"": null}]","[""https://defillama.com/hacks"", ""https://hacked.slowmist.io/en/?c=&page=8""]","[""https://defillama.com/hacks"", ""https://x.com/0xINFRA/status/2064738005697384476""]",[],,,,,False,"[""exact_information_availability_unverified"", ""retrospective_loss_not_a_live_feature""]",in_scope,[],normalized_catalog_record,,,,,,,,,,,,,2026-06-11T00:00:00Z,False,"00:00 UTC on the calendar day after the assigned incident_date; an assumed retrospective alignment, not verified public availability.","Frozen catalog reported_loss_usd; retrospective reported amount, not verified gross theft or loss known at activation.",False
inc_6c5903a840f0a40e,Aztec Connect,2026-06-14,day,2100000,2100000,2280000,defillama,retrospective_reported_amount; gross/net and valuation basis require source verification,Bridge & Cross-Chain,Forged Proof; Smart Contract Vulnerability,"[""Ethereum""]",DeFi Protocol,3,3,"[""defillama"", ""slowmist"", ""rekt""]","[""7213e9e3aacfd948"", ""b8859b61b755e4f8"", ""cf7b67285597d952""]","[""2026-06-14""]","[{""source"": ""defillama"", ""claim_id"": ""7213e9e3aacfd948"", ""loss_usd"": 2100000, ""loss_basis"": ""source_amount_definition_not_fully_verified"", ""valuation_date"": null}, {""source"": ""slowmist"", ""claim_id"": ""b8859b61b755e4f8"", ""loss_usd"": 2100000.0, ""loss_basis"": ""source_reported_loss_not_fully_verified"", ""valuation_date"": null}, {""source"": ""rekt"", ""claim_id"": ""cf7b67285597d952"", ""loss_usd"": 2280000, ""loss_basis"": ""leaderboard_amount_may_use_later_valuation"", ""valuation_date"": null}]","[""https://defillama.com/hacks"", ""https://hacked.slowmist.io/en/?c=&page=8"", ""https://rekt.news/leaderboard/""]","[""https://defillama.com/hacks"", ""https://x.com/AztecLabs_/status/2066175340926345555"", ""https://rekt.news/aztec-connect-rekt""]",[],,,,,False,"[""loss_estimates_differ_over_5pct"", ""exact_information_availability_unverified"", ""retrospective_loss_not_a_live_feature""]",in_scope,[],normalized_catalog_record,,,,,,,,,,,,,2026-06-15T00:00:00Z,False,"00:00 UTC on the calendar day after the assigned incident_date; an assumed retrospective alignment, not verified public availability.","Frozen catalog reported_loss_usd; retrospective reported amount, not verified gross theft or loss known at activation.",False
inc_f866a3d7b628d716,Aztec Bridge,2026-06-17,day,2000000,2000000,2198000,defillama,retrospective_reported_amount; gross/net and valuation basis require source verification,Bridge & Cross-Chain,Bridge Logic Flaw; Smart Contract Vulnerability,"[""Ethereum""]",DeFi Protocol,3,3,"[""defillama"", ""slowmist"", ""rekt""]","[""ff4c0f9acd9a702e"", ""6015d2e9e93a70ed"", ""9f65f524a139e6eb""]","[""2026-06-17""]","[{""source"": ""defillama"", ""claim_id"": ""ff4c0f9acd9a702e"", ""loss_usd"": 2000000, ""loss_basis"": ""source_amount_definition_not_fully_verified"", ""valuation_date"": null}, {""source"": ""slowmist"", ""claim_id"": ""6015d2e9e93a70ed"", ""loss_usd"": 2160000.0, ""loss_basis"": ""source_reported_loss_not_fully_verified"", ""valuation_date"": null}, {""source"": ""rekt"", ""claim_id"": ""9f65f524a139e6eb"", ""loss_usd"": 2198000, ""loss_basis"": ""leaderboard_amount_may_use_later_valuation"", ""valuation_date"": null}]","[""https://defillama.com/hacks"", ""https://hacked.slowmist.io/en/?c=&page=7"", ""https://rekt.news/leaderboard/""]","[""https://defillama.com/hacks"", ""https://x.com/aztecFND/status/2067511967237939636"", ""https://rekt.news/aztec-bridge-rekt""]",[],,,,,False,"[""loss_estimates_differ_over_5pct"", ""exact_information_availability_unverified"", ""retrospective_loss_not_a_live_feature""]",in_scope,[],normalized_catalog_record,,,,,,,,,,,,,2026-06-18T00:00:00Z,False,"00:00 UTC on the calendar day after the assigned incident_date; an assumed retrospective alignment, not verified public availability.","Frozen catalog reported_loss_usd; retrospective reported amount, not verified gross theft or loss known at activation.",False
inc_e7b024e0d96b7990,JaredFromSubway MEV Bot,2026-06-20,day,7500000,7500000,7500000,defillama,retrospective_reported_amount; gross/net and valuation basis require source verification,Market Manipulation,MEV Bot Drained; Business Logic Flaw,"[""Ethereum""]",Other,2,2,"[""defillama"", ""slowmist""]","[""b5aa473efad2084d"", ""3f97f68fceb7609b""]","[""2026-06-20""]","[{""source"": ""defillama"", ""claim_id"": ""b5aa473efad2084d"", ""loss_usd"": 7500000, ""loss_basis"": ""source_amount_definition_not_fully_verified"", ""valuation_date"": null}, {""source"": ""slowmist"", ""claim_id"": ""3f97f68fceb7609b"", ""loss_usd"": 7500000.0, ""loss_basis"": ""source_reported_loss_not_fully_verified"", ""valuation_date"": null}]","[""https://defillama.com/hacks"", ""https://hacked.slowmist.io/en/?c=&page=7""]","[""https://defillama.com/hacks"", ""https://x.com/PeckShieldAlert/status/2068457314416545978""]",[],,,,,False,"[""exact_information_availability_unverified"", ""retrospective_loss_not_a_live_feature""]",in_scope,"[""Merge reports of the same incident: JaredFromSubway MEV Bot, MEV Bot. Dates, victim/product identity, attack context and amounts support one event. Preserve all source loss claims; do not sum reports."", ""Merge reports of the same incident: JaredFromSubway MEV Bot, MEV Bot. Dates, victim/product identity, attack context and amounts support one event. Preserve all source loss claims; do not sum reports.""]",normalized_catalog_record,,,,,,,,,,,,,2026-06-21T00:00:00Z,True,"00:00 UTC on the calendar day after the assigned incident_date; an assumed retrospective alignment, not verified public availability.","Frozen catalog reported_loss_usd; retrospective reported amount, not verified gross theft or loss known at activation.",False
inc_f6875792aac42794,LABUBU/OLPC,2026-06-20,day,1100000,1100000,1100000,defillama,retrospective_reported_amount; gross/net and valuation basis require source verification,Token & Share Accounting,Decimal Miscalculation; Smart Contract Vulnerability,"[""BSC""]",Liquidity Pool,2,2,"[""defillama"", ""slowmist""]","[""2cd3f8cd59f6773d"", ""26669a82bd63b095""]","[""2026-06-20""]","[{""source"": ""defillama"", ""claim_id"": ""2cd3f8cd59f6773d"", ""loss_usd"": 1100000, ""loss_basis"": ""source_amount_definition_not_fully_verified"", ""valuation_date"": null}, {""source"": ""slowmist"", ""claim_id"": ""26669a82bd63b095"", ""loss_usd"": 1100000.0, ""loss_basis"": ""source_reported_loss_not_fully_verified"", ""valuation_date"": null}]","[""https://defillama.com/hacks"", ""https://hacked.slowmist.io/en/?c=&page=7""]","[""https://defillama.com/hacks"", ""https://x.com/PeckShieldAlert/status/2068314444422402515""]",[],,,,,False,"[""exact_information_availability_unverified"", ""retrospective_loss_not_a_live_feature""]",in_scope,[],normalized_catalog_record,,,,,,,,,,,,,2026-06-21T00:00:00Z,False,"00:00 UTC on the calendar day after the assigned incident_date; an assumed retrospective alignment, not verified public availability.","Frozen catalog reported_loss_usd; retrospective reported amount, not verified gross theft or loss known at activation.",False
inc_59624a95001c8855,Taiko Bridge,2026-06-21,day,1700000,1700000,1700000,defillama,retrospective_reported_amount; gross/net and valuation basis require source verification,Bridge & Cross-Chain,Forged Proof; Private Key Leakage,"[""Taiko""]",Chain,2,2,"[""defillama"", ""slowmist""]","[""cd6c9b82802b446f"", ""a3d05d7581520481""]","[""2026-06-21""]","[{""source"": ""defillama"", ""claim_id"": ""cd6c9b82802b446f"", ""loss_usd"": 1700000, ""loss_basis"": ""source_amount_definition_not_fully_verified"", ""valuation_date"": null}, {""source"": ""slowmist"", ""claim_id"": ""a3d05d7581520481"", ""loss_usd"": 1700000.0, ""loss_basis"": ""source_reported_loss_not_fully_verified"", ""valuation_date"": null}]","[""https://defillama.com/hacks"", ""https://hacked.slowmist.io/en/?c=&page=7""]","[""https://defillama.com/hacks"", ""https://x.com/taikoxyz/status/2068858818352865626""]",[],,,,,False,"[""exact_information_availability_unverified"", ""retrospective_loss_not_a_live_feature""]",in_scope,[],normalized_catalog_record,,,,,,,,,,,,,2026-06-22T00:00:00Z,False,"00:00 UTC on the calendar day after the assigned incident_date; an assumed retrospective alignment, not verified public availability.","Frozen catalog reported_loss_usd; retrospective reported amount, not verified gross theft or loss known at activation.",False
inc_60d3ba65950f80fa,SecondFi,2026-06-23,day,2400000,2400000,2400000,defillama,retrospective_reported_amount; gross/net and valuation basis require source verification,Key Compromise,Weak Key Generation; Predictable Private Key Exploit,"[""Cardano""]",Wallet,3,3,"[""defillama"", ""slowmist"", ""rekt""]","[""7f1c943f3dcbbee7"", ""920c629f552beb87"", ""009af1ddd5a99964""]","[""2026-06-21"", ""2026-06-23""]","[{""source"": ""defillama"", ""claim_id"": ""7f1c943f3dcbbee7"", ""loss_usd"": 2400000, ""loss_basis"": ""source_amount_definition_not_fully_verified"", ""valuation_date"": null}, {""source"": ""slowmist"", ""claim_id"": ""920c629f552beb87"", ""loss_usd"": 2400000.0, ""loss_basis"": ""source_reported_loss_not_fully_verified"", ""valuation_date"": null}, {""source"": ""rekt"", ""claim_id"": ""009af1ddd5a99964"", ""loss_usd"": 2400000, ""loss_basis"": ""leaderboard_amount_may_use_later_valuation"", ""valuation_date"": null}]","[""https://defillama.com/hacks"", ""https://hacked.slowmist.io/en/?c=&page=7"", ""https://rekt.news/leaderboard/""]","[""https://defillama.com/hacks"", ""https://x.com/secondfiapp/status/2071558652641870076"", ""https://rekt.news/secondfi-rekt""]",[],,,,,False,"[""source_date_disagreement"", ""exact_information_availability_unverified"", ""retrospective_loss_not_a_live_feature""]",in_scope,[],normalized_catalog_record,,,,,,,,,,,,,2026-06-24T00:00:00Z,False,"00:00 UTC on the calendar day after the assigned incident_date; an assumed retrospective alignment, not verified public availability.","Frozen catalog reported_loss_usd; retrospective reported amount, not verified gross theft or loss known at activation.",False
inc_fc20725d6365c9ea,Polymarket International,2026-06-25,day,3000000,3000000,3100000.0,defillama,retrospective_reported_amount; gross/net and valuation basis require source verification,Frontend & Infrastructure,Frontend Compromise; Supply Chain Attack,"[""Polygon""]",DeFi Protocol,2,2,"[""defillama"", ""slowmist""]","[""98826e99de0471b2"", ""2548e940a06cd738""]","[""2026-06-25""]","[{""source"": ""defillama"", ""claim_id"": ""98826e99de0471b2"", ""loss_usd"": 3000000, ""loss_basis"": ""source_amount_definition_not_fully_verified"", ""valuation_date"": null}, {""source"": ""slowmist"", ""claim_id"": ""2548e940a06cd738"", ""loss_usd"": 3100000.0, ""loss_basis"": ""source_reported_loss_not_fully_verified"", ""valuation_date"": null}]","[""https://defillama.com/hacks"", ""https://hacked.slowmist.io/en/?c=&page=7""]","[""https://defillama.com/hacks"", ""https://x.com/polymarkettrade/status/2070155882906730671?s=46&t=DLwbX9Nw4QECiyZQ0av-fg""]",[],,,,,False,"[""exact_information_availability_unverified"", ""retrospective_loss_not_a_live_feature""]",in_scope,[],normalized_catalog_record,,,,,,,,,,,,,2026-06-26T00:00:00Z,False,"00:00 UTC on the calendar day after the assigned incident_date; an assumed retrospective alignment, not verified public availability.","Frozen catalog reported_loss_usd; retrospective reported amount, not verified gross theft or loss known at activation.",False
inc_0f607a4f22346b7e,Lazy Summer Protocol,2026-07-05,day,6040000,6040000,6040000,defillama,retrospective_reported_amount; gross/net and valuation basis require source verification,Token & Share Accounting,Donation Attack; Smart Contract Vulnerability,"[""Ethereum""]",DeFi Protocol,2,2,"[""defillama"", ""slowmist""]","[""87c924ea01400607"", ""727a38ec503c07bd""]","[""2026-07-05"", ""2026-07-06""]","[{""source"": ""defillama"", ""claim_id"": ""87c924ea01400607"", ""loss_usd"": 6040000, ""loss_basis"": ""source_amount_definition_not_fully_verified"", ""valuation_date"": null}, {""source"": ""slowmist"", ""claim_id"": ""727a38ec503c07bd"", ""loss_usd"": 6040000.0, ""loss_basis"": ""source_reported_loss_not_fully_verified"", ""valuation_date"": null}]","[""https://defillama.com/hacks"", ""https://hacked.slowmist.io/en/?c=&page=7""]","[""https://defillama.com/hacks"", ""https://x.com/summerfinance_/status/2074214443261509721""]",[],,,,,False,"[""source_date_disagreement"", ""exact_information_availability_unverified"", ""retrospective_loss_not_a_live_feature""]",in_scope,[],normalized_catalog_record,,,,,,,,,,,,,2026-07-06T00:00:00Z,True,"00:00 UTC on the calendar day after the assigned incident_date; an assumed retrospective alignment, not verified public availability.","Frozen catalog reported_loss_usd; retrospective reported amount, not verified gross theft or loss known at activation.",False
inc_7e781cc3217c629d,BonkDAO,2026-07-06,day,20000000,20000000,20000000,defillama,retrospective_reported_amount; gross/net and valuation basis require source verification,Governance,Malicious Proposal; Governance Attack,"[""Solana""]",Token,2,2,"[""defillama"", ""slowmist""]","[""9eca5ff6e721cefe"", ""aeab9b97a4631c0a""]","[""2026-07-06""]","[{""source"": ""defillama"", ""claim_id"": ""9eca5ff6e721cefe"", ""loss_usd"": 20000000, ""loss_basis"": ""source_amount_definition_not_fully_verified"", ""valuation_date"": null}, {""source"": ""slowmist"", ""claim_id"": ""aeab9b97a4631c0a"", ""loss_usd"": 20000000.0, ""loss_basis"": ""source_reported_loss_not_fully_verified"", ""valuation_date"": null}]","[""https://defillama.com/hacks"", ""https://hacked.slowmist.io/en/?c=&page=7""]","[""https://defillama.com/hacks"", ""https://cryptonews.net/news/security/33109969/""]",[],,,,,False,"[""exact_information_availability_unverified"", ""retrospective_loss_not_a_live_feature""]",in_scope,[],normalized_catalog_record,,,,,,,,,,,,,2026-07-07T00:00:00Z,True,"00:00 UTC on the calendar day after the assigned incident_date; an assumed retrospective alignment, not verified public availability.","Frozen catalog reported_loss_usd; retrospective reported amount, not verified gross theft or loss known at activation.",False
inc_1b869b4d63f3dd1a,Bonzo Lend,2026-07-11,day,9050000,9050000,9050000,defillama,retrospective_reported_amount; gross/net and valuation basis require source verification,Oracle Manipulation,Spot Price Manipulation; Oracle Price Manipulation,"[""Hedera""]",DeFi Protocol,2,2,"[""defillama"", ""slowmist""]","[""695e88d88d36896b"", ""d713011e3b776f5d""]","[""2026-07-11""]","[{""source"": ""defillama"", ""claim_id"": ""695e88d88d36896b"", ""loss_usd"": 9050000, ""loss_basis"": ""source_amount_definition_not_fully_verified"", ""valuation_date"": null}, {""source"": ""slowmist"", ""claim_id"": ""d713011e3b776f5d"", ""loss_usd"": 9050000.0, ""loss_basis"": ""source_reported_loss_not_fully_verified"", ""valuation_date"": null}]","[""https://defillama.com/hacks"", ""https://hacked.slowmist.io/en/?c=&page=6""]","[""https://defillama.com/hacks"", ""https://bonzo.finance/blog/bonzo-lend-incident-report-oracle-provider-exploit""]",[],,,,,False,"[""exact_information_availability_unverified"", ""retrospective_loss_not_a_live_feature""]",in_scope,[],normalized_catalog_record,,,,,,,,,,,,,2026-07-12T00:00:00Z,True,"00:00 UTC on the calendar day after the assigned incident_date; an assumed retrospective alignment, not verified public availability.","Frozen catalog reported_loss_usd; retrospective reported amount, not verified gross theft or loss known at activation.",False
inc_fef098a9c86047d5,Cascade Liquidity Strategy,2026-07-15,day,1340000,1340000,1343921.0,defillama,retrospective_reported_amount; gross/net and valuation basis require source verification,Oracle Manipulation,Spot Price Manipulation; Price Manipulation,"[""Arbitrum""]",DeFi Protocol,2,2,"[""defillama"", ""slowmist""]","[""b89f8e937631ae20"", ""166cc49a5e04fcc6""]","[""2026-07-15""]","[{""source"": ""defillama"", ""claim_id"": ""b89f8e937631ae20"", ""loss_usd"": 1340000, ""loss_basis"": ""source_amount_definition_not_fully_verified"", ""valuation_date"": null}, {""source"": ""slowmist"", ""claim_id"": ""166cc49a5e04fcc6"", ""loss_usd"": 1343921.0, ""loss_basis"": ""source_reported_loss_not_fully_verified"", ""valuation_date"": null}]","[""https://defillama.com/hacks"", ""https://hacked.slowmist.io/en/?c=&page=6""]","[""https://defillama.com/hacks"", ""https://x.com/cascade_xyz/status/2077747846011306123""]",[],,,,,False,"[""exact_information_availability_unverified"", ""retrospective_loss_not_a_live_feature""]",in_scope,[],normalized_catalog_record,,,,,,,,,,,,,2026-07-16T00:00:00Z,False,"00:00 UTC on the calendar day after the assigned incident_date; an assumed retrospective alignment, not verified public availability.","Frozen catalog reported_loss_usd; retrospective reported amount, not verified gross theft or loss known at activation.",False
inc_d4b83a2ca347ef5a,Ostium,2026-07-15,day,23750000,18000000.0,23750000,defillama,retrospective_reported_amount; gross/net and valuation basis require source verification,Key Compromise,Private Key Compromised; Private Key Leakage,"[""Arbitrum""]",DeFi Protocol,3,3,"[""defillama"", ""slowmist"", ""rekt""]","[""4a9a474f40266428"", ""7764d4223e114aa5"", ""6a41513fd37a7f00""]","[""2026-07-15""]","[{""source"": ""defillama"", ""claim_id"": ""4a9a474f40266428"", ""loss_usd"": 23750000, ""loss_basis"": ""source_amount_definition_not_fully_verified"", ""valuation_date"": null}, {""source"": ""slowmist"", ""claim_id"": ""7764d4223e114aa5"", ""loss_usd"": 18000000.0, ""loss_basis"": ""source_reported_loss_not_fully_verified"", ""valuation_date"": null}, {""source"": ""rekt"", ""claim_id"": ""6a41513fd37a7f00"", ""loss_usd"": 23750000, ""loss_basis"": ""leaderboard_amount_may_use_later_valuation"", ""valuation_date"": null}]","[""https://defillama.com/hacks"", ""https://hacked.slowmist.io/en/?c=&page=6"", ""https://rekt.news/leaderboard/""]","[""https://defillama.com/hacks"", ""https://x.com/kaledora/status/2077525044733837736"", ""https://rekt.news/ostium-rekt""]",[],,,,,False,"[""loss_estimates_differ_over_5pct"", ""exact_information_availability_unverified"", ""retrospective_loss_not_a_live_feature""]",in_scope,[],normalized_catalog_record,,,,,,,,,,,,,2026-07-16T00:00:00Z,True,"00:00 UTC on the calendar day after the assigned incident_date; an assumed retrospective alignment, not verified public availability.","Frozen catalog reported_loss_usd; retrospective reported amount, not verified gross theft or loss known at activation.",False
inc_fbf85b585843b66e,Across,2026-07-17,day,4500000,4500000,4500000,defillama,retrospective_reported_amount; gross/net and valuation basis require source verification,Bridge & Cross-Chain,Spoofed Event Log; Deposit signal spoofing,"[""Solana""]",DeFi Protocol,2,2,"[""defillama"", ""slowmist""]","[""c1545b200588c23e"", ""f020a851886677d6""]","[""2026-07-17""]","[{""source"": ""defillama"", ""claim_id"": ""c1545b200588c23e"", ""loss_usd"": 4500000, ""loss_basis"": ""source_amount_definition_not_fully_verified"", ""valuation_date"": null}, {""source"": ""slowmist"", ""claim_id"": ""f020a851886677d6"", ""loss_usd"": null, ""loss_basis"": ""source_reported_loss_not_fully_verified"", ""valuation_date"": null}]","[""https://defillama.com/hacks"", ""https://hacked.slowmist.io/en/?c=&page=6""]","[""https://defillama.com/hacks"", ""https://startupfortune.com/across-protocol-got-hacked-on-solana-and-no-user-lost-a-cent/""]",[],,,,,False,"[""exact_information_availability_unverified"", ""retrospective_loss_not_a_live_feature""]",in_scope,[],normalized_catalog_record,,,,,,,,,,,,,2026-07-18T00:00:00Z,False,"00:00 UTC on the calendar day after the assigned incident_date; an assumed retrospective alignment, not verified public availability.","Frozen catalog reported_loss_usd; retrospective reported amount, not verified gross theft or loss known at activation.",False
inc_1f6aa2299319d00c,Allbridge Core,2026-07-19,day,1650000,1650000,1650000,defillama,retrospective_reported_amount; gross/net and valuation basis require source verification,Protocol Logic,Withdrawal Logic Flaw; Flash Loan Price Manipulation,"[""Solana""]",DeFi Protocol,2,2,"[""defillama"", ""slowmist""]","[""e4044bf5c66a9807"", ""38131cade8caeb81""]","[""2026-07-19""]","[{""source"": ""defillama"", ""claim_id"": ""e4044bf5c66a9807"", ""loss_usd"": 1650000, ""loss_basis"": ""source_amount_definition_not_fully_verified"", ""valuation_date"": null}, {""source"": ""slowmist"", ""claim_id"": ""38131cade8caeb81"", ""loss_usd"": 1650000.0, ""loss_basis"": ""source_reported_loss_not_fully_verified"", ""valuation_date"": null}]","[""https://defillama.com/hacks"", ""https://hacked.slowmist.io/en/?c=&page=6""]","[""https://defillama.com/hacks"", ""https://x.com/Allbridge_io/status/2078932561036722319""]",[],,,,,False,"[""exact_information_availability_unverified"", ""retrospective_loss_not_a_live_feature""]",in_scope,[],normalized_catalog_record,,,,,,,,,,,,,2026-07-20T00:00:00Z,False,"00:00 UTC on the calendar day after the assigned incident_date; an assumed retrospective alignment, not verified public availability.","Frozen catalog reported_loss_usd; retrospective reported amount, not verified gross theft or loss known at activation.",False
inc_73828da26fe4b769,Wanchain,2026-07-21,day,10000000,10000000,10000000,defillama,retrospective_reported_amount; gross/net and valuation basis require source verification,Input Validation,Signature Verification Flaw; Smart Contract Vulnerability,"[""Cardano""]",Chain,2,2,"[""defillama"", ""slowmist""]","[""8c2bfefa8b55d5a8"", ""4163f20d3a8fd4d2""]","[""2026-07-21""]","[{""source"": ""defillama"", ""claim_id"": ""8c2bfefa8b55d5a8"", ""loss_usd"": 10000000, ""loss_basis"": ""source_amount_definition_not_fully_verified"", ""valuation_date"": null}, {""source"": ""slowmist"", ""claim_id"": ""4163f20d3a8fd4d2"", ""loss_usd"": 10000000.0, ""loss_basis"": ""source_reported_loss_not_fully_verified"", ""valuation_date"": null}]","[""https://defillama.com/hacks"", ""https://hacked.slowmist.io/en/?c=&page=6""]","[""https://defillama.com/hacks"", ""https://x.com/wanchain_org/status/2079444149066244340""]",[],,,,,False,"[""exact_information_availability_unverified"", ""retrospective_loss_not_a_live_feature""]",in_scope,[],normalized_catalog_record,,,,,,,,,,,,,2026-07-22T00:00:00Z,True,"00:00 UTC on the calendar day after the assigned incident_date; an assumed retrospective alignment, not verified public availability.","Frozen catalog reported_loss_usd; retrospective reported amount, not verified gross theft or loss known at activation.",False
inc_74de54db6339f0e5,AFX Bridge,2026-07-22,day,24150000,24150000,24150000,defillama,retrospective_reported_amount; gross/net and valuation basis require source verification,Key Compromise,Validator Key Compromised; Private Key Leakage,"[""Arbitrum""]",DeFi Protocol,3,3,"[""defillama"", ""slowmist"", ""rekt""]","[""3937cb4adc6d2e67"", ""fb0b758caff7ee3c"", ""dabf2d54a2c771d4""]","[""2026-07-22""]","[{""source"": ""defillama"", ""claim_id"": ""3937cb4adc6d2e67"", ""loss_usd"": 24150000, ""loss_basis"": ""source_amount_definition_not_fully_verified"", ""valuation_date"": null}, {""source"": ""slowmist"", ""claim_id"": ""fb0b758caff7ee3c"", ""loss_usd"": 24150000.0, ""loss_basis"": ""source_reported_loss_not_fully_verified"", ""valuation_date"": null}, {""source"": ""rekt"", ""claim_id"": ""dabf2d54a2c771d4"", ""loss_usd"": 24150000, ""loss_basis"": ""leaderboard_amount_may_use_later_valuation"", ""valuation_date"": null}]","[""https://defillama.com/hacks"", ""https://hacked.slowmist.io/en/?c=&page=6"", ""https://rekt.news/leaderboard/""]","[""https://defillama.com/hacks"", ""https://x.com/AFX_XYZ/status/2080126901205770734"", ""https://rekt.news/afx-trade-rekt""]",[],,,,,False,"[""exact_information_availability_unverified"", ""retrospective_loss_not_a_live_feature""]",in_scope,[],normalized_catalog_record,,,,,,,,,,,,,2026-07-23T00:00:00Z,True,"00:00 UTC on the calendar day after the assigned incident_date; an assumed retrospective alignment, not verified public availability.","Frozen catalog reported_loss_usd; retrospective reported amount, not verified gross theft or loss known at activation.",False
inc_4cdcee4a545c17d1,Verus-Ethereum Bridge,2026-07-22,day,7530000,7530000,7540000.0,defillama,retrospective_reported_amount; gross/net and valuation basis require source verification,Bridge & Cross-Chain,Forged Proof; Smart Contract Vulnerability,"[""Verus""]",DeFi Protocol,2,2,"[""defillama"", ""slowmist""]","[""e0f3c45758591caa"", ""ae67a2b283d214f0""]","[""2026-07-22"", ""2026-07-23""]","[{""source"": ""defillama"", ""claim_id"": ""e0f3c45758591caa"", ""loss_usd"": 7530000, ""loss_basis"": ""source_amount_definition_not_fully_verified"", ""valuation_date"": null}, {""source"": ""slowmist"", ""claim_id"": ""ae67a2b283d214f0"", ""loss_usd"": 7540000.0, ""loss_basis"": ""source_reported_loss_not_fully_verified"", ""valuation_date"": null}]","[""https://defillama.com/hacks"", ""https://hacked.slowmist.io/en/?c=&page=6""]","[""https://defillama.com/hacks"", ""https://x.com/blockaid_/status/2080143099561496896""]",[],,,,,False,"[""source_date_disagreement"", ""exact_information_availability_unverified"", ""retrospective_loss_not_a_live_feature""]",in_scope,[],normalized_catalog_record,,,,,,,,,,,,,2026-07-23T00:00:00Z,True,"00:00 UTC on the calendar day after the assigned incident_date; an assumed retrospective alignment, not verified public availability.","Frozen catalog reported_loss_usd; retrospective reported amount, not verified gross theft or loss known at activation.",False
inc_79f975a1c0da619e,Zilliqa,2026-07-22,day,1640000,1640000,1640000,defillama,retrospective_reported_amount; gross/net and valuation basis require source verification,Key Compromise,Weak Key Generation,"[""Zilliqa""]",Chain,1,1,"[""defillama""]","[""e3947f64de5a6035""]","[""2026-07-22""]","[{""source"": ""defillama"", ""claim_id"": ""e3947f64de5a6035"", ""loss_usd"": 1640000, ""loss_basis"": ""source_amount_definition_not_fully_verified"", ""valuation_date"": null}]","[""https://defillama.com/hacks""]","[""https://defillama.com/hacks""]",[],,,,,False,"[""single_catalog_source"", ""no_incident_specific_reference"", ""exact_information_availability_unverified"", ""retrospective_loss_not_a_live_feature""]",in_scope,[],normalized_catalog_record,,,,,,,,,,,,,2026-07-23T00:00:00Z,False,"00:00 UTC on the calendar day after the assigned incident_date; an assumed retrospective alignment, not verified public availability.","Frozen catalog reported_loss_usd; retrospective reported amount, not verified gross theft or loss known at activation.",False
inc_3309c01f0b176ddc,Triple-A,2026-07-24,day,9700000,9700000,11800000.0,defillama,retrospective_reported_amount; gross/net and valuation basis require source verification,Key Compromise,Hot Wallet Key Compromised; Hot Wallet Compromise,"[""Arbitrum"", ""Ethereum"", ""Tron""]",Payments,2,2,"[""defillama"", ""slowmist""]","[""6460e8bdc08e77ef"", ""db8e7f4fa00ef591""]","[""2026-07-24""]","[{""source"": ""defillama"", ""claim_id"": ""6460e8bdc08e77ef"", ""loss_usd"": 9700000, ""loss_basis"": ""source_amount_definition_not_fully_verified"", ""valuation_date"": null}, {""source"": ""slowmist"", ""claim_id"": ""db8e7f4fa00ef591"", ""loss_usd"": 11800000.0, ""loss_basis"": ""source_reported_loss_not_fully_verified"", ""valuation_date"": null}]","[""https://defillama.com/hacks"", ""https://hacked.slowmist.io/en/?c=&page=6""]","[""https://defillama.com/hacks"", ""https://x.com/TripleAHQ/status/2081622020932948328""]",[],,,,,False,"[""loss_estimates_differ_over_5pct"", ""exact_information_availability_unverified"", ""retrospective_loss_not_a_live_feature""]",in_scope,[],normalized_catalog_record,,,,,,,,,,,,,2026-07-25T00:00:00Z,True,"00:00 UTC on the calendar day after the assigned incident_date; an assumed retrospective alignment, not verified public availability.","Frozen catalog reported_loss_usd; retrospective reported amount, not verified gross theft or loss known at activation.",False
inc_1db9b22f933efa61,WEMIX,2026-07-26,day,6250000.0,6250000.0,6250000.0,slowmist,retrospective_reported_amount; gross/net and valuation basis require source verification,,Private Key Leakage,[],,1,1,"[""slowmist""]","[""90f829cc60bc12a8""]","[""2026-07-26""]","[{""source"": ""slowmist"", ""claim_id"": ""90f829cc60bc12a8"", ""loss_usd"": 6250000.0, ""loss_basis"": ""source_reported_loss_not_fully_verified"", ""valuation_date"": null}]","[""https://hacked.slowmist.io/en/?c=&page=5""]","[""https://x.com/coinbureau/status/2081559245653483870?s=46&t=DLwbX9Nw4QECiyZQ0av-fg""]",[],,,,,False,"[""single_catalog_source"", ""exact_information_availability_unverified"", ""retrospective_loss_not_a_live_feature""]",in_scope,[],normalized_catalog_record,,,,,,,,,,,,,2026-07-27T00:00:00Z,True,"00:00 UTC on the calendar day after the assigned incident_date; an assumed retrospective alignment, not verified public availability.","Frozen catalog reported_loss_usd; retrospective reported amount, not verified gross theft or loss known at activation.",False
inc_b304b511cb80f201,COLDCARD,2026-07-31,day,116000000,100000000.0,130000000,defillama,retrospective_reported_amount; gross/net and valuation basis require source verification,Key Compromise,Weak Key Generation; Firmware Vulnerability,"[""Bitcoin""]",Wallet,3,3,"[""defillama"", ""slowmist"", ""rekt""]","[""3ed01a7a7d36a8f1"", ""a99a3c0d05f90332"", ""073357b63e3c435e""]","[""2026-07-30"", ""2026-07-31""]","[{""source"": ""defillama"", ""claim_id"": ""3ed01a7a7d36a8f1"", ""loss_usd"": 116000000, ""loss_basis"": ""source_amount_definition_not_fully_verified"", ""valuation_date"": null}, {""source"": ""slowmist"", ""claim_id"": ""a99a3c0d05f90332"", ""loss_usd"": 100000000.0, ""loss_basis"": ""source_reported_loss_not_fully_verified"", ""valuation_date"": null}, {""source"": ""rekt"", ""claim_id"": ""073357b63e3c435e"", ""loss_usd"": 130000000, ""loss_basis"": ""leaderboard_amount_may_use_later_valuation"", ""valuation_date"": null}]","[""https://defillama.com/hacks"", ""https://hacked.slowmist.io/en/?c=&page=5"", ""https://rekt.news/leaderboard/""]","[""https://defillama.com/hacks"", ""https://x.com/glxyresearch/status/2084411904924045370"", ""https://rekt.news/coldcard-rekt""]",[],,,,,False,"[""source_date_disagreement"", ""loss_estimates_differ_over_5pct"", ""exact_information_availability_unverified"", ""retrospective_loss_not_a_live_feature""]",in_scope,[],normalized_catalog_record,,,,,,,,,,,,,2026-08-01T00:00:00Z,True,"00:00 UTC on the calendar day after the assigned incident_date; an assumed retrospective alignment, not verified public availability.","Frozen catalog reported_loss_usd; retrospective reported amount, not verified gross theft or loss known at activation.",False
inc_f189af6f8fd986fa,KITE Foundation,2026-08-05,day,13340000,13340000,13340000,defillama,retrospective_reported_amount; gross/net and valuation basis require source verification,Key Compromise,Private Key Compromised; Private Key Leakage,"[""Ethereum""]",Wallet,2,2,"[""defillama"", ""slowmist""]","[""b367b35e211709ae"", ""fd3c44e4462b8b73""]","[""2026-08-05"", ""2026-08-06""]","[{""source"": ""defillama"", ""claim_id"": ""b367b35e211709ae"", ""loss_usd"": 13340000, ""loss_basis"": ""source_amount_definition_not_fully_verified"", ""valuation_date"": null}, {""source"": ""slowmist"", ""claim_id"": ""fd3c44e4462b8b73"", ""loss_usd"": null, ""loss_basis"": ""source_reported_loss_not_fully_verified"", ""valuation_date"": null}]","[""https://defillama.com/hacks"", ""https://hacked.slowmist.io/en/?c=&page=5""]","[""https://defillama.com/hacks"", ""https://x.com/KiteAIFDN/status/2090006296628253137""]",[],,,,,False,"[""source_date_disagreement"", ""exact_information_availability_unverified"", ""retrospective_loss_not_a_live_feature""]",in_scope,[],normalized_catalog_record,,,,,,,,,,,,,2026-08-06T00:00:00Z,True,"00:00 UTC on the calendar day after the assigned incident_date; an assumed retrospective alignment, not verified public availability.","Frozen catalog reported_loss_usd; retrospective reported amount, not verified gross theft or loss known at activation.",False
inc_002553192084c019,RRWallet,2026-08-06,day,2000000,2000000,2000000,defillama,retrospective_reported_amount; gross/net and valuation basis require source verification,Key Compromise,Weak Key Generation; Supply Chain Attack,"[""Bitcoin""]",Wallet,2,2,"[""defillama"", ""slowmist""]","[""328e44ceaba306c3"", ""d1b90e156634c82f""]","[""2026-08-06""]","[{""source"": ""defillama"", ""claim_id"": ""328e44ceaba306c3"", ""loss_usd"": 2000000, ""loss_basis"": ""source_amount_definition_not_fully_verified"", ""valuation_date"": null}, {""source"": ""slowmist"", ""claim_id"": ""d1b90e156634c82f"", ""loss_usd"": 2000000.0, ""loss_basis"": ""source_reported_loss_not_fully_verified"", ""valuation_date"": null}]","[""https://defillama.com/hacks"", ""https://hacked.slowmist.io/en/?c=&page=5""]","[""https://defillama.com/hacks"", ""https://x.com/coinspect/status/2085430121670811898""]",[],,,,,False,"[""exact_information_availability_unverified"", ""retrospective_loss_not_a_live_feature""]",in_scope,[],normalized_catalog_record,,,,,,,,,,,,,2026-08-07T00:00:00Z,False,"00:00 UTC on the calendar day after the assigned incident_date; an assumed retrospective alignment, not verified public availability.","Frozen catalog reported_loss_usd; retrospective reported amount, not verified gross theft or loss known at activation.",False
inc_a64880e04cb748b7,Coinsbuy,2026-08-09,day,7900000,7900000,8070000,defillama,retrospective_reported_amount; gross/net and valuation basis require source verification,Access Control,Improper Access Control; Unknown,"[""Ethereum"", ""Tron""]",Wallet,3,3,"[""defillama"", ""slowmist"", ""rekt""]","[""e0386a81e200529a"", ""9eddd00dc55323da"", ""63c01a0da83fda8e""]","[""2026-08-09""]","[{""source"": ""defillama"", ""claim_id"": ""e0386a81e200529a"", ""loss_usd"": 7900000, ""loss_basis"": ""source_amount_definition_not_fully_verified"", ""valuation_date"": null}, {""source"": ""slowmist"", ""claim_id"": ""9eddd00dc55323da"", ""loss_usd"": 7900000.0, ""loss_basis"": ""source_reported_loss_not_fully_verified"", ""valuation_date"": null}, {""source"": ""rekt"", ""claim_id"": ""63c01a0da83fda8e"", ""loss_usd"": 8070000, ""loss_basis"": ""leaderboard_amount_may_use_later_valuation"", ""valuation_date"": null}]","[""https://defillama.com/hacks"", ""https://hacked.slowmist.io/en/?c=&page=4"", ""https://rekt.news/leaderboard/""]","[""https://defillama.com/hacks"", ""https://x.com/DarkWebInformer/status/2086566165665522120"", ""https://rekt.news/coinsbuy-rekt""]",[],,,,,False,"[""exact_information_availability_unverified"", ""retrospective_loss_not_a_live_feature""]",in_scope,[],normalized_catalog_record,,,,,,,,,,,,,2026-08-10T00:00:00Z,True,"00:00 UTC on the calendar day after the assigned incident_date; an assumed retrospective alignment, not verified public availability.","Frozen catalog reported_loss_usd; retrospective reported amount, not verified gross theft or loss known at activation.",False
inc_f1d34c5172a6a950,Harmony Bridge,2026-08-11,day,3200000,3200000,3200000,defillama,retrospective_reported_amount; gross/net and valuation basis require source verification,Bridge & Cross-Chain,Bridge Logic Flaw; Protocol Logic Vulnerability,"[""Harmony""]",Chain,3,3,"[""defillama"", ""slowmist"", ""rekt""]","[""f9a3b5e1deeb1a7a"", ""603bbcbacb08861f"", ""c05cb471faf769ef""]","[""2026-08-11"", ""2026-08-12""]","[{""source"": ""defillama"", ""claim_id"": ""f9a3b5e1deeb1a7a"", ""loss_usd"": 3200000, ""loss_basis"": ""source_amount_definition_not_fully_verified"", ""valuation_date"": null}, {""source"": ""slowmist"", ""claim_id"": ""603bbcbacb08861f"", ""loss_usd"": 3200000.0, ""loss_basis"": ""source_reported_loss_not_fully_verified"", ""valuation_date"": null}, {""source"": ""rekt"", ""claim_id"": ""c05cb471faf769ef"", ""loss_usd"": 3200000, ""loss_basis"": ""leaderboard_amount_may_use_later_valuation"", ""valuation_date"": null}]","[""https://defillama.com/hacks"", ""https://hacked.slowmist.io/en/?c=&page=4"", ""https://rekt.news/leaderboard/""]","[""https://defillama.com/hacks"", ""https://x.com/harmonyprotocol/status/2087487246148542527"", ""https://rekt.news/harmony-rekt2""]",[],,,,,False,"[""source_date_disagreement"", ""exact_information_availability_unverified"", ""retrospective_loss_not_a_live_feature""]",in_scope,[],normalized_catalog_record,,,,,,,,,,,,,2026-08-12T00:00:00Z,False,"00:00 UTC on the calendar day after the assigned incident_date; an assumed retrospective alignment, not verified public availability.","Frozen catalog reported_loss_usd; retrospective reported amount, not verified gross theft or loss known at activation.",False
inc_f575b8f12906477d,Maya Protocol,2026-08-18,day,1700000,1700000,1700000,defillama,retrospective_reported_amount; gross/net and valuation basis require source verification,Protocol Logic,Withdrawal Logic Flaw; Smart Contract Vulnerability,"[""Mayachain""]",DeFi Protocol,2,2,"[""defillama"", ""slowmist""]","[""f723dade2e29d646"", ""1fb6a80bede4589d""]","[""2026-08-18""]","[{""source"": ""defillama"", ""claim_id"": ""f723dade2e29d646"", ""loss_usd"": 1700000, ""loss_basis"": ""source_amount_definition_not_fully_verified"", ""valuation_date"": null}, {""source"": ""slowmist"", ""claim_id"": ""1fb6a80bede4589d"", ""loss_usd"": 1700000.0, ""loss_basis"": ""source_reported_loss_not_fully_verified"", ""valuation_date"": null}]","[""https://defillama.com/hacks"", ""https://hacked.slowmist.io/en/?c=&page=4""]","[""https://defillama.com/hacks"", ""https://x.com/AaluxxMyth/status/2089792721086996703""]",[],,,,,False,"[""exact_information_availability_unverified"", ""retrospective_loss_not_a_live_feature""]",in_scope,[],normalized_catalog_record,,,,,,,,,,,,,2026-08-19T00:00:00Z,False,"00:00 UTC on the calendar day after the assigned incident_date; an assumed retrospective alignment, not verified public availability.","Frozen catalog reported_loss_usd; retrospective reported amount, not verified gross theft or loss known at activation.",False
inc_808c1323e57b525c,BounceBit,2026-08-19,day,3000000,3000000,3000000,defillama,retrospective_reported_amount; gross/net and valuation basis require source verification,Access Control,Improper Access Control; Smart Contract Vulnerability,"[""BounceBit""]",Chain,2,2,"[""defillama"", ""slowmist""]","[""a54f59c78a6e88f0"", ""d048ed032d7ad315""]","[""2026-08-19""]","[{""source"": ""defillama"", ""claim_id"": ""a54f59c78a6e88f0"", ""loss_usd"": 3000000, ""loss_basis"": ""source_amount_definition_not_fully_verified"", ""valuation_date"": null}, {""source"": ""slowmist"", ""claim_id"": ""d048ed032d7ad315"", ""loss_usd"": 3000000.0, ""loss_basis"": ""source_reported_loss_not_fully_verified"", ""valuation_date"": null}]","[""https://defillama.com/hacks"", ""https://hacked.slowmist.io/en/?c=&page=4""]","[""https://defillama.com/hacks"", ""https://x.com/bouncebit/article/2090785561800061430""]",[],,,,,False,"[""exact_information_availability_unverified"", ""retrospective_loss_not_a_live_feature""]",in_scope,[],normalized_catalog_record,,,,,,,,,,,,,2026-08-20T00:00:00Z,False,"00:00 UTC on the calendar day after the assigned incident_date; an assumed retrospective alignment, not verified public availability.","Frozen catalog reported_loss_usd; retrospective reported amount, not verified gross theft or loss known at activation.",False
inc_c43e2606a85f1261,KiiChain,2026-08-22,day,9700000,9700000,9700000,defillama,retrospective_reported_amount; gross/net and valuation basis require source verification,Token & Share Accounting,Arithmetic Error; Smart Contract Vulnerability,"[""KiiChain""]",Chain,3,3,"[""defillama"", ""slowmist"", ""rekt""]","[""76d8ec5191c6b2b6"", ""acfd8c215204e5f3"", ""77dc20aeb95251d2""]","[""2026-08-22""]","[{""source"": ""defillama"", ""claim_id"": ""76d8ec5191c6b2b6"", ""loss_usd"": 9700000, ""loss_basis"": ""source_amount_definition_not_fully_verified"", ""valuation_date"": null}, {""source"": ""slowmist"", ""claim_id"": ""acfd8c215204e5f3"", ""loss_usd"": 9700000.0, ""loss_basis"": ""source_reported_loss_not_fully_verified"", ""valuation_date"": null}, {""source"": ""rekt"", ""claim_id"": ""77dc20aeb95251d2"", ""loss_usd"": 9700000, ""loss_basis"": ""leaderboard_amount_may_use_later_valuation"", ""valuation_date"": null}]","[""https://defillama.com/hacks"", ""https://hacked.slowmist.io/en/?c=&page=4"", ""https://rekt.news/leaderboard/""]","[""https://defillama.com/hacks"", ""https://x.com/KiiChainio/article/2091721027583709214"", ""https://rekt.news/kiichain-rekt""]",[],,,,,False,"[""exact_information_availability_unverified"", ""retrospective_loss_not_a_live_feature""]",in_scope,[],normalized_catalog_record,,,,,,,,,,,,,2026-08-23T00:00:00Z,True,"00:00 UTC on the calendar day after the assigned incident_date; an assumed retrospective alignment, not verified public availability.","Frozen catalog reported_loss_usd; retrospective reported amount, not verified gross theft or loss known at activation.",False
inc_2f6f4f0ef3e778f0,TAC,2026-08-22,day,7500000,7500000,7500000,defillama,retrospective_reported_amount; gross/net and valuation basis require source verification,Protocol Logic,Withdrawal Logic Flaw; Contract Vulnerability,"[""TAC""]",Chain,3,3,"[""defillama"", ""slowmist"", ""rekt""]","[""c29828f2992c302c"", ""2cce8a1aeca16c20"", ""4fc0f6d0952dc4af""]","[""2026-08-22""]","[{""source"": ""defillama"", ""claim_id"": ""c29828f2992c302c"", ""loss_usd"": 7500000, ""loss_basis"": ""source_amount_definition_not_fully_verified"", ""valuation_date"": null}, {""source"": ""slowmist"", ""claim_id"": ""2cce8a1aeca16c20"", ""loss_usd"": 7500000.0, ""loss_basis"": ""source_reported_loss_not_fully_verified"", ""valuation_date"": null}, {""source"": ""rekt"", ""claim_id"": ""4fc0f6d0952dc4af"", ""loss_usd"": 7500000, ""loss_basis"": ""leaderboard_amount_may_use_later_valuation"", ""valuation_date"": null}]","[""https://defillama.com/hacks"", ""https://hacked.slowmist.io/en/?c=&page=4"", ""https://rekt.news/leaderboard/""]","[""https://defillama.com/hacks"", ""https://x.com/TacBuild/status/2091873937655574938"", ""https://rekt.news/tac-rekt""]",[],,,,,False,"[""exact_information_availability_unverified"", ""retrospective_loss_not_a_live_feature""]",in_scope,[],normalized_catalog_record,,,,,,,,,,,,,2026-08-23T00:00:00Z,True,"00:00 UTC on the calendar day after the assigned incident_date; an assumed retrospective alignment, not verified public availability.","Frozen catalog reported_loss_usd; retrospective reported amount, not verified gross theft or loss known at activation.",False
inc_c89fb4dc39bdd527,TermFinance Vaults,2026-08-23,day,8500000,8500000,8500000,defillama,retrospective_reported_amount; gross/net and valuation basis require source verification,Governance,Malicious Proposal; Governance Attack,"[""Ethereum""]",DeFi Protocol,2,2,"[""defillama"", ""slowmist""]","[""4d15886c871c0c38"", ""de7292b81efddea9""]","[""2026-08-23""]","[{""source"": ""defillama"", ""claim_id"": ""4d15886c871c0c38"", ""loss_usd"": 8500000, ""loss_basis"": ""source_amount_definition_not_fully_verified"", ""valuation_date"": null}, {""source"": ""slowmist"", ""claim_id"": ""de7292b81efddea9"", ""loss_usd"": 8500000.0, ""loss_basis"": ""source_reported_loss_not_fully_verified"", ""valuation_date"": null}]","[""https://defillama.com/hacks"", ""https://hacked.slowmist.io/en/?c=&page=4""]","[""https://defillama.com/hacks"", ""https://x.com/term_labs/status/2091428394130886740""]",[],,,,,False,"[""exact_information_availability_unverified"", ""retrospective_loss_not_a_live_feature""]",in_scope,[],normalized_catalog_record,,,,,,,,,,,,,2026-08-24T00:00:00Z,True,"00:00 UTC on the calendar day after the assigned incident_date; an assumed retrospective alignment, not verified public availability.","Frozen catalog reported_loss_usd; retrospective reported amount, not verified gross theft or loss known at activation.",False
inc_3a24d006965b4da9,Nesa,2026-08-24,day,50000000,50000000,50000000,defillama,retrospective_reported_amount; gross/net and valuation basis require source verification,Token & Share Accounting,Arithmetic Error,"[""Nesa""]",Chain,2,2,"[""defillama"", ""rekt""]","[""14b910fed179b513"", ""1cc02c8605c6e0e7""]","[""2026-08-24""]","[{""source"": ""defillama"", ""claim_id"": ""14b910fed179b513"", ""loss_usd"": 50000000, ""loss_basis"": ""source_amount_definition_not_fully_verified"", ""valuation_date"": null}, {""source"": ""rekt"", ""claim_id"": ""1cc02c8605c6e0e7"", ""loss_usd"": 50000000, ""loss_basis"": ""leaderboard_amount_may_use_later_valuation"", ""valuation_date"": null}]","[""https://defillama.com/hacks"", ""https://rekt.news/leaderboard/""]","[""https://defillama.com/hacks"", ""https://rekt.news/nesa-rekt""]",[],,,,,False,"[""exact_information_availability_unverified"", ""retrospective_loss_not_a_live_feature""]",in_scope,[],normalized_catalog_record,,,,,,,,,,,,,2026-08-25T00:00:00Z,True,"00:00 UTC on the calendar day after the assigned incident_date; an assumed retrospective alignment, not verified public availability.","Frozen catalog reported_loss_usd; retrospective reported amount, not verified gross theft or loss known at activation.",False
inc_970e9e6171404730,Moonwell Lending,2026-08-27,day,8700000,8700000,8700000,defillama,retrospective_reported_amount; gross/net and valuation basis require source verification,Oracle Manipulation,Spot Price Manipulation; Price Manipulation,"[""Base""]",DeFi Protocol,2,2,"[""defillama"", ""slowmist""]","[""1b21e140d2898d33"", ""a39b3018966dc517""]","[""2026-08-27""]","[{""source"": ""defillama"", ""claim_id"": ""1b21e140d2898d33"", ""loss_usd"": 8700000, ""loss_basis"": ""source_amount_definition_not_fully_verified"", ""valuation_date"": null}, {""source"": ""slowmist"", ""claim_id"": ""a39b3018966dc517"", ""loss_usd"": 8700000.0, ""loss_basis"": ""source_reported_loss_not_fully_verified"", ""valuation_date"": null}]","[""https://defillama.com/hacks"", ""https://hacked.slowmist.io/en/?c=&page=4""]","[""https://defillama.com/hacks"", ""https://x.com/blockaid_/status/2092914508666753081""]",[],,,,,False,"[""exact_information_availability_unverified"", ""retrospective_loss_not_a_live_feature""]",in_scope,[],normalized_catalog_record,,,,,,,,,,,,,2026-08-28T00:00:00Z,True,"00:00 UTC on the calendar day after the assigned incident_date; an assumed retrospective alignment, not verified public availability.","Frozen catalog reported_loss_usd; retrospective reported amount, not verified gross theft or loss known at activation.",False
inc_79222f87291b5a55,Fogo Foundation,2026-08-28,day,3000000,3000000,3000000,defillama,retrospective_reported_amount; gross/net and valuation basis require source verification,Key Compromise,Private Key Compromised,"[""Fogo""]",Foundation,2,2,"[""defillama"", ""slowmist""]","[""fcb90fd49305bc66"", ""2c7584759f9f09ff""]","[""2026-08-28"", ""2026-08-29""]","[{""source"": ""defillama"", ""claim_id"": ""fcb90fd49305bc66"", ""loss_usd"": 3000000, ""loss_basis"": ""source_amount_definition_not_fully_verified"", ""valuation_date"": null}, {""source"": ""slowmist"", ""claim_id"": ""2c7584759f9f09ff"", ""loss_usd"": 3000000.0, ""loss_basis"": ""source_reported_loss_not_fully_verified"", ""valuation_date"": null}]","[""https://defillama.com/hacks"", ""https://hacked.slowmist.io/en/?c=&page=3""]","[""https://defillama.com/hacks"", ""https://x.com/fogo/status/2094947465040732366""]",[],,,,,False,"[""source_date_disagreement"", ""exact_information_availability_unverified"", ""retrospective_loss_not_a_live_feature""]",in_scope,[],normalized_catalog_record,,,,,,,,,,,,,2026-08-29T00:00:00Z,False,"00:00 UTC on the calendar day after the assigned incident_date; an assumed retrospective alignment, not verified public availability.","Frozen catalog reported_loss_usd; retrospective reported amount, not verified gross theft or loss known at activation.",False
inc_ac9baa551f4591ea,Tectonic,2026-08-30,day,124470000,120400000.0,124470000,defillama,retrospective_reported_amount; gross/net and valuation basis require source verification,Token & Share Accounting,Donation Attack; Price Manipulation,"[""Cronos""]",DeFi Protocol,3,3,"[""defillama"", ""slowmist"", ""rekt""]","[""8523594bf77b8e36"", ""694f11fbfd4cc8e0"", ""682823c3b8bc5532""]","[""2026-08-30""]","[{""source"": ""defillama"", ""claim_id"": ""8523594bf77b8e36"", ""loss_usd"": 124470000, ""loss_basis"": ""source_amount_definition_not_fully_verified"", ""valuation_date"": null}, {""source"": ""slowmist"", ""claim_id"": ""694f11fbfd4cc8e0"", ""loss_usd"": 120400000.0, ""loss_basis"": ""source_reported_loss_not_fully_verified"", ""valuation_date"": null}, {""source"": ""rekt"", ""claim_id"": ""682823c3b8bc5532"", ""loss_usd"": 120400000, ""loss_basis"": ""leaderboard_amount_may_use_later_valuation"", ""valuation_date"": null}]","[""https://defillama.com/hacks"", ""https://hacked.slowmist.io/en/?c=&page=3"", ""https://rekt.news/leaderboard/""]","[""https://defillama.com/hacks"", ""https://x.com/TectonicFi/status/2097128151495373291"", ""https://rekt.news/tectonic-rekt""]",[],,,,,False,"[""exact_information_availability_unverified"", ""retrospective_loss_not_a_live_feature""]",in_scope,[],normalized_catalog_record,,,,,,,,,,,,,2026-08-31T00:00:00Z,True,"00:00 UTC on the calendar day after the assigned incident_date; an assumed retrospective alignment, not verified public availability.","Frozen catalog reported_loss_usd; retrospective reported amount, not verified gross theft or loss known at activation.",False
inc_dc3bcf97abf346b4,Aquifer,2026-08-31,day,2469729,2469729,2500000.0,defillama,retrospective_reported_amount; gross/net and valuation basis require source verification,Access Control,Arbitrary External Call; Smart Contract Vulnerability,"[""Solana""]",DeFi Protocol,2,2,"[""defillama"", ""slowmist""]","[""35ce5f43bde3b8a9"", ""1d211f2f8b454a45""]","[""2026-08-31""]","[{""source"": ""defillama"", ""claim_id"": ""35ce5f43bde3b8a9"", ""loss_usd"": 2469729, ""loss_basis"": ""source_amount_definition_not_fully_verified"", ""valuation_date"": null}, {""source"": ""slowmist"", ""claim_id"": ""1d211f2f8b454a45"", ""loss_usd"": 2500000.0, ""loss_basis"": ""source_reported_loss_not_fully_verified"", ""valuation_date"": null}]","[""https://defillama.com/hacks"", ""https://hacked.slowmist.io/en/?c=&page=3""]","[""https://defillama.com/hacks"", ""https://x.com/DefimonAlerts/status/2094467984030826622""]",[],,,,,False,"[""exact_information_availability_unverified"", ""retrospective_loss_not_a_live_feature""]",in_scope,[],normalized_catalog_record,,,,,,,,,,,,,2026-09-01T00:00:00Z,False,"00:00 UTC on the calendar day after the assigned incident_date; an assumed retrospective alignment, not verified public availability.","Frozen catalog reported_loss_usd; retrospective reported amount, not verified gross theft or loss known at activation.",False
inc_310e6184560e8449,Radix,2026-08-31,day,1249946,1249946,1249946,defillama,retrospective_reported_amount; gross/net and valuation basis require source verification,Access Control,Improper Access Control,"[""Radix""]",Chain,1,1,"[""defillama""]","[""2a6ca548f9b27092""]","[""2026-08-31""]","[{""source"": ""defillama"", ""claim_id"": ""2a6ca548f9b27092"", ""loss_usd"": 1249946, ""loss_basis"": ""source_amount_definition_not_fully_verified"", ""valuation_date"": null}]","[""https://defillama.com/hacks""]","[""https://defillama.com/hacks""]",[],,,,,False,"[""single_catalog_source"", ""no_incident_specific_reference"", ""exact_information_availability_unverified"", ""retrospective_loss_not_a_live_feature""]",in_scope,[],normalized_catalog_record,,,,,,,,,,,,,2026-09-01T00:00:00Z,False,"00:00 UTC on the calendar day after the assigned incident_date; an assumed retrospective alignment, not verified public availability.","Frozen catalog reported_loss_usd; retrospective reported amount, not verified gross theft or loss known at activation.",False
inc_4dd5d0525be765ee,Notional V2,2026-09-04,day,1727782,1727782,1730000.0,defillama,retrospective_reported_amount; gross/net and valuation basis require source verification,Token & Share Accounting,Arithmetic Error; Smart Contract Vulnerability,"[""Ethereum""]",DeFi Protocol,2,2,"[""defillama"", ""slowmist""]","[""ea31df3daec83b57"", ""cd7743d9d75ef9b6""]","[""2026-09-04""]","[{""source"": ""defillama"", ""claim_id"": ""ea31df3daec83b57"", ""loss_usd"": 1727782, ""loss_basis"": ""source_amount_definition_not_fully_verified"", ""valuation_date"": null}, {""source"": ""slowmist"", ""claim_id"": ""cd7743d9d75ef9b6"", ""loss_usd"": 1730000.0, ""loss_basis"": ""source_reported_loss_not_fully_verified"", ""valuation_date"": null}]","[""https://defillama.com/hacks"", ""https://hacked.slowmist.io/en/?c=&page=3""]","[""https://defillama.com/hacks"", ""https://x.com/NotionalFinance/status/2095905726094856391""]",[],,,,,False,"[""exact_information_availability_unverified"", ""retrospective_loss_not_a_live_feature""]",in_scope,[],normalized_catalog_record,,,,,,,,,,,,,2026-09-05T00:00:00Z,False,"00:00 UTC on the calendar day after the assigned incident_date; an assumed retrospective alignment, not verified public availability.","Frozen catalog reported_loss_usd; retrospective reported amount, not verified gross theft or loss known at activation.",False
inc_abf7026a2703453e,Liquid Network,2026-09-06,day,320000000,320000000,320000000,defillama,retrospective_reported_amount; gross/net and valuation basis require source verification,Bridge & Cross-Chain,Unbacked Cross-Chain Mint; Elements Software Vulnerability,"[""Liquid""]",Chain,3,3,"[""defillama"", ""slowmist"", ""rekt""]","[""31ab772578a31bdb"", ""dad1d51b49b9e82b"", ""82c1fa82ecb8a6a9""]","[""2026-09-06""]","[{""source"": ""defillama"", ""claim_id"": ""31ab772578a31bdb"", ""loss_usd"": 320000000, ""loss_basis"": ""source_amount_definition_not_fully_verified"", ""valuation_date"": null}, {""source"": ""slowmist"", ""claim_id"": ""dad1d51b49b9e82b"", ""loss_usd"": 320000000.0, ""loss_basis"": ""source_reported_loss_not_fully_verified"", ""valuation_date"": null}, {""source"": ""rekt"", ""claim_id"": ""82c1fa82ecb8a6a9"", ""loss_usd"": 320000000, ""loss_basis"": ""leaderboard_amount_may_use_later_valuation"", ""valuation_date"": null}]","[""https://defillama.com/hacks"", ""https://hacked.slowmist.io/en/?c=&page=3"", ""https://rekt.news/leaderboard/""]","[""https://defillama.com/hacks"", ""https://x.com/Liquid_BTC/status/2097404704028545175"", ""https://rekt.news/liquid-network-rekt""]",[],,,,,False,"[""exact_information_availability_unverified"", ""retrospective_loss_not_a_live_feature""]",in_scope,[],normalized_catalog_record,,,,,,,,,,,,,2026-09-07T00:00:00Z,True,"00:00 UTC on the calendar day after the assigned incident_date; an assumed retrospective alignment, not verified public availability.","Frozen catalog reported_loss_usd; retrospective reported amount, not verified gross theft or loss known at activation.",False
inc_2e031ecd51c4f27c,Nomic,2026-09-09,day,3150000,3150000,3150000,defillama,retrospective_reported_amount; gross/net and valuation basis require source verification,Bridge & Cross-Chain,Unbacked Cross-Chain Mint; Double-Spending Attack,"[""Nomic""]",DeFi Protocol,2,2,"[""defillama"", ""slowmist""]","[""2c701add66d92ae4"", ""2b3da29a4cc252f6""]","[""2026-09-09""]","[{""source"": ""defillama"", ""claim_id"": ""2c701add66d92ae4"", ""loss_usd"": 3150000, ""loss_basis"": ""source_amount_definition_not_fully_verified"", ""valuation_date"": null}, {""source"": ""slowmist"", ""claim_id"": ""2b3da29a4cc252f6"", ""loss_usd"": 3150000.0, ""loss_basis"": ""source_reported_loss_not_fully_verified"", ""valuation_date"": null}]","[""https://defillama.com/hacks"", ""https://hacked.slowmist.io/en/?c=&page=2""]","[""https://defillama.com/hacks"", ""https://x.com/osmosis/status/2097623097696251926""]",[],,,,,False,"[""exact_information_availability_unverified"", ""retrospective_loss_not_a_live_feature""]",in_scope,[],normalized_catalog_record,,,,,,,,,,,,,2026-09-10T00:00:00Z,False,"00:00 UTC on the calendar day after the assigned incident_date; an assumed retrospective alignment, not verified public availability.","Frozen catalog reported_loss_usd; retrospective reported amount, not verified gross theft or loss known at activation.",False
inc_60ba8fdb4f698205,DCENT Wallet,2026-09-15,day,6570000.0,6570000.0,6570000.0,slowmist,retrospective_reported_amount; gross/net and valuation basis require source verification,,Unknown,[],,1,1,"[""slowmist""]","[""2b25ef97406a2db7""]","[""2026-09-15""]","[{""source"": ""slowmist"", ""claim_id"": ""2b25ef97406a2db7"", ""loss_usd"": 6570000.0, ""loss_basis"": ""source_reported_loss_not_fully_verified"", ""valuation_date"": null}]","[""https://hacked.slowmist.io/en/?c=&page=2""]","[""https://x.com/DCENTWALLETS/status/2100076991798206573""]",[],,,,,False,"[""single_catalog_source"", ""exact_information_availability_unverified"", ""retrospective_loss_not_a_live_feature""]",in_scope,[],normalized_catalog_record,,,,,,,,,,,,,2026-09-16T00:00:00Z,True,"00:00 UTC on the calendar day after the assigned incident_date; an assumed retrospective alignment, not verified public availability.","Frozen catalog reported_loss_usd; retrospective reported amount, not verified gross theft or loss known at activation.",False
inc_87f7d19cf44c7de3,Unknown Gnosis Safe Wallet,2026-09-15,day,7730000.0,7730000.0,7730000.0,slowmist,retrospective_reported_amount; gross/net and valuation basis require source verification,,Smart Contract Vulnerability,[],,1,1,"[""slowmist""]","[""8e6cd6f71bf1f520""]","[""2026-09-15""]","[{""source"": ""slowmist"", ""claim_id"": ""8e6cd6f71bf1f520"", ""loss_usd"": 7730000.0, ""loss_basis"": ""source_reported_loss_not_fully_verified"", ""valuation_date"": null}]","[""https://hacked.slowmist.io/en/?c=&page=2""]","[""https://x.com/SlowMist_Team/status/2099779127662493875""]",[],,,,,False,"[""single_catalog_source"", ""exact_information_availability_unverified"", ""retrospective_loss_not_a_live_feature""]",in_scope,[],normalized_catalog_record,,,,,,,,,,,,,2026-09-16T00:00:00Z,True,"00:00 UTC on the calendar day after the assigned incident_date; an assumed retrospective alignment, not verified public availability.","Frozen catalog reported_loss_usd; retrospective reported amount, not verified gross theft or loss known at activation.",False
inc_4752081cfca685d6,Nostra Money Market,2026-09-17,day,3500000,3500000,3500000,defillama,retrospective_reported_amount; gross/net and valuation basis require source verification,Oracle Manipulation,Spot Price Manipulation; Oracle Manipulation,"[""Starknet""]",DeFi Protocol,3,3,"[""defillama"", ""slowmist"", ""rekt""]","[""772c5b40cc79e14d"", ""4c11505a05edc718"", ""4a3d1b11997b0581""]","[""2026-09-17""]","[{""source"": ""defillama"", ""claim_id"": ""772c5b40cc79e14d"", ""loss_usd"": 3500000, ""loss_basis"": ""source_amount_definition_not_fully_verified"", ""valuation_date"": null}, {""source"": ""slowmist"", ""claim_id"": ""4c11505a05edc718"", ""loss_usd"": 3500000.0, ""loss_basis"": ""source_reported_loss_not_fully_verified"", ""valuation_date"": null}, {""source"": ""rekt"", ""claim_id"": ""4a3d1b11997b0581"", ""loss_usd"": 3500000, ""loss_basis"": ""leaderboard_amount_may_use_later_valuation"", ""valuation_date"": null}]","[""https://defillama.com/hacks"", ""https://hacked.slowmist.io/en/?c=&page=2"", ""https://rekt.news/leaderboard/""]","[""https://defillama.com/hacks"", ""https://x.com/nostrafinance/status/2100577538053493076?s=46&t=DLwbX9Nw4QECiyZQ0av-fg"", ""https://rekt.news/nostra-rekt""]",[],,,,,False,"[""exact_information_availability_unverified"", ""retrospective_loss_not_a_live_feature""]",in_scope,[],normalized_catalog_record,,,,,,,,,,,,,2026-09-18T00:00:00Z,False,"00:00 UTC on the calendar day after the assigned incident_date; an assumed retrospective alignment, not verified public availability.","Frozen catalog reported_loss_usd; retrospective reported amount, not verified gross theft or loss known at activation.",False
inc_563ce9371752d9e2,Fetch.ai,2026-09-19,day,1530000,1530000,1530000,defillama,retrospective_reported_amount; gross/net and valuation basis require source verification,Key Compromise,Private Key Compromised; Private Key Leakage,"[""Ethereum""]",DeFi Protocol,2,2,"[""defillama"", ""slowmist""]","[""db8ad586238a1f2a"", ""ecb32d960fa22eed""]","[""2026-09-19""]","[{""source"": ""defillama"", ""claim_id"": ""db8ad586238a1f2a"", ""loss_usd"": 1530000, ""loss_basis"": ""source_amount_definition_not_fully_verified"", ""valuation_date"": null}, {""source"": ""slowmist"", ""claim_id"": ""ecb32d960fa22eed"", ""loss_usd"": 1530000.0, ""loss_basis"": ""source_reported_loss_not_fully_verified"", ""valuation_date"": null}]","[""https://defillama.com/hacks"", ""https://hacked.slowmist.io/en/?c=&page=1""]","[""https://defillama.com/hacks"", ""https://x.com/PeckShieldAlert/status/2101457227379044822""]",[],,,,,False,"[""exact_information_availability_unverified"", ""retrospective_loss_not_a_live_feature""]",in_scope,[],normalized_catalog_record,,,,,,,,,,,,,2026-09-20T00:00:00Z,False,"00:00 UTC on the calendar day after the assigned incident_date; an assumed retrospective alignment, not verified public availability.","Frozen catalog reported_loss_usd; retrospective reported amount, not verified gross theft or loss known at activation.",False
inc_f9f74cf6867fdd9c,Astroport,2026-09-22,day,4900000,4900000,4900000,defillama,retrospective_reported_amount; gross/net and valuation basis require source verification,Governance,Malicious Proposal; Compromised administrator privileges,"[""Neutron""]",DeFi Protocol,2,2,"[""defillama"", ""slowmist""]","[""62291b419550e3cc"", ""44004cf88afa2a4d""]","[""2026-09-22""]","[{""source"": ""defillama"", ""claim_id"": ""62291b419550e3cc"", ""loss_usd"": 4900000, ""loss_basis"": ""source_amount_definition_not_fully_verified"", ""valuation_date"": null}, {""source"": ""slowmist"", ""claim_id"": ""44004cf88afa2a4d"", ""loss_usd"": 4900000.0, ""loss_basis"": ""source_reported_loss_not_fully_verified"", ""valuation_date"": null}]","[""https://defillama.com/hacks"", ""https://hacked.slowmist.io/en/?c=&page=1""]","[""https://defillama.com/hacks"", ""https://x.com/astroport_fi/status/2102348511400403381""]",[],,,,,False,"[""exact_information_availability_unverified"", ""retrospective_loss_not_a_live_feature""]",in_scope,[],normalized_catalog_record,,,,,,,,,,,,,2026-09-23T00:00:00Z,False,"00:00 UTC on the calendar day after the assigned incident_date; an assumed retrospective alignment, not verified public availability.","Frozen catalog reported_loss_usd; retrospective reported amount, not verified gross theft or loss known at activation.",False
inc_3aaa03f46bc22493,Drop,2026-09-22,day,4400000,4400000,4400000,defillama,retrospective_reported_amount; gross/net and valuation basis require source verification,Governance,Malicious Proposal; Governance Attack,"[""Neutron""]",DeFi Protocol,2,2,"[""defillama"", ""slowmist""]","[""0ef903168338efdc"", ""ad63d1874b80de05""]","[""2026-09-22""]","[{""source"": ""defillama"", ""claim_id"": ""0ef903168338efdc"", ""loss_usd"": 4400000, ""loss_basis"": ""source_amount_definition_not_fully_verified"", ""valuation_date"": null}, {""source"": ""slowmist"", ""claim_id"": ""ad63d1874b80de05"", ""loss_usd"": 4400000.0, ""loss_basis"": ""source_reported_loss_not_fully_verified"", ""valuation_date"": null}]","[""https://defillama.com/hacks"", ""https://hacked.slowmist.io/en/?c=&page=1""]","[""https://defillama.com/hacks"", ""https://publicaml.org/news/2026-09-22-drop/""]",[],,,,,False,"[""exact_information_availability_unverified"", ""retrospective_loss_not_a_live_feature""]",in_scope,[],normalized_catalog_record,,,,,,,,,,,,,2026-09-23T00:00:00Z,False,"00:00 UTC on the calendar day after the assigned incident_date; an assumed retrospective alignment, not verified public availability.","Frozen catalog reported_loss_usd; retrospective reported amount, not verified gross theft or loss known at activation.",False
inc_b7bb8280183a5c60,Bitget,2026-09-24,day,387000000,387000000,387500000.0,defillama,retrospective_reported_amount; gross/net and valuation basis require source verification,Key Compromise,Hot Wallet Key Compromised; Third-party Security Product Exploit,"[""Ethereum"", ""Tron"", ""XRP"", ""Zcash""]",CEX,3,3,"[""defillama"", ""slowmist"", ""rekt""]","[""1dc088b26c7e3e26"", ""06a0ca19c2a70236"", ""72d118577ef6f396""]","[""2026-09-24""]","[{""source"": ""defillama"", ""claim_id"": ""1dc088b26c7e3e26"", ""loss_usd"": 387000000, ""loss_basis"": ""source_amount_definition_not_fully_verified"", ""valuation_date"": null}, {""source"": ""slowmist"", ""claim_id"": ""06a0ca19c2a70236"", ""loss_usd"": 387500000.0, ""loss_basis"": ""source_reported_loss_not_fully_verified"", ""valuation_date"": null}, {""source"": ""rekt"", ""claim_id"": ""72d118577ef6f396"", ""loss_usd"": 387500000, ""loss_basis"": ""leaderboard_amount_may_use_later_valuation"", ""valuation_date"": null}]","[""https://defillama.com/hacks"", ""https://hacked.slowmist.io/en/?c=&page=1"", ""https://rekt.news/leaderboard/""]","[""https://defillama.com/hacks"", ""https://x.com/TheBlockCo/status/2104585324362084504"", ""https://rekt.news/bitget-rekt""]",[],,,,,False,"[""exact_information_availability_unverified"", ""retrospective_loss_not_a_live_feature""]",in_scope,[],normalized_catalog_record,,,,,,,,,,,,,2026-09-25T00:00:00Z,True,"00:00 UTC on the calendar day after the assigned incident_date; an assumed retrospective alignment, not verified public availability.","Frozen catalog reported_loss_usd; retrospective reported amount, not verified gross theft or loss known at activation.",False
inc_bb2b5f6b8ac53fc9,Duelbits,2026-09-24,day,7000000,7000000,7000000,defillama,retrospective_reported_amount; gross/net and valuation basis require source verification,Key Compromise,Hot Wallet Key Compromised; Private Key Leakage,"[""BSC"", ""Bitcoin"", ""Ethereum"", ""Tron""]",Gambling Platform,2,2,"[""defillama"", ""slowmist""]","[""618ea32016962268"", ""d2de34e84e132685""]","[""2026-09-24""]","[{""source"": ""defillama"", ""claim_id"": ""618ea32016962268"", ""loss_usd"": 7000000, ""loss_basis"": ""source_amount_definition_not_fully_verified"", ""valuation_date"": null}, {""source"": ""slowmist"", ""claim_id"": ""d2de34e84e132685"", ""loss_usd"": 7000000.0, ""loss_basis"": ""source_reported_loss_not_fully_verified"", ""valuation_date"": null}]","[""https://defillama.com/hacks"", ""https://hacked.slowmist.io/en/?c=&page=1""]","[""https://defillama.com/hacks"", ""https://x.com/DuelbitsJoe/status/2103252719217627325""]",[],,,,,False,"[""exact_information_availability_unverified"", ""retrospective_loss_not_a_live_feature""]",in_scope,[],normalized_catalog_record,,,,,,,,,,,,,2026-09-25T00:00:00Z,True,"00:00 UTC on the calendar day after the assigned incident_date; an assumed retrospective alignment, not verified public availability.","Frozen catalog reported_loss_usd; retrospective reported amount, not verified gross theft or loss known at activation.",False
inc_42794d80fa7bd520,Limit Break Payment Processor,2026-09-24,day,1800000,1800000,2800000.0,defillama,retrospective_reported_amount; gross/net and valuation basis require source verification,Access Control,Token Approval Abuse; Smart Contract Vulnerability,"[""ApeChain"", ""Base"", ""Ethereum"", ""Polygon""]",NFTfi,2,2,"[""defillama"", ""slowmist""]","[""b127922824c0f394"", ""74a0875d69941325""]","[""2026-09-24""]","[{""source"": ""defillama"", ""claim_id"": ""b127922824c0f394"", ""loss_usd"": 1800000, ""loss_basis"": ""source_amount_definition_not_fully_verified"", ""valuation_date"": null}, {""source"": ""slowmist"", ""claim_id"": ""74a0875d69941325"", ""loss_usd"": 2800000.0, ""loss_basis"": ""source_reported_loss_not_fully_verified"", ""valuation_date"": null}]","[""https://defillama.com/hacks"", ""https://hacked.slowmist.io/en/?c=&page=1""]","[""https://defillama.com/hacks"", ""https://x.com/0xQuit/status/2103410682368512505""]",[],,,,,False,"[""loss_estimates_differ_over_5pct"", ""exact_information_availability_unverified"", ""retrospective_loss_not_a_live_feature""]",in_scope,[],normalized_catalog_record,,,,,,,,,,,,,2026-09-25T00:00:00Z,False,"00:00 UTC on the calendar day after the assigned incident_date; an assumed retrospective alignment, not verified public availability.","Frozen catalog reported_loss_usd; retrospective reported amount, not verified gross theft or loss known at activation.",False
inc_823f5558cd125396,Meter Passport,2026-09-24,day,2300000.0,2300000.0,2300000.0,slowmist,retrospective_reported_amount; gross/net and valuation basis require source verification,,Smart Contract Vulnerability,[],,1,1,"[""slowmist""]","[""9a3ef7b778398136""]","[""2026-09-24""]","[{""source"": ""slowmist"", ""claim_id"": ""9a3ef7b778398136"", ""loss_usd"": 2300000.0, ""loss_basis"": ""source_reported_loss_not_fully_verified"", ""valuation_date"": null}]","[""https://hacked.slowmist.io/en/?c=&page=1""]","[""https://x.com/blockaid_/status/2103121249706877178""]",[],,,,,False,"[""single_catalog_source"", ""exact_information_availability_unverified"", ""retrospective_loss_not_a_live_feature""]",in_scope,[],normalized_catalog_record,,,,,,,,,,,,,2026-09-25T00:00:00Z,False,"00:00 UTC on the calendar day after the assigned incident_date; an assumed retrospective alignment, not verified public availability.","Frozen catalog reported_loss_usd; retrospective reported amount, not verified gross theft or loss known at activation.",False
inc_ac002c25307cdc93,Payy Network,2026-09-24,day,1828589.378132,1828589.378132,1832149.0,defillama,retrospective_reported_amount; gross/net and valuation basis require source verification,Bridge & Cross-Chain,Bridge Logic Flaw; Smart Contract Vulnerability,"[""Ethereum""]",DeFi Protocol,2,2,"[""defillama"", ""slowmist""]","[""57412537e7768ddd"", ""af7217eaf093dc2e""]","[""2026-09-24""]","[{""source"": ""defillama"", ""claim_id"": ""57412537e7768ddd"", ""loss_usd"": 1828589.378132, ""loss_basis"": ""source_amount_definition_not_fully_verified"", ""valuation_date"": null}, {""source"": ""slowmist"", ""claim_id"": ""af7217eaf093dc2e"", ""loss_usd"": 1832149.0, ""loss_basis"": ""source_reported_loss_not_fully_verified"", ""valuation_date"": null}]","[""https://defillama.com/hacks"", ""https://hacked.slowmist.io/en/?c=&page=1""]","[""https://defillama.com/hacks"", ""https://x.com/payy_link/status/2103123293687419136""]",[],,,,,False,"[""exact_information_availability_unverified"", ""retrospective_loss_not_a_live_feature""]",in_scope,[],normalized_catalog_record,,,,,,,,,,,,,2026-09-25T00:00:00Z,False,"00:00 UTC on the calendar day after the assigned incident_date; an assumed retrospective alignment, not verified public availability.","Frozen catalog reported_loss_usd; retrospective reported amount, not verified gross theft or loss known at activation.",False
inc_e4e5c6835f091238,Fake GIWA Bridge,2026-09-27,day,2080000,2000000.0,2080000,defillama,retrospective_reported_amount; gross/net and valuation basis require source verification,Social Engineering,Impersonation Scam; Fake Chain / Fake Bridge Scam,"[""Ethereum""]",DeFi Protocol,2,2,"[""defillama"", ""slowmist""]","[""eed54dc3622bae26"", ""ba36796900ce2a13""]","[""2026-09-26"", ""2026-09-27""]","[{""source"": ""defillama"", ""claim_id"": ""eed54dc3622bae26"", ""loss_usd"": 2080000, ""loss_basis"": ""source_amount_definition_not_fully_verified"", ""valuation_date"": null}, {""source"": ""slowmist"", ""claim_id"": ""ba36796900ce2a13"", ""loss_usd"": 2000000.0, ""loss_basis"": ""source_reported_loss_not_fully_verified"", ""valuation_date"": null}]","[""https://defillama.com/hacks"", ""https://hacked.slowmist.io/en/?c=&page=1""]","[""https://defillama.com/hacks"", ""https://bitquery.io/investigations/fake-giwa-chain-bridge-drain""]",[],,,,,False,"[""source_date_disagreement"", ""exact_information_availability_unverified"", ""retrospective_loss_not_a_live_feature""]",in_scope,[],normalized_catalog_record,,,,,,,,,,,,,2026-09-28T00:00:00Z,False,"00:00 UTC on the calendar day after the assigned incident_date; an assumed retrospective alignment, not verified public availability.","Frozen catalog reported_loss_usd; retrospective reported amount, not verified gross theft or loss known at activation.",False
inc_0043e766b2096dfe,NEAR Intents,2026-10-01,day,3800000,3800000,3800000,defillama,retrospective_reported_amount; gross/net and valuation basis require source verification,Bridge & Cross-Chain,Bridge Logic Flaw; Smart Contract Vulnerability,"[""BSC""]",DeFi Protocol,2,2,"[""defillama"", ""slowmist""]","[""903f901d96211379"", ""53056c97d109371f""]","[""2026-10-01""]","[{""source"": ""defillama"", ""claim_id"": ""903f901d96211379"", ""loss_usd"": 3800000, ""loss_basis"": ""source_amount_definition_not_fully_verified"", ""valuation_date"": null}, {""source"": ""slowmist"", ""claim_id"": ""53056c97d109371f"", ""loss_usd"": 3800000.0, ""loss_basis"": ""source_reported_loss_not_fully_verified"", ""valuation_date"": null}]","[""https://defillama.com/hacks"", ""https://hacked.slowmist.io/en/?c=&page=1""]","[""https://defillama.com/hacks"", ""https://x.com/near_intents/status/2105642219357241796""]",[],,,,,False,"[""exact_information_availability_unverified"", ""retrospective_loss_not_a_live_feature""]",in_scope,[],normalized_catalog_record,,,,,,,,,,,,,2026-10-02T00:00:00Z,False,"00:00 UTC on the calendar day after the assigned incident_date; an assumed retrospective alignment, not verified public availability.","Frozen catalog reported_loss_usd; retrospective reported amount, not verified gross theft or loss known at activation.",False
