baseline_id,baseline_name,baseline_date,canonical_id,canonical_name,canonical_date,current_cohort,disposition,identity_review,decision_reason,source_claim_ids
inc_b2fd778f2c73e40c,Yapizon,2017-04-22,inc_b2fd778f2c73e40c,Yapizon,2017-04-22,incidents_over_1m,retained,no_match_signal_found,No evidence sufficient to combine this record with another baseline record; this is not proof of global uniqueness.,"[""ad52b9e534930aed"", ""0ed1cd933983805c""]"
inc_80eba4debe14df14,CoinDash,2017-07-17,inc_80eba4debe14df14,CoinDash,2017-07-17,incidents_over_1m,retained,no_match_signal_found,No evidence sufficient to combine this record with another baseline record; this is not proof of global uniqueness.,"[""1a28496448e61464"", ""7d41bc7652b12bbc""]"
inc_8d0d5ff70c747480,Parity,2017-07-18,inc_8d0d5ff70c747480,Parity,2017-07-18,incidents_over_1m,retained,no_match_signal_found,No evidence sufficient to combine this record with another baseline record; this is not proof of global uniqueness.,"[""7a60b0aa71d913f6"", ""50f1552cb6305779""]"
inc_0e2a7b263c935ed5,Veritaseum,2017-07-23,inc_0e2a7b263c935ed5,Veritaseum,2017-07-23,incidents_over_1m,retained,no_match_signal_found,No evidence sufficient to combine this record with another baseline record; this is not proof of global uniqueness.,"[""67c48d3eecf43559""]"
inc_1d207b9e6657b0d2,Tether,2017-11-19,inc_1d207b9e6657b0d2,Tether,2017-11-19,incidents_over_1m,retained,no_match_signal_found,No evidence sufficient to combine this record with another baseline record; this is not proof of global uniqueness.,"[""9165f54bd0febabe"", ""bab30f7895808cce""]"
inc_329e806eeb3c3196,NiceHash,2017-12-06,inc_329e806eeb3c3196,NiceHash,2017-12-06,incidents_over_1m,retained,no_match_signal_found,No evidence sufficient to combine this record with another baseline record; this is not proof of global uniqueness.,"[""2ff5c1bfde34b906"", ""77bf985b0f846eb3""]"
inc_ebaeb293d43f6f18,EtherDelta,2017-12-20,inc_ebaeb293d43f6f18,EtherDelta,2017-12-20,incidents_over_1m,retained,no_match_signal_found,No evidence sufficient to combine this record with another baseline record; this is not proof of global uniqueness.,"[""344555938e43d3c9""]"
inc_592d8434f9c89cb1,Coincheck,2018-01-26,inc_592d8434f9c89cb1,Coincheck,2018-01-26,incidents_over_1m,retained,no_match_signal_found,No evidence sufficient to combine this record with another baseline record; this is not proof of global uniqueness.,"[""d48fa3cd669d63eb"", ""d80fa1eaaad37394""]"
inc_440fe3f5e1e2a88e,BitGrail,2018-02-12,inc_440fe3f5e1e2a88e,BitGrail,2018-02-12,incidents_over_1m,retained,no_match_signal_found,No evidence sufficient to combine this record with another baseline record; this is not proof of global uniqueness.,"[""7e11e8dcdbe7a229"", ""5ea6acf1bffda25a""]"
inc_b708a86f1ef2010a,Coinsecure,2018-04-12,inc_b708a86f1ef2010a,Coinsecure,2018-04-12,incidents_over_1m,retained,no_match_signal_found,No evidence sufficient to combine this record with another baseline record; this is not proof of global uniqueness.,"[""ed51e28fd500960e"", ""3dbc50e595834c1b""]"
inc_23461f6024e3dff9,Gate,2018-04-21,inc_23461f6024e3dff9,Gate,2018-04-21,incidents_over_1m,retained,no_match_signal_found,No evidence sufficient to combine this record with another baseline record; this is not proof of global uniqueness.,"[""6e4aa9513e53d5aa""]"
inc_46fad367e2b8d463,Bitcoin Gold,2018-05-16,inc_46fad367e2b8d463,Bitcoin Gold,2018-05-16,incidents_over_1m,retained,no_match_signal_found,No evidence sufficient to combine this record with another baseline record; this is not proof of global uniqueness.,"[""24f5225c35d74dd8"", ""d945fbd9e2b76a44""]"
inc_65c3e2c6abf7cf89,TAYLOR,2018-05-21,inc_65c3e2c6abf7cf89,TAYLOR,2018-05-21,incidents_over_1m,retained,no_match_signal_found,No evidence sufficient to combine this record with another baseline record; this is not proof of global uniqueness.,"[""7bbb5fb94a3090d8"", ""a418bd9225a16203""]"
inc_b5ffd2a4ee8e1add,Verge,2018-05-22,inc_b5ffd2a4ee8e1add,Verge,2018-05-22,incidents_over_1m,retained,candidate_context_review,No evidence sufficient to combine this record with another baseline record; this is not proof of global uniqueness.,"[""da28a54b4d00f026"", ""27ec2747a0bac23b""]"
inc_39eb478bfc6c5523,Verge,2018-05-29,inc_39eb478bfc6c5523,Verge,2018-05-29,incidents_over_1m,retained,candidate_context_review,No evidence sufficient to combine this record with another baseline record; this is not proof of global uniqueness.,"[""ca69122aa9dbf3b3""]"
inc_27b0317347fcca18,Coinrail,2018-06-10,inc_27b0317347fcca18,Coinrail,2018-06-10,incidents_over_1m,retained,no_match_signal_found,No evidence sufficient to combine this record with another baseline record; this is not proof of global uniqueness.,"[""817004f4d4d216f6"", ""c5333c88193df213""]"
inc_176ee80df0c89a1d,Bithumb,2018-06-21,inc_176ee80df0c89a1d,Bithumb,2018-06-21,incidents_over_1m,retained,candidate_context_review,No evidence sufficient to combine this record with another baseline record; this is not proof of global uniqueness.,"[""3ec350ba96cae996"", ""cb9126e7d5d58bd0""]"
inc_7306677b7a2bc5dd,Bancor V3,2018-07-09,inc_7306677b7a2bc5dd,Bancor V3,2018-07-09,incidents_over_1m,retained,no_match_signal_found,No evidence sufficient to combine this record with another baseline record; this is not proof of global uniqueness.,"[""6c0993043d8019c5"", ""76510f32578a923d""]"
inc_004ea7fde61e9ee3,KICKICO,2018-07-26,inc_004ea7fde61e9ee3,KICKICO,2018-07-26,incidents_over_1m,retained,no_match_signal_found,No evidence sufficient to combine this record with another baseline record; this is not proof of global uniqueness.,"[""f5a0bbea4da6ba0c"", ""6b3ba44b25ab2122""]"
inc_d4239ba4014bb0f2,Zaif,2018-09-14,inc_d4239ba4014bb0f2,Zaif,2018-09-14,incidents_over_1m,retained,no_match_signal_found,No evidence sufficient to combine this record with another baseline record; this is not proof of global uniqueness.,"[""57380c6dd5090f73"", ""a220e6b24e562637""]"
inc_8e90ebce2f10aae6,TRADE.IO,2018-10-20,inc_8e90ebce2f10aae6,TRADE.IO,2018-10-20,incidents_over_1m,retained,no_match_signal_found,No evidence sufficient to combine this record with another baseline record; this is not proof of global uniqueness.,"[""87021cb134b71552"", ""08453182c1f1a005""]"
inc_80d7ce999468dd3e,Cryptopia,2019-01-14,inc_80d7ce999468dd3e,Cryptopia,2019-01-14,incidents_over_1m,retained,no_match_signal_found,No evidence sufficient to combine this record with another baseline record; this is not proof of global uniqueness.,"[""c4c54d46db99e26c"", ""75cf237d3e3ca41d""]"
inc_bc892934a3939f5f,DragonEx,2019-03-24,inc_bc892934a3939f5f,DragonEx,2019-03-24,incidents_over_1m,retained,no_match_signal_found,No evidence sufficient to combine this record with another baseline record; this is not proof of global uniqueness.,"[""0e6e27ff1f6546c3"", ""b1197d94d0593188""]"
inc_2c07a1f69f3ab391,Coinbene,2019-03-25,inc_2c07a1f69f3ab391,Coinbene,2019-03-25,incidents_over_1m,retained,no_match_signal_found,No evidence sufficient to combine this record with another baseline record; this is not proof of global uniqueness.,"[""59db2863135b8a12"", ""67a7691ce4da05bc""]"
inc_5f68b256de8964bc,Bithumb,2019-03-29,inc_5f68b256de8964bc,Bithumb,2019-03-29,incidents_over_1m,retained,candidate_context_review,No evidence sufficient to combine this record with another baseline record; this is not proof of global uniqueness.,"[""de4c62c9219d263a"", ""af812ce7cadc8a54""]"
inc_6e27dca2e6865cbe,Binance,2019-05-07,inc_6e27dca2e6865cbe,Binance,2019-05-07,incidents_over_1m,retained,candidate_context_review,No evidence sufficient to combine this record with another baseline record; this is not proof of global uniqueness.,"[""eb27cbfc45ec3bfd"", ""a1d60f1a80fc7669""]"
inc_0231bf5227ed2453,Kraken,2019-06-02,inc_0231bf5227ed2453,Kraken,2019-06-02,incidents_over_1m,retained,no_match_signal_found,No evidence sufficient to combine this record with another baseline record; this is not proof of global uniqueness.,"[""b1667b47243251ee"", ""6da9c54d21265489""]"
inc_0dedc8233ddcf144,GateHub,2019-06-06,inc_0dedc8233ddcf144,GateHub,2019-06-06,incidents_over_1m,retained,no_match_signal_found,No evidence sufficient to combine this record with another baseline record; this is not proof of global uniqueness.,"[""b792317189cd7976""]"
inc_428edc27d924dadd,Bitrue,2019-06-27,inc_428edc27d924dadd,Bitrue,2019-06-27,incidents_over_1m,retained,candidate_context_review,No evidence sufficient to combine this record with another baseline record; this is not proof of global uniqueness.,"[""6b90863d7a534f18"", ""a3341d92208356c3""]"
inc_97b0113b96081e8f,BitPoint,2019-07-12,inc_97b0113b96081e8f,BitPoint,2019-07-12,incidents_over_1m,retained,no_match_signal_found,No evidence sufficient to combine this record with another baseline record; this is not proof of global uniqueness.,"[""1de4d2edb92a7f1b"", ""f6c109591de451bc""]"
inc_90641c1382f58bac,CoinTiger (PTT),2019-08-17,inc_90641c1382f58bac,CoinTiger (PTT),2019-08-17,incidents_over_1m,retained,no_match_signal_found,No evidence sufficient to combine this record with another baseline record; this is not proof of global uniqueness.,"[""f19d56fcebcfd837"", ""f6ce0dc658493ac7""]"
inc_a8edfd37f805cf22,Chain Fusion,2019-09-28,inc_a8edfd37f805cf22,Chain Fusion,2019-09-28,incidents_over_1m,retained,no_match_signal_found,No evidence sufficient to combine this record with another baseline record; this is not proof of global uniqueness.,"[""539cd98aff007458"", ""60f4f0306e67c7cf""]"
inc_36f10be17174eecf,Upbit,2019-11-27,inc_36f10be17174eecf,Upbit,2019-11-27,incidents_over_1m,retained,candidate_context_review,No evidence sufficient to combine this record with another baseline record; this is not proof of global uniqueness.,"[""12c7b2258e283eb4"", ""92472c61687e99b7""]"
inc_b97f7afa2aae31e1,VeChain,2019-12-14,inc_b97f7afa2aae31e1,VeChain,2019-12-14,incidents_over_1m,retained,no_match_signal_found,No evidence sufficient to combine this record with another baseline record; this is not proof of global uniqueness.,"[""a2ecac3a15ee15b5"", ""4c3047fb0aa3a2b7""]"
inc_e6fc243ef25273e6,Trinity Wallet,2020-02-12,inc_e6fc243ef25273e6,Trinity Wallet,2020-02-12,incidents_over_1m,retained,no_match_signal_found,No evidence sufficient to combine this record with another baseline record; this is not proof of global uniqueness.,"[""57b24ff44e46e347""]"
inc_b14022512f23ddaf,Josh Jones,2020-02-22,inc_b14022512f23ddaf,Josh Jones,2020-02-22,incidents_over_1m,retained,no_match_signal_found,No evidence sufficient to combine this record with another baseline record; this is not proof of global uniqueness.,"[""f683b584940fef87""]"
inc_6ef3576e6287981f,MakerDAO,2020-03-12,inc_6ef3576e6287981f,MakerDAO,2020-03-12,incidents_over_1m,retained,no_match_signal_found,No evidence sufficient to combine this record with another baseline record; this is not proof of global uniqueness.,"[""405fd3d59c9ba3fc"", ""1a149b16c492045a""]"
inc_cbaf25adc4f43b3f,Lendf.Me,2020-04-19,inc_b1064d6b76b28b39,dForce / Lendf.Me,2020-04-19,incidents_over_1m,merged_report,explicit_source_linked_merge,"Lendf.Me is the dForce lending product; same April 19 drain, rather than two victims.","[""776ace463341739e""]"
inc_b1064d6b76b28b39,dForce Lending,2020-04-19,inc_b1064d6b76b28b39,dForce / Lendf.Me,2020-04-19,incidents_over_1m,merged_report,explicit_source_linked_merge,"Lendf.Me is the dForce lending product; same April 19 drain, rather than two victims.","[""bf46b2f4fc43598e""]"
inc_2687ae0926f5ff14,Ravencoin,2020-07-03,inc_2687ae0926f5ff14,Ravencoin,2020-07-03,incidents_over_1m,retained,no_match_signal_found,No evidence sufficient to combine this record with another baseline record; this is not proof of global uniqueness.,"[""541b094ff345f086""]"
inc_483ea557371946d6,Cashaa,2020-07-11,inc_483ea557371946d6,Cashaa,2020-07-11,incidents_over_1m,retained,no_match_signal_found,No evidence sufficient to combine this record with another baseline record; this is not proof of global uniqueness.,"[""502e6e9122675b4c"", ""eaf9696f589f973e""]"
inc_3732ed1a9b25a87b,2gether,2020-07-31,inc_3732ed1a9b25a87b,2gether,2020-07-31,incidents_over_1m,retained,no_match_signal_found,No evidence sufficient to combine this record with another baseline record; this is not proof of global uniqueness.,"[""8e8f78efd8e18c29"", ""49875123dceaac40""]"
inc_29231ac0a8f23513,CWT,2020-08-01,inc_29231ac0a8f23513,CWT,2020-08-01,incidents_over_1m,retained,no_match_signal_found,No evidence sufficient to combine this record with another baseline record; this is not proof of global uniqueness.,"[""cc2eba105c06aa6e""]"
inc_f06710a34849726d,Ethereum Classic,2020-08-06,inc_f06710a34849726d,Ethereum Classic,2020-08-06,incidents_over_1m,retained,no_match_signal_found,No evidence sufficient to combine this record with another baseline record; this is not proof of global uniqueness.,"[""d341659fed64a013"", ""4dba3b7caa9fdbee""]"
inc_9d58bc5e3ca4ee75,OKEx,2020-08-18,inc_9d58bc5e3ca4ee75,OKEx,2020-08-18,incidents_over_1m,retained,no_match_signal_found,No evidence sufficient to combine this record with another baseline record; this is not proof of global uniqueness.,"[""b1f4a3f693c5e265"", ""8ac30bf48eeb1c51""]"
inc_ff8b79113e7fc05b,YFValue,2020-08-24,inc_ff8b79113e7fc05b,YFValue,2020-08-24,incidents_over_1m,retained,no_match_signal_found,No evidence sufficient to combine this record with another baseline record; this is not proof of global uniqueness.,"[""b7f7ae3d7849b656""]"
inc_655d71707c8133e5,Electrum,2020-08-30,inc_655d71707c8133e5,Electrum,2020-08-30,incidents_over_1m,retained,candidate_context_review,No evidence sufficient to combine this record with another baseline record; this is not proof of global uniqueness.,"[""cb0840838b5cf004""]"
inc_2eba3cfc3cb496b0,Eterbase,2020-09-08,inc_2eba3cfc3cb496b0,Eterbase,2020-09-08,incidents_over_1m,retained,no_match_signal_found,No evidence sufficient to combine this record with another baseline record; this is not proof of global uniqueness.,"[""59913df730679c72"", ""d5c949b0162c917e""]"
inc_751466336cb5ddf1,KuCoin,2020-09-25,inc_751466336cb5ddf1,KuCoin,2020-09-25,incidents_over_1m,retained,no_match_signal_found,No evidence sufficient to combine this record with another baseline record; this is not proof of global uniqueness.,"[""1ac9d4a9cff24f69"", ""ad70cd37691adf47"", ""3c74316cf17a971f""]"
inc_ffe5be5c895490c7,Eminence,2020-09-28,inc_ffe5be5c895490c7,Eminence,2020-09-28,incidents_over_1m,retained,no_match_signal_found,No evidence sufficient to combine this record with another baseline record; this is not proof of global uniqueness.,"[""634e5bf2561f4631"", ""36b13e3834b02e81"", ""abae762e2e7aaf69""]"
inc_47c57280df70aab6,Electrum,2020-10-12,inc_47c57280df70aab6,Electrum,2020-10-12,scope_and_value_review,quarantined,explicit_quarantine,"October Electrum $22m is a cumulative phishing-campaign estimate, not an October 12 attack; overlaps the August 1,400 BTC victim.","[""cda73271fbee626a""]"
inc_7b1d807202771532,Harvest Finance,2020-10-26,inc_7b1d807202771532,Harvest Finance,2020-10-26,incidents_over_1m,retained,no_match_signal_found,No evidence sufficient to combine this record with another baseline record; this is not proof of global uniqueness.,"[""6b417fbad769b714"", ""22384c78e510a289"", ""2e18498e7c4cfff4""]"
inc_b37d4124e1c14684,EtherCrash,2020-10-30,inc_b37d4124e1c14684,EtherCrash,2020-10-30,incidents_over_1m,retained,no_match_signal_found,No evidence sufficient to combine this record with another baseline record; this is not proof of global uniqueness.,"[""a3f930f1f62331a0"", ""9d498d9fe4ddaa59""]"
inc_1829e5b004775c3e,Akropolis,2020-11-12,inc_1829e5b004775c3e,Akropolis,2020-11-12,incidents_over_1m,retained,no_match_signal_found,No evidence sufficient to combine this record with another baseline record; this is not proof of global uniqueness.,"[""3fc5d516a8918023"", ""1d5c9f8389c1e2c4"", ""8e4083bf8de3932e""]"
inc_5fc31cbbf6d67f10,ValueDefi,2020-11-14,inc_5fc31cbbf6d67f10,ValueDefi,2020-11-14,incidents_over_1m,retained,candidate_context_review,No evidence sufficient to combine this record with another baseline record; this is not proof of global uniqueness.,"[""2c00997b9d5740a1"", ""05eb372dd2aa9907"", ""4be540c937acbe19""]"
inc_8a753b747906897c,CheeseBank,2020-11-16,inc_8a753b747906897c,CheeseBank,2020-11-16,incidents_over_1m,retained,candidate_context_review,No evidence sufficient to combine this record with another baseline record; this is not proof of global uniqueness.,"[""5e65d2ebc60ab4d1"", ""40d64266936e6d24""]"
inc_eb241fb8607f4250,OUSD,2020-11-17,inc_d3382a0105ed7c9d,Origin Dollar (OUSD),2020-11-17,incidents_over_1m,merged_report,explicit_source_linked_merge,OUSD is Origin Dollar; Origin Protocol narrative explicitly describes the same OUSD exploit.,"[""34dbfaab09326ed5""]"
inc_d3382a0105ed7c9d,Origin Protocol,2020-11-17,inc_d3382a0105ed7c9d,Origin Dollar (OUSD),2020-11-17,incidents_over_1m,merged_report,explicit_source_linked_merge,OUSD is Origin Dollar; Origin Protocol narrative explicitly describes the same OUSD exploit.,"[""714973a16d67a000"", ""8816eabfd4120716""]"
inc_c8095c25029f014e,Pickle,2020-11-22,inc_c8095c25029f014e,Pickle,2020-11-22,incidents_over_1m,retained,no_match_signal_found,No evidence sufficient to combine this record with another baseline record; this is not proof of global uniqueness.,"[""d9318ba1a5fd1234"", ""3478ec65aabca809"", ""67fd8370f6103dc6""]"
inc_aa3592562b3fc3e6,Aeternity,2020-12-08,inc_aa3592562b3fc3e6,Aeternity,2020-12-08,incidents_over_1m,retained,no_match_signal_found,No evidence sufficient to combine this record with another baseline record; this is not proof of global uniqueness.,"[""b939037c5099feb7"", ""9499a5cccfaf1e7c""]"
inc_df6c3f61e91e3966,Nexus Mutual,2020-12-14,inc_df6c3f61e91e3966,Nexus Mutual,2020-12-14,incidents_over_1m,retained,no_match_signal_found,No evidence sufficient to combine this record with another baseline record; this is not proof of global uniqueness.,"[""12425bcf5258ab94"", ""9c81fdeaac2a03da""]"
inc_e6e160eab122a250,Warp Finance,2020-12-18,inc_a66126180de45258,Warp Finance,2020-12-18,incidents_over_1m,merged_report,explicit_source_linked_merge,Warp Finance and Warp Protocol refer to the same flash-loan incident and issuer postmortem.,"[""65e2e508d7ed9598"", ""5bf74e0829988302""]"
inc_a66126180de45258,Warp Protocol,2020-12-18,inc_a66126180de45258,Warp Finance,2020-12-18,incidents_over_1m,merged_report,explicit_source_linked_merge,Warp Finance and Warp Protocol refer to the same flash-loan incident and issuer postmortem.,"[""0f3878201e49daf3""]"
inc_a8eb11e18aed15de,Exmo,2020-12-21,inc_a8eb11e18aed15de,Exmo,2020-12-21,incidents_over_1m,retained,no_match_signal_found,No evidence sufficient to combine this record with another baseline record; this is not proof of global uniqueness.,"[""69fbd3accc242f44"", ""9e2993ce504c41c2""]"
inc_763a77d9a208ea5c,Livecoin,2020-12-24,inc_763a77d9a208ea5c,Livecoin,2020-12-24,incidents_over_1m,retained,no_match_signal_found,No evidence sufficient to combine this record with another baseline record; this is not proof of global uniqueness.,"[""2b252ccb081834c8"", ""563b12c29f2ee7ae""]"
inc_6bf6450f4f35445a,LuBian,2020-12-28,inc_6bf6450f4f35445a,LuBian,2020-12-28,incidents_over_1m,retained,no_match_signal_found,No evidence sufficient to combine this record with another baseline record; this is not proof of global uniqueness.,"[""5b8dd20281e09f2a"", ""1f9117faaba9ce7c""]"
inc_1a871b3e0d93d2a9,Cover Protocol,2020-12-29,inc_1a871b3e0d93d2a9,Cover Protocol,2020-12-29,incidents_over_1m,retained,candidate_context_review,No evidence sufficient to combine this record with another baseline record; this is not proof of global uniqueness.,"[""d73921a66674bde3"", ""9cbbfa35d201b907"", ""4803bf8a40bc1988""]"
inc_5e2b3788665fe25b,Yearn Finance,2021-02-05,inc_5e2b3788665fe25b,Yearn Finance,2021-02-05,incidents_over_1m,retained,candidate_context_review,No evidence sufficient to combine this record with another baseline record; this is not proof of global uniqueness.,"[""742ba3be607cda92"", ""534deea2d62d1193"", ""c40ff866188ca609""]"
inc_c690aa23cba759d6,Growth DeFi,2021-02-09,inc_c690aa23cba759d6,Growth DeFi,2021-02-09,incidents_over_1m,retained,candidate_context_review,No evidence sufficient to combine this record with another baseline record; this is not proof of global uniqueness.,"[""57d0d0df96254c7c"", ""dd997d1ff96d000a""]"
inc_8a29388c1710fa33,BT Finance,2021-02-12,inc_8a29388c1710fa33,BT Finance,2021-02-12,incidents_over_1m,retained,candidate_context_review,No evidence sufficient to combine this record with another baseline record; this is not proof of global uniqueness.,"[""a2f2eb3da0506fd5"", ""2cef6ba0ece07a2a""]"
inc_c94368462dd6105b,Alpha Finance,2021-02-13,inc_c94368462dd6105b,Alpha Finance,2021-02-13,incidents_over_1m,retained,candidate_context_review,No evidence sufficient to combine this record with another baseline record; this is not proof of global uniqueness.,"[""d46c593e231cb270"", ""eef437e5502956d1"", ""5b0b6125e77f5781""]"
inc_90d9782d8780aa9f,Furucombo,2021-02-27,inc_90d9782d8780aa9f,Furucombo,2021-02-27,incidents_over_1m,retained,no_match_signal_found,No evidence sufficient to combine this record with another baseline record; this is not proof of global uniqueness.,"[""f2c84cf14665f9c9"", ""8324fb1e36493345"", ""ec5e281f41f82158""]"
inc_a6c7ae148d642aa0,CNA,2021-03-05,inc_a6c7ae148d642aa0,CNA,2021-03-05,incidents_over_1m,retained,no_match_signal_found,No evidence sufficient to combine this record with another baseline record; this is not proof of global uniqueness.,"[""39c3678bdee4a4a1""]"
inc_40c422a401e51730,Paid Network,2021-03-05,inc_40c422a401e51730,Paid Network,2021-03-05,incidents_over_1m,retained,no_match_signal_found,No evidence sufficient to combine this record with another baseline record; this is not proof of global uniqueness.,"[""de99b3877bf8c574"", ""e22aa492963e0eef""]"
inc_81839de234df9ea5,Roll,2021-03-14,inc_81839de234df9ea5,Roll,2021-03-14,incidents_over_1m,retained,candidate_context_review,No evidence sufficient to combine this record with another baseline record; this is not proof of global uniqueness.,"[""3b5ff183af87cc69"", ""2c155ce5e2f36d69""]"
inc_fbc568fc0b9b550a,DEUS Finance,2021-03-15,inc_fbc568fc0b9b550a,DEUS Finance,2022-03-15,incidents_over_1m,merged_report,explicit_source_linked_merge,"The 2021 March 15 row repeats the 2022 March 15 DEUS loss. PeckShield alert identifies the $3m exploit on March 15, 2022; retain original conflicting source dates.","[""67b6cd02bd4e20f8""]"
inc_3edd0bc6d61b6d85,TSD,2021-03-15,inc_9de2e5203eeb99d8,True Seigniorage Dollar (TSD),2021-03-15,incidents_over_1m,merged_report,explicit_source_linked_merge,TSD and its expanded True Seigniorage Dollar name describe the same governance/mint exploit.,"[""50f475e7afe8dc51""]"
inc_9de2e5203eeb99d8,TSD (True Seigniorage Dollar),2021-03-15,inc_9de2e5203eeb99d8,True Seigniorage Dollar (TSD),2021-03-15,incidents_over_1m,merged_report,explicit_source_linked_merge,TSD and its expanded True Seigniorage Dollar name describe the same governance/mint exploit.,"[""05f4342104690e04""]"
inc_7f39bb222fc46ad4,Polkatrain,2021-04-05,inc_7f39bb222fc46ad4,Polkatrain,2021-04-05,incidents_over_1m,retained,candidate_context_review,No evidence sufficient to combine this record with another baseline record; this is not proof of global uniqueness.,"[""8b164df14f9edfa4"", ""5a0e285f1cb75771""]"
inc_2ed9ca77622cfef7,PancakeSwap,2021-04-12,inc_2ed9ca77622cfef7,PancakeSwap,2021-04-12,incidents_over_1m,retained,candidate_context_review,No evidence sufficient to combine this record with another baseline record; this is not proof of global uniqueness.,"[""67890507164a9863"", ""ecb955583da06a6f""]"
inc_62a0b0c737e4e1e1,EasyFi,2021-04-19,inc_62a0b0c737e4e1e1,EasyFi,2021-04-19,incidents_over_1m,retained,candidate_context_review,No evidence sufficient to combine this record with another baseline record; this is not proof of global uniqueness.,"[""9c17e500e7299025"", ""017081773f923cee"", ""e069ee6e5b8c9085""]"
inc_d49c208c9cb46d22,Uranium Finance,2021-04-28,inc_d49c208c9cb46d22,Uranium Finance,2021-04-28,incidents_over_1m,retained,no_match_signal_found,No evidence sufficient to combine this record with another baseline record; this is not proof of global uniqueness.,"[""466e2a94a0b433b6"", ""4ed0017479c15363"", ""2e891c24a5854816""]"
inc_67b40a794cbc85b2,Spartan,2021-05-02,inc_67b40a794cbc85b2,Spartan,2021-05-02,incidents_over_1m,retained,candidate_context_review,No evidence sufficient to combine this record with another baseline record; this is not proof of global uniqueness.,"[""b5d23c436096c238"", ""d3a747b2a5b2868c"", ""f6bf8a7f1fd869d4""]"
inc_9cf0648393b09aa0,ValueDefi,2021-05-05,inc_9cf0648393b09aa0,ValueDefi,2021-05-05,incidents_over_1m,retained,candidate_context_review,No evidence sufficient to combine this record with another baseline record; this is not proof of global uniqueness.,"[""454a6f704e91b3b8"", ""730694d8998ee181"", ""a19d37d849d6d6c4""]"
inc_14bab51c42a84401,Colonial Pipeline,2021-05-07,inc_14bab51c42a84401,Colonial Pipeline,2021-05-07,incidents_over_1m,retained,no_match_signal_found,No evidence sufficient to combine this record with another baseline record; this is not proof of global uniqueness.,"[""746dbc86c04b1b6b""]"
inc_1912bf25f9b2811c,ValueDefi,2021-05-07,inc_1912bf25f9b2811c,ValueDefi,2021-05-07,incidents_over_1m,retained,candidate_context_review,No evidence sufficient to combine this record with another baseline record; this is not proof of global uniqueness.,"[""8d8c07b4d0545fbf"", ""f8f44b7be08ffb25"", ""4fcb403e382fa5be""]"
inc_749d0205f4a64b8c,Rari Capital,2021-05-08,inc_749d0205f4a64b8c,Rari Capital,2021-05-08,incidents_over_1m,retained,candidate_context_review,No evidence sufficient to combine this record with another baseline record; this is not proof of global uniqueness.,"[""cd8b48a1e3b31491"", ""de95036fa39348f3"", ""bb52c2322caaa890""]"
inc_703f2e01054e960c,xToken,2021-05-12,inc_703f2e01054e960c,xToken,2021-05-12,incidents_over_1m,retained,candidate_context_review,No evidence sufficient to combine this record with another baseline record; this is not proof of global uniqueness.,"[""790f28ab4d8658f9"", ""6b25bd083ec101f4"", ""bb937668e9a0e089""]"
inc_0b1c634e16316fb0,flash.sx / vaults.sx,2021-05-14,inc_0b1c634e16316fb0,flash.sx / vaults.sx,2021-05-14,incidents_over_1m,retained,no_match_signal_found,No evidence sufficient to combine this record with another baseline record; this is not proof of global uniqueness.,"[""f4a9256bf955a092"", ""8cf9870f932043d1""]"
inc_90dd88ad4692e8bc,BearnFi,2021-05-17,inc_90dd88ad4692e8bc,BearnFi,2021-05-17,incidents_over_1m,retained,candidate_context_review,No evidence sufficient to combine this record with another baseline record; this is not proof of global uniqueness.,"[""c9bd84f940b631cf"", ""1698e14810025e9a"", ""a80a2035a5391099""]"
inc_2492c6197ddb8490,FinNexus,2021-05-17,inc_2492c6197ddb8490,FinNexus,2021-05-17,incidents_over_1m,retained,candidate_context_review,No evidence sufficient to combine this record with another baseline record; this is not proof of global uniqueness.,"[""0b5674d64cfbc573"", ""4333f40b47e7dc22""]"
inc_96fc63d5191a4442,Venus Protocol,2021-05-18,inc_96fc63d5191a4442,Venus Protocol,2021-05-18,incidents_over_1m,retained,candidate_context_review,No evidence sufficient to combine this record with another baseline record; this is not proof of global uniqueness.,"[""5f03727cec2ba004"", ""9c480ce7ef64ed0c""]"
inc_164f8054bb2c6f7a,Bunny,2021-05-19,inc_164f8054bb2c6f7a,Bunny,2021-05-19,incidents_over_1m,retained,candidate_context_review,No evidence sufficient to combine this record with another baseline record; this is not proof of global uniqueness.,"[""3cfc0f57470b965b"", ""3ce9339b0c7655f9"", ""075d7c9f037b66e9""]"
inc_e01659e425efed51,Bogged Finance,2021-05-23,inc_e01659e425efed51,Bogged Finance,2021-05-23,incidents_over_1m,retained,candidate_context_review,No evidence sufficient to combine this record with another baseline record; this is not proof of global uniqueness.,"[""7c2c99f62159a2ce"", ""82c782a47a4b7cf5""]"
inc_47ef1c50f9bd4c5f,BurgerSwap,2021-05-28,inc_47ef1c50f9bd4c5f,BurgerSwap,2021-05-28,incidents_over_1m,retained,no_match_signal_found,No evidence sufficient to combine this record with another baseline record; this is not proof of global uniqueness.,"[""9a67cb23e75d9c28"", ""e360eb09431e7554"", ""7a92578716870fb1""]"
inc_513ba7a819b6712f,Belt Finance,2021-05-29,inc_513ba7a819b6712f,Belt Finance,2021-05-29,incidents_over_1m,retained,candidate_context_review,No evidence sufficient to combine this record with another baseline record; this is not proof of global uniqueness.,"[""c8f49cf43549d276"", ""f3f7731fcd95686c""]"
inc_3c1edf25bc9b3247,Fetch.ai,2021-06-06,inc_3c1edf25bc9b3247,Fetch.ai,2021-06-06,incidents_over_1m,merged_report,explicit_source_linked_merge,"August court coverage explicitly dates the Fetch.ai Binance-account compromise to June 6; August is a later report, not a second attack.","[""bf1628aa31b0ac1d""]"
inc_bd495a63a48fbc78,JBS,2021-06-10,inc_bd495a63a48fbc78,JBS,2021-06-10,incidents_over_1m,retained,no_match_signal_found,No evidence sufficient to combine this record with another baseline record; this is not proof of global uniqueness.,"[""fb598c93b48fc39b""]"
inc_affbc91ec610ce05,Alchemix V2,2021-06-16,inc_affbc91ec610ce05,Alchemix V2,2021-06-16,incidents_over_1m,retained,candidate_context_review,No evidence sufficient to combine this record with another baseline record; this is not proof of global uniqueness.,"[""cdd5cd2ead46eecf"", ""94e0bfb81fe01a01"", ""9765fc4924d59001""]"
inc_60d0cd4b6aa13e1d,Haven Protocol,2021-07-03,inc_60d0cd4b6aa13e1d,Haven Protocol,2021-07-03,incidents_over_1m,retained,no_match_signal_found,No evidence sufficient to combine this record with another baseline record; this is not proof of global uniqueness.,"[""ec173fcea4ac5757"", ""70e7ff9f41731cb4""]"
inc_0bb3da1899f9e2d7,Multichain,2021-07-10,inc_0bb3da1899f9e2d7,Multichain,2021-07-10,incidents_over_1m,retained,candidate_context_review,No evidence sufficient to combine this record with another baseline record; this is not proof of global uniqueness.,"[""04c1fc0f944f2a45"", ""1774ee8ab2379c05""]"
inc_7cd975f11301375b,ChainSwap Bridge,2021-07-11,inc_7cd975f11301375b,ChainSwap Bridge,2021-07-11,incidents_over_1m,retained,candidate_context_review,No evidence sufficient to combine this record with another baseline record; this is not proof of global uniqueness.,"[""6584eabc27599b3e"", ""82ea1f24c6a6b7bf"", ""7d136fc0caafcc8a""]"
inc_3043caec6209096b,ApeRocket,2021-07-14,inc_3043caec6209096b,ApeRocket,2021-07-14,incidents_over_1m,retained,no_match_signal_found,No evidence sufficient to combine this record with another baseline record; this is not proof of global uniqueness.,"[""b78c7ee70d66cf21"", ""0c70a0974d3a2d2b""]"
inc_3e0b7a6ebee99ec8,Bondly,2021-07-15,inc_3e0b7a6ebee99ec8,Bondly,2021-07-15,incidents_over_1m,retained,no_match_signal_found,No evidence sufficient to combine this record with another baseline record; this is not proof of global uniqueness.,"[""a4a1149a75db384a"", ""ae426a6cb5403f72""]"
inc_9e64f0c131b2213f,THORChain DEX,2021-07-15,inc_9e64f0c131b2213f,THORChain DEX,2021-07-15,incidents_over_1m,retained,candidate_context_review,No evidence sufficient to combine this record with another baseline record; this is not proof of global uniqueness.,"[""deb1b32f620d7f5d"", ""e7ea1873ef8d120d"", ""93ccd1b7c6d3c035""]"
inc_de5c91fd39192015,Bunny,2021-07-16,inc_de5c91fd39192015,Bunny,2021-07-16,incidents_over_1m,retained,candidate_context_review,No evidence sufficient to combine this record with another baseline record; this is not proof of global uniqueness.,"[""de585010a28f5631"", ""3dd31573775df88b"", ""ae233dca913f7b2e""]"
inc_19de2ffb68cf1943,THORChain DEX,2021-07-22,inc_19de2ffb68cf1943,THORChain DEX,2021-07-22,incidents_over_1m,retained,candidate_context_review,No evidence sufficient to combine this record with another baseline record; this is not proof of global uniqueness.,"[""71e384723ad41e30"", ""7dd4b6b992e5b0d8"", ""b35eb4c60e3c9572""]"
inc_f3f54d7bf3bb4f19,Levyathan,2021-07-30,inc_f3f54d7bf3bb4f19,Levyathan,2021-07-30,incidents_over_1m,retained,no_match_signal_found,No evidence sufficient to combine this record with another baseline record; this is not proof of global uniqueness.,"[""e7f9c468439d2357"", ""1abaf5b5a46153ea"", ""4ecc1bc6184cd501""]"
inc_d574d6fb78f495a5,Popsicle Finance,2021-08-03,inc_d574d6fb78f495a5,Popsicle Finance,2021-08-03,incidents_over_1m,retained,candidate_context_review,No evidence sufficient to combine this record with another baseline record; this is not proof of global uniqueness.,"[""2d83185421ee4a60"", ""4ca23650c7b4fc24"", ""b35f3849231208b7""]"
inc_94f1c45541c22ac0,Poly Network,2021-08-10,inc_94f1c45541c22ac0,Poly Network,2021-08-10,incidents_over_1m,retained,candidate_context_review,No evidence sufficient to combine this record with another baseline record; this is not proof of global uniqueness.,"[""cd79fe6ac9adff50"", ""6d3c6c9889ce1338"", ""5c1c857bfd18ba8e""]"
inc_29e7141298db81c4,Punk Protocol,2021-08-10,inc_29e7141298db81c4,Punk Protocol,2021-08-10,incidents_over_1m,retained,no_match_signal_found,No evidence sufficient to combine this record with another baseline record; this is not proof of global uniqueness.,"[""572df78e32e69ab7"", ""6b74324c3e92f600"", ""2af56a91af94a66d""]"
inc_d551a1ab497867ac,DAO Maker Vesting,2021-08-12,inc_d551a1ab497867ac,DAO Maker Vesting,2021-08-12,incidents_over_1m,retained,candidate_context_review,No evidence sufficient to combine this record with another baseline record; this is not proof of global uniqueness.,"[""82349c5b711b8027"", ""3eec8bd2fb465be4""]"
inc_00bdce0a68c0ce98,NEKO,2021-08-13,inc_00bdce0a68c0ce98,NEKO,2021-08-13,incidents_over_1m,retained,no_match_signal_found,No evidence sufficient to combine this record with another baseline record; this is not proof of global uniqueness.,"[""a08f4f2194b39cc5"", ""d062ce81017d2345""]"
inc_ecb6cd0ede990b24,Fetch.ai,2021-08-14,inc_3c1edf25bc9b3247,Fetch.ai,2021-06-06,incidents_over_1m,merged_report,explicit_source_linked_merge,"August court coverage explicitly dates the Fetch.ai Binance-account compromise to June 6; August is a later report, not a second attack.","[""ff2d6fcb7c8bc3cf""]"
inc_bd2a0c23dfdcc369,Ref Finance,2021-08-15,inc_bd2a0c23dfdcc369,Ref Finance,2021-08-15,incidents_over_1m,retained,candidate_context_review,No evidence sufficient to combine this record with another baseline record; this is not proof of global uniqueness.,"[""2d7d459ce1c64f1c"", ""5926ed0dd975166b""]"
inc_1bbf66e226ae608f,SurgeBNB,2021-08-17,inc_1bbf66e226ae608f,SurgeBNB,2021-08-17,incidents_over_1m,retained,candidate_context_review,No evidence sufficient to combine this record with another baseline record; this is not proof of global uniqueness.,"[""1a347abe34cb560d"", ""c0c0a345f640e774""]"
inc_455d52f5416a4f2a,Liquid Global,2021-08-19,inc_455d52f5416a4f2a,Liquid Global,2021-08-19,incidents_over_1m,retained,no_match_signal_found,No evidence sufficient to combine this record with another baseline record; this is not proof of global uniqueness.,"[""9254ae42f341ca25"", ""e7b981c49202340e""]"
inc_47f5d192f2ab7fbc,Sentinel,2021-08-21,inc_47f5d192f2ab7fbc,Sentinel,2021-08-21,incidents_over_1m,retained,no_match_signal_found,No evidence sufficient to combine this record with another baseline record; this is not proof of global uniqueness.,"[""7e195fde21f65980""]"
inc_cf7669c4cd1c0296,Bilaxy,2021-08-29,inc_cf7669c4cd1c0296,Bilaxy,2021-08-29,incidents_over_1m,retained,no_match_signal_found,No evidence sufficient to combine this record with another baseline record; this is not proof of global uniqueness.,"[""9f11a17e286ef431"", ""54fa144b6aaf898f""]"
inc_67476d9809391e9c,xToken,2021-08-29,inc_67476d9809391e9c,xToken,2021-08-29,incidents_over_1m,retained,candidate_context_review,No evidence sufficient to combine this record with another baseline record; this is not proof of global uniqueness.,"[""69ae126c39ae4261"", ""2c29a65bcb6cc9a5"", ""770fd5bcdbde6cad""]"
inc_550573280d3682cd,CREAM Lending,2021-08-30,inc_550573280d3682cd,CREAM Finance,2021-08-30,incidents_over_1m,merged_report,explicit_source_linked_merge,"The August 31 Cream report and August 30 CREAM Lending row describe the AMP reentrancy attack and the same issuer postmortem. Recovery and conflicting estimates are preserved, not summed.","[""30a09d77c629e4ff""]"
inc_874f5cec874f331f,Cream Finance,2021-08-31,inc_550573280d3682cd,CREAM Finance,2021-08-30,incidents_over_1m,merged_report,explicit_source_linked_merge,"The August 31 Cream report and August 30 CREAM Lending row describe the AMP reentrancy attack and the same issuer postmortem. Recovery and conflicting estimates are preserved, not summed.","[""e63708ecf6e0b5aa"", ""11d75cae90594c59""]"
inc_f5a1b0d63c5180d6,Siren,2021-09-03,inc_f5a1b0d63c5180d6,Siren,2021-09-03,incidents_over_1m,retained,candidate_context_review,No evidence sufficient to combine this record with another baseline record; this is not proof of global uniqueness.,"[""f0de6708290e633c""]"
inc_c789990915464288,DAO Maker Vesting,2021-09-04,inc_c789990915464288,DAO Maker Vesting,2021-09-04,incidents_over_1m,retained,candidate_context_review,No evidence sufficient to combine this record with another baseline record; this is not proof of global uniqueness.,"[""59cd0e3a1aa04c55"", ""40fe64a2bdc9ed16"", ""824fdfd61fac9c7d""]"
inc_b3c34a5546f70db9,Zabu Finance,2021-09-12,inc_b3c34a5546f70db9,Zabu Finance,2021-09-12,incidents_over_1m,retained,candidate_context_review,No evidence sufficient to combine this record with another baseline record; this is not proof of global uniqueness.,"[""395bc0bfa52bbf8f"", ""157f1ed04978b043""]"
inc_717e8fb3eda6f102,JayPegs Automart,2021-09-17,inc_717e8fb3eda6f102,JayPegs Automart,2021-09-17,incidents_over_1m,retained,no_match_signal_found,No evidence sufficient to combine this record with another baseline record; this is not proof of global uniqueness.,"[""fffc2ba37c10bda5"", ""8755d48194014030""]"
inc_20a963f8f58b1627,Vee Finance,2021-09-21,inc_20a963f8f58b1627,Vee Finance,2021-09-21,incidents_over_1m,retained,candidate_context_review,No evidence sufficient to combine this record with another baseline record; this is not proof of global uniqueness.,"[""3239c82148c25f12"", ""6b2af985080134a9"", ""05ea2be1c516041b""]"
inc_d538cade3ea20293,pNetwork,2021-10-04,inc_d538cade3ea20293,pNetwork,2021-10-04,incidents_over_1m,retained,candidate_context_review,No evidence sufficient to combine this record with another baseline record; this is not proof of global uniqueness.,"[""127512874e9ab4f9""]"
inc_d3c9d093ed562ead,Mirror,2021-10-08,inc_d3c9d093ed562ead,Mirror,2021-10-08,incidents_over_1m,retained,candidate_context_review,No evidence sufficient to combine this record with another baseline record; this is not proof of global uniqueness.,"[""7d64ed1651123bb2"", ""2e906a5af3f375e2"", ""e48753de350bc313""]"
inc_b7c1f97d5f45dd62,Indexed Finance,2021-10-14,inc_b7c1f97d5f45dd62,Indexed Finance,2021-10-14,incidents_over_1m,retained,candidate_context_review,No evidence sufficient to combine this record with another baseline record; this is not proof of global uniqueness.,"[""ff561eedb0c08718"", ""e27629ae426616b8"", ""b284a32a7a080cca""]"
inc_f2127d5960e7238f,CREAM Lending,2021-10-27,inc_f2127d5960e7238f,CREAM Lending,2021-10-27,incidents_over_1m,retained,candidate_context_review,No evidence sufficient to combine this record with another baseline record; this is not proof of global uniqueness.,"[""b3be91f350ac8bba"", ""adc9d63c26e9ff91"", ""c696925cd20538bb""]"
inc_22ca97c6cee0eb84,AutoShark Finance,2021-10-29,inc_22ca97c6cee0eb84,AutoShark Finance,2021-10-29,incidents_over_1m,retained,candidate_context_review,No evidence sufficient to combine this record with another baseline record; this is not proof of global uniqueness.,"[""e00a5f47478c9b6c""]"
inc_1c24cce9419a572e,BXH,2021-10-30,inc_1c24cce9419a572e,BXH,2021-10-30,incidents_over_1m,retained,candidate_context_review,No evidence sufficient to combine this record with another baseline record; this is not proof of global uniqueness.,"[""e9bbb816976633b4"", ""cd44257d6f64efa4""]"
inc_107bfc29e232e28d,Vesper Finance,2021-11-03,inc_107bfc29e232e28d,Vesper Finance,2021-11-03,incidents_over_1m,retained,candidate_context_review,No evidence sufficient to combine this record with another baseline record; this is not proof of global uniqueness.,"[""dd44568b75666eb7"", ""4c26264eea25304e""]"
inc_0751d90c48015b7b,Ooki,2021-11-05,inc_0751d90c48015b7b,bZx / Ooki,2021-11-05,incidents_over_1m,merged_report,explicit_source_linked_merge,Ooki is the renamed bZx protocol; both rows describe the November 5 private-key compromise.,"[""4c291141bc09657c""]"
inc_21344569d11d4aa2,bZx,2021-11-05,inc_0751d90c48015b7b,bZx / Ooki,2021-11-05,incidents_over_1m,merged_report,explicit_source_linked_merge,Ooki is the renamed bZx protocol; both rows describe the November 5 private-key compromise.,"[""ac3c05efa2ee3ea2"", ""4ceecae9a84cab93""]"
inc_70a9526bdfd648cf,ChainSwap,2021-11-07,inc_70a9526bdfd648cf,ChainSwap,2021-11-07,scope_and_value_review,quarantined,explicit_quarantine,"The November 7 ChainSwap $4.4m row appears to transpose July 11’s date. The July exploit is documented, but the November catalog-only claim lacks an independent transaction or report. Do not count or force-merge the uncertain date.","[""67a8f8d2d5c70758""]"
inc_3b241069166c2dad,Farmers World,2021-11-07,inc_3b241069166c2dad,Farmers World,2021-11-07,incidents_over_1m,retained,no_match_signal_found,No evidence sufficient to combine this record with another baseline record; this is not proof of global uniqueness.,"[""c450dc156bc6e574""]"
inc_096519ab11add806,Curve Finance,2021-11-11,inc_096519ab11add806,Curve Finance,2021-11-11,incidents_over_1m,retained,candidate_context_review,No evidence sufficient to combine this record with another baseline record; this is not proof of global uniqueness.,"[""1ba03507f4e035e4""]"
inc_2e97b3f9a936a139,Phantom Galaxies,2021-11-19,inc_2e97b3f9a936a139,Phantom Galaxies,2021-11-19,incidents_over_1m,retained,no_match_signal_found,No evidence sufficient to combine this record with another baseline record; this is not proof of global uniqueness.,"[""db2bdad6c166ac1b"", ""2fa03bd41cd09a5a""]"
inc_5f4e009384b805f5,MonoX,2021-11-30,inc_5f4e009384b805f5,MonoX,2021-11-30,incidents_over_1m,retained,no_match_signal_found,No evidence sufficient to combine this record with another baseline record; this is not proof of global uniqueness.,"[""128fbe37313826b3"", ""1a55366f27805c18"", ""74e56872e291e733""]"
inc_3335032a7ec660bd,Badger DAO,2021-12-02,inc_3335032a7ec660bd,Badger DAO,2021-12-02,incidents_over_1m,retained,no_match_signal_found,No evidence sufficient to combine this record with another baseline record; this is not proof of global uniqueness.,"[""e0af889658ae9d0f"", ""bd1e4f420a2fd5e8"", ""c6b8e5d07feace25""]"
inc_58c22e38e64b2f23,Polygon,2021-12-03,inc_58c22e38e64b2f23,Polygon,2021-12-03,incidents_over_1m,retained,candidate_context_review,No evidence sufficient to combine this record with another baseline record; this is not proof of global uniqueness.,"[""f5be895df380052e"", ""53c8bf16d0ffcae7""]"
inc_33b137b108cf9693,Bitmart,2021-12-04,inc_33b137b108cf9693,Bitmart,2021-12-04,incidents_over_1m,retained,no_match_signal_found,No evidence sufficient to combine this record with another baseline record; this is not proof of global uniqueness.,"[""410ba4e1a5bf0f18"", ""81aae19599c47cf6"", ""420d00df7e37aaf3""]"
inc_b1172d0224662c88,Pizza DeFi,2021-12-05,inc_b1172d0224662c88,Pizza DeFi,2021-12-05,incidents_over_1m,retained,no_match_signal_found,No evidence sufficient to combine this record with another baseline record; this is not proof of global uniqueness.,"[""8725eac7ab8077c3""]"
inc_f970eb0b16ffef07,8ight Finance,2021-12-07,inc_7a2aeba15e9e097d,8ight Finance,2021-12-08,incidents_over_1m,merged_report,explicit_source_linked_merge,8ight DAO and 8ight Finance describe the same leaked treasury key and $1.75m loss.,"[""3ee58a198bec5896"", ""70fa3d6964fe4913""]"
inc_7a2aeba15e9e097d,8ightDAO,2021-12-08,inc_7a2aeba15e9e097d,8ight Finance,2021-12-08,incidents_over_1m,merged_report,explicit_source_linked_merge,8ight DAO and 8ight Finance describe the same leaked treasury key and $1.75m loss.,"[""e548c3515ea3b527""]"
inc_f02fcfbf74a8d777,AscenDEX,2021-12-11,inc_f02fcfbf74a8d777,AscenDEX,2021-12-11,incidents_over_1m,retained,candidate_context_review,No evidence sufficient to combine this record with another baseline record; this is not proof of global uniqueness.,"[""863e6bcfb95dd9ee"", ""825e61f78766d6d8"", ""07f1b994cd580c81""]"
inc_233550183c18dbf5,Vulcan Forged,2021-12-13,inc_233550183c18dbf5,Vulcan Forged,2021-12-13,incidents_over_1m,retained,no_match_signal_found,No evidence sufficient to combine this record with another baseline record; this is not proof of global uniqueness.,"[""912a4613f4a7407a"", ""1d541e093d1fcb0b"", ""0e301cb8f0fa25e5""]"
inc_f4dfc8b76396711d,Grim Finance,2021-12-18,inc_f4dfc8b76396711d,Grim Finance,2021-12-18,incidents_over_1m,retained,candidate_context_review,No evidence sufficient to combine this record with another baseline record; this is not proof of global uniqueness.,"[""1ec41e825d4b5f6c"", ""3439baa9b485f5a3"", ""8deffac2d08ab4ae""]"
inc_4b58fff363d25f10,Monkey Kingdom,2021-12-23,inc_4b58fff363d25f10,Monkey Kingdom,2021-12-23,incidents_over_1m,retained,no_match_signal_found,No evidence sufficient to combine this record with another baseline record; this is not proof of global uniqueness.,"[""7e800eca1ba6b769"", ""e151875e2e9ceb32""]"
inc_da4ca832df5fcd84,Tinyman,2022-01-01,inc_da4ca832df5fcd84,Tinyman,2022-01-01,incidents_over_1m,retained,no_match_signal_found,No evidence sufficient to combine this record with another baseline record; this is not proof of global uniqueness.,"[""03bb492e91c920cd"", ""100d6325a160405e""]"
inc_94c2a0f03aa0cf4a,LCX,2022-01-08,inc_94c2a0f03aa0cf4a,LCX,2022-01-08,incidents_over_1m,retained,no_match_signal_found,No evidence sufficient to combine this record with another baseline record; this is not proof of global uniqueness.,"[""5dd64b046adaf4d9"", ""6042927eb93d8576"", ""3504c0d5cfaeefd9""]"
inc_a6f23011c6762896,Lympo,2022-01-10,inc_a6f23011c6762896,Lympo,2022-01-10,incidents_over_1m,retained,no_match_signal_found,No evidence sufficient to combine this record with another baseline record; this is not proof of global uniqueness.,"[""059a68af9df4f4cf"", ""72e7bdb49cd413cb""]"
inc_07b61f5026ddf55b,Float Protocol,2022-01-15,inc_07b61f5026ddf55b,Float Protocol,2022-01-15,incidents_over_1m,retained,no_match_signal_found,No evidence sufficient to combine this record with another baseline record; this is not proof of global uniqueness.,"[""a04dc82b15f0b9e3"", ""edcff895cb6662af""]"
inc_4cf5615d29552531,Crypto.com,2022-01-18,inc_4cf5615d29552531,Crypto.com,2022-01-18,incidents_over_1m,retained,no_match_signal_found,No evidence sufficient to combine this record with another baseline record; this is not proof of global uniqueness.,"[""b887a38a65c6ae70"", ""85de0e02efac713a"", ""1d716264c853056b""]"
inc_b0cfd50d8ada99b3,Multichain,2022-01-18,inc_b0cfd50d8ada99b3,Multichain,2022-01-18,incidents_over_1m,retained,candidate_context_review,No evidence sufficient to combine this record with another baseline record; this is not proof of global uniqueness.,"[""576299031473bc3d"", ""7c0f6b66f548da9d""]"
inc_b2c56f08a98b71ef,Qubit,2022-01-28,inc_b2c56f08a98b71ef,Qubit,2022-01-28,incidents_over_1m,retained,no_match_signal_found,No evidence sufficient to combine this record with another baseline record; this is not proof of global uniqueness.,"[""38a65062219983cc"", ""2579e5d920ec081d"", ""53694fbaa55390ea""]"
inc_b029e4b99dc88ba5,BNS,2022-02-01,inc_b029e4b99dc88ba5,BNS,2022-02-01,incidents_over_1m,retained,no_match_signal_found,No evidence sufficient to combine this record with another baseline record; this is not proof of global uniqueness.,"[""35979dc9e20363a7"", ""52a8deecaebe9ade""]"
inc_66e3c06a9b1237d3,Portal,2022-02-02,inc_66e3c06a9b1237d3,Portal,2022-02-02,incidents_over_1m,retained,candidate_context_review,No evidence sufficient to combine this record with another baseline record; this is not proof of global uniqueness.,"[""f82468095ba0a154"", ""61aecfd73b236aee"", ""9888c37ceac5e8dc""]"
inc_f2abfde0bd6ced3a,KlaySwap,2022-02-03,inc_f2abfde0bd6ced3a,KlaySwap,2022-02-03,incidents_over_1m,retained,no_match_signal_found,No evidence sufficient to combine this record with another baseline record; this is not proof of global uniqueness.,"[""6753d78f2ab90f53"", ""29b8931c0328d3f2""]"
inc_6ab5195f21f9cea6,Meter,2022-02-06,inc_6ab5195f21f9cea6,Meter,2022-02-06,incidents_over_1m,retained,candidate_context_review,No evidence sufficient to combine this record with another baseline record; this is not proof of global uniqueness.,"[""400f08cfffcda7b3"", ""4abb0abdf6f2adad"", ""3c0e37124ff19317""]"
inc_d9e5b513abe5bd2e,Superfluid,2022-02-08,inc_d9e5b513abe5bd2e,Superfluid,2022-02-08,incidents_over_1m,retained,no_match_signal_found,No evidence sufficient to combine this record with another baseline record; this is not proof of global uniqueness.,"[""d61d514e64c1b717"", ""ce28d6b2afb09a54"", ""57a14d91354d8717""]"
inc_3862159a46b2da32,Dego Finance,2022-02-10,inc_3862159a46b2da32,Dego Finance,2022-02-10,incidents_over_1m,retained,no_match_signal_found,No evidence sufficient to combine this record with another baseline record; this is not proof of global uniqueness.,"[""c6bf5d25edea3f2b"", ""6e24a9c303395806"", ""cf70df650534f507""]"
inc_4db1c295fd98d8d3,IRA Financial / Gemini,2022-02-12,inc_4db1c295fd98d8d3,IRA Financial / Gemini,2022-02-12,incidents_over_1m,retained,no_match_signal_found,No evidence sufficient to combine this record with another baseline record; this is not proof of global uniqueness.,"[""2809bcb09fe7776b"", ""0b2207fe3c8f236d""]"
inc_74b62efc3c7b1ac1,TopGoal,2022-02-17,inc_74b62efc3c7b1ac1,TopGoal,2022-02-17,incidents_over_1m,retained,candidate_context_review,No evidence sufficient to combine this record with another baseline record; this is not proof of global uniqueness.,"[""6869b2bcde2fa71c"", ""38b2e904946c2e44""]"
inc_a32e3d030173c0b6,OpenSea,2022-02-20,inc_a32e3d030173c0b6,OpenSea,2022-02-20,incidents_over_1m,retained,candidate_context_review,No evidence sufficient to combine this record with another baseline record; this is not proof of global uniqueness.,"[""29ea5da905b1c553"", ""c011979264839403""]"
inc_d3353524fa7843cd,Treasure,2022-03-03,inc_d3353524fa7843cd,Treasure,2022-03-03,incidents_over_1m,retained,candidate_context_review,No evidence sufficient to combine this record with another baseline record; this is not proof of global uniqueness.,"[""0d6943b1f4b99cba"", ""8fd4362b1347ce4d"", ""b220fa482c4b98d4""]"
inc_5420f1ef0f98b270,Fantasm Finance,2022-03-09,inc_5420f1ef0f98b270,Fantasm Finance,2022-03-09,incidents_over_1m,retained,candidate_context_review,No evidence sufficient to combine this record with another baseline record; this is not proof of global uniqueness.,"[""8bab3361d470b5e6"", ""16b3702f7db51622""]"
inc_db5e6d0a5651b008,Paraluni Masterchef,2022-03-13,inc_db5e6d0a5651b008,Paraluni Masterchef,2022-03-13,incidents_over_1m,retained,no_match_signal_found,No evidence sufficient to combine this record with another baseline record; this is not proof of global uniqueness.,"[""003153d1842ae7f8"", ""b4408d5d82ef4df3""]"
inc_3061fcdb7d489f55,Agave,2022-03-15,inc_3061fcdb7d489f55,Agave,2022-03-15,incidents_over_1m,retained,no_match_signal_found,No evidence sufficient to combine this record with another baseline record; this is not proof of global uniqueness.,"[""53b584526081a6a7"", ""d663bafa5e9c6842""]"
inc_ba322c54956eacc7,DEUS Finance,2022-03-15,inc_fbc568fc0b9b550a,DEUS Finance,2022-03-15,incidents_over_1m,merged_report,explicit_source_linked_merge,"The 2021 March 15 row repeats the 2022 March 15 DEUS loss. PeckShield alert identifies the $3m exploit on March 15, 2022; retain original conflicting source dates.","[""d7ca7ba9ccdc6af4"", ""b2a17c2c083fa96f""]"
inc_6324fb0185dca0c5,Hundred Finance,2022-03-15,inc_6324fb0185dca0c5,Hundred Finance,2022-03-15,incidents_over_1m,retained,candidate_context_review,No evidence sufficient to combine this record with another baseline record; this is not proof of global uniqueness.,"[""3364d38e457f625e"", ""6238a887d17bc82c""]"
inc_6fdf0c1eb3b57bb6,One Ring Finance,2022-03-21,inc_6fdf0c1eb3b57bb6,One Ring Finance,2022-03-21,incidents_over_1m,retained,candidate_context_review,No evidence sufficient to combine this record with another baseline record; this is not proof of global uniqueness.,"[""2fb967f3c48deedc"", ""daf5f56f37dfe8f6""]"
inc_7b696fb917dd3b05,Cashio,2022-03-23,inc_7b696fb917dd3b05,Cashio,2022-03-23,incidents_over_1m,retained,no_match_signal_found,No evidence sufficient to combine this record with another baseline record; this is not proof of global uniqueness.,"[""62e9c81ce326f6c7"", ""f61bf3f6ef56d423"", ""6da67367204d838c""]"
inc_fb76f0554308b8b5,Ronin Bridge,2022-03-23,inc_fb76f0554308b8b5,Ronin Bridge,2022-03-23,incidents_over_1m,retained,candidate_context_review,No evidence sufficient to combine this record with another baseline record; this is not proof of global uniqueness.,"[""e50fd3e80ae39341"", ""a2a10aa197415c64"", ""dd24e0ac1d9c705f""]"
inc_d71752ee9a270796,BasketDAO,2022-03-30,inc_d71752ee9a270796,BasketDAO,2022-03-30,incidents_over_1m,retained,no_match_signal_found,No evidence sufficient to combine this record with another baseline record; this is not proof of global uniqueness.,"[""dcd430f13b5e3159"", ""bd29c7e4ba6f4cb2""]"
inc_a959453ac76fb09f,Ola Finance,2022-03-31,inc_a959453ac76fb09f,Ola Finance,2022-03-31,incidents_over_1m,retained,candidate_context_review,No evidence sufficient to combine this record with another baseline record; this is not proof of global uniqueness.,"[""997b40ea48a11485"", ""da527661e364baf5""]"
inc_b6acd32c87a5e4c4,Inverse Finance Frontier,2022-04-02,inc_b6acd32c87a5e4c4,Inverse Finance Frontier,2022-04-02,incidents_over_1m,retained,candidate_context_review,No evidence sufficient to combine this record with another baseline record; this is not proof of global uniqueness.,"[""55236fd98873f8f7"", ""7c3f02d7cb2a49f3""]"
inc_7632dcea504c5f3a,Vires Finance,2022-04-05,inc_7632dcea504c5f3a,Vires Finance,2022-04-05,incidents_over_1m,retained,candidate_context_review,No evidence sufficient to combine this record with another baseline record; this is not proof of global uniqueness.,"[""73e5a9d0d841a2a4""]"
inc_cc8803372fcb5e04,Starstream Finance & Agora,2022-04-08,inc_cc8803372fcb5e04,Starstream Finance & Agora,2022-04-08,incidents_over_1m,retained,candidate_context_review,No evidence sufficient to combine this record with another baseline record; this is not proof of global uniqueness.,"[""eb40fcc7e69e52e0""]"
inc_1719f4439fd3c492,CF Token,2022-04-11,inc_1719f4439fd3c492,CF Token,2022-04-11,incidents_over_1m,retained,no_match_signal_found,No evidence sufficient to combine this record with another baseline record; this is not proof of global uniqueness.,"[""14d30a517a3ab24a"", ""b9dcf854c757b6f0""]"
inc_67d0ed9b421343bc,Elephant Money,2022-04-12,inc_67d0ed9b421343bc,Elephant Money,2022-04-12,incidents_over_1m,retained,no_match_signal_found,No evidence sufficient to combine this record with another baseline record; this is not proof of global uniqueness.,"[""58488f75a8bac89b"", ""c35724cce4dad001""]"
inc_d36b3d1313860c9e,Rikkei Finance,2022-04-15,inc_d36b3d1313860c9e,Rikkei Finance,2022-04-15,incidents_over_1m,retained,candidate_context_review,No evidence sufficient to combine this record with another baseline record; this is not proof of global uniqueness.,"[""531361c965b4913d"", ""472d8a315edb5c73""]"
inc_c8fd4e85046a1b89,Beanstalk,2022-04-17,inc_c8fd4e85046a1b89,Beanstalk,2022-04-17,incidents_over_1m,retained,no_match_signal_found,No evidence sufficient to combine this record with another baseline record; this is not proof of global uniqueness.,"[""4107c08010fbb556"", ""20751c85a3cde85c"", ""c04b6ddffd0b6a2b""]"
inc_8a83030426e6f8b2,Terra (LUNA),2022-04-21,inc_8a83030426e6f8b2,Terra (LUNA),2022-04-21,incidents_over_1m,retained,no_match_signal_found,No evidence sufficient to combine this record with another baseline record; this is not proof of global uniqueness.,"[""a8333f7ceff110e3"", ""3f0b22f00ebdb9bd""]"
inc_46f8b38d7abbbd43,DEUS Finance,2022-04-28,inc_46f8b38d7abbbd43,DEUS Finance,2022-04-28,incidents_over_1m,retained,candidate_context_review,No evidence sufficient to combine this record with another baseline record; this is not proof of global uniqueness.,"[""2c0917cb8465caba"", ""1155c948b0a71137""]"
inc_4ceac39df24c4888,Saddle Finance,2022-04-30,inc_4ceac39df24c4888,Saddle Finance,2022-04-30,incidents_over_1m,retained,candidate_context_review,No evidence sufficient to combine this record with another baseline record; this is not proof of global uniqueness.,"[""5453a188c3e1ace4"", ""7f241ed2bbba8433""]"
inc_43225909d861a1da,Rari Capital,2022-05-01,inc_43225909d861a1da,Rari Capital,2022-05-01,incidents_over_1m,retained,candidate_context_review,No evidence sufficient to combine this record with another baseline record; this is not proof of global uniqueness.,"[""7521c0f11d576c99"", ""f72bcdbcf2cf2559""]"
inc_cf7f16c5a479df3e,MM Finance Cronos,2022-05-04,inc_cf7f16c5a479df3e,MM Finance Cronos,2022-05-04,incidents_over_1m,retained,no_match_signal_found,No evidence sufficient to combine this record with another baseline record; this is not proof of global uniqueness.,"[""fc9f681f33cf4c73"", ""ccaad6329c0a2d4f"", ""63e2b3429a9237ac""]"
inc_2ef5e1cfa3409a56,Fortress Loans,2022-05-08,inc_2ef5e1cfa3409a56,Fortress Protocol,2022-05-08,incidents_over_1m,merged_report,explicit_source_linked_merge,"Fortress Loans/Protocol report the same oracle/governance attack involving 1,048 ETH and 400,000 DAI.","[""9287bf8e44dc2b97""]"
inc_8c146671ec0f275b,Fortress Protocol,2022-05-09,inc_2ef5e1cfa3409a56,Fortress Protocol,2022-05-08,incidents_over_1m,merged_report,explicit_source_linked_merge,"Fortress Loans/Protocol report the same oracle/governance attack involving 1,048 ETH and 400,000 DAI.","[""7315e80f55269289"", ""e96e7ca99623bb85""]"
inc_debb0fc6c530cd74,Drift Trade,2022-05-11,inc_debb0fc6c530cd74,Drift Trade,2022-05-11,incidents_over_1m,retained,candidate_context_review,No evidence sufficient to combine this record with another baseline record; this is not proof of global uniqueness.,"[""584c5345273e403f""]"
inc_1994ddc0a3bd6108,Venus Protocol,2022-05-12,inc_1994ddc0a3bd6108,Venus Protocol,2022-05-12,incidents_over_1m,retained,candidate_context_review,No evidence sufficient to combine this record with another baseline record; this is not proof of global uniqueness.,"[""821c0797c62afebc"", ""15ee442b18ae8445""]"
inc_ef7a16a47b179bdc,Blizz Finance,2022-05-13,inc_ef7a16a47b179bdc,Blizz Finance,2022-05-13,incidents_over_1m,retained,candidate_context_review,No evidence sufficient to combine this record with another baseline record; this is not proof of global uniqueness.,"[""123fb8c01e8d0894"", ""f769e03000077c69""]"
inc_9e2f752f42d2728d,FEG,2022-05-16,inc_9e2f752f42d2728d,FEG,2022-05-16,incidents_over_1m,retained,candidate_context_review,No evidence sufficient to combine this record with another baseline record; this is not proof of global uniqueness.,"[""5034ec00299c9a36""]"
inc_4239edff9298ba19,Scream,2022-05-16,inc_4239edff9298ba19,Scream,2022-05-16,incidents_over_1m,retained,no_match_signal_found,No evidence sufficient to combine this record with another baseline record; this is not proof of global uniqueness.,"[""279667a402088a83""]"
inc_cbd3feeb8b6f2778,FEG Token,2022-05-17,inc_cbd3feeb8b6f2778,FEG Token,2022-05-17,incidents_over_1m,retained,candidate_context_review,No evidence sufficient to combine this record with another baseline record; this is not proof of global uniqueness.,"[""f9ac7401c317538a"", ""fb9b9fe3f6e93311""]"
inc_01812569ac7b4215,Mirror,2022-05-30,inc_01812569ac7b4215,Mirror,2022-05-30,incidents_over_1m,retained,candidate_context_review,No evidence sufficient to combine this record with another baseline record; this is not proof of global uniqueness.,"[""fa689cb4acf4182d"", ""e1759f94525c037b""]"
inc_ec720be97dc5890b,Elrond,2022-06-05,inc_ec720be97dc5890b,Elrond,2022-06-05,incidents_over_1m,retained,no_match_signal_found,No evidence sufficient to combine this record with another baseline record; this is not proof of global uniqueness.,"[""010d6b1609cc781e"", ""3d6407a9e0e17a5e""]"
inc_2ca8e57e289f1667,Wintermute,2022-06-05,inc_2ca8e57e289f1667,Wintermute,2022-06-05,incidents_over_1m,retained,candidate_context_review,No evidence sufficient to combine this record with another baseline record; this is not proof of global uniqueness.,"[""305a37c17f97303e"", ""df1d58573f8dbb1d""]"
inc_d3a0fa7afea329a2,ApolloX,2022-06-08,inc_d3a0fa7afea329a2,ApolloX,2022-06-08,incidents_over_1m,retained,candidate_context_review,No evidence sufficient to combine this record with another baseline record; this is not proof of global uniqueness.,"[""c8a778e9f65c9fa0"", ""d4d050478c0f5f1e""]"
inc_152a0ce8baa9f6c5,Gym Network,2022-06-08,inc_152a0ce8baa9f6c5,Gym Network,2022-06-08,incidents_over_1m,retained,candidate_context_review,No evidence sufficient to combine this record with another baseline record; this is not proof of global uniqueness.,"[""1e649c5a0b39e348"", ""6b73c96846f6ff86"", ""294f840d31da96f6""]"
inc_9c02c2cae9776d49,Osmosis,2022-06-08,inc_9c02c2cae9776d49,Osmosis,2022-06-08,incidents_over_1m,retained,no_match_signal_found,No evidence sufficient to combine this record with another baseline record; this is not proof of global uniqueness.,"[""2e07534b2d52b4d7"", ""3f115027a1d957bd"", ""eb464ff935c8e675""]"
inc_daea0aedd9b277e4,Inverse Finance Frontier,2022-06-16,inc_daea0aedd9b277e4,Inverse Finance Frontier,2022-06-16,incidents_over_1m,retained,candidate_context_review,No evidence sufficient to combine this record with another baseline record; this is not proof of global uniqueness.,"[""60369ef1ea56074f"", ""1dca4221de83ee74"", ""9f6f15222ec1f4ab""]"
inc_6870d75dd4a5bde8,Harmony Bridge,2022-06-23,inc_6870d75dd4a5bde8,Harmony Bridge,2022-06-23,incidents_over_1m,retained,candidate_context_review,No evidence sufficient to combine this record with another baseline record; this is not proof of global uniqueness.,"[""bc97d8470ad8a28b"", ""084fce6df69d3562"", ""2cde22d82b9f48e9""]"
inc_4df3dfb21ed3fed9,XCarnival,2022-06-26,inc_4df3dfb21ed3fed9,XCarnival,2022-06-26,incidents_over_1m,retained,no_match_signal_found,No evidence sufficient to combine this record with another baseline record; this is not proof of global uniqueness.,"[""a9351bc1c4483298"", ""70cab0e3c41f9cf2""]"
inc_16fc8141016104a6,Crema Finance,2022-07-02,inc_16fc8141016104a6,Crema Finance,2022-07-02,incidents_over_1m,retained,no_match_signal_found,No evidence sufficient to combine this record with another baseline record; this is not proof of global uniqueness.,"[""350caba92efb929c"", ""f6fdaab6b14ab3e7"", ""64c6d442bc1e6806""]"
inc_e7e8e9ed13ae5bac,Omni,2022-07-10,inc_e7e8e9ed13ae5bac,Omni,2022-07-10,incidents_over_1m,retained,no_match_signal_found,No evidence sufficient to combine this record with another baseline record; this is not proof of global uniqueness.,"[""249ad3864cfd0476""]"
inc_1c9cfcd32893a90e,Uniswap (Phishing Attack),2022-07-11,inc_1c9cfcd32893a90e,Uniswap (Phishing Attack),2022-07-11,incidents_over_1m,retained,no_match_signal_found,No evidence sufficient to combine this record with another baseline record; this is not proof of global uniqueness.,"[""08e81949963e1f55"", ""d60481743d8f4161""]"
inc_d91a151c805f9753,Impermax,2022-07-16,inc_d91a151c805f9753,Impermax,2022-07-16,incidents_over_1m,retained,no_match_signal_found,No evidence sufficient to combine this record with another baseline record; this is not proof of global uniqueness.,"[""4ca52aa79a7c3476""]"
inc_3aa7a178c080290b,Audius,2022-07-25,inc_3aa7a178c080290b,Audius,2022-07-25,incidents_over_1m,retained,no_match_signal_found,No evidence sufficient to combine this record with another baseline record; this is not proof of global uniqueness.,"[""3ee4396c8d93ac6c"", ""71c411345bede04f"", ""0634ce3913895c20""]"
inc_77263e922f1698af,Nirvana V1,2022-07-28,inc_77263e922f1698af,Nirvana V1,2022-07-28,incidents_over_1m,retained,candidate_context_review,No evidence sufficient to combine this record with another baseline record; this is not proof of global uniqueness.,"[""da484edd742f7639"", ""fa09aaba97a77eec"", ""cd63e42115f7e2fd""]"
inc_5a78d3dd9cc988f6,Nomad,2022-08-01,inc_5a78d3dd9cc988f6,Nomad,2022-08-01,incidents_over_1m,retained,candidate_context_review,No evidence sufficient to combine this record with another baseline record; this is not proof of global uniqueness.,"[""3bca2ab13b43cd0f"", ""c64b6977c5eb2c2c"", ""59f7dc34e156f3ef""]"
inc_5845ea97c4bcd6b6,Reaper Farm,2022-08-01,inc_5845ea97c4bcd6b6,Reaper Farm,2022-08-01,incidents_over_1m,retained,no_match_signal_found,No evidence sufficient to combine this record with another baseline record; this is not proof of global uniqueness.,"[""491e7a60ae7a8011"", ""c32b81ff144f9940""]"
inc_3e07a67a9a972519,ZB,2022-08-01,inc_98283d124fdff333,ZB Exchange,2022-08-01,incidents_over_1m,merged_report,explicit_source_linked_merge,ZB and ZB Exchange identify the same exchange hot-wallet drain; estimates differ.,"[""2812d16a90bf71ed""]"
inc_98283d124fdff333,ZB Exchange,2022-08-01,inc_98283d124fdff333,ZB Exchange,2022-08-01,incidents_over_1m,merged_report,explicit_source_linked_merge,ZB and ZB Exchange identify the same exchange hot-wallet drain; estimates differ.,"[""015def9ee1cd8ab3""]"
inc_da62e71abfab2c41,Slope Wallet,2022-08-02,inc_da62e71abfab2c41,Slope wallet compromise,2022-08-02,incidents_over_1m,merged_report,explicit_source_linked_merge,"Slope Wallet, Slope Finance and the generically labeled Solana wallet theft refer to the same mass wallet compromise. The Solana network was not an additional hacked victim.","[""793c8701c43f585d""]"
inc_f4433a8a9726d08c,Slope Finance,2022-08-03,inc_da62e71abfab2c41,Slope wallet compromise,2022-08-02,incidents_over_1m,merged_report,explicit_source_linked_merge,"Slope Wallet, Slope Finance and the generically labeled Solana wallet theft refer to the same mass wallet compromise. The Solana network was not an additional hacked victim.","[""c92a3216e12f4986""]"
inc_59223046c9911f70,Solana,2022-08-03,inc_da62e71abfab2c41,Slope wallet compromise,2022-08-02,incidents_over_1m,merged_report,explicit_source_linked_merge,"Slope Wallet, Slope Finance and the generically labeled Solana wallet theft refer to the same mass wallet compromise. The Solana network was not an additional hacked victim.","[""43df7a2651806f12""]"
inc_1a4656bfd2e6efc1,Acala Network,2022-08-14,inc_1a4656bfd2e6efc1,Acala Network,2022-08-14,incidents_over_1m,retained,no_match_signal_found,No evidence sufficient to combine this record with another baseline record; this is not proof of global uniqueness.,"[""53ffe48dfc7d716b"", ""e3328e28ad883688""]"
inc_52ef2939508c54dc,GERA,2022-09-07,inc_52ef2939508c54dc,GERA,2022-09-07,incidents_over_1m,retained,no_match_signal_found,No evidence sufficient to combine this record with another baseline record; this is not proof of global uniqueness.,"[""92e1afafc5ae6b70"", ""10a1dd9f6fe6f9cf""]"
inc_a4034daeac3fb48c,New Free DAO,2022-09-08,inc_a4034daeac3fb48c,New Free DAO,2022-09-08,incidents_over_1m,retained,no_match_signal_found,No evidence sufficient to combine this record with another baseline record; this is not proof of global uniqueness.,"[""4585672fec703200"", ""1d05dd60f5b4c245""]"
inc_127bbc2e46df423b,Wintermute,2022-09-20,inc_127bbc2e46df423b,Wintermute,2022-09-20,incidents_over_1m,retained,candidate_context_review,No evidence sufficient to combine this record with another baseline record; this is not proof of global uniqueness.,"[""3817757d642e57ef"", ""01f7849a3c8e5c9d"", ""6df462137bc43ad5""]"
inc_d132a9f2b51af985,BXH,2022-09-21,inc_d132a9f2b51af985,BXH,2022-09-21,incidents_over_1m,retained,candidate_context_review,No evidence sufficient to combine this record with another baseline record; this is not proof of global uniqueness.,"[""447890cc8c80834e""]"
inc_4d12631ff7e32c18,MEV Bots,2022-09-28,inc_4d12631ff7e32c18,MEV Bots,2022-09-28,incidents_over_1m,retained,candidate_context_review,No evidence sufficient to combine this record with another baseline record; this is not proof of global uniqueness.,"[""6797b0a7c4af8f5e""]"
inc_d12c641b158c0b58,Transit Swap,2022-10-02,inc_d12c641b158c0b58,Transit Swap,2022-10-02,incidents_over_1m,retained,candidate_context_review,No evidence sufficient to combine this record with another baseline record; this is not proof of global uniqueness.,"[""f14ca23ed2a16889"", ""e89383496ac91f2b"", ""2e60f64f59cbae18""]"
inc_6872f95633820cd3,Sovryn,2022-10-04,inc_6872f95633820cd3,Sovryn,2022-10-04,incidents_over_1m,retained,no_match_signal_found,No evidence sufficient to combine this record with another baseline record; this is not proof of global uniqueness.,"[""6a78ede5ca313d03"", ""69da38b5eec82609"", ""e3aa0dcafdea0684""]"
inc_edc88c6900112586,Binance Bridge,2022-10-06,inc_edc88c6900112586,Binance Bridge,2022-10-06,incidents_over_1m,retained,candidate_context_review,No evidence sufficient to combine this record with another baseline record; this is not proof of global uniqueness.,"[""6ee1ed626affe9c2"", ""47ec33ba908087f9""]"
inc_68dbe67d50fab838,Mango Markets V3,2022-10-11,inc_68dbe67d50fab838,Mango Markets V3,2022-10-11,incidents_over_1m,retained,candidate_context_review,No evidence sufficient to combine this record with another baseline record; this is not proof of global uniqueness.,"[""4f42bbcc16a0bb9e"", ""86ebf16d3850da70"", ""6c4618a3ac520e0b""]"
inc_b823f3bc0c388662,QANplatform,2022-10-11,inc_b823f3bc0c388662,QANplatform,2022-10-11,incidents_over_1m,retained,no_match_signal_found,No evidence sufficient to combine this record with another baseline record; this is not proof of global uniqueness.,"[""004b07f27c46cceb"", ""6f8337a0701367a5""]"
inc_ab78d8936842a753,TempleDAO,2022-10-11,inc_ab78d8936842a753,TempleDAO,2022-10-11,incidents_over_1m,retained,no_match_signal_found,No evidence sufficient to combine this record with another baseline record; this is not proof of global uniqueness.,"[""b6467a28ef5facfa"", ""47b35fef6f66b72f"", ""c58ccd526e41acd6""]"
inc_4515c4ee66845cc6,Earning.Farm,2022-10-15,inc_4515c4ee66845cc6,Earning.Farm,2022-10-15,incidents_over_1m,retained,candidate_context_review,No evidence sufficient to combine this record with another baseline record; this is not proof of global uniqueness.,"[""8a396767208a6d21"", ""f0ec0297df4a7538""]"
inc_357d802268dd7ca0,Bitkeep Swap,2022-10-18,inc_357d802268dd7ca0,Bitkeep Swap,2022-10-18,incidents_over_1m,retained,candidate_context_review,No evidence sufficient to combine this record with another baseline record; this is not proof of global uniqueness.,"[""fdc8b0cff4710f20""]"
inc_292d1102a8387a5f,Moola Market,2022-10-18,inc_292d1102a8387a5f,Moola Market,2022-10-18,incidents_over_1m,retained,candidate_context_review,No evidence sufficient to combine this record with another baseline record; this is not proof of global uniqueness.,"[""51c185fd3b694c77"", ""ac2fca7007b71a99"", ""97fd20bca612193f""]"
inc_41a904c900357c12,FTX & 3Commas,2022-10-23,inc_41a904c900357c12,FTX & 3Commas,2022-10-23,incidents_over_1m,retained,candidate_context_review,No evidence sufficient to combine this record with another baseline record; this is not proof of global uniqueness.,"[""b5b37d23acdda54b""]"
inc_95bcf403f8ecb114,Team Finance,2022-10-27,inc_95bcf403f8ecb114,Team Finance,2022-10-27,incidents_over_1m,retained,candidate_context_review,No evidence sufficient to combine this record with another baseline record; this is not proof of global uniqueness.,"[""923ab6dcda89f34f"", ""eb1679bd3b2ac8dc"", ""f501f79c31a59a6c""]"
inc_c53710b0d2082dfa,UvToken,2022-10-27,inc_c53710b0d2082dfa,UvToken,2022-10-27,incidents_over_1m,retained,no_match_signal_found,No evidence sufficient to combine this record with another baseline record; this is not proof of global uniqueness.,"[""cd85aed39ba5b146"", ""67005d769aed1fa7""]"
inc_e8f472394d19f82b,FriesDAO,2022-10-28,inc_e8f472394d19f82b,FriesDAO,2022-10-28,incidents_over_1m,retained,no_match_signal_found,No evidence sufficient to combine this record with another baseline record; this is not proof of global uniqueness.,"[""284d78eec4fee57e"", ""1f5e0bdca14f299e""]"
inc_e43007c49a823e99,Deribit,2022-11-01,inc_e43007c49a823e99,Deribit,2022-11-01,incidents_over_1m,retained,no_match_signal_found,No evidence sufficient to combine this record with another baseline record; this is not proof of global uniqueness.,"[""59cb5a3d665d2cee"", ""ff772bdea8d8de1f"", ""27cc889c1522bdfe""]"
inc_8ee82034c783aefd,Rubic,2022-11-02,inc_8ee82034c783aefd,Rubic,2022-11-02,incidents_over_1m,retained,candidate_context_review,No evidence sufficient to combine this record with another baseline record; this is not proof of global uniqueness.,"[""4be65ef1d355b852"", ""87273edcc46f9f22""]"
inc_01d2e82557d728f4,Skyward Finance,2022-11-02,inc_01d2e82557d728f4,Skyward Finance,2022-11-02,incidents_over_1m,retained,candidate_context_review,No evidence sufficient to combine this record with another baseline record; this is not proof of global uniqueness.,"[""9609ac37a4c452de"", ""25d5e6dee1330af7"", ""e9cd41a67a574f1b""]"
inc_f9dd2bf91b6cc61d,Solend (now Save),2022-11-02,inc_f9dd2bf91b6cc61d,Solend (now Save),2022-11-02,incidents_over_1m,retained,candidate_context_review,No evidence sufficient to combine this record with another baseline record; this is not proof of global uniqueness.,"[""6ab83d5e7c727db8"", ""0bb04bdc9a9400c6"", ""d95e9cda82b372ca""]"
inc_e7d096c0655f12df,pNetwork,2022-11-03,inc_e7d096c0655f12df,pNetwork,2022-11-03,incidents_over_1m,retained,candidate_context_review,No evidence sufficient to combine this record with another baseline record; this is not proof of global uniqueness.,"[""541ee8e8f40b9a9c"", ""62bfb67446ef2a4b""]"
inc_2eededbd38c00ef8,Pando Rings,2022-11-06,inc_2eededbd38c00ef8,Pando Rings,2022-11-06,incidents_over_1m,retained,no_match_signal_found,No evidence sufficient to combine this record with another baseline record; this is not proof of global uniqueness.,"[""7b4b31f2c41756ad""]"
inc_201da6ed0e05c588,DFX V2,2022-11-10,inc_201da6ed0e05c588,DFX V2,2022-11-10,incidents_over_1m,retained,no_match_signal_found,No evidence sufficient to combine this record with another baseline record; this is not proof of global uniqueness.,"[""9a12b96259f10e3a""]"
inc_8351d3a39a6ee4a1,FTX,2022-11-12,inc_8351d3a39a6ee4a1,FTX,2022-11-12,incidents_over_1m,retained,candidate_context_review,No evidence sufficient to combine this record with another baseline record; this is not proof of global uniqueness.,"[""f9f279fca6a815eb"", ""23d291a5cdc1fcf5"", ""3c6e20927ee3377e""]"
inc_4f379ea561f17795,Ahad Shams,2022-11-26,inc_4f379ea561f17795,Ahad Shams,2022-11-26,incidents_over_1m,retained,no_match_signal_found,No evidence sufficient to combine this record with another baseline record; this is not proof of global uniqueness.,"[""652f4b1a7f211372"", ""7d3409b7b24f491a""]"
inc_5171dcd09eb16aeb,Ankr,2022-12-02,inc_5171dcd09eb16aeb,Ankr,2022-12-02,incidents_over_1m,retained,candidate_context_review,No evidence sufficient to combine this record with another baseline record; this is not proof of global uniqueness.,"[""37082101499927be"", ""87aac566632d0fd9""]"
inc_81ee158952b6544b,Helio,2022-12-02,inc_81ee158952b6544b,Helio,2022-12-02,incidents_over_1m,retained,candidate_context_review,No evidence sufficient to combine this record with another baseline record; this is not proof of global uniqueness.,"[""29ec12a3aaf09a96""]"
inc_284724e96f892dc6,BTC.com,2022-12-03,inc_284724e96f892dc6,BTC.com,2022-12-03,incidents_over_1m,retained,no_match_signal_found,No evidence sufficient to combine this record with another baseline record; this is not proof of global uniqueness.,"[""c5b61a3d39305eeb"", ""ea2f773ffd712537""]"
inc_b50701f7fbd29e28,Lodestar V0,2022-12-10,inc_b50701f7fbd29e28,Lodestar V0,2022-12-10,incidents_over_1m,retained,no_match_signal_found,No evidence sufficient to combine this record with another baseline record; this is not proof of global uniqueness.,"[""6592be631cfdb850"", ""df4b0a2e4496ba53"", ""d46b23d262f68895""]"
inc_163918b1cc18186d,3Commas,2022-12-11,inc_163918b1cc18186d,3Commas,2022-12-11,scope_and_value_review,quarantined,explicit_quarantine,December 3Commas $20m is a victims-group total across API-key abuse reports. October FTX/3Commas $6m may be included; incident-level membership cannot yet be separated.,"[""a7e3a0c05f1b347b"", ""dd8a725cbfd4ec57""]"
inc_211a52f0d97641b8,Raydium AMM,2022-12-16,inc_211a52f0d97641b8,Raydium AMM,2022-12-16,incidents_over_1m,retained,candidate_context_review,No evidence sufficient to combine this record with another baseline record; this is not proof of global uniqueness.,"[""9332d16730c966da"", ""d61be867ac28376c"", ""5ab26b6094e14c78""]"
inc_b773cb208317f461,Defrost,2022-12-24,inc_b773cb208317f461,Defrost,2022-12-24,incidents_over_1m,retained,no_match_signal_found,No evidence sufficient to combine this record with another baseline record; this is not proof of global uniqueness.,"[""ce276fae91248cf8"", ""80f655e491b2ee5d""]"
inc_b2a4fb17e85f51d7,Rubic,2022-12-25,inc_b2a4fb17e85f51d7,Rubic,2022-12-25,incidents_over_1m,retained,candidate_context_review,No evidence sufficient to combine this record with another baseline record; this is not proof of global uniqueness.,"[""2e167287a50b2b94"", ""6b12da6fdb049989""]"
inc_84026a0c2a12ac5b,BitKeep,2022-12-26,inc_84026a0c2a12ac5b,BitKeep,2022-12-26,incidents_over_1m,retained,candidate_context_review,No evidence sufficient to combine this record with another baseline record; this is not proof of global uniqueness.,"[""6dac13b429ecab7c""]"
inc_d77ccbbe51fefd66,LendHub,2023-01-16,inc_d77ccbbe51fefd66,LendHub,2023-01-16,incidents_over_1m,retained,no_match_signal_found,No evidence sufficient to combine this record with another baseline record; this is not proof of global uniqueness.,"[""83783c46678a375a"", ""5df9cbf5be47bc1f""]"
inc_0cd435977a53199b,FFF,2023-01-20,inc_0cd435977a53199b,FFF,2023-01-20,incidents_over_1m,retained,no_match_signal_found,No evidence sufficient to combine this record with another baseline record; this is not proof of global uniqueness.,"[""eab12bfe9cdbecf0""]"
inc_ff0124271cf22974,Omm,2023-01-21,inc_ff0124271cf22974,Omm,2023-01-21,incidents_over_1m,retained,no_match_signal_found,No evidence sufficient to combine this record with another baseline record; this is not proof of global uniqueness.,"[""ab6943eaec6ad415""]"
inc_da46b1709075b068,Orion Pools,2023-02-02,inc_da46b1709075b068,Orion Pools,2023-02-02,incidents_over_1m,retained,no_match_signal_found,No evidence sufficient to combine this record with another baseline record; this is not proof of global uniqueness.,"[""066988c0d901ae07"", ""ad982a7a9a75c7d6"", ""33109bd864345995""]"
inc_59bcdd156b94afda,dForce Lending,2023-02-10,inc_59bcdd156b94afda,dForce Lending,2023-02-10,incidents_over_1m,retained,candidate_context_review,No evidence sufficient to combine this record with another baseline record; this is not proof of global uniqueness.,"[""69091915ca5afc9f"", ""c126224334ee3eaf"", ""8e156eec6b3c01f6""]"
inc_b000b36a45b8fa1b,Platypus Finance,2023-02-16,inc_b000b36a45b8fa1b,Platypus Finance,2023-02-16,incidents_over_1m,retained,candidate_context_review,No evidence sufficient to combine this record with another baseline record; this is not proof of global uniqueness.,"[""fed4d4e4692c262d"", ""62aad88013f1ca40"", ""658160f43ec9375e""]"
inc_276f3f4cca9274d9,Block Tower Capital,2023-02-18,inc_276f3f4cca9274d9,Block Tower Capital,2023-02-18,incidents_over_1m,retained,no_match_signal_found,No evidence sufficient to combine this record with another baseline record; this is not proof of global uniqueness.,"[""de2f0f3ab6f8b489""]"
inc_3daa19b38efa9d6e,Dexible V2,2023-02-20,inc_3daa19b38efa9d6e,Dexible V2,2023-02-20,incidents_over_1m,retained,candidate_context_review,No evidence sufficient to combine this record with another baseline record; this is not proof of global uniqueness.,"[""a0572f6b7784069b"", ""13fef7c4e624ef29"", ""78212db452d72115""]"
inc_9765233e30cc6568,Hope Finance,2023-02-20,inc_9765233e30cc6568,Hope Finance,2023-02-20,incidents_over_1m,retained,candidate_context_review,No evidence sufficient to combine this record with another baseline record; this is not proof of global uniqueness.,"[""f2f243751af0c97e"", ""7467e3993017388f""]"
inc_28d5a6638270ad24,Earning.farm,2023-02-24,inc_28d5a6638270ad24,Earning.farm,2023-02-24,incidents_over_1m,retained,candidate_context_review,No evidence sufficient to combine this record with another baseline record; this is not proof of global uniqueness.,"[""38a7d788829da129""]"
inc_c9a38cde5926be5d,MyAlgo,2023-02-27,inc_c9a38cde5926be5d,MyAlgo,2023-02-27,incidents_over_1m,retained,no_match_signal_found,No evidence sufficient to combine this record with another baseline record; this is not proof of global uniqueness.,"[""800f5fff6df67638"", ""37bd9b1112462a53""]"
inc_c8379127afa7add4,Tender Finance,2023-03-07,inc_c8379127afa7add4,Tender Finance,2023-03-07,incidents_over_1m,retained,candidate_context_review,No evidence sufficient to combine this record with another baseline record; this is not proof of global uniqueness.,"[""a20bbe3580c9dacf"", ""f366151f6639dde5""]"
inc_52236b1f55eb75d4,Balancer,2023-03-13,inc_52236b1f55eb75d4,Balancer,2023-03-13,scope_and_value_review,quarantined,explicit_quarantine,"Balancer’s March 13 amount is liquidity-pool exposure to Euler, not an attack on Balancer.","[""a89b512c53ca78b8""]"
inc_315f7f56173d5201,Euler V1,2023-03-13,inc_315f7f56173d5201,Euler V1,2023-03-13,incidents_over_1m,retained,no_match_signal_found,No evidence sufficient to combine this record with another baseline record; this is not proof of global uniqueness.,"[""9d6081fad6f9f8ce"", ""752a264bf4081ed7"", ""b9ef7a841ff035dc""]"
inc_bb8ce045501cedf0,SwissBorg,2023-03-13,inc_bb8ce045501cedf0,SwissBorg,2023-03-13,scope_and_value_review,quarantined,explicit_quarantine,SwissBorg’s March 2023 Earn strategy losses are exposure to Euler. The distinct 2025 partner API compromise remains in the catalog.,"[""5a5f7de12a2f96a8""]"
inc_a9fbe22e91291982,Sherlock,2023-03-14,inc_a9fbe22e91291982,Sherlock,2023-03-14,scope_and_value_review,quarantined,explicit_quarantine,"Sherlock’s $4.5m is an insurance payout for the Euler hack, not stolen Sherlock assets.","[""ebaa2a6bf5efbe93""]"
inc_97b628dc6980b8e8,General Bytes,2023-03-17,inc_97b628dc6980b8e8,General Bytes,2023-03-17,incidents_over_1m,retained,no_match_signal_found,No evidence sufficient to combine this record with another baseline record; this is not proof of global uniqueness.,"[""448897a944c36876"", ""f5596f75d4ec34e5""]"
inc_8c814251bffec801,ParaSpace Lending V1,2023-03-17,inc_8c814251bffec801,ParaSpace Lending V1,2023-03-17,incidents_over_1m,retained,candidate_context_review,No evidence sufficient to combine this record with another baseline record; this is not proof of global uniqueness.,"[""01dc52d037342a52""]"
inc_0ac7b417e8524e78,Safemoon,2023-03-28,inc_0ac7b417e8524e78,Safemoon,2023-03-28,incidents_over_1m,retained,no_match_signal_found,No evidence sufficient to combine this record with another baseline record; this is not proof of global uniqueness.,"[""3505810d0efa2f01"", ""cb1b913fbd506159"", ""e052a2b94692aef9""]"
inc_92a850af496b31de,Patricio Worthalter,2023-03-30,inc_e92f6c5ece4ce126,Patricio Worthalter,2023-03-30,incidents_over_1m,merged_report,explicit_source_linked_merge,"Rocket Pool names the stolen RPL asset. Lookonchain identifies 85,898 RPL stolen from Worthalter; there is no separate Rocket Pool protocol exploit established by this row.","[""5ed23bafd3164084""]"
inc_e92f6c5ece4ce126,Rocket Pool,2023-03-30,inc_e92f6c5ece4ce126,Patricio Worthalter,2023-03-30,incidents_over_1m,merged_report,explicit_source_linked_merge,"Rocket Pool names the stolen RPL asset. Lookonchain identifies 85,898 RPL stolen from Worthalter; there is no separate Rocket Pool protocol exploit established by this row.","[""20e6c9ccd6087c38""]"
inc_1f1276a1153b52a3,MEV Bots,2023-04-03,inc_27b8afc125bb3cd8,MEV-Boost relay attack,2023-04-03,incidents_over_1m,merged_report,explicit_source_linked_merge,MEV Bots and MEV-Boost Relay refer to the same malicious-validator relay/bundle incident.,"[""8e158cfc1cd4f024""]"
inc_27b8afc125bb3cd8,MEV-Boost Relay,2023-04-03,inc_27b8afc125bb3cd8,MEV-Boost relay attack,2023-04-03,incidents_over_1m,merged_report,explicit_source_linked_merge,MEV Bots and MEV-Boost Relay refer to the same malicious-validator relay/bundle incident.,"[""40a15d7c9dfc95db""]"
inc_28f4e5e0d0431728,GDAC,2023-04-08,inc_28f4e5e0d0431728,GDAC,2023-04-08,incidents_over_1m,retained,no_match_signal_found,No evidence sufficient to combine this record with another baseline record; this is not proof of global uniqueness.,"[""9292eccf3549a786"", ""1fb590dff1903cf9""]"
inc_0130eca1cbb4fa96,SushiSwap,2023-04-10,inc_0130eca1cbb4fa96,SushiSwap,2023-04-10,incidents_over_1m,retained,no_match_signal_found,No evidence sufficient to combine this record with another baseline record; this is not proof of global uniqueness.,"[""6bd86ab5168a8731"", ""b70b220083a24ad0"", ""3146fae9a3d456b4""]"
inc_2dc7619fe44ac3fd,Terraport,2023-04-10,inc_2dc7619fe44ac3fd,Terraport,2023-04-10,incidents_over_1m,retained,no_match_signal_found,No evidence sufficient to combine this record with another baseline record; this is not proof of global uniqueness.,"[""5354146fc754c1e6"", ""36ea28cbcd4632ce""]"
inc_a3ccd45a524e860a,Yearn Finance,2023-04-13,inc_a3ccd45a524e860a,Yearn Finance,2023-04-13,incidents_over_1m,retained,candidate_context_review,No evidence sufficient to combine this record with another baseline record; this is not proof of global uniqueness.,"[""dea5ded85da3220a"", ""9dd2d3de1f6222ff"", ""a72822b7833deca6""]"
inc_e66d444dd79768b2,Bitrue,2023-04-14,inc_e66d444dd79768b2,Bitrue,2023-04-14,incidents_over_1m,retained,candidate_context_review,No evidence sufficient to combine this record with another baseline record; this is not proof of global uniqueness.,"[""26730b1fe610b5c6"", ""d1c6a7bbad2535a8""]"
inc_0f686c4bc1dc1d8f,Hundred Finance,2023-04-15,inc_0f686c4bc1dc1d8f,Hundred Finance,2023-04-15,incidents_over_1m,retained,candidate_context_review,No evidence sufficient to combine this record with another baseline record; this is not proof of global uniqueness.,"[""068fbcb335794b72"", ""e375c181e80b4eca"", ""46b74731da64c45d""]"
inc_97976b9f70b2110c,0vix,2023-04-28,inc_97976b9f70b2110c,0vix,2023-04-28,incidents_over_1m,retained,candidate_context_review,No evidence sufficient to combine this record with another baseline record; this is not proof of global uniqueness.,"[""8335e8066e345ba7"", ""8559b36aa5f532d0""]"
inc_7cf9c1be2000dab2,Level Perps,2023-05-01,inc_7cf9c1be2000dab2,Level Perps,2023-05-01,incidents_over_1m,retained,no_match_signal_found,No evidence sufficient to combine this record with another baseline record; this is not proof of global uniqueness.,"[""48854c47a05bfdf2""]"
inc_bc0adc55cc6acce7,pcash,2023-05-01,inc_bc0adc55cc6acce7,pcash,2023-05-01,incidents_over_1m,retained,candidate_context_review,No evidence sufficient to combine this record with another baseline record; this is not proof of global uniqueness.,"[""27b8fe43b49f33eb"", ""927bc9f8d5f1284d""]"
inc_cade57b6570a9590,DEUS Finance,2023-05-05,inc_cade57b6570a9590,DEUS / DEI,2023-05-05,incidents_over_1m,merged_report,explicit_source_linked_merge,DEI is DEUS Finance’s stablecoin; these reports describe the same public-burn exploit.,"[""70cd37c012a48922""]"
inc_7962803f25fb07a3,DEI,2023-05-06,inc_cade57b6570a9590,DEUS / DEI,2023-05-05,incidents_over_1m,merged_report,explicit_source_linked_merge,DEI is DEUS Finance’s stablecoin; these reports describe the same public-burn exploit.,"[""22800f2ffe6356fe""]"
inc_228b0ddf0935e533,Swap-LP,2023-05-20,inc_228b0ddf0935e533,Swap-LP,2023-05-20,incidents_over_1m,retained,candidate_context_review,No evidence sufficient to combine this record with another baseline record; this is not proof of global uniqueness.,"[""bc28692d0a688d64"", ""e04c94f593f32d7a""]"
inc_223ffe5305e62a70,Tornado Cash,2023-05-20,inc_223ffe5305e62a70,Tornado Cash,2023-05-20,incidents_over_1m,retained,candidate_context_review,No evidence sufficient to combine this record with another baseline record; this is not proof of global uniqueness.,"[""a5ebc633129ff6de"", ""cbe98b4e0b721a52""]"
inc_daff4a66f0153fba,Patricia,2023-05-26,inc_daff4a66f0153fba,Patricia,2023-05-26,incidents_over_1m,retained,no_match_signal_found,No evidence sufficient to combine this record with another baseline record; this is not proof of global uniqueness.,"[""bcb9db6022145b2d"", ""5759b01a31e13ab5""]"
inc_1a29e177c2ca1881,Jimbos Protocol,2023-05-28,inc_1a29e177c2ca1881,Jimbos Protocol,2023-05-28,incidents_over_1m,retained,no_match_signal_found,No evidence sufficient to combine this record with another baseline record; this is not proof of global uniqueness.,"[""279c2aa3d4b8f37f"", ""7e5730c31927aac1"", ""0955d220730dc928""]"
inc_b551a3b0da46a78b,Atomic Wallet,2023-06-03,inc_b551a3b0da46a78b,Atomic Wallet,2023-06-03,incidents_over_1m,retained,no_match_signal_found,No evidence sufficient to combine this record with another baseline record; this is not proof of global uniqueness.,"[""d04a12f78f56b2ae"", ""82064965e47e6fb0"", ""ba94e0cb1947d3ff""]"
inc_7df2aa6abb1850ee,FPG,2023-06-11,inc_2db942dd8bd7b673,Floating Point Group,2023-06-11,incidents_over_1m,merged_report,explicit_source_linked_merge,"FPG expands to Floating Point Group; same date, victim and $20m compromise.","[""e5c0fdc69fe477a7""]"
inc_2db942dd8bd7b673,Floating Point Group,2023-06-11,inc_2db942dd8bd7b673,Floating Point Group,2023-06-11,incidents_over_1m,merged_report,explicit_source_linked_merge,"FPG expands to Floating Point Group; same date, victim and $20m compromise.","[""fcf23aad0941305e""]"
inc_ee994671d2e5b895,Poly Network,2023-07-02,inc_ee994671d2e5b895,Poly Network,2023-07-02,incidents_over_1m,retained,candidate_context_review,No evidence sufficient to combine this record with another baseline record; this is not proof of global uniqueness.,"[""fa76ee41370cb74e"", ""3b4c9b608419d3cb"", ""dc6280fe458fbce5""]"
inc_415ad6fe793dbbf7,Multichain,2023-07-07,inc_415ad6fe793dbbf7,Multichain,2023-07-07,incidents_over_1m,retained,candidate_context_review,No evidence sufficient to combine this record with another baseline record; this is not proof of global uniqueness.,"[""be87261d3432b2d4"", ""d63ddaa926b7fc7c"", ""6e2eabae726b0b74""]"
inc_f931f6e7898fbe3b,Rodeo Finance,2023-07-11,inc_f931f6e7898fbe3b,Rodeo Finance,2023-07-11,incidents_over_1m,retained,candidate_context_review,No evidence sufficient to combine this record with another baseline record; this is not proof of global uniqueness.,"[""a9a72ada5e6a9d5b""]"
inc_a88e92730e4f2cbe,Conic Finance,2023-07-21,inc_a88e92730e4f2cbe,Conic Finance,2023-07-21,incidents_over_1m,retained,candidate_context_review,No evidence sufficient to combine this record with another baseline record; this is not proof of global uniqueness.,"[""ad488518fce2f045"", ""7ef6c5cac226ed2a"", ""6f9777c49c4a12de""]"
inc_923eecc18892ca07,CoinsPaid,2023-07-22,inc_923eecc18892ca07,CoinsPaid,2023-07-22,incidents_over_1m,retained,candidate_context_review,No evidence sufficient to combine this record with another baseline record; this is not proof of global uniqueness.,"[""a782aea2c909b2d3"", ""d2cec3fdea237d37""]"
inc_af700eb3ad7a090e,EraLend,2023-07-25,inc_af700eb3ad7a090e,EraLend,2023-07-25,incidents_over_1m,retained,no_match_signal_found,No evidence sufficient to combine this record with another baseline record; this is not proof of global uniqueness.,"[""2ee04e0711b297fe"", ""b711008cb8b663f0"", ""e31d169a5f8769a1""]"
inc_8014ea1d8898b991,AlphaPo,2023-07-26,inc_8014ea1d8898b991,AlphaPo,2023-07-26,incidents_over_1m,retained,candidate_context_review,No evidence sufficient to combine this record with another baseline record; this is not proof of global uniqueness.,"[""0a92ba8dc96581c0"", ""078664f081ac972a"", ""213f8f323d48179e""]"
inc_186729646604d37c,Pond0x,2023-07-28,inc_186729646604d37c,Pond0x,2023-07-28,incidents_over_1m,retained,no_match_signal_found,No evidence sufficient to combine this record with another baseline record; this is not proof of global uniqueness.,"[""edecb1cdd13956ac"", ""5178dd03ea0fec19""]"
inc_6971c84ec1adbd8f,Alchemix,2023-07-30,inc_6971c84ec1adbd8f,Alchemix,2023-07-30,scope_and_value_review,quarantined,explicit_quarantine,"Alchemix narrative explicitly says its contracts were not hacked; the alETH Curve pool was drained. Count this under the Curve incident, preserving the component loss.","[""5111d57ea013701a""]"
inc_62529a6e25be507a,Curve DEX,2023-07-30,inc_62529a6e25be507a,Curve Vyper pool incident,2023-07-30,incidents_over_1m,merged_report,explicit_source_linked_merge,Both Curve reports cover the July 30 vulnerable-Vyper pool drain. Their amounts have different pool/aggregate coverage. LP exposure entries are linked and quarantined separately; do not sum the amounts.,"[""c806d363c51f7724"", ""161fba1113f49d08""]"
inc_fb61e1ff3c963cd5,Curve Finance,2023-07-30,inc_62529a6e25be507a,Curve Vyper pool incident,2023-07-30,incidents_over_1m,merged_report,explicit_source_linked_merge,Both Curve reports cover the July 30 vulnerable-Vyper pool drain. Their amounts have different pool/aggregate coverage. LP exposure entries are linked and quarantined separately; do not sum the amounts.,"[""38c10b6c1cfd5310""]"
inc_b12e6603b4aa7d56,JPEG'd,2023-07-30,inc_b12e6603b4aa7d56,JPEG'd,2023-07-30,scope_and_value_review,quarantined,explicit_quarantine,JPEGd vaults were not hacked; its pETH Curve liquidity pool was drained. This overlaps the parent Curve pool incident.,"[""a20ec889f65977ce""]"
inc_ac6cbe2a1c14fcf2,Steadefi,2023-08-08,inc_ac6cbe2a1c14fcf2,Steadefi,2023-08-08,incidents_over_1m,retained,no_match_signal_found,No evidence sufficient to combine this record with another baseline record; this is not proof of global uniqueness.,"[""329f1043c1098955"", ""e0352ea7b6ed9d8e"", ""619ed9594e247cf8""]"
inc_39ae245da9706433,Zunami Protocol,2023-08-13,inc_39ae245da9706433,Zunami Protocol,2023-08-13,incidents_over_1m,retained,no_match_signal_found,No evidence sufficient to combine this record with another baseline record; this is not proof of global uniqueness.,"[""7df715e6e3d942c7"", ""3155241208790dd5"", ""9c645b5935239e87""]"
inc_442982469acb2f48,Exactly,2023-08-18,inc_442982469acb2f48,Exactly,2023-08-18,incidents_over_1m,retained,no_match_signal_found,No evidence sufficient to combine this record with another baseline record; this is not proof of global uniqueness.,"[""82ddbb534adc3fcb"", ""cd284fd27cb57d5f"", ""6b8fc5f3b015f2de""]"
inc_2aa03454acae0140,Balancer,2023-08-22,inc_2aa03454acae0140,Balancer,2023-08-22,incidents_over_1m,retained,candidate_context_review,No evidence sufficient to combine this record with another baseline record; this is not proof of global uniqueness.,"[""2ee74bf49b10c793""]"
inc_155b4c5f8fb7e7a2,SOL Big Brain,2023-08-26,inc_155b4c5f8fb7e7a2,SOL Big Brain,2023-08-26,incidents_over_1m,retained,no_match_signal_found,No evidence sufficient to combine this record with another baseline record; this is not proof of global uniqueness.,"[""bc3fd6bbd85be33b""]"
inc_12d028a4334c5195,Stake.com,2023-09-04,inc_12d028a4334c5195,Stake.com,2023-09-04,incidents_over_1m,retained,candidate_context_review,No evidence sufficient to combine this record with another baseline record; this is not proof of global uniqueness.,"[""f173ccced2b1eebb"", ""a944ea89cd5d18f1"", ""ef96a0bea0fce694""]"
inc_78e2461df904857e,Fortress Trust,2023-09-07,inc_78e2461df904857e,Fortress Trust,2023-09-07,incidents_over_1m,retained,no_match_signal_found,No evidence sufficient to combine this record with another baseline record; this is not proof of global uniqueness.,"[""03201682f9d819b7"", ""92b50e9fc19bec1e""]"
inc_b6226f89bc7a1575,CoinEx,2023-09-12,inc_b6226f89bc7a1575,CoinEx,2023-09-12,incidents_over_1m,retained,candidate_context_review,No evidence sufficient to combine this record with another baseline record; this is not proof of global uniqueness.,"[""df20b24bd527244d"", ""6fa7694d657cc42d"", ""0441575df4996688""]"
inc_672e6b9bec0fa932,Remitano,2023-09-15,inc_672e6b9bec0fa932,Remitano,2023-09-15,incidents_over_1m,retained,no_match_signal_found,No evidence sufficient to combine this record with another baseline record; this is not proof of global uniqueness.,"[""2c1f66e5c3f6b1f1"", ""dcc9a9b60ae2ced6"", ""014ab75075f335c8""]"
inc_e3acd33f9451111c,Mixin Network,2023-09-23,inc_e3acd33f9451111c,Mixin Network,2023-09-23,incidents_over_1m,retained,no_match_signal_found,No evidence sufficient to combine this record with another baseline record; this is not proof of global uniqueness.,"[""af47488d8f8d88d4"", ""597f4f9df23862e2"", ""e7044535d2213d2f""]"
inc_b1a3f807095334f8,HTX,2023-09-25,inc_b1a3f807095334f8,HTX,2023-09-25,incidents_over_1m,retained,no_match_signal_found,No evidence sufficient to combine this record with another baseline record; this is not proof of global uniqueness.,"[""53641d1770b78cce"", ""038b7cb742d4b2a1""]"
inc_a23dfb8ac8d11737,Stars Arena,2023-10-05,inc_eb0d048db2bdf622,Stars Arena,2023-10-07,incidents_over_1m,merged_report,explicit_source_linked_merge,"The $2.9m Stars Arena row describes the October 7 major treasury drain (266,103 AVAX), not the earlier October 5 $2k exploit. Arena SocialFi is the same product.","[""a43e69fe9e64aa08"", ""de3090bd36906e69""]"
inc_eb0d048db2bdf622,Arena SocialFi,2023-10-07,inc_eb0d048db2bdf622,Stars Arena,2023-10-07,incidents_over_1m,merged_report,explicit_source_linked_merge,"The $2.9m Stars Arena row describes the October 7 major treasury drain (266,103 AVAX), not the earlier October 5 $2k exploit. Arena SocialFi is the same product.","[""c2140bfe1b674ab8""]"
inc_21cf0b72bb61c857,BlackHole Token,2023-10-12,inc_21cf0b72bb61c857,BlackHole Token,2023-10-12,incidents_over_1m,retained,no_match_signal_found,No evidence sufficient to combine this record with another baseline record; this is not proof of global uniqueness.,"[""f560b09e672de425"", ""55f69175d213e400""]"
inc_795774abfa38074c,Platypus Finance,2023-10-13,inc_795774abfa38074c,Platypus Finance,2023-10-13,incidents_over_1m,retained,candidate_context_review,No evidence sufficient to combine this record with another baseline record; this is not proof of global uniqueness.,"[""835d28b5ee286c0c"", ""764edf58ae88fe6c"", ""ff7719c665ad1b93""]"
inc_6be15d473ee49597,Coins.ph,2023-10-20,inc_6be15d473ee49597,Coins.ph,2023-10-20,incidents_over_1m,retained,candidate_context_review,No evidence sufficient to combine this record with another baseline record; this is not proof of global uniqueness.,"[""1176363b206496a0""]"
inc_9b5ec474456e095e,LastPass,2023-10-25,inc_9b5ec474456e095e,LastPass,2023-10-25,incidents_over_1m,retained,no_match_signal_found,No evidence sufficient to combine this record with another baseline record; this is not proof of global uniqueness.,"[""3bf0028e6e04bef0""]"
inc_d10080c19d56dd77,Onyx Protocol,2023-11-01,inc_d10080c19d56dd77,Onyx Protocol,2023-11-01,incidents_over_1m,retained,candidate_context_review,No evidence sufficient to combine this record with another baseline record; this is not proof of global uniqueness.,"[""e74db50befd64e26"", ""ee6db72631b0342e"", ""43a1e2d3cdd7e1ed""]"
inc_0fb3a5207fc20e1f,Curve Finance MEV Bot,2023-11-07,inc_0fb3a5207fc20e1f,Curve Finance MEV Bot,2023-11-07,incidents_over_1m,retained,no_match_signal_found,No evidence sufficient to combine this record with another baseline record; this is not proof of global uniqueness.,"[""e8ab6bbd39d3d53a"", ""ac953c28a930efa4""]"
inc_5aba062847324d81,CoinSpot,2023-11-09,inc_5aba062847324d81,CoinSpot,2023-11-09,incidents_over_1m,retained,candidate_context_review,No evidence sufficient to combine this record with another baseline record; this is not proof of global uniqueness.,"[""fc333008c9fbe300"", ""9d020d4edd7c632a""]"
inc_0e285ddabfa896b1,Poloniex,2023-11-10,inc_0e285ddabfa896b1,Poloniex,2023-11-10,incidents_over_1m,retained,no_match_signal_found,No evidence sufficient to combine this record with another baseline record; this is not proof of global uniqueness.,"[""42df382ef3afcf0a"", ""97443aaa57c322b2"", ""fe099d348bac5e6d""]"
inc_9b4ffb03495bb472,Raft,2023-11-10,inc_9b4ffb03495bb472,Raft,2023-11-10,incidents_over_1m,merged_report,explicit_source_linked_merge,Raft and Raft Protocol describe the same November 10 flash-loan/mint attack and $3.3m loss.,"[""3e9704e80374c89c"", ""263cb63cf81cd5d3""]"
inc_58961f829e79e7e7,Raft Protocol,2023-11-11,inc_9b4ffb03495bb472,Raft,2023-11-10,incidents_over_1m,merged_report,explicit_source_linked_merge,Raft and Raft Protocol describe the same November 10 flash-loan/mint attack and $3.3m loss.,"[""9241c8cb3a549b8a""]"
inc_d7eb9e319353c9cc,Samudai,2023-11-11,inc_d7eb9e319353c9cc,Samudai,2023-11-11,incidents_over_1m,retained,no_match_signal_found,No evidence sufficient to combine this record with another baseline record; this is not proof of global uniqueness.,"[""fd68919e0ed54cf6"", ""c7f2362304291a7e""]"
inc_da09842874874a45,Kronos Research,2023-11-18,inc_da09842874874a45,Kronos Research,2023-11-18,incidents_over_1m,retained,no_match_signal_found,No evidence sufficient to combine this record with another baseline record; this is not proof of global uniqueness.,"[""54cab17122bacfd7"", ""b83278427adefdd8"", ""ab7c98a09c48d4d4""]"
inc_22b526247ae74678,dYdX V3,2023-11-18,inc_22b526247ae74678,dYdX V3,2023-11-18,incidents_over_1m,retained,no_match_signal_found,No evidence sufficient to combine this record with another baseline record; this is not proof of global uniqueness.,"[""f27df965a96fc633"", ""17b5b17d76727916"", ""88b45ec18469e712""]"
inc_f126803b2a956555,HTX & Heco,2023-11-22,inc_f126803b2a956555,HTX & Heco,2023-11-22,scope_and_value_review,quarantined,explicit_quarantine,HTX & Heco is an umbrella amount overlapping the separately listed Heco Bridge and Huobi incidents; component amounts and common cause require reconciliation.,"[""0a714f5d5e60125a""]"
inc_1f6ea604969c3c7b,Heco Bridge,2023-11-22,inc_1f6ea604969c3c7b,Heco Bridge,2023-11-22,incidents_over_1m,retained,candidate_context_review,No evidence sufficient to combine this record with another baseline record; this is not proof of global uniqueness.,"[""f14c41cb863bd338""]"
inc_dc61d96332c3656b,Huobi,2023-11-22,inc_dc61d96332c3656b,Huobi,2023-11-22,incidents_over_1m,retained,candidate_context_review,No evidence sufficient to combine this record with another baseline record; this is not proof of global uniqueness.,"[""98b71418a4d4076c""]"
inc_a65c688114c3e16e,KyberSwap Elastic,2023-11-22,inc_a65c688114c3e16e,KyberSwap Elastic,2023-11-22,incidents_over_1m,merged_report,explicit_source_linked_merge,Kyber Network report explicitly names affected KyberSwap Elastic pools; same incident with updated totals.,"[""07c43e81de0160b6"", ""f24b5e007f6debd2""]"
inc_84dcc3a29a000c15,Kyber Network,2023-11-23,inc_a65c688114c3e16e,KyberSwap Elastic,2023-11-22,incidents_over_1m,merged_report,explicit_source_linked_merge,Kyber Network report explicitly names affected KyberSwap Elastic pools; same incident with updated totals.,"[""6ec15aa2e5a837f0""]"
inc_b26fac8a724a3033,Florence Finance,2023-11-30,inc_b26fac8a724a3033,Florence Finance,2023-11-30,incidents_over_1m,retained,no_match_signal_found,No evidence sufficient to combine this record with another baseline record; this is not proof of global uniqueness.,"[""4cc26345c03120c9""]"
inc_2ba8b7879f678f8b,Levana,2023-12-13,inc_f0504efe6251d165,Levana,2023-12-13,incidents_over_1m,merged_report,explicit_source_linked_merge,Levana’s repeated oracle exploits occurred December 13–26 and were disclosed December 27. The later report is not an additional incident.,"[""2c1c9b133cd514ac"", ""6360066cba0e0042""]"
inc_d335bee9ce8c077d,OKX DEX,2023-12-13,inc_d335bee9ce8c077d,OKX DEX,2023-12-13,incidents_over_1m,retained,candidate_context_review,No evidence sufficient to combine this record with another baseline record; this is not proof of global uniqueness.,"[""a06e7cd27bb20878"", ""51a4d2e62f2c9cbf"", ""5bad62eade22984b""]"
inc_baea53eaa6c0b54f,GoodDollar,2023-12-16,inc_baea53eaa6c0b54f,GoodDollar,2023-12-16,incidents_over_1m,retained,no_match_signal_found,No evidence sufficient to combine this record with another baseline record; this is not proof of global uniqueness.,"[""0053dc56d69ae006""]"
inc_c40e531f029c4696,NFT Trader,2023-12-16,inc_c40e531f029c4696,NFT Trader,2023-12-16,incidents_over_1m,retained,candidate_context_review,No evidence sufficient to combine this record with another baseline record; this is not proof of global uniqueness.,"[""d24e6b89d3480ccf"", ""a002ed066596724a""]"
inc_dc48c2b202d06490,Flooring Protocol,2023-12-17,inc_dc48c2b202d06490,Flooring Protocol,2023-12-17,incidents_over_1m,retained,candidate_context_review,No evidence sufficient to combine this record with another baseline record; this is not proof of global uniqueness.,"[""2195bea333118e5a"", ""c5a9a7d0a1806268""]"
inc_ca87e52376c9cfc5,INX Digital Company,2023-12-20,inc_ca87e52376c9cfc5,INX Digital Company,2023-12-20,incidents_over_1m,retained,candidate_context_review,No evidence sufficient to combine this record with another baseline record; this is not proof of global uniqueness.,"[""2e12fbb6bcf5a530"", ""3c204ad0801d3a0a""]"
inc_be20d444999fe935,Telcoin,2023-12-25,inc_be20d444999fe935,Telcoin,2023-12-25,incidents_over_1m,retained,no_match_signal_found,No evidence sufficient to combine this record with another baseline record; this is not proof of global uniqueness.,"[""c2511e0a06c25f5c"", ""5677baa1c5fd094c""]"
inc_f0504efe6251d165,Levana Perps,2023-12-27,inc_f0504efe6251d165,Levana,2023-12-13,incidents_over_1m,merged_report,explicit_source_linked_merge,Levana’s repeated oracle exploits occurred December 13–26 and were disclosed December 27. The later report is not an additional incident.,"[""7b42ece320488886""]"
inc_0618b36ea43cff1d,Orbit Bridge,2023-12-31,inc_0618b36ea43cff1d,Orbit Bridge,2023-12-31,incidents_over_1m,merged_report,explicit_source_linked_merge,Orbit Chain describes the Orbit Bridge compromise; same bridge and December 31 loss.,"[""6ccd123534492ff3"", ""d72decc2e9b91c6f""]"
inc_36c534dbe99d56fc,Orbit Chain,2023-12-31,inc_0618b36ea43cff1d,Orbit Bridge,2023-12-31,incidents_over_1m,merged_report,explicit_source_linked_merge,Orbit Chain describes the Orbit Bridge compromise; same bridge and December 31 loss.,"[""b64cc15bb1e58716""]"
inc_740736f15893ebc6,Radiant V2,2024-01-02,inc_740736f15893ebc6,Radiant Capital,2024-01-02,incidents_over_1m,merged_report,explicit_source_linked_merge,January Radiant V2 and Radiant Capital reports describe the same rounding/flash-loan incident; distinct from the October key compromise.,"[""6e9e43b6edcb05ad""]"
inc_00ca8f390368d6a6,Radiant Capital,2024-01-03,inc_740736f15893ebc6,Radiant Capital,2024-01-02,incidents_over_1m,merged_report,explicit_source_linked_merge,January Radiant V2 and Radiant Capital reports describe the same rounding/flash-loan incident; distinct from the October key compromise.,"[""d53b165b69dee179"", ""702498776906f3dc""]"
inc_a64bf38d15ec0515,Gamma,2024-01-04,inc_a64bf38d15ec0515,Gamma,2024-01-04,incidents_over_1m,retained,candidate_context_review,No evidence sufficient to combine this record with another baseline record; this is not proof of global uniqueness.,"[""7acd2fa6b9a2e9f5"", ""fd9a56c3234056d1"", ""cf58d02e13312a06""]"
inc_9223a72bcaaf0a42,CoinsPaid,2024-01-06,inc_9223a72bcaaf0a42,CoinsPaid,2024-01-06,incidents_over_1m,retained,candidate_context_review,No evidence sufficient to combine this record with another baseline record; this is not proof of global uniqueness.,"[""b0f9ab1b7dd75617"", ""1f56e5d065d818c2""]"
inc_a6563ebdfca9ec75,Bungee,2024-01-16,inc_a6563ebdfca9ec75,Bungee,2024-01-16,incidents_over_1m,retained,no_match_signal_found,No evidence sufficient to combine this record with another baseline record; this is not proof of global uniqueness.,"[""e571a7abcfd5a0df"", ""f22fc53c3fe5eebe"", ""8b035fe11f19e4a5""]"
inc_aade85fe1d2e239a,Hector Network,2024-01-16,inc_aade85fe1d2e239a,Hector Network,2024-01-16,incidents_over_1m,retained,no_match_signal_found,No evidence sufficient to combine this record with another baseline record; this is not proof of global uniqueness.,"[""74e54b0a1371ae5d"", ""9d7f691e69f0891d""]"
inc_9288739dfc853dd2,Concentric,2024-01-22,inc_9288739dfc853dd2,Concentric,2024-01-22,incidents_over_1m,retained,no_match_signal_found,No evidence sufficient to combine this record with another baseline record; this is not proof of global uniqueness.,"[""81c5dc501329168e"", ""d31950a4a1c030e8""]"
inc_d89e868339edffe0,Gamee,2024-01-23,inc_d89e868339edffe0,Gamee,2024-01-23,incidents_over_1m,retained,candidate_context_review,No evidence sufficient to combine this record with another baseline record; this is not proof of global uniqueness.,"[""636a1607d2b4ca17"", ""2277fc7777729199""]"
inc_3ad8f6c2b3e3fef8,Somesing,2024-01-27,inc_3ad8f6c2b3e3fef8,Somesing,2024-01-27,incidents_over_1m,retained,no_match_signal_found,No evidence sufficient to combine this record with another baseline record; this is not proof of global uniqueness.,"[""a46c46f2456ffef5"", ""0084a74bcef626a5""]"
inc_10313de8651e997a,Goledo,2024-01-28,inc_10313de8651e997a,Goledo,2024-01-28,incidents_over_1m,retained,no_match_signal_found,No evidence sufficient to combine this record with another baseline record; this is not proof of global uniqueness.,"[""8df4f1848024f7dd"", ""b783b3361fdc5a0d""]"
inc_f9f8f7b721c7bfcf,Abracadabra Spell,2024-01-30,inc_f9f8f7b721c7bfcf,Abracadabra Spell,2024-01-30,incidents_over_1m,retained,candidate_context_review,No evidence sufficient to combine this record with another baseline record; this is not proof of global uniqueness.,"[""b71d56b60dbc4d49"", ""888d2dd8096410c2"", ""9591d68fc9e4c246""]"
inc_242dd410588560cf,Chris Larsen,2024-01-31,inc_242dd410588560cf,Chris Larsen,2024-01-31,incidents_over_1m,retained,no_match_signal_found,No evidence sufficient to combine this record with another baseline record; this is not proof of global uniqueness.,"[""26ff1dac6ff6439c""]"
inc_896b9d5f323289ea,Starlay Finance,2024-02-08,inc_896b9d5f323289ea,Starlay Finance,2024-02-08,incidents_over_1m,retained,no_match_signal_found,No evidence sufficient to combine this record with another baseline record; this is not proof of global uniqueness.,"[""44d5e74c77ea1873"", ""2583cfac2be346c7""]"
inc_492a390800166f30,PlayDapp,2024-02-09,inc_492a390800166f30,PlayDapp,2024-02-09,incidents_over_1m,retained,no_match_signal_found,No evidence sufficient to combine this record with another baseline record; this is not proof of global uniqueness.,"[""db3a4cba93a1c564"", ""ae6d9edade4890df""]"
inc_c827bf42b40398a0,DuelBits,2024-02-13,inc_c827bf42b40398a0,DuelBits,2024-02-13,incidents_over_1m,retained,candidate_context_review,No evidence sufficient to combine this record with another baseline record; this is not proof of global uniqueness.,"[""052ec329217c9c89"", ""dac9992b817ab82c""]"
inc_6d1435a4975e9086,FixedFloat,2024-02-18,inc_6d1435a4975e9086,FixedFloat,2024-02-18,incidents_over_1m,retained,candidate_context_review,No evidence sufficient to combine this record with another baseline record; this is not proof of global uniqueness.,"[""5da552eeb1d7c99c"", ""5e40adb34014d0d5""]"
inc_2b015008699bf45f,Gain,2024-02-21,inc_2b015008699bf45f,Gain,2024-02-21,incidents_over_1m,retained,candidate_context_review,No evidence sufficient to combine this record with another baseline record; this is not proof of global uniqueness.,"[""bc3355371ea7fdd2""]"
inc_f722247038e16dda,BitForex,2024-02-23,inc_f722247038e16dda,BitForex,2024-02-23,scope_and_value_review,quarantined,explicit_quarantine,BitForex’s withdrawal suspension and outflows do not establish a hack; the pilot located the issuer’s later explanation of team detention. Keep outside a confirmed attack count.,"[""9922948dd5fb8fe4""]"
inc_ea784462e70242db,Jihoz,2024-02-23,inc_ea784462e70242db,Jihoz,2024-02-23,incidents_over_1m,retained,no_match_signal_found,No evidence sufficient to combine this record with another baseline record; this is not proof of global uniqueness.,"[""1cfd736fcf72422c""]"
inc_987c2f2bfaf4e3e8,BlueBerry,2024-02-24,inc_987c2f2bfaf4e3e8,BlueBerry,2024-02-24,incidents_over_1m,retained,no_match_signal_found,No evidence sufficient to combine this record with another baseline record; this is not proof of global uniqueness.,"[""78e654bba7d4fd31"", ""57634c2a44148b48""]"
inc_d369e5f1f3089e64,Seneca,2024-02-28,inc_d369e5f1f3089e64,Seneca,2024-02-28,incidents_over_1m,retained,no_match_signal_found,No evidence sufficient to combine this record with another baseline record; this is not proof of global uniqueness.,"[""906dbfbb5f0f0c4b"", ""f0cb88a9f43b3337"", ""2c6d113d6b320f6c""]"
inc_e386940bc70a1901,Shido,2024-02-29,inc_e386940bc70a1901,Shido,2024-02-29,incidents_over_1m,retained,no_match_signal_found,No evidence sufficient to combine this record with another baseline record; this is not proof of global uniqueness.,"[""d1be59b2a9bf1e5b""]"
inc_edace1ca3c296605,WOOFi Swap,2024-03-05,inc_edace1ca3c296605,WOOFi Swap,2024-03-05,incidents_over_1m,retained,no_match_signal_found,No evidence sufficient to combine this record with another baseline record; this is not proof of global uniqueness.,"[""6b45c81932162101"", ""a55556c611823b7c"", ""53078365bdc0e805""]"
inc_af638001b0d136d4,Unizen,2024-03-08,inc_af638001b0d136d4,Unizen,2024-03-08,incidents_over_1m,retained,no_match_signal_found,No evidence sufficient to combine this record with another baseline record; this is not proof of global uniqueness.,"[""736bfbbb1d5bfbbf"", ""e7d31e1895564fe5"", ""10a2ec80a4fab1ba""]"
inc_d797883495fb2e37,Mozaic,2024-03-15,inc_d797883495fb2e37,Mozaic,2024-03-15,incidents_over_1m,retained,candidate_context_review,No evidence sufficient to combine this record with another baseline record; this is not proof of global uniqueness.,"[""4433bab6416a8ead"", ""b79d4c442a4ce937""]"
inc_0ffd153689b0ede6,NFPrompt,2024-03-15,inc_0ffd153689b0ede6,NFPrompt,2024-03-15,incidents_over_1m,retained,candidate_context_review,No evidence sufficient to combine this record with another baseline record; this is not proof of global uniqueness.,"[""3b12002933aa142a"", ""d29ebea0e22e8fd3""]"
inc_59509b56d9b34de6,Wilder World,2024-03-16,inc_59509b56d9b34de6,Wilder World,2024-03-16,incidents_over_1m,retained,candidate_context_review,No evidence sufficient to combine this record with another baseline record; this is not proof of global uniqueness.,"[""2989a73f78ff2ad7""]"
inc_2936ed969574ec2e,Fake Ansem,2024-03-17,inc_2936ed969574ec2e,Fake Ansem,2024-03-17,incidents_over_1m,retained,no_match_signal_found,No evidence sufficient to combine this record with another baseline record; this is not proof of global uniqueness.,"[""19675607015512a3""]"
inc_e4b255c3c1b5db0a,Remilia,2024-03-17,inc_e4b255c3c1b5db0a,Remilia,2024-03-17,incidents_over_1m,retained,no_match_signal_found,No evidence sufficient to combine this record with another baseline record; this is not proof of global uniqueness.,"[""a00038cfe3137aa9"", ""99b30c98aa5312dc""]"
inc_0065724914726fbb,Dolomite,2024-03-20,inc_0065724914726fbb,Dolomite,2024-03-20,incidents_over_1m,retained,no_match_signal_found,No evidence sufficient to combine this record with another baseline record; this is not proof of global uniqueness.,"[""bc119fc0e33dd0e5"", ""78ded843471cae03""]"
inc_55a78f920cdbaeaf,AirDAO,2024-03-21,inc_55a78f920cdbaeaf,AirDAO,2024-03-21,incidents_over_1m,retained,candidate_context_review,No evidence sufficient to combine this record with another baseline record; this is not proof of global uniqueness.,"[""a57f1532e450535d"", ""3fda956e5b100f31""]"
inc_fab252554ebbad89,Super Sushi Samurai,2024-03-22,inc_fab252554ebbad89,Super Sushi Samurai,2024-03-22,incidents_over_1m,retained,no_match_signal_found,No evidence sufficient to combine this record with another baseline record; this is not proof of global uniqueness.,"[""00bd63c2ff675b2e"", ""d7fc4eb105e9221a"", ""897c960579872d07""]"
inc_efe29496f0d3c8d3,Curio,2024-03-25,inc_efe29496f0d3c8d3,Curio,2024-03-25,incidents_over_1m,retained,no_match_signal_found,No evidence sufficient to combine this record with another baseline record; this is not proof of global uniqueness.,"[""31164fa8199674ad"", ""d1e5a712e333e639"", ""cec659313255f9b8""]"
inc_152a7a06434661bc,Munchables,2024-03-26,inc_152a7a06434661bc,Munchables,2024-03-26,incidents_over_1m,retained,no_match_signal_found,No evidence sufficient to combine this record with another baseline record; this is not proof of global uniqueness.,"[""40583fddfee0053f"", ""3650ebf42c83e4ab"", ""267837db31d045d8""]"
inc_63155d32242cca1f,PrismaLST,2024-03-28,inc_63155d32242cca1f,PrismaLST,2024-03-28,incidents_over_1m,retained,no_match_signal_found,No evidence sufficient to combine this record with another baseline record; this is not proof of global uniqueness.,"[""98f9877d9cf286fe"", ""bf129354c2f9a3fe"", ""069b807663c8eca6""]"
inc_425bbb8646481bc3,FixedFloat,2024-03-31,inc_425bbb8646481bc3,FixedFloat,2024-03-31,incidents_over_1m,retained,candidate_context_review,No evidence sufficient to combine this record with another baseline record; this is not proof of global uniqueness.,"[""50a6eafb70893843"", ""f5c7aba58a4388c0""]"
inc_39f837e3f4c5171f,Grand Base,2024-04-15,inc_39f837e3f4c5171f,Grand Base,2024-04-15,incidents_over_1m,retained,candidate_context_review,No evidence sufficient to combine this record with another baseline record; this is not proof of global uniqueness.,"[""f136a288c7eb69b2"", ""a3faeda056f2a749"", ""834178332049a779""]"
inc_76aacf7d8e6a876d,Hedgey,2024-04-19,inc_76aacf7d8e6a876d,Hedgey,2024-04-19,incidents_over_1m,retained,no_match_signal_found,No evidence sufficient to combine this record with another baseline record; this is not proof of global uniqueness.,"[""8e5663e822da8145"", ""fc88c653cf90beee"", ""801e2a1463fdbaa7""]"
inc_ba86e84f2607be9b,Rain,2024-04-29,inc_ba86e84f2607be9b,Rain,2024-04-29,incidents_over_1m,retained,candidate_context_review,No evidence sufficient to combine this record with another baseline record; this is not proof of global uniqueness.,"[""510d8704945158c0"", ""e03f103f731e02b3""]"
inc_3a18c65057ce2022,Pike Finance,2024-04-30,inc_4c75a242ad1a9c32,Pike Finance,2024-04-30,incidents_over_1m,merged_report,explicit_source_linked_merge,Pike Finance and Pike V1 report the same second April 30 exploit. The earlier April 26 sub-$1m incident remains separate.,"[""fb91d015d7afd8c2"", ""f21d5f38a55a21e6""]"
inc_4c75a242ad1a9c32,Pike V1,2024-04-30,inc_4c75a242ad1a9c32,Pike Finance,2024-04-30,incidents_over_1m,merged_report,explicit_source_linked_merge,Pike Finance and Pike V1 report the same second April 30 exploit. The earlier April 26 sub-$1m incident remains separate.,"[""dcfd4c78802d4acf""]"
inc_4ef04a804b30e656,GeniusAI,2024-05-05,inc_4ef04a804b30e656,GeniusAI,2024-05-05,incidents_over_1m,retained,candidate_context_review,No evidence sufficient to combine this record with another baseline record; this is not proof of global uniqueness.,"[""1e70a801327a7714"", ""3a62610a3789dfc8""]"
inc_78acf52068c0d94a,Sonne Finance,2024-05-15,inc_78acf52068c0d94a,Sonne Finance,2024-05-15,incidents_over_1m,retained,candidate_context_review,No evidence sufficient to combine this record with another baseline record; this is not proof of global uniqueness.,"[""78e98443b41e492e"", ""6dc3c7a493ed5422"", ""06a9ae17770ee930""]"
inc_de6aa0a41fbda621,ALEX,2024-05-16,inc_de6aa0a41fbda621,ALEX,2024-05-16,incidents_over_1m,retained,candidate_context_review,No evidence sufficient to combine this record with another baseline record; this is not proof of global uniqueness.,"[""e7a8d5f35191e538"", ""be81aacdda584fef"", ""99d1bd0f316794f4""]"
inc_6de92769e55881a2,pump.fun,2024-05-16,inc_6de92769e55881a2,pump.fun,2024-05-16,incidents_over_1m,retained,no_match_signal_found,No evidence sufficient to combine this record with another baseline record; this is not proof of global uniqueness.,"[""a1809c1e2a908605"", ""202050019d39d4e8""]"
inc_40f23c904716acf4,Gala,2024-05-20,inc_40f23c904716acf4,Gala Games,2024-05-20,incidents_over_1m,merged_report,explicit_source_linked_merge,"Gala and Gala Games describe the same unauthorized token mint and sale, with different estimated realized values.","[""bb1e30a39463b8e0""]"
inc_070211527efec39c,Gala Games,2024-05-20,inc_40f23c904716acf4,Gala Games,2024-05-20,incidents_over_1m,merged_report,explicit_source_linked_merge,"Gala and Gala Games describe the same unauthorized token mint and sale, with different estimated realized values.","[""72f874a5f433c70d"", ""4de875e184c35cb3""]"
inc_e616ae749b892462,DMM Bitcoin,2024-05-31,inc_e616ae749b892462,DMM Bitcoin,2024-05-31,incidents_over_1m,retained,no_match_signal_found,No evidence sufficient to combine this record with another baseline record; this is not proof of global uniqueness.,"[""d9bb9767180b546d"", ""ae79fb7776b553e7"", ""65c8bb182e8edc37""]"
inc_bdbee067c96704e8,Velocore V2,2024-06-02,inc_bdbee067c96704e8,Velocore V2,2024-06-02,incidents_over_1m,retained,no_match_signal_found,No evidence sufficient to combine this record with another baseline record; this is not proof of global uniqueness.,"[""8b02ab5fd450d1b0"", ""2b801f333f0f3e6a"", ""573f1d7abbacaf44""]"
inc_3eb7cfce8985b947,Lykke,2024-06-04,inc_3eb7cfce8985b947,Lykke,2024-06-04,incidents_over_1m,retained,no_match_signal_found,No evidence sufficient to combine this record with another baseline record; this is not proof of global uniqueness.,"[""5008a19f86729cd5"", ""7594b32450d728ea""]"
inc_4f552a3f18c24a71,Loopring,2024-06-09,inc_4f552a3f18c24a71,Loopring,2024-06-09,incidents_over_1m,retained,no_match_signal_found,No evidence sufficient to combine this record with another baseline record; this is not proof of global uniqueness.,"[""dcdf31a5ff710d76"", ""41b9874d34b90e45""]"
inc_26e6baf03f231caf,UwU Lend,2024-06-10,inc_26e6baf03f231caf,UwU Lend,2024-06-10,incidents_over_1m,retained,candidate_context_review,No evidence sufficient to combine this record with another baseline record; this is not proof of global uniqueness.,"[""c7352d5657972be6"", ""ffd0e93b9ba427d7"", ""4dd8486f339d07c5""]"
inc_fda27d9970272213,YOLO Games,2024-06-11,inc_fda27d9970272213,YOLO Games,2024-06-11,incidents_over_1m,retained,candidate_context_review,No evidence sufficient to combine this record with another baseline record; this is not proof of global uniqueness.,"[""8c1e628ab7a68a94"", ""dbcf8dad68fe9404""]"
inc_2d3e8f8fe800caca,Holograph,2024-06-13,inc_2d3e8f8fe800caca,Holograph,2024-06-13,incidents_over_1m,retained,no_match_signal_found,No evidence sufficient to combine this record with another baseline record; this is not proof of global uniqueness.,"[""a7c7216b58b47922"", ""3266cd2c3d90b49c""]"
inc_0cc82309d24bfc53,UwU Lend,2024-06-13,inc_0cc82309d24bfc53,UwU Lend,2024-06-13,incidents_over_1m,retained,candidate_context_review,No evidence sufficient to combine this record with another baseline record; this is not proof of global uniqueness.,"[""6f98de4fea6e6bed"", ""f20ad76a79167149""]"
inc_db92a8678381ed17,BtcTurk,2024-06-22,inc_db92a8678381ed17,BtcTurk,2024-06-22,incidents_over_1m,retained,candidate_context_review,No evidence sufficient to combine this record with another baseline record; this is not proof of global uniqueness.,"[""574260bd208c9a7d"", ""ae6f969bc7848679""]"
inc_9e124feaf25d6c2d,CoinStats,2024-06-22,inc_08e2b499469d176b,CoinStats,2024-06-22,incidents_over_1m,merged_report,explicit_source_linked_merge,"The July 12 issuer report explicitly describes the June 22 wallet breach and approximately $2.2m theft. July 12 is publication, not a second hack.","[""4354667b987f1d32""]"
inc_e5ac8e2b07e833ee,Sportsbet,2024-06-23,inc_e5ac8e2b07e833ee,Sportsbet,2024-06-23,incidents_over_1m,retained,candidate_context_review,No evidence sufficient to combine this record with another baseline record; this is not proof of global uniqueness.,"[""48ea9b7f54e9fa33""]"
inc_9459528d898ef80e,Bittensor,2024-07-02,inc_9459528d898ef80e,Bittensor,2024-07-02,incidents_over_1m,retained,no_match_signal_found,No evidence sufficient to combine this record with another baseline record; this is not proof of global uniqueness.,"[""382751315ed296c4"", ""038d1ec6cc4a2d18"", ""093e5045a7f137b6""]"
inc_08e2b499469d176b,CoinStats,2024-07-12,inc_08e2b499469d176b,CoinStats,2024-06-22,incidents_over_1m,merged_report,explicit_source_linked_merge,"The July 12 issuer report explicitly describes the June 22 wallet breach and approximately $2.2m theft. July 12 is publication, not a second hack.","[""893e34236a7b33e6""]"
inc_3de2fbad65ca1c7b,Dough Finance,2024-07-12,inc_3de2fbad65ca1c7b,Dough Finance,2024-07-12,incidents_over_1m,retained,candidate_context_review,No evidence sufficient to combine this record with another baseline record; this is not proof of global uniqueness.,"[""c819535e56d4cfe1"", ""f54f04ab167b33dc""]"
inc_612b6b162a0ea18c,Minterest,2024-07-15,inc_612b6b162a0ea18c,Minterest,2024-07-15,incidents_over_1m,retained,no_match_signal_found,No evidence sufficient to combine this record with another baseline record; this is not proof of global uniqueness.,"[""c10211072de7982c"", ""e3cdae5614d7ceef""]"
inc_ae84e2ed6575c241,LI.FI,2024-07-16,inc_9440e7841f81c406,LI.FI,2024-07-16,incidents_over_1m,merged_report,explicit_source_linked_merge,LI.FI and LiFi Finance describe the same July 16 router exploit affecting Ethereum and Arbitrum.,"[""2e10e46de2dba595""]"
inc_9440e7841f81c406,LiFi Finance,2024-07-16,inc_9440e7841f81c406,LI.FI,2024-07-16,incidents_over_1m,merged_report,explicit_source_linked_merge,LI.FI and LiFi Finance describe the same July 16 router exploit affecting Ethereum and Arbitrum.,"[""04587ad61b1ceff6""]"
inc_3b46b06cd524e9ba,WazirX: India,2024-07-18,inc_3b46b06cd524e9ba,WazirX: India,2024-07-18,incidents_over_1m,retained,no_match_signal_found,No evidence sufficient to combine this record with another baseline record; this is not proof of global uniqueness.,"[""4626d3e34852d425"", ""e481b4cb2605b5aa"", ""e6d709d03fce8540""]"
inc_69a8daea00f6536a,Rho Markets,2024-07-19,inc_69a8daea00f6536a,Rho Markets,2024-07-19,incidents_over_1m,retained,no_match_signal_found,No evidence sufficient to combine this record with another baseline record; this is not proof of global uniqueness.,"[""4d2202ed18e7de0f"", ""dc6e881ec1e4af7f"", ""97bb21c51793ca08""]"
inc_17e80b6be912c4f3,Casper Network,2024-07-26,inc_17e80b6be912c4f3,Casper Network,2024-07-26,incidents_over_1m,retained,candidate_context_review,No evidence sufficient to combine this record with another baseline record; this is not proof of global uniqueness.,"[""781609663e47da2d""]"
inc_1abcb595c9bd56a2,Monoswap,2024-07-31,inc_1abcb595c9bd56a2,Monoswap,2024-07-31,incidents_over_1m,retained,no_match_signal_found,No evidence sufficient to combine this record with another baseline record; this is not proof of global uniqueness.,"[""e52bb5c828db2de2"", ""237837230874794e""]"
inc_4995d2c9aa122c16,Terra 2.0,2024-07-31,inc_4995d2c9aa122c16,Terra 2.0,2024-07-31,incidents_over_1m,retained,no_match_signal_found,No evidence sufficient to combine this record with another baseline record; this is not proof of global uniqueness.,"[""e4b60ee32c914c16"", ""022faf7ae6597906""]"
inc_6a6b0e56b3c8fa51,Ronin Bridge,2024-08-06,inc_6a6b0e56b3c8fa51,Ronin Bridge,2024-08-06,incidents_over_1m,retained,candidate_context_review,No evidence sufficient to combine this record with another baseline record; this is not proof of global uniqueness.,"[""2b05dd3e6c85a968"", ""ddd60995830ea4e0"", ""bc30cdeb67bf6227""]"
inc_c45378d89c72990b,PolyNetwork,2024-08-12,inc_c45378d89c72990b,PolyNetwork,2024-08-12,incidents_over_1m,retained,candidate_context_review,No evidence sufficient to combine this record with another baseline record; this is not proof of global uniqueness.,"[""647438d1c846667f""]"
inc_45eaf041940a844a,Vowcurrency,2024-08-13,inc_45eaf041940a844a,Vowcurrency,2024-08-13,incidents_over_1m,retained,no_match_signal_found,No evidence sufficient to combine this record with another baseline record; this is not proof of global uniqueness.,"[""7f40a757c3b0ee68"", ""65aa52822b2d8bae""]"
inc_f3872b5f835dae66,Penpie,2024-09-03,inc_f3872b5f835dae66,Penpie,2024-09-03,incidents_over_1m,retained,no_match_signal_found,No evidence sufficient to combine this record with another baseline record; this is not proof of global uniqueness.,"[""eb007c26c0e869c1"", ""f60d53692e281deb"", ""8b099893637e35f3""]"
inc_c2b87b797d4d73e6,Caterpillar Coin,2024-09-10,inc_c2b87b797d4d73e6,Caterpillar Coin,2024-09-10,incidents_over_1m,retained,no_match_signal_found,No evidence sufficient to combine this record with another baseline record; this is not proof of global uniqueness.,"[""b8c6aae2e8625e2b"", ""c24ad7e527770037""]"
inc_5bcd6c78b808b66f,Indodax,2024-09-10,inc_5bcd6c78b808b66f,Indodax,2024-09-10,incidents_over_1m,retained,no_match_signal_found,No evidence sufficient to combine this record with another baseline record; this is not proof of global uniqueness.,"[""5376c54c0a92796a"", ""4487a87672b8c545"", ""0304f3ec3c65142f""]"
inc_7de10519f77d8a5d,DeltaPrime,2024-09-16,inc_7de10519f77d8a5d,DeltaPrime,2024-09-16,incidents_over_1m,retained,candidate_context_review,No evidence sufficient to combine this record with another baseline record; this is not proof of global uniqueness.,"[""7a5552e629a78759"", ""59f3b83c3d3c0b61"", ""e445b9c476be456b""]"
inc_ea1b9dc6dfbc7111,Banana Gun,2024-09-19,inc_ea1b9dc6dfbc7111,Banana Gun,2024-09-19,incidents_over_1m,retained,no_match_signal_found,No evidence sufficient to combine this record with another baseline record; this is not proof of global uniqueness.,"[""43713ee8f0ce9667"", ""09b271442b8ffd9a"", ""848c4149541e7c2a""]"
inc_cc6c45a61a05ae6a,BingX,2024-09-20,inc_cc6c45a61a05ae6a,BingX,2024-09-20,incidents_over_1m,retained,no_match_signal_found,No evidence sufficient to combine this record with another baseline record; this is not proof of global uniqueness.,"[""9f4809b83df0eb32"", ""c096f62d42a24c1f"", ""e58990617d582984""]"
inc_b6a1ffe8e824956d,OcelotDex,2024-09-20,inc_b6a1ffe8e824956d,OcelotDex,2024-09-20,scope_and_value_review,quarantined,explicit_quarantine,"OcelotDex $4.9m coincides with Shezmu, but live protocol metadata identifies Ocelot as a Zetachain DEX, unlike the Ethereum Shezmu vault. The raw catalog also lists Ocelot $980k on the same date. Attribution and gross/net basis unresolved; do not merge or count this claim.","[""9db1ea1402852332""]"
inc_b80d22ca65afe454,Shezmu,2024-09-21,inc_b80d22ca65afe454,Shezmu,2024-09-21,incidents_over_1m,retained,candidate_context_review,No evidence sufficient to combine this record with another baseline record; this is not proof of global uniqueness.,"[""1e1d588dfccd0b68"", ""410dc48b0aa7bf19""]"
inc_15564ad292a128d0,Truflation,2024-09-25,inc_15564ad292a128d0,Truflation,2024-09-25,incidents_over_1m,retained,no_match_signal_found,No evidence sufficient to combine this record with another baseline record; this is not proof of global uniqueness.,"[""e400dcfa8bf64a62"", ""cab6df4b703768f2""]"
inc_91ef7dbd485af9d1,Onyx V2,2024-09-26,inc_91ef7dbd485af9d1,Onyx V2,2024-09-26,incidents_over_1m,retained,candidate_context_review,No evidence sufficient to combine this record with another baseline record; this is not proof of global uniqueness.,"[""65954bc77562d06d"", ""6f10879971036399""]"
inc_b75dcf53cc15d2eb,uniBTC,2024-09-26,inc_b75dcf53cc15d2eb,Bedrock / uniBTC,2024-09-26,incidents_over_1m,merged_report,explicit_source_linked_merge,uniBTC is Bedrock’s affected token/product; same faulty mint-rate exploit and $2m loss.,"[""5fdf3cd060ab4aa8""]"
inc_2bb37d64a8fe2e00,Bedrock,2024-09-27,inc_b75dcf53cc15d2eb,Bedrock / uniBTC,2024-09-26,incidents_over_1m,merged_report,explicit_source_linked_merge,uniBTC is Bedrock’s affected token/product; same faulty mint-rate exploit and $2m loss.,"[""05f6670f2aae2f6c"", ""8405a9848de7ccb4""]"
inc_6e642fee3e9ebefe,EigenLayer,2024-10-05,inc_6e642fee3e9ebefe,EigenLayer,2024-10-05,incidents_over_1m,retained,no_match_signal_found,No evidence sufficient to combine this record with another baseline record; this is not proof of global uniqueness.,"[""242ddd6af723ddf1"", ""6bd4773b498449cc""]"
inc_ecbe5667eed2eb81,Radiant V2,2024-10-16,inc_ecbe5667eed2eb81,Radiant Capital,2024-10-16,incidents_over_1m,merged_report,explicit_source_linked_merge,October Radiant V2 and Capital reports describe the same compromised multisig signer incident; keep separate from January.,"[""bd39c6426d6b1f19""]"
inc_82f29922c349254f,Radiant Capital,2024-10-17,inc_ecbe5667eed2eb81,Radiant Capital,2024-10-16,incidents_over_1m,merged_report,explicit_source_linked_merge,October Radiant V2 and Capital reports describe the same compromised multisig signer incident; keep separate from January.,"[""4f386004488d62b1"", ""79909da75917be35""]"
inc_45c1b545d928b424,Tapioca DAO,2024-10-18,inc_45c1b545d928b424,Tapioca DAO,2024-10-18,incidents_over_1m,retained,no_match_signal_found,No evidence sufficient to combine this record with another baseline record; this is not proof of global uniqueness.,"[""0a60c4c08b4118c4"", ""21719cba82c14cdd"", ""364e2955d338eb05""]"
inc_86a615ecaa348ea1,US Government Crypto Wallet,2024-10-24,inc_86a615ecaa348ea1,US Government Crypto Wallet,2024-10-24,incidents_over_1m,retained,no_match_signal_found,No evidence sufficient to combine this record with another baseline record; this is not proof of global uniqueness.,"[""5baf08e1bac16a13"", ""bd16b9f479704bb9""]"
inc_42d87a485f62e000,AARK (Aark Digital),2024-10-25,inc_42d87a485f62e000,AARK (Aark Digital),2024-10-25,incidents_over_1m,retained,no_match_signal_found,No evidence sufficient to combine this record with another baseline record; this is not proof of global uniqueness.,"[""f8fff9a09c60cd99"", ""2814cecdbab3ee76""]"
inc_817101dc74f62e8c,SUNRAY·FINANCE,2024-10-30,inc_817101dc74f62e8c,SUNRAY·FINANCE,2024-10-30,incidents_over_1m,retained,candidate_context_review,No evidence sufficient to combine this record with another baseline record; this is not proof of global uniqueness.,"[""0dd241aeb118e98c"", ""aa58afdb04055c2e""]"
inc_3fec34ab28380559,Shoebill Finance,2024-10-30,inc_3fec34ab28380559,Shoebill Finance,2024-10-30,incidents_over_1m,retained,candidate_context_review,No evidence sufficient to combine this record with another baseline record; this is not proof of global uniqueness.,"[""b41c2a329a853278"", ""ef5cd8ff1992b7bf""]"
inc_8d5f3401ff6b0292,M2 Exchange,2024-10-31,inc_8d5f3401ff6b0292,M2 Exchange,2024-10-31,incidents_over_1m,retained,candidate_context_review,No evidence sufficient to combine this record with another baseline record; this is not proof of global uniqueness.,"[""96a77c45c543066e"", ""40894026abd1f6cf"", ""b5a4f3fb0e0d21c8""]"
inc_49b1c880b8c1832e,MetaWin,2024-11-04,inc_49b1c880b8c1832e,MetaWin,2024-11-04,incidents_over_1m,retained,no_match_signal_found,No evidence sufficient to combine this record with another baseline record; this is not proof of global uniqueness.,"[""a63b935cdf6fed70"", ""54cbee822f293a24""]"
inc_63224b0134d60e0b,CoinPoker,2024-11-08,inc_63224b0134d60e0b,CoinPoker,2024-11-08,incidents_over_1m,retained,no_match_signal_found,No evidence sufficient to combine this record with another baseline record; this is not proof of global uniqueness.,"[""192574f55f1705ef"", ""13d9d0f67cf9abce""]"
inc_45a17207eb62621f,DeltaPrime,2024-11-11,inc_45a17207eb62621f,DeltaPrime,2024-11-11,incidents_over_1m,retained,candidate_context_review,No evidence sufficient to combine this record with another baseline record; this is not proof of global uniqueness.,"[""30c93b03ad1eacc0"", ""f5d79eb3ee6bc399"", ""8da79f6896d9adf0""]"
inc_e72d79392048dd56,ThalaSwap,2024-11-15,inc_e72d79392048dd56,ThalaSwap,2024-11-15,incidents_over_1m,retained,no_match_signal_found,No evidence sufficient to combine this record with another baseline record; this is not proof of global uniqueness.,"[""111f42ca208df353"", ""0d01c175fd5dd53e""]"
inc_f2ee2b6a881f00c9,DEXX,2024-11-16,inc_f2ee2b6a881f00c9,DEXX,2024-11-16,incidents_over_1m,retained,no_match_signal_found,No evidence sufficient to combine this record with another baseline record; this is not proof of global uniqueness.,"[""b1266dbc711e8452"", ""ee24f312138f2ac4""]"
inc_f076d448187e4040,Polter Finance,2024-11-16,inc_f076d448187e4040,Polter Finance,2024-11-16,incidents_over_1m,retained,candidate_context_review,No evidence sufficient to combine this record with another baseline record; this is not proof of global uniqueness.,"[""7010bfa625e85e6e"", ""6eef1c2c182d4137"", ""c95b93dcde804eb3""]"
inc_7308877956d67888,JRNY,2024-11-23,inc_7308877956d67888,JRNY,2024-11-23,incidents_over_1m,retained,no_match_signal_found,No evidence sufficient to combine this record with another baseline record; this is not proof of global uniqueness.,"[""63ce05a26c7b5b2b""]"
inc_929849a06d2ce7a5,XT Exchange,2024-11-28,inc_929849a06d2ce7a5,XT Exchange,2024-11-28,incidents_over_1m,retained,candidate_context_review,No evidence sufficient to combine this record with another baseline record; this is not proof of global uniqueness.,"[""92c647e44ee2dcfa"", ""7c307e0be85db41e""]"
inc_29e9f2eb1099e2a2,GemPad,2024-12-17,inc_29e9f2eb1099e2a2,GemPad,2024-12-17,incidents_over_1m,retained,no_match_signal_found,No evidence sufficient to combine this record with another baseline record; this is not proof of global uniqueness.,"[""eef7eed043efae3f"", ""f5b715be311d5f1b"", ""263ab5a03973454a""]"
inc_14d2fb767317b50d,Fegex,2024-12-29,inc_14d2fb767317b50d,Fegex,2024-12-29,incidents_over_1m,retained,no_match_signal_found,No evidence sufficient to combine this record with another baseline record; this is not proof of global uniqueness.,"[""b49a3ca29770cf7c""]"
inc_ab6bb76e50a6f4a1,NoOnes,2025-01-01,inc_ab6bb76e50a6f4a1,NoOnes,2025-01-01,incidents_over_1m,retained,no_match_signal_found,No evidence sufficient to combine this record with another baseline record; this is not proof of global uniqueness.,"[""76b405b219eddb75"", ""a55a87e08052d165""]"
inc_c68ea6b0cc381b81,Phemex,2025-01-23,inc_c68ea6b0cc381b81,Phemex,2025-01-23,incidents_over_1m,retained,no_match_signal_found,No evidence sufficient to combine this record with another baseline record; this is not proof of global uniqueness.,"[""2851715a598c4588"", ""aab609977b4a5cf2"", ""e3157c3e4829bd0d""]"
inc_7a3fc8071dff1215,AdsPower,2025-01-24,inc_7a3fc8071dff1215,AdsPower,2025-01-24,incidents_over_1m,retained,no_match_signal_found,No evidence sufficient to combine this record with another baseline record; this is not proof of global uniqueness.,"[""4af7f5dbcdfa3699""]"
inc_ed1a2f0ba7345521,DogWifTools,2025-01-28,inc_ed1a2f0ba7345521,DogWifTools,2025-01-28,incidents_over_1m,retained,no_match_signal_found,No evidence sufficient to combine this record with another baseline record; this is not proof of global uniqueness.,"[""3b5f85d1afa6e491""]"
inc_1869733510c3c080,Sirio Finance,2025-02-01,inc_1869733510c3c080,Sirio Finance,2025-02-01,incidents_over_1m,retained,no_match_signal_found,No evidence sufficient to combine this record with another baseline record; this is not proof of global uniqueness.,"[""b908d69d5d8d7c24""]"
inc_138c72b4cf8e728c,Ionic Protocol,2025-02-04,inc_138c72b4cf8e728c,Ionic Protocol,2025-02-04,incidents_over_1m,retained,no_match_signal_found,No evidence sufficient to combine this record with another baseline record; this is not proof of global uniqueness.,"[""41b119f9259e3f1a"", ""d332fdf3786c5868"", ""7eff3d2b32fef1ab""]"
inc_27aaf79739757ff5,zkLend,2025-02-11,inc_27aaf79739757ff5,zkLend,2025-02-11,incidents_over_1m,retained,no_match_signal_found,No evidence sufficient to combine this record with another baseline record; this is not proof of global uniqueness.,"[""90f7341688c328f9"", ""cbd313e44fd8db50"", ""aee7af5874cd31cf""]"
inc_4ea97c8f86d149be,Bybit,2025-02-21,inc_4ea97c8f86d149be,Bybit,2025-02-21,incidents_over_1m,retained,no_match_signal_found,No evidence sufficient to combine this record with another baseline record; this is not proof of global uniqueness.,"[""9a6880a212345910"", ""eafd27c4457d8779"", ""a25401e0549d6e91""]"
inc_acdfe4acf814892b,Infini,2025-02-24,inc_acdfe4acf814892b,Infini,2025-02-24,incidents_over_1m,retained,no_match_signal_found,No evidence sufficient to combine this record with another baseline record; this is not proof of global uniqueness.,"[""735712c4e20c6ad1"", ""8e313c3388747c84""]"
inc_a9c8c1ca7bd7be31,Suji Yan,2025-02-26,inc_a9c8c1ca7bd7be31,Suji Yan,2025-02-26,incidents_over_1m,retained,no_match_signal_found,No evidence sufficient to combine this record with another baseline record; this is not proof of global uniqueness.,"[""05428990e6211cb4""]"
inc_189e27deb517753a,Wemix,2025-02-28,inc_189e27deb517753a,Wemix,2025-02-28,incidents_over_1m,retained,candidate_context_review,No evidence sufficient to combine this record with another baseline record; this is not proof of global uniqueness.,"[""d2410feb8b4c0188"", ""b5d44f6cdcc06ec7""]"
inc_18cebb9d7fa68eab,1inch Swap,2025-03-07,inc_18cebb9d7fa68eab,1inch Swap,2025-03-07,incidents_over_1m,retained,no_match_signal_found,No evidence sufficient to combine this record with another baseline record; this is not proof of global uniqueness.,"[""ab66fa9a2a371f83"", ""0ab7758a2c9d2549"", ""a4e62e2b561fd5a3""]"
inc_784fdd744896824a,Zoth,2025-03-21,inc_f14d28cb8aac65c8,Zoth / ZeUSD,2025-03-21,incidents_over_1m,merged_report,explicit_source_linked_merge,Zoth ZeUSD is the affected Zoth product; same administrator/upgrade compromise involving USD0++ assets.,"[""f6b50500ddd8f367"", ""85a4ddafaa9d5f31""]"
inc_f14d28cb8aac65c8,Zoth ZeUSD,2025-03-21,inc_f14d28cb8aac65c8,Zoth / ZeUSD,2025-03-21,incidents_over_1m,merged_report,explicit_source_linked_merge,Zoth ZeUSD is the affected Zoth product; same administrator/upgrade compromise involving USD0++ assets.,"[""4324d989d6fc7097""]"
inc_efaeaae2a17ff4ec,Abracadabra Spell,2025-03-25,inc_efaeaae2a17ff4ec,Abracadabra Spell,2025-03-25,incidents_over_1m,retained,candidate_context_review,No evidence sufficient to combine this record with another baseline record; this is not proof of global uniqueness.,"[""42b2abf7c73ec239"", ""31badcc0a790cd61"", ""888e4227bcc6c44c""]"
inc_58aa8ae57ce388cd,UPCX,2025-04-01,inc_58aa8ae57ce388cd,UPCX,2025-04-01,incidents_over_1m,retained,no_match_signal_found,No evidence sufficient to combine this record with another baseline record; this is not proof of global uniqueness.,"[""bf2b8574bdbe9eee"", ""d951f8d66007ab9d""]"
inc_b78d87c51980940a,Zapper,2025-04-01,inc_b78d87c51980940a,Zapper,2025-04-01,incidents_over_1m,retained,no_match_signal_found,No evidence sufficient to combine this record with another baseline record; this is not proof of global uniqueness.,"[""400af45dcd43592c"", ""e8967df5b65488ef""]"
inc_bcd910a113326b3e,KiloEx,2025-04-14,inc_bcd910a113326b3e,KiloEx,2025-04-14,incidents_over_1m,retained,no_match_signal_found,No evidence sufficient to combine this record with another baseline record; this is not proof of global uniqueness.,"[""074db9a990d5e2bc"", ""6f082db76e5a7054"", ""95b9bd41ed455421""]"
inc_11960193654803c9,ZKsync,2025-04-15,inc_11960193654803c9,ZKsync,2025-04-15,incidents_over_1m,retained,no_match_signal_found,No evidence sufficient to combine this record with another baseline record; this is not proof of global uniqueness.,"[""de604b3fde86b765"", ""613fccb769d69a0f""]"
inc_b3a9481db4b4ea62,Bitget,2025-04-20,inc_b3a9481db4b4ea62,Bitget,2025-04-20,incidents_over_1m,retained,candidate_context_review,No evidence sufficient to combine this record with another baseline record; this is not proof of global uniqueness.,"[""627e6c40dae056e9""]"
inc_5c7775148fe6d374,Bitcoin Mission,2025-04-22,inc_5c7775148fe6d374,Bitcoin Mission,2025-04-22,incidents_over_1m,retained,no_match_signal_found,No evidence sufficient to combine this record with another baseline record; this is not proof of global uniqueness.,"[""caedd0308e994298""]"
inc_dafe808bf4192f2f,Loopscale,2025-04-26,inc_dafe808bf4192f2f,Loopscale,2025-04-26,incidents_over_1m,retained,no_match_signal_found,No evidence sufficient to combine this record with another baseline record; this is not proof of global uniqueness.,"[""44e9844e4bbcbeb2"", ""ce6b97dbf7c51938"", ""75c1488ead72f146""]"
inc_0839d290365e8ced,BitoPro,2025-05-08,inc_0839d290365e8ced,BitoPro,2025-05-08,incidents_over_1m,retained,no_match_signal_found,No evidence sufficient to combine this record with another baseline record; this is not proof of global uniqueness.,"[""478a7b84e0e0dc63"", ""b442c4cfbc2a2f5a""]"
inc_3d1b33d9559056f0,LND,2025-05-09,inc_3d1b33d9559056f0,LND,2025-05-09,incidents_over_1m,retained,no_match_signal_found,No evidence sufficient to combine this record with another baseline record; this is not proof of global uniqueness.,"[""c488fdb7290b2cfc""]"
inc_dddc6754c74a8560,Mobius Token,2025-05-11,inc_dddc6754c74a8560,Mobius Token,2025-05-11,incidents_over_1m,retained,no_match_signal_found,No evidence sufficient to combine this record with another baseline record; this is not proof of global uniqueness.,"[""1193e77147058cc9"", ""a3e8629960ab5946"", ""dc5df5cefd79b97c""]"
inc_2f73b6b4ed124fd6,Cetus CLMM,2025-05-22,inc_2f73b6b4ed124fd6,Cetus CLMM,2025-05-22,incidents_over_1m,retained,no_match_signal_found,No evidence sufficient to combine this record with another baseline record; this is not proof of global uniqueness.,"[""538945d6c3e11ad2"", ""3d6dc6010c96bfe8"", ""3b9bcbec8300eea1""]"
inc_01c5c8dc88024400,Cork V1,2025-05-28,inc_01c5c8dc88024400,Cork V1,2025-05-28,incidents_over_1m,retained,no_match_signal_found,No evidence sufficient to combine this record with another baseline record; this is not proof of global uniqueness.,"[""1d9dabf6a58fd065"", ""ad7354dbb6bd9fcc"", ""ad0012a3716f3af0""]"
inc_f3c2f5537e1e30d9,ForceBridge,2025-06-01,inc_f3c2f5537e1e30d9,ForceBridge,2025-06-01,incidents_over_1m,retained,no_match_signal_found,No evidence sufficient to combine this record with another baseline record; this is not proof of global uniqueness.,"[""d73be1ed3e35005e"", ""f83cb404438c803b"", ""47fc41b28114cb3b""]"
inc_0b3a6a1ddf0e4a84,ALEX,2025-06-06,inc_0b3a6a1ddf0e4a84,ALEX,2025-06-06,incidents_over_1m,merged_report,explicit_source_linked_merge,ALEX and ALEX Protocol report the same June 6 pool exploit; not the separate 2024 key compromise.,"[""e805de56fa5228d1"", ""61249e325b6d239e""]"
inc_297a3ac54d299e20,ALEX Protocol,2025-06-06,inc_0b3a6a1ddf0e4a84,ALEX,2025-06-06,incidents_over_1m,merged_report,explicit_source_linked_merge,ALEX and ALEX Protocol report the same June 6 pool exploit; not the separate 2024 key compromise.,"[""8b061150aa5c084c""]"
inc_dce2123b3ed2ea70,Nobitex,2025-06-18,inc_dce2123b3ed2ea70,Nobitex,2025-06-18,incidents_over_1m,retained,no_match_signal_found,No evidence sufficient to combine this record with another baseline record; this is not proof of global uniqueness.,"[""a8d39f39ab6ffd64"", ""7a44f09551eb5f98""]"
inc_4a2444b73203925f,MEV Bot,2025-06-25,inc_4a2444b73203925f,MEV Bot,2025-06-25,incidents_over_1m,retained,no_match_signal_found,No evidence sufficient to combine this record with another baseline record; this is not proof of global uniqueness.,"[""f48efb5ca6a17378""]"
inc_d6ef1248c3781db9,Resupply,2025-06-25,inc_d6ef1248c3781db9,Resupply,2025-06-25,incidents_over_1m,retained,no_match_signal_found,No evidence sufficient to combine this record with another baseline record; this is not proof of global uniqueness.,"[""dbcc50dccbb1b908"", ""9ab174d6c1273ed5"", ""848619bdfc5cdd71""]"
inc_921b94c4283a2965,Future Protocol,2025-07-02,inc_921b94c4283a2965,Future Protocol,2025-07-02,incidents_over_1m,retained,candidate_context_review,No evidence sufficient to combine this record with another baseline record; this is not proof of global uniqueness.,"[""beb5b8da6d7071f3""]"
inc_1230a650d75bfcd7,GMX V1 Perps,2025-07-09,inc_1230a650d75bfcd7,GMX V1 Perps,2025-07-09,incidents_over_1m,retained,no_match_signal_found,No evidence sufficient to combine this record with another baseline record; this is not proof of global uniqueness.,"[""f112fa151d365991"", ""a8898a4bd3e358af"", ""c6f025f2b728a8d5""]"
inc_3b6820f76a2c7f53,Texture,2025-07-09,inc_3b6820f76a2c7f53,Texture,2025-07-09,incidents_over_1m,retained,no_match_signal_found,No evidence sufficient to combine this record with another baseline record; this is not proof of global uniqueness.,"[""4a1750f4792429af"", ""b544315b3a943cc9""]"
inc_e7e3d18a996ea122,ZKSwap,2025-07-09,inc_e7e3d18a996ea122,ZKSwap,2025-07-09,incidents_over_1m,retained,no_match_signal_found,No evidence sufficient to combine this record with another baseline record; this is not proof of global uniqueness.,"[""7c6c23ae8ba12657"", ""c29aa141ded88e7b""]"
inc_8e81cb27cb396398,Kinto Bridge,2025-07-10,inc_8e81cb27cb396398,Kinto Bridge,2025-07-10,incidents_over_1m,retained,no_match_signal_found,No evidence sufficient to combine this record with another baseline record; this is not proof of global uniqueness.,"[""4d98e05073dc75cb"", ""b876759b416a5c75""]"
inc_0948a7929fb4de3c,Pundi AI,2025-07-12,inc_0948a7929fb4de3c,Pundi AI,2025-07-12,incidents_over_1m,retained,no_match_signal_found,No evidence sufficient to combine this record with another baseline record; this is not proof of global uniqueness.,"[""8f00cceda84755ff""]"
inc_39afa2b9c73ef4b8,Arcadia V2,2025-07-15,inc_39afa2b9c73ef4b8,Arcadia V2,2025-07-15,incidents_over_1m,retained,no_match_signal_found,No evidence sufficient to combine this record with another baseline record; this is not proof of global uniqueness.,"[""aa0e8babf460340d"", ""35c611bb1ef9233a"", ""af294849238e8ab5""]"
inc_d669c4e8e350076d,BigONE,2025-07-16,inc_d669c4e8e350076d,BigONE,2025-07-16,incidents_over_1m,retained,no_match_signal_found,No evidence sufficient to combine this record with another baseline record; this is not proof of global uniqueness.,"[""2a280f445ad420c0"", ""c3596449a85ff051"", ""910b52cb31fa64cd""]"
inc_d7b06aef9c11c270,CoinDCX,2025-07-19,inc_d7b06aef9c11c270,CoinDCX,2025-07-19,incidents_over_1m,retained,no_match_signal_found,No evidence sufficient to combine this record with another baseline record; this is not proof of global uniqueness.,"[""95d69e9e1726e5ba"", ""06586b208a62c6a4"", ""6bef2b673d934329""]"
inc_fbcacfee0eb8c87c,WOO X,2025-07-24,inc_fbcacfee0eb8c87c,WOO X,2025-07-24,incidents_over_1m,retained,no_match_signal_found,No evidence sufficient to combine this record with another baseline record; this is not proof of global uniqueness.,"[""3089088b644a0d9c"", ""adf4877a23af44b9"", ""0747db1223d4d754""]"
inc_e160dc3e68f3afd5,Odin.Fun,2025-08-12,inc_e160dc3e68f3afd5,Odin.Fun,2025-08-12,incidents_over_1m,retained,no_match_signal_found,No evidence sufficient to combine this record with another baseline record; this is not proof of global uniqueness.,"[""9a040ef9902cbd20"", ""30738cb4b105319b"", ""f794237f59bc4401""]"
inc_884de0564d6980ad,BtcTurk,2025-08-14,inc_884de0564d6980ad,BtcTurk,2025-08-14,incidents_over_1m,retained,candidate_context_review,No evidence sufficient to combine this record with another baseline record; this is not proof of global uniqueness.,"[""670270c6f49a212a"", ""e5bebd4f840cb085"", ""df40351ce9607f02""]"
inc_d1771713d352b159,BetterBank,2025-08-26,inc_d1771713d352b159,BetterBank,2025-08-26,incidents_over_1m,retained,candidate_context_review,No evidence sufficient to combine this record with another baseline record; this is not proof of global uniqueness.,"[""dbcb643b92c124fa"", ""27308ac215f5861e"", ""18a8f825d29ebcca""]"
inc_c65ac68dc5013fb2,OlaXBT,2025-09-01,inc_c65ac68dc5013fb2,OlaXBT,2025-09-01,incidents_over_1m,retained,no_match_signal_found,No evidence sufficient to combine this record with another baseline record; this is not proof of global uniqueness.,"[""9a4ecb6bb085b919""]"
inc_a7be3fcf7abf451d,Bunni V2,2025-09-02,inc_a7be3fcf7abf451d,Bunni V2,2025-09-02,incidents_over_1m,retained,no_match_signal_found,No evidence sufficient to combine this record with another baseline record; this is not proof of global uniqueness.,"[""57057ddd79fc0715"", ""766e4676d21fffc8"", ""f06e7ac569980e28""]"
inc_69b2c4abf3cad0ac,Nemo Protocol,2025-09-08,inc_d678cbf2ebc98491,Nemo Protocol,2025-09-08,incidents_over_1m,merged_report,explicit_source_linked_merge,Nemo Protocol and Nemo Yield Trading identify the same Sui protocol and September 8 exploit.,"[""5c555e663b9b20aa""]"
inc_d678cbf2ebc98491,Nemo Yield Trading,2025-09-08,inc_d678cbf2ebc98491,Nemo Protocol,2025-09-08,incidents_over_1m,merged_report,explicit_source_linked_merge,Nemo Protocol and Nemo Yield Trading identify the same Sui protocol and September 8 exploit.,"[""f4450e72339a49dd""]"
inc_7f9153bbbcebe264,SwissBorg,2025-09-09,inc_7f9153bbbcebe264,SwissBorg,2025-09-09,incidents_over_1m,retained,candidate_context_review,No evidence sufficient to combine this record with another baseline record; this is not proof of global uniqueness.,"[""eaecff2a234354fa"", ""86cf67becbb1f5ad"", ""2c78831f3fb528b3""]"
inc_9f48d67c8f2e8ce4,Kame Aggregator,2025-09-12,inc_9f48d67c8f2e8ce4,Kame Aggregator,2025-09-12,incidents_over_1m,retained,no_match_signal_found,No evidence sufficient to combine this record with another baseline record; this is not proof of global uniqueness.,"[""f69f7f4dca633f25"", ""88066d5bf500d1ac""]"
inc_5ed038ef5dea9ec0,Shibarium,2025-09-13,inc_5ed038ef5dea9ec0,Shibarium,2025-09-13,incidents_over_1m,retained,no_match_signal_found,No evidence sufficient to combine this record with another baseline record; this is not proof of global uniqueness.,"[""73f6157c461da9b4"", ""d7919e759d45cfd2"", ""53b73bfc584c81c6""]"
inc_003895894695cbb1,Yala,2025-09-14,inc_003895894695cbb1,Yala,2025-09-14,incidents_over_1m,retained,no_match_signal_found,No evidence sufficient to combine this record with another baseline record; this is not proof of global uniqueness.,"[""2525a28d1eab9f7a"", ""602b2ac708791a49""]"
inc_49600990a5dbdd29,New Gold Protocol,2025-09-18,inc_49600990a5dbdd29,New Gold Protocol,2025-09-18,incidents_over_1m,retained,candidate_context_review,No evidence sufficient to combine this record with another baseline record; this is not proof of global uniqueness.,"[""74eb9eba5bf6aecd"", ""439215cc4ae5537c""]"
inc_29d16577bad6ac7c,UXLINK,2025-09-22,inc_29d16577bad6ac7c,UXLINK,2025-09-22,incidents_over_1m,retained,no_match_signal_found,No evidence sufficient to combine this record with another baseline record; this is not proof of global uniqueness.,"[""46b74d3033ee20a6"", ""c1ed12922e0cf969"", ""3df8d8d004720ec3""]"
inc_d7f5cdd74d2d1507,Seedify,2025-09-23,inc_d7f5cdd74d2d1507,Seedify,2025-09-23,incidents_over_1m,retained,no_match_signal_found,No evidence sufficient to combine this record with another baseline record; this is not proof of global uniqueness.,"[""73ace5ede2249466"", ""4b02af2e7628e72e""]"
inc_fd22592bea53fdab,GriffinAI,2025-09-24,inc_fd22592bea53fdab,GriffinAI,2025-09-24,incidents_over_1m,retained,no_match_signal_found,No evidence sufficient to combine this record with another baseline record; this is not proof of global uniqueness.,"[""29a8ff917cf42c5c"", ""bee80da3caa9de38"", ""644783623325589f""]"
inc_146f977f3b13e466,SBI Crypto,2025-09-24,inc_146f977f3b13e466,SBI Crypto,2025-09-24,incidents_over_1m,retained,no_match_signal_found,No evidence sufficient to combine this record with another baseline record; this is not proof of global uniqueness.,"[""90f71a9e7337ed49"", ""40e4a4230491ebfd"", ""252546453398071b""]"
inc_b38d7a9eaae6c364,Abracadabra Spell,2025-10-04,inc_b38d7a9eaae6c364,Abracadabra Spell,2025-10-04,incidents_over_1m,merged_report,explicit_source_linked_merge,MIN Spell is a catalog typo for MIM_Spell/Abracadabra; same legacy V4 cauldron attack.,"[""9fdab29879d7f820"", ""5db6f7ebf5e86f60""]"
inc_64cead54c974d024,MIN Spell,2025-10-04,inc_b38d7a9eaae6c364,Abracadabra Spell,2025-10-04,incidents_over_1m,merged_report,explicit_source_linked_merge,MIN Spell is a catalog typo for MIM_Spell/Abracadabra; same legacy V4 cauldron attack.,"[""edc00f4d7557f9a3""]"
inc_47479d17e9f73bde,Typus Perp,2025-10-15,inc_47479d17e9f73bde,Typus Perp,2025-10-15,incidents_over_1m,retained,no_match_signal_found,No evidence sufficient to combine this record with another baseline record; this is not proof of global uniqueness.,"[""f7052640d3f9d9a1"", ""399edfafbf9db2aa""]"
inc_5fce57a2388cf9a4,Astra Nova,2025-10-19,inc_5fce57a2388cf9a4,Astra Nova,2025-10-19,incidents_over_1m,retained,no_match_signal_found,No evidence sufficient to combine this record with another baseline record; this is not proof of global uniqueness.,"[""eebd89998332e353"", ""861c7de10805ea49""]"
inc_3e653ce7ac8b4d65,Garden,2025-10-30,inc_3e653ce7ac8b4d65,Garden,2025-10-30,incidents_over_1m,retained,no_match_signal_found,No evidence sufficient to combine this record with another baseline record; this is not proof of global uniqueness.,"[""2694d5f23b6a2188"", ""826e886e2c1a22b6""]"
inc_3face80f215c1cf6,Balancer V2,2025-11-03,inc_3face80f215c1cf6,Balancer V2,2025-11-03,incidents_over_1m,retained,candidate_context_review,No evidence sufficient to combine this record with another baseline record; this is not proof of global uniqueness.,"[""cc8b86d19aad588f"", ""3e61b10b5ebac235"", ""676f81032902ee2b""]"
inc_1b2bd78f83ae96d3,Berachain,2025-11-03,inc_1b2bd78f83ae96d3,Berachain,2025-11-03,incidents_over_1m,retained,candidate_context_review,No evidence sufficient to combine this record with another baseline record; this is not proof of global uniqueness.,"[""f9520a440c8e60f0""]"
inc_794f228766afb6ac,Hyperliquid,2025-11-13,inc_794f228766afb6ac,Hyperliquid,2025-11-13,incidents_over_1m,retained,no_match_signal_found,No evidence sufficient to combine this record with another baseline record; this is not proof of global uniqueness.,"[""a2acc78d87dbfa57""]"
inc_9986f46725ea33b3,GANA Payment,2025-11-20,inc_9986f46725ea33b3,GANA Payment,2025-11-20,incidents_over_1m,retained,no_match_signal_found,No evidence sufficient to combine this record with another baseline record; this is not proof of global uniqueness.,"[""b3b8aae8f0ec036a"", ""dc48e03a0fdd6fd8"", ""43511749ba2e37cb""]"
inc_4203a5b69b128f9a,Upbit,2025-11-26,inc_4203a5b69b128f9a,Upbit,2025-11-26,incidents_over_1m,retained,candidate_context_review,No evidence sufficient to combine this record with another baseline record; this is not proof of global uniqueness.,"[""841007cc9c2d4de1"", ""7a8f6b31146b7450""]"
inc_137cc30cae7a91a5,Yearn Ether,2025-11-30,inc_137cc30cae7a91a5,Yearn Ether,2025-11-30,incidents_over_1m,retained,no_match_signal_found,No evidence sufficient to combine this record with another baseline record; this is not proof of global uniqueness.,"[""bc279af0718b6a9e"", ""c090b4433dadd67e"", ""6ed0ada9de33ce0a""]"
inc_cc8635efdb25bd5d,Ribbon,2025-12-12,inc_cc8635efdb25bd5d,Ribbon / Aevo,2025-12-12,incidents_over_1m,merged_report,explicit_source_linked_merge,"Aevo’s December 14 disclosure concerns the December 12 legacy Ribbon DOV vault exploit; same loss, not a new attack.","[""810b4e8ad1dcb95f""]"
inc_6095afda54df414c,Aevo,2025-12-14,inc_cc8635efdb25bd5d,Ribbon / Aevo,2025-12-12,incidents_over_1m,merged_report,explicit_source_linked_merge,"Aevo’s December 14 disclosure concerns the December 12 legacy Ribbon DOV vault exploit; same loss, not a new attack.","[""bb3db2fb49eec4ce"", ""7b0cd592f7eb8c39""]"
inc_1713b7868cc984f1,Rari Capital,2025-12-18,inc_1713b7868cc984f1,Rari Capital,2025-12-18,incidents_over_1m,retained,candidate_context_review,No evidence sufficient to combine this record with another baseline record; this is not proof of global uniqueness.,"[""2e7e35b4ef2b06d2""]"
inc_a521845e428cdcc9,Trust Wallet Wallet,2025-12-25,inc_a521845e428cdcc9,Trust Wallet Wallet,2025-12-25,incidents_over_1m,retained,no_match_signal_found,No evidence sufficient to combine this record with another baseline record; this is not proof of global uniqueness.,"[""141051576802afe3"", ""59296e0cc8a4f6ab""]"
inc_a6701030809fcde0,Flow,2025-12-27,inc_a6701030809fcde0,Flow,2025-12-27,incidents_over_1m,retained,candidate_context_review,No evidence sufficient to combine this record with another baseline record; this is not proof of global uniqueness.,"[""8f4c4ed1bf4a76b7"", ""5dddee647a072d41""]"
inc_b35669f22b431474,Unleash Protocol,2025-12-30,inc_b35669f22b431474,Unleash Protocol,2025-12-30,incidents_over_1m,retained,candidate_context_review,No evidence sufficient to combine this record with another baseline record; this is not proof of global uniqueness.,"[""3a6d177180f37b9f"", ""0c8e932a38657f20""]"
inc_8dca4e6a5e8e977d,TMX TRIBE,2026-01-05,inc_8dca4e6a5e8e977d,TMX TRIBE,2026-01-05,incidents_over_1m,retained,candidate_context_review,No evidence sufficient to combine this record with another baseline record; this is not proof of global uniqueness.,"[""346d4407d81a35d7"", ""cf29210438b3e8e6"", ""1d2fd17412e424c3""]"
inc_fd6927ba9907fbe8,USDGambit and TLP,2026-01-05,inc_fd6927ba9907fbe8,USDGambit and TLP,2026-01-05,scope_and_value_review,quarantined,explicit_quarantine,USDGambit/TLP and TMXTribe are reported on Arbitrum January 5 with similar losses. Primary alerts describe different mechanisms; shared USDG/TLP naming is insufficient to prove separate targets without contract/transaction reconciliation. Keep this unresolved pair outside the count.,"[""8fae38075840e897"", ""2adac976325be80c""]"
inc_09dbb30045690790,Truebit,2026-01-08,inc_09dbb30045690790,Truebit,2026-01-08,incidents_over_1m,retained,candidate_context_review,No evidence sufficient to combine this record with another baseline record; this is not proof of global uniqueness.,"[""31f09797dc679a8f"", ""76b503b68bba9ba8"", ""d0e3dd04ab986fa7""]"
inc_e198ff6c060483c5,YO Protocol,2026-01-13,inc_e198ff6c060483c5,YO Protocol,2026-01-13,incidents_over_1m,retained,candidate_context_review,No evidence sufficient to combine this record with another baseline record; this is not proof of global uniqueness.,"[""6e33460a03dbd97e""]"
inc_03ee14b69cbe66b2,Meteora DAMM V2,2026-01-17,inc_03ee14b69cbe66b2,Meteora DAMM V2,2026-01-17,incidents_over_1m,retained,no_match_signal_found,No evidence sufficient to combine this record with another baseline record; this is not proof of global uniqueness.,"[""a25501c94953e2af"", ""c1d87fcf3167c3c1""]"
inc_1612873a0966c196,Makina,2026-01-19,inc_1612873a0966c196,Makina,2026-01-19,incidents_over_1m,retained,no_match_signal_found,No evidence sufficient to combine this record with another baseline record; this is not proof of global uniqueness.,"[""fc1958d4249bb5d7"", ""5b5437ea9458e393"", ""1c1d80b9d1036ba7""]"
inc_cb685b6122a9b93e,Saga,2026-01-21,inc_cb685b6122a9b93e,Saga,2026-01-21,incidents_over_1m,retained,no_match_signal_found,No evidence sufficient to combine this record with another baseline record; this is not proof of global uniqueness.,"[""b4d2fa1d203433a7"", ""bde2d2ba7eb3b742"", ""97f77e0480244f42""]"
inc_2a1547165732f04c,Aperture LM,2026-01-25,inc_2a1547165732f04c,Aperture LM,2026-01-25,incidents_over_1m,retained,no_match_signal_found,No evidence sufficient to combine this record with another baseline record; this is not proof of global uniqueness.,"[""be9a483817eab0ed"", ""829943a6a766ea01""]"
inc_2771f0a2ac78dd82,SwapNet (affected Matcha users),2026-01-25,inc_2771f0a2ac78dd82,SwapNet (affected Matcha users),2026-01-25,incidents_over_1m,retained,no_match_signal_found,No evidence sufficient to combine this record with another baseline record; this is not proof of global uniqueness.,"[""1c102b886904ac93"", ""471fc06ae03de8cc""]"
inc_5b0018a9da3fe5d0,Step Finance,2026-01-31,inc_5b0018a9da3fe5d0,Step Finance,2026-01-31,incidents_over_1m,retained,no_match_signal_found,No evidence sufficient to combine this record with another baseline record; this is not proof of global uniqueness.,"[""daad4efae4efda9b"", ""9039976bc9061267"", ""341f123468b2ad20""]"
inc_917f058d7995e5ed,CrossCurve,2026-02-01,inc_917f058d7995e5ed,CrossCurve,2026-02-01,incidents_over_1m,retained,no_match_signal_found,No evidence sufficient to combine this record with another baseline record; this is not proof of global uniqueness.,"[""0856b49c657267ca"", ""76663ee2bb266d22""]"
inc_2a0e0431a8af3bde,Moonwell Lending,2026-02-15,inc_2a0e0431a8af3bde,Moonwell Lending,2026-02-15,incidents_over_1m,retained,candidate_context_review,No evidence sufficient to combine this record with another baseline record; this is not proof of global uniqueness.,"[""e1bcc293efc16297"", ""7028529dcb76eccf"", ""bd4bd8dd4d27b1e7""]"
inc_2896ad00a1129e30,IoTeX,2026-02-21,inc_2896ad00a1129e30,IoTeX,2026-02-21,incidents_over_1m,retained,no_match_signal_found,No evidence sufficient to combine this record with another baseline record; this is not proof of global uniqueness.,"[""eb93b7a9d9965ff7"", ""77a5e68e99456f17""]"
inc_faa79981a904a2e8,Blend Pools V2,2026-02-22,inc_faa79981a904a2e8,Blend Pools V2,2026-02-22,incidents_over_1m,retained,no_match_signal_found,No evidence sufficient to combine this record with another baseline record; this is not proof of global uniqueness.,"[""632337bd3edea4c7"", ""029d43abc1a40bce""]"
inc_b810e0e44e7355c3,FOOM Cash,2026-03-02,inc_b810e0e44e7355c3,FOOM Cash,2026-03-02,incidents_over_1m,retained,no_match_signal_found,No evidence sufficient to combine this record with another baseline record; this is not proof of global uniqueness.,"[""1788193c6d1a37d6"", ""92840bf2e45e51b5""]"
inc_ebdbeb74a526979c,SolvBTC,2026-03-06,inc_ebdbeb74a526979c,SolvBTC,2026-03-06,incidents_over_1m,retained,no_match_signal_found,No evidence sufficient to combine this record with another baseline record; this is not proof of global uniqueness.,"[""ad1f0791be9758ea"", ""fb40c4e7b50cdfaf"", ""2c228352a77001aa""]"
inc_ab1e8e0d38dacf4c,Venus Core Pool,2026-03-15,inc_ab1e8e0d38dacf4c,Venus Core Pool,2026-03-15,incidents_over_1m,retained,no_match_signal_found,No evidence sufficient to combine this record with another baseline record; this is not proof of global uniqueness.,"[""76a6e3e0540ec95f"", ""4b843964e84fb59b"", ""edc71345bab6ab80""]"
inc_c62e2c0ef3756da5,Resolv USR,2026-03-21,inc_c62e2c0ef3756da5,Resolv USR,2026-03-21,incidents_over_1m,retained,no_match_signal_found,No evidence sufficient to combine this record with another baseline record; this is not proof of global uniqueness.,"[""17293e80bc5c97a0"", ""9e47385e53fea823"", ""5994398b488fbe26""]"
inc_a5a144cca4c7ea1a,Bitcoin Depot,2026-03-23,inc_a5a144cca4c7ea1a,Bitcoin Depot,2026-03-23,incidents_over_1m,retained,no_match_signal_found,No evidence sufficient to combine this record with another baseline record; this is not proof of global uniqueness.,"[""fe244c0b26c3378a""]"
inc_e61a68602d71d131,Drift Trade,2026-04-01,inc_e61a68602d71d131,Drift Trade,2026-04-01,incidents_over_1m,retained,candidate_context_review,No evidence sufficient to combine this record with another baseline record; this is not proof of global uniqueness.,"[""ce1088ae29cb3ed4"", ""6061921af0da5016"", ""6b0838c12159fdf8""]"
inc_ae00de65dfb90119,BSC TMM/USDT,2026-04-04,inc_ae00de65dfb90119,BSC TMM/USDT,2026-04-04,incidents_over_1m,retained,no_match_signal_found,No evidence sufficient to combine this record with another baseline record; this is not proof of global uniqueness.,"[""2386cb24a3faec33"", ""1c72338b37312a42""]"
inc_9d610f559b8e860d,Hyperbridge,2026-04-12,inc_9d610f559b8e860d,Hyperbridge,2026-04-12,incidents_over_1m,retained,no_match_signal_found,No evidence sufficient to combine this record with another baseline record; this is not proof of global uniqueness.,"[""f6fabe0e448e53ab"", ""6794dc359ea50b04"", ""03a16500d5c1fad5""]"
inc_d4d22589c710e68d,Dango,2026-04-13,inc_d4d22589c710e68d,Dango,2026-04-13,incidents_over_1m,retained,no_match_signal_found,No evidence sufficient to combine this record with another baseline record; this is not proof of global uniqueness.,"[""4e473a4e1c0cd054"", ""8342a2f6707a683a""]"
inc_4940f9e7ffda99c4,CoW Swap,2026-04-14,inc_4940f9e7ffda99c4,CoW Swap,2026-04-14,incidents_over_1m,retained,no_match_signal_found,No evidence sufficient to combine this record with another baseline record; this is not proof of global uniqueness.,"[""1d03eeb0d4f985fa"", ""66ab84c12688f09f""]"
inc_09e5e82c3ce185a4,Grinex,2026-04-16,inc_09e5e82c3ce185a4,Grinex,2026-04-16,incidents_over_1m,retained,no_match_signal_found,No evidence sufficient to combine this record with another baseline record; this is not proof of global uniqueness.,"[""d368b8fd5f5c5a4a"", ""0dcacd103f47b5c0""]"
inc_90e75aff75d70ef6,Rhea Lend,2026-04-16,inc_90e75aff75d70ef6,Rhea Lend,2026-04-16,incidents_over_1m,retained,candidate_context_review,No evidence sufficient to combine this record with another baseline record; this is not proof of global uniqueness.,"[""1eb60945a8d1e1af"", ""ec207cb4c2321ff4"", ""c4da7e99eeefb604""]"
inc_e3de1dd1519674e9,Kelp,2026-04-18,inc_e3de1dd1519674e9,Kelp,2026-04-18,incidents_over_1m,retained,no_match_signal_found,No evidence sufficient to combine this record with another baseline record; this is not proof of global uniqueness.,"[""a43b584575762abc"", ""d79c187c5d09c515"", ""fbc3b9a8ea733a8f""]"
inc_d98edd0903f606ed,Volo Vault,2026-04-21,inc_d98edd0903f606ed,Volo Vault,2026-04-21,incidents_over_1m,retained,no_match_signal_found,No evidence sufficient to combine this record with another baseline record; this is not proof of global uniqueness.,"[""3988b1d753dbdf5a"", ""7cd9c36285424d98""]"
inc_f89b8f526fd7b04d,Giddy,2026-04-23,inc_f89b8f526fd7b04d,Giddy,2026-04-23,incidents_over_1m,retained,no_match_signal_found,No evidence sufficient to combine this record with another baseline record; this is not proof of global uniqueness.,"[""307afd20dea359a1"", ""3a16cc3ce91ca1ab""]"
inc_580157ef04d0a3fa,Purrlend,2026-04-25,inc_580157ef04d0a3fa,Purrlend,2026-04-25,incidents_over_1m,retained,candidate_context_review,No evidence sufficient to combine this record with another baseline record; this is not proof of global uniqueness.,"[""0e76276a2ed856eb"", ""f29775926e287d2a""]"
inc_5659e934ebd36dee,Aftermath Perps,2026-04-29,inc_5659e934ebd36dee,Aftermath Perps,2026-04-29,incidents_over_1m,retained,no_match_signal_found,No evidence sufficient to combine this record with another baseline record; this is not proof of global uniqueness.,"[""5052e39e23aab1a4"", ""9c6920be77c74347""]"
inc_d844db43ed99602e,Sweat Foundation,2026-04-29,inc_d844db43ed99602e,Sweat Foundation,2026-04-29,incidents_over_1m,retained,no_match_signal_found,No evidence sufficient to combine this record with another baseline record; this is not proof of global uniqueness.,"[""a2cfe363e23a2008"", ""26a41696fa322602""]"
inc_a7c12c6cdb3d72ad,Wasabi Perps,2026-04-30,inc_a7c12c6cdb3d72ad,Wasabi Perps,2026-04-30,incidents_over_1m,retained,no_match_signal_found,No evidence sufficient to combine this record with another baseline record; this is not proof of global uniqueness.,"[""9fc141f87c0eef5d"", ""f49b8cab143e4061"", ""dd4f5de71a24f3d6""]"
inc_90c1292dcd163047,SquidRouterModule,2026-05-04,inc_90c1292dcd163047,SquidRouterModule,2026-05-04,scope_and_value_review,quarantined,explicit_quarantine,Catalog-only SquidRouterModule May 4 $3.2m may duplicate the May 25 third-party Safe module drain; the located Squid issuer statement describes May 25. May 4 identity lacks proof; quarantine instead of guessing.,"[""5cb69481558172c0""]"
inc_eb7d4159fa5267e1,Ekubo,2026-05-05,inc_eb7d4159fa5267e1,Ekubo,2026-05-05,incidents_over_1m,retained,no_match_signal_found,No evidence sufficient to combine this record with another baseline record; this is not proof of global uniqueness.,"[""e1ee62344ca4c2ba"", ""9a7761c110eab999""]"
inc_9d41cadc2318a7dd,TrustedVolumes,2026-05-07,inc_9d41cadc2318a7dd,TrustedVolumes,2026-05-07,incidents_over_1m,retained,no_match_signal_found,No evidence sufficient to combine this record with another baseline record; this is not proof of global uniqueness.,"[""b43668d96d4654a5"", ""84620e10cbef682f"", ""23629897253a908e""]"
inc_87f20c93899fc541,TAC,2026-05-11,inc_fc8678690037dae0,TAC,2026-05-11,incidents_over_1m,merged_report,explicit_source_linked_merge,TAC and TAC Protocol describe the same May 11 TON cross-chain accounting exploit; retain the separate August staking exploit.,"[""1ca3daa8d431e720""]"
inc_fc8678690037dae0,TAC Protocol,2026-05-11,inc_fc8678690037dae0,TAC,2026-05-11,incidents_over_1m,merged_report,explicit_source_linked_merge,TAC and TAC Protocol describe the same May 11 TON cross-chain accounting exploit; retain the separate August staking exploit.,"[""e2deca92757c3cdd""]"
inc_b04cb6ea0c9878e9,Transit Finance,2026-05-13,inc_b04cb6ea0c9878e9,Transit Finance,2026-05-13,incidents_over_1m,retained,candidate_context_review,No evidence sufficient to combine this record with another baseline record; this is not proof of global uniqueness.,"[""46d314a55e057743"", ""b969af8276d18e56""]"
inc_7367c62fb363e346,THORChain DEX,2026-05-15,inc_7367c62fb363e346,THORChain DEX,2026-05-15,incidents_over_1m,retained,candidate_context_review,No evidence sufficient to combine this record with another baseline record; this is not proof of global uniqueness.,"[""95cd57652028e9e6"", ""35f3bf7d4eb64df5"", ""93b157d747d0e95b""]"
inc_4f2c0f7f8663f1fb,Verus-Ethereum Bridge,2026-05-17,inc_4f2c0f7f8663f1fb,Verus-Ethereum Bridge,2026-05-17,incidents_over_1m,retained,candidate_context_review,No evidence sufficient to combine this record with another baseline record; this is not proof of global uniqueness.,"[""3d70755fa79a5687"", ""a673082458a4c033""]"
inc_69622344e7251d9e,RetoSwap,2026-05-20,inc_69622344e7251d9e,RetoSwap,2026-05-20,incidents_over_1m,retained,candidate_context_review,No evidence sufficient to combine this record with another baseline record; this is not proof of global uniqueness.,"[""fbe73bc5d9138ecd"", ""b5378bd64460fd82""]"
inc_c8d16a764d05e738,StablR,2026-05-23,inc_c8d16a764d05e738,StablR,2026-05-23,incidents_over_1m,retained,candidate_context_review,No evidence sufficient to combine this record with another baseline record; this is not proof of global uniqueness.,"[""09823ca0386e268d"", ""f995b7fa13f3cbb2""]"
inc_187c83da7fddf170,New Market Trading,2026-05-25,inc_187c83da7fddf170,New Market Trading,2026-05-25,incidents_over_1m,retained,no_match_signal_found,No evidence sufficient to combine this record with another baseline record; this is not proof of global uniqueness.,"[""08b6b07390b3acf9"", ""754b37770cc2bef5""]"
inc_5ba094da570c0dc2,Third-party Gnosis Safe Module (SquidRouterModule),2026-05-25,inc_5ba094da570c0dc2,Third-party Gnosis Safe Module (SquidRouterModule),2026-05-25,incidents_over_1m,retained,candidate_context_review,No evidence sufficient to combine this record with another baseline record; this is not proof of global uniqueness.,"[""37412cd25b8130b8""]"
inc_c7affe7b4b69f1f8,SUPERFORTUNE AI,2026-05-27,inc_c7affe7b4b69f1f8,SUPERFORTUNE AI,2026-05-27,incidents_over_1m,retained,no_match_signal_found,No evidence sufficient to combine this record with another baseline record; this is not proof of global uniqueness.,"[""37f5330b3fd72c14"", ""efb5cef3042b0bbf""]"
inc_cb020b4ac26d4fb8,Gravity Bridge,2026-05-30,inc_cb020b4ac26d4fb8,Gravity Bridge,2026-05-30,incidents_over_1m,retained,candidate_context_review,No evidence sufficient to combine this record with another baseline record; this is not proof of global uniqueness.,"[""7356f47c735b4626"", ""1416492e1b5d7601"", ""2e2af69005e61720""]"
inc_8255f12fae163d56,Gnosis Pay,2026-06-01,inc_8255f12fae163d56,Gnosis Pay,2026-06-01,incidents_over_1m,retained,no_match_signal_found,No evidence sufficient to combine this record with another baseline record; this is not proof of global uniqueness.,"[""8b34c36fb6d09375"", ""ca3d59baf5c15ab7""]"
inc_b1ae47209f7f24ba,TSR,2026-06-01,inc_b1ae47209f7f24ba,TesseraDAO / TSR,2026-06-01,incidents_over_1m,merged_report,explicit_source_linked_merge,TSR is TesseraDAO’s token; both reports describe the same unauthorized mint after key compromise.,"[""e275133226e12dfd""]"
inc_4df622a733cb94ec,TesseraDAO,2026-06-01,inc_b1ae47209f7f24ba,TesseraDAO / TSR,2026-06-01,incidents_over_1m,merged_report,explicit_source_linked_merge,TSR is TesseraDAO’s token; both reports describe the same unauthorized mint after key compromise.,"[""bb6bbb4c0147f8de"", ""e9dcb313d9b7c715"", ""a2a27d6cd1d87694""]"
inc_7adf0f3f49200861,Syscoin Bridge,2026-06-07,inc_7adf0f3f49200861,Syscoin Bridge,2026-06-07,incidents_over_1m,retained,candidate_context_review,No evidence sufficient to combine this record with another baseline record; this is not proof of global uniqueness.,"[""429c648fd8849c03"", ""23b47993e0f08706"", ""082e1419af83a8bb""]"
inc_924df10f6e91ad78,Humanity,2026-06-08,inc_924df10f6e91ad78,Humanity,2026-06-08,incidents_over_1m,retained,no_match_signal_found,No evidence sufficient to combine this record with another baseline record; this is not proof of global uniqueness.,"[""3e49d9fb00a7f93a"", ""4923349a4e835950"", ""550a044f74b25010""]"
inc_19d55bd22b3acb90,Token of Power,2026-06-09,inc_19d55bd22b3acb90,Token of Power,2026-06-09,incidents_over_1m,retained,no_match_signal_found,No evidence sufficient to combine this record with another baseline record; this is not proof of global uniqueness.,"[""0b2ef5636a956d5c"", ""39fe74a00c7fa762""]"
inc_dedd8a5bf4e6db7e,Axelar Secret IBC Bridge,2026-06-10,inc_dedd8a5bf4e6db7e,Axelar / Secret IBC bridge,2026-06-10,incidents_over_1m,merged_report,explicit_source_linked_merge,"Secret Network’s June 19 disclosure concerns the June 10 Axelar/Secret IBC bridge drain. Extend the previous partial report merge, not a second attack.","[""18b545903ecc5493"", ""0e2f60ee69139742"", ""300aedf1592eb151""]"
inc_5c1c2fb71a691319,Raydium AMM,2026-06-10,inc_5c1c2fb71a691319,Raydium AMM,2026-06-10,incidents_over_1m,retained,candidate_context_review,No evidence sufficient to combine this record with another baseline record; this is not proof of global uniqueness.,"[""579a0f02faa18765"", ""027d93c680ca7316""]"
inc_6c5903a840f0a40e,Aztec Connect,2026-06-14,inc_6c5903a840f0a40e,Aztec Connect,2026-06-14,incidents_over_1m,retained,candidate_context_review,No evidence sufficient to combine this record with another baseline record; this is not proof of global uniqueness.,"[""7213e9e3aacfd948"", ""b8859b61b755e4f8"", ""cf7b67285597d952""]"
inc_803599e5b648b9cd,RetoSwap,2026-06-16,inc_803599e5b648b9cd,RetoSwap,2026-06-16,scope_and_value_review,quarantined,explicit_quarantine,"RetoSwap confirms a new June 16 protocol exploit, separate from May. The June $2.7m amount is not supported by the located issuer statements and matches the May total; do not treat it as a verified June >$1m loss.","[""3083208939ecd564""]"
inc_f866a3d7b628d716,Aztec Bridge,2026-06-17,inc_f866a3d7b628d716,Aztec Bridge,2026-06-17,incidents_over_1m,retained,candidate_context_review,No evidence sufficient to combine this record with another baseline record; this is not proof of global uniqueness.,"[""ff4c0f9acd9a702e"", ""6015d2e9e93a70ed"", ""9f65f524a139e6eb""]"
inc_dcafe137852134af,Secret Network,2026-06-19,inc_dedd8a5bf4e6db7e,Axelar / Secret IBC bridge,2026-06-10,incidents_over_1m,merged_report,explicit_source_linked_merge,"Secret Network’s June 19 disclosure concerns the June 10 Axelar/Secret IBC bridge drain. Extend the previous partial report merge, not a second attack.","[""e54fd6af99f9ab6b""]"
inc_e7b024e0d96b7990,JaredFromSubway MEV Bot,2026-06-20,inc_e7b024e0d96b7990,JaredFromSubway MEV Bot,2026-06-20,incidents_over_1m,retained,no_match_signal_found,No evidence sufficient to combine this record with another baseline record; this is not proof of global uniqueness.,"[""b5aa473efad2084d"", ""3f97f68fceb7609b""]"
inc_f6875792aac42794,LABUBU/OLPC,2026-06-20,inc_f6875792aac42794,LABUBU/OLPC,2026-06-20,incidents_over_1m,retained,no_match_signal_found,No evidence sufficient to combine this record with another baseline record; this is not proof of global uniqueness.,"[""2cd3f8cd59f6773d"", ""26669a82bd63b095""]"
inc_59624a95001c8855,Taiko Bridge,2026-06-21,inc_59624a95001c8855,Taiko Bridge,2026-06-21,incidents_over_1m,retained,candidate_context_review,No evidence sufficient to combine this record with another baseline record; this is not proof of global uniqueness.,"[""cd6c9b82802b446f"", ""a3d05d7581520481""]"
inc_60d3ba65950f80fa,SecondFi,2026-06-23,inc_60d3ba65950f80fa,SecondFi,2026-06-23,incidents_over_1m,retained,candidate_context_review,No evidence sufficient to combine this record with another baseline record; this is not proof of global uniqueness.,"[""7f1c943f3dcbbee7"", ""920c629f552beb87"", ""009af1ddd5a99964""]"
inc_fc20725d6365c9ea,Polymarket International,2026-06-25,inc_fc20725d6365c9ea,Polymarket International,2026-06-25,incidents_over_1m,retained,no_match_signal_found,No evidence sufficient to combine this record with another baseline record; this is not proof of global uniqueness.,"[""98826e99de0471b2"", ""2548e940a06cd738""]"
inc_0f607a4f22346b7e,Lazy Summer Protocol,2026-07-05,inc_0f607a4f22346b7e,Lazy Summer Protocol,2026-07-05,incidents_over_1m,retained,no_match_signal_found,No evidence sufficient to combine this record with another baseline record; this is not proof of global uniqueness.,"[""87c924ea01400607"", ""727a38ec503c07bd""]"
inc_7e781cc3217c629d,BonkDAO,2026-07-06,inc_7e781cc3217c629d,BonkDAO,2026-07-06,incidents_over_1m,retained,no_match_signal_found,No evidence sufficient to combine this record with another baseline record; this is not proof of global uniqueness.,"[""9eca5ff6e721cefe"", ""aeab9b97a4631c0a""]"
inc_1b869b4d63f3dd1a,Bonzo Lend,2026-07-11,inc_1b869b4d63f3dd1a,Bonzo Lend,2026-07-11,incidents_over_1m,retained,no_match_signal_found,No evidence sufficient to combine this record with another baseline record; this is not proof of global uniqueness.,"[""695e88d88d36896b"", ""d713011e3b776f5d""]"
inc_fef098a9c86047d5,Cascade Liquidity Strategy,2026-07-15,inc_fef098a9c86047d5,Cascade Liquidity Strategy,2026-07-15,incidents_over_1m,retained,no_match_signal_found,No evidence sufficient to combine this record with another baseline record; this is not proof of global uniqueness.,"[""b89f8e937631ae20"", ""166cc49a5e04fcc6""]"
inc_d4b83a2ca347ef5a,Ostium,2026-07-15,inc_d4b83a2ca347ef5a,Ostium,2026-07-15,incidents_over_1m,retained,no_match_signal_found,No evidence sufficient to combine this record with another baseline record; this is not proof of global uniqueness.,"[""4a9a474f40266428"", ""7764d4223e114aa5"", ""6a41513fd37a7f00""]"
inc_fbf85b585843b66e,Across,2026-07-17,inc_fbf85b585843b66e,Across,2026-07-17,incidents_over_1m,retained,candidate_context_review,No evidence sufficient to combine this record with another baseline record; this is not proof of global uniqueness.,"[""c1545b200588c23e"", ""f020a851886677d6""]"
inc_1f6aa2299319d00c,Allbridge Core,2026-07-19,inc_1f6aa2299319d00c,Allbridge Core,2026-07-19,incidents_over_1m,retained,candidate_context_review,No evidence sufficient to combine this record with another baseline record; this is not proof of global uniqueness.,"[""e4044bf5c66a9807"", ""38131cade8caeb81""]"
inc_73828da26fe4b769,Wanchain,2026-07-21,inc_73828da26fe4b769,Wanchain,2026-07-21,incidents_over_1m,retained,candidate_context_review,No evidence sufficient to combine this record with another baseline record; this is not proof of global uniqueness.,"[""8c2bfefa8b55d5a8"", ""4163f20d3a8fd4d2""]"
inc_74de54db6339f0e5,AFX Bridge,2026-07-22,inc_74de54db6339f0e5,AFX Bridge,2026-07-22,incidents_over_1m,retained,candidate_context_review,No evidence sufficient to combine this record with another baseline record; this is not proof of global uniqueness.,"[""3937cb4adc6d2e67"", ""fb0b758caff7ee3c"", ""dabf2d54a2c771d4""]"
inc_4cdcee4a545c17d1,Verus-Ethereum Bridge,2026-07-22,inc_4cdcee4a545c17d1,Verus-Ethereum Bridge,2026-07-22,incidents_over_1m,retained,candidate_context_review,No evidence sufficient to combine this record with another baseline record; this is not proof of global uniqueness.,"[""e0f3c45758591caa"", ""ae67a2b283d214f0""]"
inc_79f975a1c0da619e,Zilliqa,2026-07-22,inc_79f975a1c0da619e,Zilliqa,2026-07-22,incidents_over_1m,retained,candidate_context_review,No evidence sufficient to combine this record with another baseline record; this is not proof of global uniqueness.,"[""e3947f64de5a6035""]"
inc_3309c01f0b176ddc,Triple-A,2026-07-24,inc_3309c01f0b176ddc,Triple-A,2026-07-24,incidents_over_1m,retained,candidate_context_review,No evidence sufficient to combine this record with another baseline record; this is not proof of global uniqueness.,"[""6460e8bdc08e77ef"", ""db8e7f4fa00ef591""]"
inc_1db9b22f933efa61,WEMIX,2026-07-26,inc_1db9b22f933efa61,WEMIX,2026-07-26,incidents_over_1m,retained,candidate_context_review,No evidence sufficient to combine this record with another baseline record; this is not proof of global uniqueness.,"[""90f829cc60bc12a8""]"
inc_b304b511cb80f201,COLDCARD,2026-07-31,inc_b304b511cb80f201,COLDCARD,2026-07-31,incidents_over_1m,retained,candidate_context_review,No evidence sufficient to combine this record with another baseline record; this is not proof of global uniqueness.,"[""3ed01a7a7d36a8f1"", ""a99a3c0d05f90332"", ""073357b63e3c435e""]"
inc_f189af6f8fd986fa,KITE Foundation,2026-08-05,inc_f189af6f8fd986fa,KITE Foundation,2026-08-05,incidents_over_1m,retained,candidate_context_review,No evidence sufficient to combine this record with another baseline record; this is not proof of global uniqueness.,"[""b367b35e211709ae"", ""fd3c44e4462b8b73""]"
inc_002553192084c019,RRWallet,2026-08-06,inc_002553192084c019,RRWallet,2026-08-06,incidents_over_1m,retained,no_match_signal_found,No evidence sufficient to combine this record with another baseline record; this is not proof of global uniqueness.,"[""328e44ceaba306c3"", ""d1b90e156634c82f""]"
inc_a64880e04cb748b7,Coinsbuy,2026-08-09,inc_a64880e04cb748b7,Coinsbuy,2026-08-09,incidents_over_1m,retained,candidate_context_review,No evidence sufficient to combine this record with another baseline record; this is not proof of global uniqueness.,"[""e0386a81e200529a"", ""9eddd00dc55323da"", ""63c01a0da83fda8e""]"
inc_f1d34c5172a6a950,Harmony Bridge,2026-08-11,inc_f1d34c5172a6a950,Harmony Bridge,2026-08-11,incidents_over_1m,retained,candidate_context_review,No evidence sufficient to combine this record with another baseline record; this is not proof of global uniqueness.,"[""f9a3b5e1deeb1a7a"", ""603bbcbacb08861f"", ""c05cb471faf769ef""]"
inc_f575b8f12906477d,Maya Protocol,2026-08-18,inc_f575b8f12906477d,Maya Protocol,2026-08-18,incidents_over_1m,retained,no_match_signal_found,No evidence sufficient to combine this record with another baseline record; this is not proof of global uniqueness.,"[""f723dade2e29d646"", ""1fb6a80bede4589d""]"
inc_808c1323e57b525c,BounceBit,2026-08-19,inc_808c1323e57b525c,BounceBit,2026-08-19,incidents_over_1m,retained,no_match_signal_found,No evidence sufficient to combine this record with another baseline record; this is not proof of global uniqueness.,"[""a54f59c78a6e88f0"", ""d048ed032d7ad315""]"
inc_c43e2606a85f1261,KiiChain,2026-08-22,inc_c43e2606a85f1261,KiiChain,2026-08-22,incidents_over_1m,retained,candidate_context_review,No evidence sufficient to combine this record with another baseline record; this is not proof of global uniqueness.,"[""76d8ec5191c6b2b6"", ""acfd8c215204e5f3"", ""77dc20aeb95251d2""]"
inc_2f6f4f0ef3e778f0,TAC,2026-08-22,inc_2f6f4f0ef3e778f0,TAC,2026-08-22,incidents_over_1m,retained,candidate_context_review,No evidence sufficient to combine this record with another baseline record; this is not proof of global uniqueness.,"[""c29828f2992c302c"", ""2cce8a1aeca16c20"", ""4fc0f6d0952dc4af""]"
inc_c89fb4dc39bdd527,TermFinance Vaults,2026-08-23,inc_c89fb4dc39bdd527,TermFinance Vaults,2026-08-23,incidents_over_1m,retained,no_match_signal_found,No evidence sufficient to combine this record with another baseline record; this is not proof of global uniqueness.,"[""4d15886c871c0c38"", ""de7292b81efddea9""]"
inc_3a24d006965b4da9,Nesa,2026-08-24,inc_3a24d006965b4da9,Nesa,2026-08-24,incidents_over_1m,retained,candidate_context_review,No evidence sufficient to combine this record with another baseline record; this is not proof of global uniqueness.,"[""14b910fed179b513"", ""1cc02c8605c6e0e7""]"
inc_970e9e6171404730,Moonwell Lending,2026-08-27,inc_970e9e6171404730,Moonwell Lending,2026-08-27,incidents_over_1m,retained,candidate_context_review,No evidence sufficient to combine this record with another baseline record; this is not proof of global uniqueness.,"[""1b21e140d2898d33"", ""a39b3018966dc517""]"
inc_79222f87291b5a55,Fogo Foundation,2026-08-28,inc_79222f87291b5a55,Fogo Foundation,2026-08-28,incidents_over_1m,retained,candidate_context_review,No evidence sufficient to combine this record with another baseline record; this is not proof of global uniqueness.,"[""fcb90fd49305bc66"", ""2c7584759f9f09ff""]"
inc_ac9baa551f4591ea,Tectonic,2026-08-30,inc_ac9baa551f4591ea,Tectonic,2026-08-30,incidents_over_1m,retained,no_match_signal_found,No evidence sufficient to combine this record with another baseline record; this is not proof of global uniqueness.,"[""8523594bf77b8e36"", ""694f11fbfd4cc8e0"", ""682823c3b8bc5532""]"
inc_dc3bcf97abf346b4,Aquifer,2026-08-31,inc_dc3bcf97abf346b4,Aquifer,2026-08-31,incidents_over_1m,retained,no_match_signal_found,No evidence sufficient to combine this record with another baseline record; this is not proof of global uniqueness.,"[""35ce5f43bde3b8a9"", ""1d211f2f8b454a45""]"
inc_310e6184560e8449,Radix,2026-08-31,inc_310e6184560e8449,Radix,2026-08-31,incidents_over_1m,retained,no_match_signal_found,No evidence sufficient to combine this record with another baseline record; this is not proof of global uniqueness.,"[""2a6ca548f9b27092""]"
inc_4dd5d0525be765ee,Notional V2,2026-09-04,inc_4dd5d0525be765ee,Notional V2,2026-09-04,incidents_over_1m,retained,no_match_signal_found,No evidence sufficient to combine this record with another baseline record; this is not proof of global uniqueness.,"[""ea31df3daec83b57"", ""cd7743d9d75ef9b6""]"
inc_abf7026a2703453e,Liquid Network,2026-09-06,inc_abf7026a2703453e,Liquid Network,2026-09-06,incidents_over_1m,retained,candidate_context_review,No evidence sufficient to combine this record with another baseline record; this is not proof of global uniqueness.,"[""31ab772578a31bdb"", ""dad1d51b49b9e82b"", ""82c1fa82ecb8a6a9""]"
inc_2e031ecd51c4f27c,Nomic,2026-09-09,inc_2e031ecd51c4f27c,Nomic,2026-09-09,incidents_over_1m,retained,no_match_signal_found,No evidence sufficient to combine this record with another baseline record; this is not proof of global uniqueness.,"[""2c701add66d92ae4"", ""2b3da29a4cc252f6""]"
inc_60ba8fdb4f698205,DCENT Wallet,2026-09-15,inc_60ba8fdb4f698205,DCENT Wallet,2026-09-15,incidents_over_1m,retained,no_match_signal_found,No evidence sufficient to combine this record with another baseline record; this is not proof of global uniqueness.,"[""2b25ef97406a2db7""]"
inc_87f7d19cf44c7de3,Unknown Gnosis Safe Wallet,2026-09-15,inc_87f7d19cf44c7de3,Unknown Gnosis Safe Wallet,2026-09-15,incidents_over_1m,retained,no_match_signal_found,No evidence sufficient to combine this record with another baseline record; this is not proof of global uniqueness.,"[""8e6cd6f71bf1f520""]"
inc_4752081cfca685d6,Nostra Money Market,2026-09-17,inc_4752081cfca685d6,Nostra Money Market,2026-09-17,incidents_over_1m,retained,no_match_signal_found,No evidence sufficient to combine this record with another baseline record; this is not proof of global uniqueness.,"[""772c5b40cc79e14d"", ""4c11505a05edc718"", ""4a3d1b11997b0581""]"
inc_563ce9371752d9e2,Fetch.ai,2026-09-19,inc_563ce9371752d9e2,Fetch.ai,2026-09-19,incidents_over_1m,retained,candidate_context_review,No evidence sufficient to combine this record with another baseline record; this is not proof of global uniqueness.,"[""db8ad586238a1f2a"", ""ecb32d960fa22eed""]"
inc_f9f74cf6867fdd9c,Astroport,2026-09-22,inc_f9f74cf6867fdd9c,Astroport,2026-09-22,incidents_over_1m,retained,no_match_signal_found,No evidence sufficient to combine this record with another baseline record; this is not proof of global uniqueness.,"[""62291b419550e3cc"", ""44004cf88afa2a4d""]"
inc_3aaa03f46bc22493,Drop,2026-09-22,inc_3aaa03f46bc22493,Drop,2026-09-22,incidents_over_1m,retained,no_match_signal_found,No evidence sufficient to combine this record with another baseline record; this is not proof of global uniqueness.,"[""0ef903168338efdc"", ""ad63d1874b80de05""]"
inc_b7bb8280183a5c60,Bitget,2026-09-24,inc_b7bb8280183a5c60,Bitget,2026-09-24,incidents_over_1m,retained,candidate_context_review,No evidence sufficient to combine this record with another baseline record; this is not proof of global uniqueness.,"[""1dc088b26c7e3e26"", ""06a0ca19c2a70236"", ""72d118577ef6f396""]"
inc_bb2b5f6b8ac53fc9,Duelbits,2026-09-24,inc_bb2b5f6b8ac53fc9,Duelbits,2026-09-24,incidents_over_1m,retained,candidate_context_review,No evidence sufficient to combine this record with another baseline record; this is not proof of global uniqueness.,"[""618ea32016962268"", ""d2de34e84e132685""]"
inc_42794d80fa7bd520,Limit Break Payment Processor,2026-09-24,inc_42794d80fa7bd520,Limit Break Payment Processor,2026-09-24,incidents_over_1m,retained,candidate_context_review,No evidence sufficient to combine this record with another baseline record; this is not proof of global uniqueness.,"[""b127922824c0f394"", ""74a0875d69941325""]"
inc_823f5558cd125396,Meter Passport,2026-09-24,inc_823f5558cd125396,Meter Passport,2026-09-24,incidents_over_1m,retained,candidate_context_review,No evidence sufficient to combine this record with another baseline record; this is not proof of global uniqueness.,"[""9a3ef7b778398136""]"
inc_ac002c25307cdc93,Payy Network,2026-09-24,inc_ac002c25307cdc93,Payy Network,2026-09-24,incidents_over_1m,retained,candidate_context_review,No evidence sufficient to combine this record with another baseline record; this is not proof of global uniqueness.,"[""57412537e7768ddd"", ""af7217eaf093dc2e""]"
inc_e4e5c6835f091238,Fake GIWA Bridge,2026-09-27,inc_e4e5c6835f091238,Fake GIWA Bridge,2026-09-27,incidents_over_1m,retained,candidate_context_review,No evidence sufficient to combine this record with another baseline record; this is not proof of global uniqueness.,"[""eed54dc3622bae26"", ""ba36796900ce2a13""]"
inc_0043e766b2096dfe,NEAR Intents,2026-10-01,inc_0043e766b2096dfe,NEAR Intents,2026-10-01,incidents_over_1m,retained,no_match_signal_found,No evidence sufficient to combine this record with another baseline record; this is not proof of global uniqueness.,"[""903f901d96211379"", ""53056c97d109371f""]"
